example_id,producto_id,retailer_id,categoria_id,product_country,synthetic,precio_usd_final,precio_median_group,imputation_source,decision,is_price_imputed_model
1,1,1,1,UNKNOWN,,12.8,,original_clean,keep_imputed,False
2,2,1,2,UNKNOWN,,10.0,,original_clean,keep_imputed,False
3,3,1,2,UNKNOWN,,10.0,,original_clean,keep_imputed,False
4,4,1,2,UNKNOWN,,10.0,,original_clean,keep_imputed,False
5,5,1,3,UNKNOWN,,11.0,,original_clean,keep_imputed,False
6,6,1,3,UNKNOWN,,12.0,,original_clean,keep_imputed,False
7,7,1,2,UNKNOWN,,19.0,,original_clean,keep_imputed,False
8,13,1,3,UNKNOWN,,4.0,,original_clean,keep_imputed,False
9,14,1,2,UNKNOWN,,4.0,,original_clean,keep_imputed,False
10,15,1,2,UNKNOWN,,4.0,,original_clean,keep_imputed,False
11,16,1,2,UNKNOWN,,4.0,,original_clean,keep_imputed,False
12,17,1,2,UNKNOWN,,4.0,,original_clean,keep_imputed,False
13,23,1,2,UNKNOWN,,9.0,,original_clean,keep_imputed,False
14,25,1,4,UNKNOWN,,3.0,,original_clean,keep_imputed,False
15,26,1,4,UNKNOWN,,5.0,,original_clean,keep_imputed,False
16,27,1,4,UNKNOWN,,6.0,,original_clean,keep_imputed,False
17,28,1,1,UNKNOWN,,1.31,,original_clean,keep_imputed,False
18,29,1,5,UNKNOWN,,1.54,,original_clean,keep_imputed,False
19,36,1,6,UNKNOWN,,2.0,,original_clean,keep_imputed,False
20,39,2,7,MX,,1.9871,,original_clean,keep,False
21,41,2,7,MX,,1.5038,,original_clean,keep,False
22,43,3,8,BR,,3.6711,,original_clean,keep_imputed,False
23,47,3,10,BR,,3.5775,,original_clean,keep,False
24,48,3,10,BR,,2.2008,,original_clean,keep,False
25,49,3,10,BR,,3.0452,,original_clean,keep,False
26,50,3,11,BR,,1.6318,,original_clean,keep_imputed,False
27,53,3,9,BR,,1.2647,,original_clean,keep,False
28,54,1,10,UNKNOWN,,7.45,,original_clean,keep,False
29,55,4,10,US,,9.99,,original_clean,keep,False
30,58,1,10,UNKNOWN,,1.89,,original_clean,keep,False
31,59,1,10,UNKNOWN,,1.37,,original_clean,keep,False
32,60,1,10,UNKNOWN,,1.02,,original_clean,keep,False
33,61,1,10,UNKNOWN,,1.39,,original_clean,keep,False
34,62,2,10,MX,,1.1278,,original_clean,keep,False
35,63,4,10,US,,2.99,,original_clean,keep,False
36,64,2,10,MX,,1.0634,,original_clean,keep,False
37,83,3,13,BR,,2.935,,original_clean,keep,False
38,86,3,13,BR,,1.8704,,original_clean,keep,False
39,88,6,13,PE,,4.7662,,original_clean,keep,False
40,90,1,12,UNKNOWN,,1.0,,original_clean,keep,False
41,93,1,16,UNKNOWN,,1.99,,original_clean,keep,False
42,94,1,16,UNKNOWN,,1.99,,original_clean,keep,False
43,103,2,14,MX,,4.7261,,original_clean,keep,False
44,104,2,14,MX,,8.0021,,original_clean,keep,False
45,105,2,14,MX,,8.0559,,original_clean,keep,False
46,106,2,14,MX,,8.0559,,original_clean,keep,False
47,107,6,14,PE,,4.7662,,original_clean,keep,False
48,108,1,14,UNKNOWN,,4.94,,original_clean,keep,False
49,109,1,14,UNKNOWN,,13.09,,original_clean,keep,False
50,136,3,22,BR,,2.4761,,original_clean,keep,False
51,137,3,23,BR,,1.1729,,original_clean,keep_imputed,False
52,139,3,23,BR,,1.0261,,original_clean,keep_imputed,False
53,141,3,23,BR,,1.1913,,original_clean,keep_imputed,False
54,143,3,23,BR,,1.0628,,original_clean,keep_imputed,False
55,144,3,23,BR,,1.0444,,original_clean,keep_imputed,False
56,145,4,22,US,,1.2,,original_clean,keep,False
57,146,4,22,US,,1.0,,original_clean,keep,False
58,147,4,22,US,,1.45,,original_clean,keep,False
59,148,4,22,US,,1.18,,original_clean,keep,False
60,149,1,22,UNKNOWN,,1.05,,original_clean,keep,False
61,151,1,23,UNKNOWN,,1.18,,original_clean,keep_imputed,False
62,153,4,23,US,,1.86,,original_clean,keep_imputed,False
63,155,4,23,US,,1.18,,original_clean,keep_imputed,False
64,156,4,23,US,,1.55,,original_clean,keep_imputed,False
65,157,4,23,US,,1.09,,original_clean,keep_imputed,False
66,158,6,4,PE,,4.7662,,original_clean,keep_imputed,False
67,159,6,4,PE,,4.7662,,original_clean,keep_imputed,False
68,160,6,8,PE,,4.7662,,original_clean,keep_imputed,False
69,161,6,8,PE,,4.7662,,original_clean,keep_imputed,False
70,162,6,8,PE,,4.7662,,original_clean,keep_imputed,False
71,163,6,8,PE,,4.7662,,original_clean,keep_imputed,False
72,164,6,4,PE,,4.7662,,original_clean,keep_imputed,False
73,165,6,4,PE,,4.7662,,original_clean,keep_imputed,False
74,166,6,8,PE,,4.7662,,original_clean,keep_imputed,False
75,167,6,3,PE,,4.7662,,original_clean,keep_imputed,False
76,168,6,3,PE,,4.7662,,original_clean,keep_imputed,False
77,169,6,3,PE,,4.7662,,original_clean,keep_imputed,False
78,170,6,15,PE,,4.7662,,original_clean,keep,False
79,171,6,8,PE,,4.7662,,original_clean,keep_imputed,False
80,172,6,8,PE,,4.7662,,original_clean,keep_imputed,False
81,173,6,24,PE,,4.7662,,original_clean,keep_imputed,False
82,174,6,21,PE,,4.7662,,original_clean,keep_imputed,False
83,175,6,4,PE,,4.7662,,original_clean,keep_imputed,False
84,176,1,16,UNKNOWN,,4.19,,original_clean,keep,False
85,177,3,6,BR,,1.0995,,original_clean,keep_imputed,False
86,178,7,14,AR,,1.2729,,original_clean,keep,False
87,181,7,14,AR,,3.7398,,original_clean,keep,False
88,182,7,14,AR,,2.1132,,original_clean,keep,False
89,183,7,14,AR,,1.2446,,original_clean,keep,False
90,184,7,14,AR,,1.7991,,original_clean,keep,False
91,185,7,14,AR,,1.1188,,original_clean,keep,False
92,186,7,14,AR,,6.6269,,original_clean,keep,False
93,191,7,14,AR,,2.0348,,original_clean,keep,False
94,192,7,14,AR,,2.1073,,original_clean,keep,False
95,193,7,14,AR,,1.5146,,original_clean,keep,False
96,194,7,14,AR,,1.4422,,original_clean,keep,False
97,195,7,14,AR,,5.1161,,original_clean,keep,False
98,196,1,14,UNKNOWN,,13.2,,original_clean,keep,False
99,197,1,14,UNKNOWN,,3.99,,original_clean,keep,False
100,198,1,14,UNKNOWN,,2.85,,original_clean,keep,False
101,199,1,14,UNKNOWN,,7.49,,original_clean,keep,False
102,208,1,7,UNKNOWN,,3.99,,original_clean,keep,False
103,209,4,23,US,,2.05,,original_clean,keep_imputed,False
104,210,1,17,UNKNOWN,,1.5,,original_clean,keep,False
105,212,1,22,UNKNOWN,,2.2,,original_clean,keep,False
106,213,1,23,UNKNOWN,,3.23,,original_clean,keep_imputed,False
107,214,1,22,UNKNOWN,,6.98,,original_clean,keep,False
108,215,1,22,UNKNOWN,,5.81,,original_clean,keep,False
109,216,1,15,UNKNOWN,,1.21,,original_clean,keep,False
110,217,1,19,UNKNOWN,,2.12,,original_clean,keep,False
111,218,1,15,UNKNOWN,,3.08,,original_clean,keep,False
112,219,1,1,UNKNOWN,,1.97,,original_clean,keep_imputed,False
113,220,1,13,UNKNOWN,,2.99,,original_clean,keep,False
114,221,1,13,UNKNOWN,,2.92,,original_clean,keep,False
115,223,1,23,UNKNOWN,,3.41,,original_clean,keep_imputed,False
116,224,1,23,UNKNOWN,,2.25,,original_clean,keep_imputed,False
117,225,1,1,UNKNOWN,,1.75,,original_clean,keep_imputed,False
118,227,1,13,UNKNOWN,,1.12,,original_clean,keep_imputed,False
119,239,1,14,UNKNOWN,,6.2,,original_clean,keep,False
120,240,1,14,UNKNOWN,,14.19,,original_clean,keep,False
121,241,1,14,UNKNOWN,,1.25,,original_clean,keep_imputed,False
122,242,1,16,UNKNOWN,,2.39,,original_clean,keep,False
123,243,1,16,UNKNOWN,,1.79,,original_clean,keep,False
124,244,1,16,UNKNOWN,,1.29,,original_clean,keep_imputed,False
125,245,1,15,UNKNOWN,,2.51,,original_clean,keep,False
126,246,1,25,UNKNOWN,,2.0,,original_clean,keep_imputed,False
127,247,1,2,UNKNOWN,,2.53,,original_clean,keep_imputed,False
128,248,1,2,UNKNOWN,,1.99,,original_clean,keep_imputed,False
129,249,1,6,UNKNOWN,,1.8,,original_clean,keep_imputed,False
130,250,1,18,UNKNOWN,,5.19,,original_clean,keep_imputed,False
131,251,1,6,UNKNOWN,,2.0,,original_clean,keep_imputed,False
132,252,1,8,UNKNOWN,,6.59,,original_clean,keep_imputed,False
133,254,1,6,UNKNOWN,,11.97,,original_clean,keep_imputed,False
134,256,1,13,UNKNOWN,,3.85,,original_clean,keep,False
135,257,1,13,UNKNOWN,,4.1,,original_clean,keep,False
136,258,1,13,UNKNOWN,,4.69,,original_clean,keep,False
137,259,1,18,UNKNOWN,,5.9,,original_clean,keep_imputed,False
138,260,1,12,UNKNOWN,,1.69,,original_clean,keep,False
139,261,1,12,UNKNOWN,,2.19,,original_clean,keep,False
140,262,1,26,UNKNOWN,,1.92,,original_clean,keep,False
141,282,1,18,UNKNOWN,,4.11,,original_clean,keep_imputed,False
142,284,1,6,UNKNOWN,,1.39,,original_clean,keep_imputed,False
143,286,2,17,MX,,1.9871,,original_clean,keep,False
144,287,2,17,MX,,2.0945,,original_clean,keep,False
145,288,2,18,MX,,5.6928,,original_clean,keep_imputed,False
146,291,4,17,US,,1.39,,original_clean,keep,False
147,293,4,17,US,,1.45,,original_clean,keep,False
148,296,1,17,UNKNOWN,,1.05,,original_clean,keep,False
149,298,3,27,BR,,2.935,,original_clean,keep,False
150,299,3,8,BR,,2.935,,original_clean,keep_imputed,False
151,302,3,15,BR,,1.283,,original_clean,keep,False
152,303,3,15,BR,,4.4035,,original_clean,keep,False
153,305,1,15,UNKNOWN,,1.0,,original_clean,keep,False
154,307,3,15,BR,,5.1377,,original_clean,keep,False
155,308,3,15,BR,,1.8337,,original_clean,keep,False
156,309,3,15,BR,,1.5767,,original_clean,keep,False
157,311,3,15,BR,,1.5767,,original_clean,keep,False
158,313,3,15,BR,,1.4482,,original_clean,keep,False
159,314,3,15,BR,,1.4666,,original_clean,keep,False
160,315,1,15,UNKNOWN,,18.0,,original_clean,keep,False
161,316,3,15,BR,,1.0995,,original_clean,keep,False
162,317,3,15,BR,,1.2096,,original_clean,keep,False
163,321,3,3,BR,,5.3212,,original_clean,keep_imputed,False
164,322,1,3,UNKNOWN,,1.0,,original_clean,keep_imputed,False
165,323,3,3,BR,,1.0261,,original_clean,keep_imputed,False
166,324,3,3,BR,,2.2559,,original_clean,keep_imputed,False
167,325,3,3,BR,,1.8337,,original_clean,keep_imputed,False
168,326,3,3,BR,,1.283,,original_clean,keep_imputed,False
169,328,3,3,BR,,1.3381,,original_clean,keep_imputed,False
170,330,1,3,UNKNOWN,,1.0,,original_clean,keep_imputed,False
171,334,3,3,BR,,1.2463,,original_clean,keep_imputed,False
172,336,1,3,UNKNOWN,,18.0,,original_clean,keep_imputed,False
173,337,3,3,BR,,4.0198,,original_clean,keep_imputed,False
174,338,3,3,BR,,5.3212,,original_clean,keep_imputed,False
175,339,3,3,BR,,6.239,,original_clean,keep_imputed,False
176,340,3,3,BR,,1.0995,,original_clean,keep_imputed,False
177,341,3,3,BR,,1.4666,,original_clean,keep_imputed,False
178,343,1,3,UNKNOWN,,2.0,,original_clean,keep_imputed,False
179,344,1,3,UNKNOWN,,1.0,,original_clean,keep_imputed,False
180,346,1,3,UNKNOWN,,1.0,,original_clean,keep_imputed,False
181,347,1,3,UNKNOWN,,1.0,,original_clean,keep_imputed,False
182,348,3,3,BR,,1.1729,,original_clean,keep_imputed,False
183,349,1,16,UNKNOWN,,2.69,,original_clean,keep,False
184,350,1,10,UNKNOWN,,1.59,,original_clean,keep,False
185,351,3,15,BR,,1.7419,,original_clean,keep,False
186,352,3,15,BR,,1.1362,,original_clean,keep,False
187,353,3,15,BR,,1.7786,,original_clean,keep,False
188,355,3,3,BR,,1.1178,,original_clean,keep_imputed,False
189,361,4,15,US,,1.05,,original_clean,keep,False
190,362,4,15,US,,1.59,,original_clean,keep,False
191,363,4,15,US,,1.56,,original_clean,keep,False
192,369,1,15,UNKNOWN,,2.49,,original_clean,keep,False
193,370,1,15,UNKNOWN,,2.69,,original_clean,keep,False
194,371,1,15,UNKNOWN,,2.59,,original_clean,keep,False
195,372,1,15,UNKNOWN,,2.59,,original_clean,keep,False
196,373,1,15,UNKNOWN,,1.95,,original_clean,keep,False
197,374,1,15,UNKNOWN,,2.54,,original_clean,keep,False
198,375,1,15,UNKNOWN,,2.19,,original_clean,keep,False
199,377,1,15,UNKNOWN,,1.76,,original_clean,keep,False
200,385,1,18,UNKNOWN,,1.22,,original_clean,keep_imputed,False
201,387,3,29,BR,,1.9805,,original_clean,keep_imputed,False
202,388,3,29,BR,,2.935,,original_clean,keep_imputed,False
203,389,3,23,BR,,5.5048,,original_clean,keep_imputed,False
204,390,3,23,BR,,4.587,,original_clean,keep_imputed,False
205,391,3,23,BR,,4.587,,original_clean,keep_imputed,False
206,392,3,29,BR,,2.935,,original_clean,keep_imputed,False
207,397,1,1,UNKNOWN,,1.0,,original_clean,keep_imputed,False
208,401,3,6,BR,,2.0173,,original_clean,keep_imputed,False
209,402,3,6,BR,,2.109,,original_clean,keep_imputed,False
210,404,1,15,UNKNOWN,,1.45,,original_clean,keep,False
211,406,1,14,UNKNOWN,,5.59,,original_clean,keep,False
212,407,1,14,UNKNOWN,,6.89,,original_clean,keep,False
213,408,1,14,UNKNOWN,,5.95,,original_clean,keep,False
214,410,1,16,UNKNOWN,,2.59,,original_clean,keep,False
215,412,1,15,UNKNOWN,,2.39,,original_clean,keep,False
216,413,1,15,UNKNOWN,,2.49,,original_clean,keep,False
217,414,1,15,UNKNOWN,,2.99,,original_clean,keep,False
218,416,1,18,UNKNOWN,,4.19,,original_clean,keep_imputed,False
219,417,1,18,UNKNOWN,,3.99,,original_clean,keep_imputed,False
220,418,1,18,UNKNOWN,,5.89,,original_clean,keep_imputed,False
221,419,1,16,UNKNOWN,,8.78,,original_clean,keep,False
222,420,1,32,UNKNOWN,,8.78,,original_clean,keep,False
223,421,1,16,UNKNOWN,,5.75,,original_clean,keep,False
224,422,1,16,UNKNOWN,,8.98,,original_clean,keep,False
225,423,1,17,UNKNOWN,,1.11,,original_clean,keep,False
226,424,1,31,UNKNOWN,,1.29,,original_clean,keep,False
227,426,6,8,PE,,12.1127,,original_clean,keep_imputed,False
228,427,6,8,PE,,5.9155,,original_clean,keep_imputed,False
229,430,6,8,PE,,3.9437,,original_clean,keep_imputed,False
230,431,6,8,PE,,1.9718,,original_clean,keep_imputed,False
231,432,6,8,PE,,3.3803,,original_clean,keep_imputed,False
232,433,6,2,PE,,16.338,,original_clean,keep_imputed,False
233,434,6,2,PE,,7.3239,,original_clean,keep_imputed,False
234,435,6,4,PE,,5.6338,,original_clean,keep_imputed,False
235,436,6,4,PE,,1.6901,,original_clean,keep_imputed,False
236,437,6,4,PE,,9.5775,,original_clean,keep_imputed,False
237,438,6,17,PE,,4.7662,,original_clean,keep,False
238,439,6,18,PE,,1.1268,,original_clean,keep_imputed,False
239,440,6,18,PE,,1.9718,,original_clean,keep_imputed,False
240,441,6,18,PE,,3.662,,original_clean,keep_imputed,False
241,442,6,8,PE,,1.1268,,original_clean,keep_imputed,False
242,443,6,3,PE,,2.2535,,original_clean,keep_imputed,False
243,444,6,3,PE,,3.0986,,original_clean,keep_imputed,False
244,445,6,3,PE,,1.6901,,original_clean,keep_imputed,False
245,446,6,3,PE,,3.0986,,original_clean,keep_imputed,False
246,447,6,8,PE,,3.0986,,original_clean,keep_imputed,False
247,448,6,8,PE,,1.4085,,original_clean,keep_imputed,False
248,449,6,21,PE,,5.3521,,original_clean,keep_imputed,False
249,450,6,21,PE,,7.0423,,original_clean,keep_imputed,False
250,474,4,2,US,,12.0,,original_clean,keep_imputed,False
251,475,4,2,US,,12.0,,original_clean,keep_imputed,False
252,476,4,2,US,,12.0,,original_clean,keep_imputed,False
253,477,1,2,UNKNOWN,,12.0,,original_clean,keep_imputed,False
254,478,4,2,US,,12.0,,original_clean,keep_imputed,False
255,479,4,2,US,,12.0,,original_clean,keep_imputed,False
256,480,4,1,US,,12.0,,original_clean,keep_imputed,False
257,481,4,2,US,,12.0,,original_clean,keep_imputed,False
258,482,1,2,UNKNOWN,,12.0,,original_clean,keep_imputed,False
259,483,4,2,US,,12.0,,original_clean,keep_imputed,False
260,484,1,2,UNKNOWN,,12.0,,original_clean,keep_imputed,False
261,485,4,2,US,,12.0,,original_clean,keep_imputed,False
262,486,4,2,US,,12.0,,original_clean,keep_imputed,False
263,487,4,2,US,,12.0,,original_clean,keep_imputed,False
264,488,4,2,US,,12.0,,original_clean,keep_imputed,False
265,489,4,2,US,,12.0,,original_clean,keep_imputed,False
266,490,4,2,US,,12.0,,original_clean,keep_imputed,False
267,491,1,2,UNKNOWN,,12.0,,original_clean,keep_imputed,False
268,492,4,2,US,,12.0,,original_clean,keep_imputed,False
269,493,4,2,US,,12.0,,original_clean,keep_imputed,False
270,494,3,13,BR,,1.7419,,original_clean,keep,False
271,495,3,13,BR,,1.5584,,original_clean,keep,False
272,496,3,1,BR,,4.587,,original_clean,keep_imputed,False
273,497,3,23,BR,,4.587,,original_clean,keep_imputed,False
274,498,1,31,UNKNOWN,,1.0,,original_clean,keep,False
275,499,1,13,UNKNOWN,,1.0,,original_clean,keep,False
276,500,1,13,UNKNOWN,,1.0,,original_clean,keep,False
277,501,1,10,UNKNOWN,,1.0,,original_clean,keep,False
308,598,6,14,PE,,12.6761,,original_clean,keep,False
278,502,1,22,UNKNOWN,,1.0,,original_clean,keep,False
279,505,2,15,MX,,3.8668,,original_clean,keep,False
280,508,1,22,UNKNOWN,,5.8,,original_clean,keep,False
281,510,1,15,UNKNOWN,,1.89,,original_clean,keep,False
282,511,1,15,UNKNOWN,,1.54,,original_clean,keep,False
283,512,1,15,UNKNOWN,,1.99,,original_clean,keep,False
284,513,1,13,UNKNOWN,,2.62,,original_clean,keep,False
285,518,1,10,UNKNOWN,,10.45,,original_clean,keep,False
286,519,1,10,UNKNOWN,,6.45,,original_clean,keep,False
287,520,1,10,UNKNOWN,,1.14,,original_clean,keep,False
288,521,1,10,UNKNOWN,,2.25,,original_clean,keep,False
289,522,1,13,UNKNOWN,,1.89,,original_clean,keep,False
290,524,1,16,UNKNOWN,,3.99,,original_clean,keep,False
291,576,8,8,MX,,1.1278,,original_clean,keep_imputed,False
292,577,8,1,MX,,1.2889,,original_clean,keep_imputed,False
293,578,8,8,MX,,1.9871,,original_clean,keep_imputed,False
294,579,8,7,MX,,1.8743,,original_clean,keep,False
295,580,8,2,MX,,4.5381,,original_clean,keep_imputed,False
296,581,8,1,MX,,1.8797,,original_clean,keep_imputed,False
297,582,8,13,MX,,3.4909,,original_clean,keep,False
298,583,8,13,MX,,1.101,,original_clean,keep,False
299,584,8,8,MX,,2.4705,,original_clean,keep_imputed,False
300,585,8,14,MX,,5.2632,,original_clean,keep,False
301,586,8,14,MX,,2.7873,,original_clean,keep,False
302,587,8,2,MX,,3.8131,,original_clean,keep_imputed,False
303,588,8,2,MX,,7.5188,,original_clean,keep_imputed,False
304,589,8,18,MX,,4.2911,,original_clean,keep_imputed,False
305,590,8,8,MX,,5.0483,,original_clean,keep_imputed,False
306,592,1,7,UNKNOWN,,3.99,,original_clean,keep,False
307,597,6,14,PE,,10.4225,,original_clean,keep,False
309,599,6,14,PE,,7.8592,,original_clean,keep,False
310,601,6,14,PE,,1.7183,,original_clean,keep,False
311,604,6,17,PE,,1.5493,,original_clean,keep,False
312,605,6,13,PE,,3.3521,,original_clean,keep,False
313,606,6,18,PE,,4.6479,,original_clean,keep_imputed,False
314,607,6,18,PE,,5.8873,,original_clean,keep_imputed,False
315,608,6,18,PE,,4.6479,,original_clean,keep_imputed,False
316,609,6,15,PE,,4.6479,,original_clean,keep,False
317,611,6,15,PE,,3.0704,,original_clean,keep,False
318,612,6,17,PE,,3.0704,,original_clean,keep,False
319,615,6,24,PE,,1.2958,,original_clean,keep,False
320,616,6,24,PE,,1.8028,,original_clean,keep,False
321,624,1,14,UNKNOWN,,7.99,,original_clean,keep,False
322,625,1,14,UNKNOWN,,14.59,,original_clean,keep,False
323,626,1,14,UNKNOWN,,1.25,,original_clean,keep,False
324,627,1,16,UNKNOWN,,1.99,,original_clean,keep,False
325,629,1,16,UNKNOWN,,1.35,,original_clean,keep,False
326,630,1,15,UNKNOWN,,2.55,,original_clean,keep,False
327,631,1,15,UNKNOWN,,3.15,,original_clean,keep,False
328,632,1,25,UNKNOWN,,2.15,,original_clean,keep_imputed,False
329,633,1,16,UNKNOWN,,1.99,,original_clean,keep,False
330,634,1,16,UNKNOWN,,1.99,,original_clean,keep,False
331,635,1,18,UNKNOWN,,5.55,,original_clean,keep_imputed,False
332,636,1,18,UNKNOWN,,7.39,,original_clean,keep_imputed,False
333,8,1,3,UNKNOWN,,3.705,3.705,median_category_country,keep_imputed,True
334,9,1,3,UNKNOWN,,3.705,3.705,median_category_country,keep_imputed,True
335,10,1,3,UNKNOWN,,3.705,3.705,median_category_country,keep_imputed,True
336,11,1,2,UNKNOWN,,3.705,3.705,median_category_country,keep_imputed,True
337,12,1,3,UNKNOWN,,3.705,3.705,median_category_country,keep_imputed,True
338,18,1,3,UNKNOWN,,3.705,3.705,median_category_country,keep_imputed,True
339,19,1,2,UNKNOWN,,3.705,3.705,median_category_country,keep_imputed,True
340,20,1,3,UNKNOWN,,3.705,3.705,median_category_country,keep_imputed,True
341,21,1,2,UNKNOWN,,3.705,3.705,median_category_country,keep_imputed,True
342,22,1,2,UNKNOWN,,3.705,3.705,median_category_country,keep_imputed,True
343,24,1,3,UNKNOWN,,3.705,3.705,median_category_country,keep_imputed,True
344,30,1,1,UNKNOWN,,3.705,3.705,median_category_country,keep_imputed,True
345,31,1,3,UNKNOWN,,3.705,3.705,median_category_country,keep_imputed,True
346,32,1,3,UNKNOWN,,3.705,3.705,median_category_country,keep_imputed,True
347,33,1,3,UNKNOWN,,3.705,3.705,median_category_country,keep_imputed,True
348,34,1,2,UNKNOWN,,3.705,3.705,median_category_country,keep_imputed,True
349,35,1,6,UNKNOWN,,3.705,3.705,median_category_country,keep_imputed,True
350,37,1,2,UNKNOWN,,3.705,3.705,median_category_country,keep_imputed,True
351,38,1,2,UNKNOWN,,3.705,3.705,median_category_country,keep_imputed,True
352,40,2,7,MX,,1.7884,1.8743,median_category_country,keep_imputed,True
353,42,2,7,MX,,1.7884,1.8743,median_category_country,keep_imputed,True
354,44,1,9,UNKNOWN,,1.02,,median_category_country,keep_imputed,True
355,45,1,9,UNKNOWN,,1.02,,median_category_country,keep_imputed,True
356,46,1,9,UNKNOWN,,1.02,,median_category_country,keep_imputed,True
357,51,3,9,BR,,1.2647,1.2647,median_category_country,keep,True
358,52,3,9,BR,,1.2647,1.2647,median_category_country,keep,True
359,56,1,12,UNKNOWN,,1.69,1.69,median_category_country,keep,True
360,57,1,13,UNKNOWN,,2.77,2.77,median_category_country,keep,True
361,65,2,10,MX,,1.0956,1.0956,median_category_country,keep_imputed,True
362,66,2,10,MX,,1.0956,1.0956,median_category_country,keep_imputed,True
363,67,2,10,MX,,1.0956,1.0956,median_category_country,keep_imputed,True
364,68,5,2,CO,,2.885,,global_median,keep_imputed,True
365,69,5,14,CO,,2.885,,global_median,keep,True
366,70,5,14,CO,,2.885,,global_median,keep_imputed,True
367,71,5,14,CO,,2.885,,global_median,keep,True
368,72,5,15,CO,,2.885,,global_median,keep,True
369,73,5,14,CO,,2.885,,global_median,keep,True
370,74,5,2,CO,,2.885,,global_median,keep_imputed,True
371,75,5,14,CO,,2.885,,global_median,keep,True
372,76,5,14,CO,,2.885,,global_median,keep,True
373,77,5,14,CO,,2.885,,global_median,keep,True
374,78,5,14,CO,,2.885,,global_median,keep,True
375,79,5,14,CO,,2.885,,global_median,keep,True
376,80,5,14,CO,,2.885,,global_median,keep,True
377,81,5,14,CO,,2.885,,global_median,keep,True
378,82,1,17,UNKNOWN,,1.11,1.11,median_category_country,keep,True
379,84,1,14,UNKNOWN,,6.2,6.2,median_category_country,keep,True
380,85,3,13,BR,,1.80615,1.80615,median_category_country,keep,True
381,87,3,13,BR,,1.80615,1.80615,median_category_country,keep,True
382,89,2,13,MX,,2.296,2.29595,median_category_country,keep_imputed,True
383,91,1,6,UNKNOWN,,3.705,3.705,median_category_country,keep_imputed,True
384,92,1,6,UNKNOWN,,3.705,3.705,median_category_country,keep_imputed,True
385,95,1,18,UNKNOWN,,5.19,5.19,median_category_country,keep_imputed,True
386,96,1,2,UNKNOWN,,3.705,3.705,median_category_country,keep_imputed,True
387,97,1,19,UNKNOWN,,2.12,2.12,median_category_country,keep,True
388,98,1,2,UNKNOWN,,3.705,3.705,median_category_country,keep_imputed,True
389,99,1,2,UNKNOWN,,3.705,3.705,median_category_country,keep_imputed,True
390,100,1,13,UNKNOWN,,2.77,2.77,median_category_country,keep,True
391,101,1,2,UNKNOWN,,3.705,3.705,median_category_country,keep_imputed,True
392,102,2,14,MX,,6.1484,6.63265,median_category_country,keep_imputed,True
393,110,1,12,UNKNOWN,,1.69,1.69,median_category_country,keep_imputed,True
394,111,1,12,UNKNOWN,,1.69,1.69,median_category_country,keep,True
395,112,6,20,PE,,15.5336,4.7662,median_category_country,keep_imputed,True
396,113,6,20,PE,,15.5336,4.7662,median_category_country,keep_imputed,True
397,114,6,8,PE,,15.5336,4.7662,median_category_country,keep_imputed,True
398,115,6,4,PE,,15.5336,4.7662,median_category_country,keep_imputed,True
399,116,6,1,PE,,15.5336,4.7662,median_category_country,keep_imputed,True
400,117,6,2,PE,,15.5336,4.7662,median_category_country,keep_imputed,True
401,118,6,2,PE,,15.5336,4.7662,median_category_country,keep_imputed,True
402,119,6,2,PE,,15.5336,4.7662,median_category_country,keep_imputed,True
403,120,6,2,PE,,15.5336,4.7662,median_category_country,keep_imputed,True
404,121,6,4,PE,,15.5336,4.7662,median_category_country,keep_imputed,True
405,122,6,4,PE,,15.5336,4.7662,median_category_country,keep_imputed,True
406,123,6,4,PE,,15.5336,4.7662,median_category_country,keep_imputed,True
407,124,6,5,PE,,15.5336,4.7662,median_category_country,keep_imputed,True
408,125,6,5,PE,,15.5336,4.7662,median_category_country,keep_imputed,True
409,126,6,8,PE,,15.5336,4.7662,median_category_country,keep_imputed,True
410,127,6,1,PE,,15.5336,4.7662,median_category_country,keep_imputed,True
411,128,6,3,PE,,4.7662,4.7662,median_category_country,keep_imputed,True
412,129,6,3,PE,,15.5336,4.7662,median_category_country,keep_imputed,True
413,130,6,3,PE,,15.5336,4.7662,median_category_country,keep_imputed,True
414,131,6,8,PE,,15.5336,4.7662,median_category_country,keep_imputed,True
415,132,6,21,PE,,15.5336,4.7662,median_category_country,keep_imputed,True
416,133,6,21,PE,,15.5336,4.7662,median_category_country,keep_imputed,True
417,134,6,21,PE,,15.5336,4.7662,median_category_country,keep_imputed,True
418,135,1,22,UNKNOWN,,4.0,4.0,median_category_country,keep_imputed,True
419,138,3,23,BR,,1.9805,1.9805,median_category_country,keep_imputed,True
420,140,3,23,BR,,1.9805,1.9805,median_category_country,keep_imputed,True
421,142,3,23,BR,,1.9805,1.9805,median_category_country,keep_imputed,True
422,150,4,22,US,,1.19,1.19,median_category_country,keep,True
423,152,1,22,UNKNOWN,,4.0,4.0,median_category_country,keep,True
424,154,4,23,US,,12.0,12.0,median_category_country,keep_imputed,True
425,179,7,14,AR,,1.91695,1.91695,median_category_country,keep,True
426,180,7,14,AR,,1.91695,1.91695,median_category_country,keep,True
427,187,7,14,AR,,1.91695,1.91695,median_category_country,keep,True
428,188,7,14,AR,,1.91695,1.91695,median_category_country,keep,True
429,189,7,14,AR,,1.91695,1.91695,median_category_country,keep,True
430,190,7,14,AR,,1.91695,1.91695,median_category_country,keep,True
431,200,1,5,UNKNOWN,,3.705,3.705,median_category_country,keep_imputed,True
432,201,1,5,UNKNOWN,,3.705,3.705,median_category_country,keep_imputed,True
433,202,1,5,UNKNOWN,,3.705,3.705,median_category_country,keep_imputed,True
434,203,1,3,UNKNOWN,,3.705,3.705,median_category_country,keep_imputed,True
435,204,1,1,UNKNOWN,,3.705,3.705,median_category_country,keep_imputed,True
436,205,1,13,UNKNOWN,,2.77,2.77,median_category_country,keep,True
437,206,1,1,UNKNOWN,,3.705,3.705,median_category_country,keep_imputed,True
438,207,1,13,UNKNOWN,,2.77,2.77,median_category_country,keep,True
439,211,1,17,UNKNOWN,,1.11,1.11,median_category_country,keep,True
440,222,1,23,UNKNOWN,,3.705,3.705,median_category_country,keep_imputed,True
441,226,1,23,UNKNOWN,,3.705,3.705,median_category_country,keep_imputed,True
442,228,7,14,AR,,1.91695,1.91695,median_category_country,keep,True
443,229,7,2,AR,,1.3256,,median_category_country,keep_imputed,True
444,230,7,17,AR,,2.885,,global_median,keep_imputed,True
445,231,7,17,AR,,2.885,,global_median,keep,True
446,232,7,2,AR,,2.885,,global_median,keep_imputed,True
447,233,7,14,AR,,1.91695,1.91695,median_category_country,keep_imputed,True
448,234,7,2,AR,,2.885,,global_median,keep_imputed,True
449,235,7,2,AR,,2.885,,global_median,keep_imputed,True
450,236,7,14,AR,,1.91695,1.91695,median_category_country,keep,True
451,237,7,2,AR,,2.885,,global_median,keep_imputed,True
452,238,7,2,AR,,2.885,,global_median,keep_imputed,True
453,253,1,8,UNKNOWN,,3.705,3.705,median_category_country,keep_imputed,True
454,255,1,5,UNKNOWN,,3.705,3.705,median_category_country,keep_imputed,True
726,47,3,10,BR,True,3.5775,,original_clean,keep,False
455,263,2,12,MX,,2.885,,global_median,keep_imputed,True
456,264,1,6,UNKNOWN,,3.705,3.705,median_category_country,keep_imputed,True
457,265,1,6,UNKNOWN,,3.705,3.705,median_category_country,keep_imputed,True
458,266,1,6,UNKNOWN,,3.705,3.705,median_category_country,keep_imputed,True
459,267,1,6,UNKNOWN,,3.705,3.705,median_category_country,keep_imputed,True
460,268,2,19,MX,,2.885,,global_median,keep_imputed,True
461,269,2,3,MX,,3.5617,2.4705,median_category_country,keep_imputed,True
462,270,2,19,MX,,2.885,,global_median,keep_imputed,True
463,271,2,19,MX,,2.885,,global_median,keep_imputed,True
464,272,7,5,AR,,2.885,,global_median,keep_imputed,True
465,273,7,17,AR,,2.885,,global_median,keep,True
466,274,7,5,AR,,2.885,,global_median,keep_imputed,True
467,275,7,5,AR,,2.885,,global_median,keep_imputed,True
468,276,7,5,AR,,2.885,,global_median,keep_imputed,True
469,277,1,3,UNKNOWN,,3.705,3.705,median_category_country,keep_imputed,True
470,278,1,6,UNKNOWN,,3.705,3.705,median_category_country,keep_imputed,True
471,279,1,3,UNKNOWN,,3.705,3.705,median_category_country,keep_imputed,True
472,280,1,3,UNKNOWN,,3.705,3.705,median_category_country,keep_imputed,True
473,281,1,18,UNKNOWN,,5.19,5.19,median_category_country,keep_imputed,True
474,283,1,18,UNKNOWN,,5.19,5.19,median_category_country,keep_imputed,True
475,285,1,18,UNKNOWN,,5.19,5.19,median_category_country,keep_imputed,True
476,289,2,18,MX,,3.5617,4.99195,median_category_country,keep_imputed,True
477,290,1,17,UNKNOWN,,1.11,1.11,median_category_country,keep,True
478,292,4,17,US,,1.42,1.42,median_category_country,keep,True
479,294,1,17,UNKNOWN,,1.11,1.11,median_category_country,keep_imputed,True
480,295,1,17,UNKNOWN,,1.11,1.11,median_category_country,keep,True
481,297,1,17,UNKNOWN,,1.11,1.11,median_category_country,keep,True
482,300,1,28,UNKNOWN,,3.705,3.705,median_category_country,keep_imputed,True
483,301,1,29,UNKNOWN,,3.705,3.705,median_category_country,keep_imputed,True
484,304,1,15,UNKNOWN,,2.49,2.49,median_category_country,keep,True
485,306,3,15,BR,,1.5767,1.5767,median_category_country,keep,True
486,310,1,15,UNKNOWN,,2.49,2.49,median_category_country,keep,True
487,312,3,15,BR,,1.5767,1.5767,median_category_country,keep,True
488,318,3,15,BR,,1.5767,1.5767,median_category_country,keep,True
489,319,3,15,BR,,1.5767,1.5767,median_category_country,keep,True
490,320,3,3,BR,,1.9805,1.9805,median_category_country,keep_imputed,True
491,327,1,3,UNKNOWN,,3.705,3.705,median_category_country,keep_imputed,True
492,329,3,3,BR,,1.9805,1.9805,median_category_country,keep_imputed,True
493,331,3,3,BR,,1.9805,1.9805,median_category_country,keep_imputed,True
494,332,3,3,BR,,1.9805,1.9805,median_category_country,keep_imputed,True
495,333,3,3,BR,,1.9805,1.9805,median_category_country,keep_imputed,True
496,335,3,3,BR,,1.9805,1.9805,median_category_country,keep_imputed,True
497,342,3,3,BR,,1.9805,1.9805,median_category_country,keep_imputed,True
498,345,3,3,BR,,1.9805,1.9805,median_category_country,keep_imputed,True
499,354,3,3,BR,,1.9805,1.9805,median_category_country,keep_imputed,True
500,356,3,3,BR,,1.9805,1.9805,median_category_country,keep_imputed,True
501,357,1,15,UNKNOWN,,2.49,2.49,median_category_country,keep_imputed,True
502,358,1,3,UNKNOWN,,3.705,3.705,median_category_country,keep_imputed,True
503,359,1,3,UNKNOWN,,3.705,3.705,median_category_country,keep_imputed,True
504,360,1,3,UNKNOWN,,3.705,3.705,median_category_country,keep_imputed,True
505,364,1,17,UNKNOWN,,1.11,1.11,median_category_country,keep,True
506,365,1,15,UNKNOWN,,2.49,2.49,median_category_country,keep,True
507,366,1,15,UNKNOWN,,2.49,2.49,median_category_country,keep,True
508,367,1,5,UNKNOWN,,3.705,3.705,median_category_country,keep_imputed,True
509,368,2,15,MX,,3.8668,3.8668,median_category_country,keep_imputed,True
510,376,1,15,UNKNOWN,,2.49,2.49,median_category_country,keep_imputed,True
511,378,1,16,UNKNOWN,,2.19,2.19,median_category_country,keep,True
512,379,1,12,UNKNOWN,,1.69,1.69,median_category_country,keep,True
513,380,1,27,UNKNOWN,,2.885,,global_median,keep,True
514,381,1,27,UNKNOWN,,2.885,,global_median,keep,True
515,382,1,27,UNKNOWN,,2.885,,global_median,keep,True
516,383,1,8,UNKNOWN,,3.705,3.705,median_category_country,keep_imputed,True
517,384,1,8,UNKNOWN,,3.705,3.705,median_category_country,keep_imputed,True
518,386,1,30,UNKNOWN,,3.705,3.705,median_category_country,keep_imputed,True
519,393,1,17,UNKNOWN,,1.11,1.11,median_category_country,keep,True
520,394,4,23,US,,12.0,12.0,median_category_country,keep_imputed,True
521,395,4,23,US,,12.0,12.0,median_category_country,keep_imputed,True
522,396,4,23,US,,12.0,12.0,median_category_country,keep_imputed,True
523,398,1,8,UNKNOWN,,3.705,3.705,median_category_country,keep_imputed,True
524,399,1,8,UNKNOWN,,3.705,3.705,median_category_country,keep_imputed,True
525,400,1,5,UNKNOWN,,3.705,3.705,median_category_country,keep_imputed,True
526,403,1,15,UNKNOWN,,2.49,2.49,median_category_country,keep,True
527,405,1,3,UNKNOWN,,3.705,3.705,median_category_country,keep_imputed,True
528,409,1,16,UNKNOWN,,2.19,2.19,median_category_country,keep,True
529,411,1,6,UNKNOWN,,3.705,3.705,median_category_country,keep_imputed,True
530,415,1,31,UNKNOWN,,1.145,1.145,median_category_country,keep,True
531,425,1,8,UNKNOWN,,3.705,3.705,median_category_country,keep_imputed,True
532,428,6,8,PE,,4.7662,4.7662,median_category_country,keep_imputed,True
533,429,6,4,PE,,4.7662,4.7662,median_category_country,keep_imputed,True
534,451,5,2,CO,,2.885,,global_median,keep_imputed,True
535,452,5,15,CO,,2.885,,global_median,keep_imputed,True
536,453,5,14,CO,,2.885,,global_median,keep_imputed,True
537,454,5,18,CO,,2.885,,global_median,keep_imputed,True
538,455,5,14,CO,,2.885,,global_median,keep_imputed,True
539,456,5,14,CO,,2.885,,global_median,keep,True
540,457,5,10,CO,,2.885,,global_median,keep_imputed,True
541,458,5,14,CO,,2.885,,global_median,keep_imputed,True
542,459,5,14,CO,,2.885,,global_median,keep_imputed,True
543,460,5,2,CO,,2.885,,global_median,keep_imputed,True
544,461,5,14,CO,,2.885,,global_median,keep,True
545,462,5,14,CO,,2.885,,global_median,keep_imputed,True
546,463,5,14,CO,,2.885,,global_median,keep_imputed,True
547,464,5,14,CO,,2.885,,global_median,keep_imputed,True
548,465,5,2,CO,,2.885,,global_median,keep_imputed,True
549,466,5,12,CO,,2.885,,global_median,keep_imputed,True
550,467,5,14,CO,,2.885,,global_median,keep_imputed,True
551,468,5,14,CO,,2.885,,global_median,keep_imputed,True
552,469,5,14,CO,,2.885,,global_median,keep_imputed,True
553,470,5,14,CO,,2.885,,global_median,keep_imputed,True
554,471,5,14,CO,,2.885,,global_median,keep,True
555,472,5,2,CO,,2.885,,global_median,keep_imputed,True
556,473,5,14,CO,,2.885,,global_median,keep,True
557,503,1,12,UNKNOWN,,1.69,1.69,median_category_country,keep,True
558,504,1,13,UNKNOWN,,2.77,2.77,median_category_country,keep,True
559,506,1,17,UNKNOWN,,1.11,1.11,median_category_country,keep_imputed,True
560,507,1,20,UNKNOWN,,3.705,3.705,median_category_country,keep_imputed,True
561,509,1,15,UNKNOWN,,2.49,2.49,median_category_country,keep,True
562,514,1,20,UNKNOWN,,3.705,3.705,median_category_country,keep_imputed,True
563,515,1,13,UNKNOWN,,2.77,2.77,median_category_country,keep,True
564,516,1,10,UNKNOWN,,1.59,1.59,median_category_country,keep,True
565,517,1,10,UNKNOWN,,1.59,1.59,median_category_country,keep,True
566,523,1,13,UNKNOWN,,2.77,2.77,median_category_country,keep,True
567,525,1,6,UNKNOWN,,3.705,3.705,median_category_country,keep_imputed,True
568,526,6,1,PE,,4.7662,4.7662,median_category_country,keep_imputed,True
569,527,6,10,PE,,2.885,,global_median,keep,True
570,528,6,10,PE,,2.885,,global_median,keep,True
571,529,6,32,PE,,2.885,,global_median,keep_imputed,True
572,530,6,13,PE,,4.05915,4.059150000000001,median_category_country,keep,True
573,531,6,14,PE,,7.8592,7.8592,median_category_country,keep,True
574,532,6,14,PE,,7.8592,7.8592,median_category_country,keep,True
575,533,6,7,PE,,2.885,,global_median,keep,True
576,534,6,1,PE,,4.7662,4.7662,median_category_country,keep_imputed,True
577,535,6,21,PE,,4.7662,4.7662,median_category_country,keep_imputed,True
578,536,6,4,PE,,4.7662,4.7662,median_category_country,keep_imputed,True
579,537,6,13,PE,,4.05915,4.059150000000001,median_category_country,keep,True
580,538,6,17,PE,,3.0704,3.0704,median_category_country,keep,True
581,539,6,13,PE,,4.05915,4.059150000000001,median_category_country,keep,True
582,540,6,17,PE,,3.0704,3.0704,median_category_country,keep,True
583,541,6,7,PE,,2.885,,global_median,keep,True
584,542,6,18,PE,,4.15495,4.15495,median_category_country,keep_imputed,True
585,543,6,13,PE,,4.05915,4.059150000000001,median_category_country,keep,True
586,544,6,13,PE,,4.05915,4.059150000000001,median_category_country,keep,True
587,545,6,13,PE,,4.05915,4.059150000000001,median_category_country,keep,True
588,546,6,17,PE,,3.0704,3.0704,median_category_country,keep,True
589,547,6,13,PE,,4.05915,4.059150000000001,median_category_country,keep,True
590,548,6,1,PE,,4.7662,4.7662,median_category_country,keep_imputed,True
591,549,6,15,PE,,4.6479,4.6479,median_category_country,keep,True
592,550,6,18,PE,,4.15495,4.15495,median_category_country,keep,True
593,551,6,18,PE,,4.15495,4.15495,median_category_country,keep_imputed,True
594,552,6,1,PE,,4.7662,4.7662,median_category_country,keep_imputed,True
595,553,6,24,PE,,1.8028,1.8028,median_category_country,keep,True
596,554,6,1,PE,,4.7662,4.7662,median_category_country,keep,True
597,555,1,24,UNKNOWN,,2.885,,global_median,keep,True
598,556,1,10,UNKNOWN,,1.59,1.59,median_category_country,keep,True
599,557,1,24,UNKNOWN,,2.885,,global_median,keep,True
600,558,1,24,UNKNOWN,,2.885,,global_median,keep,True
601,559,1,7,UNKNOWN,,3.99,3.99,median_category_country,keep,True
602,560,1,7,UNKNOWN,,3.99,3.99,median_category_country,keep,True
603,561,1,7,UNKNOWN,,3.99,3.99,median_category_country,keep,True
604,562,1,5,UNKNOWN,,3.705,3.705,median_category_country,keep_imputed,True
605,563,1,17,UNKNOWN,,1.11,1.11,median_category_country,keep,True
606,564,1,15,UNKNOWN,,2.49,2.49,median_category_country,keep,True
607,565,1,15,UNKNOWN,,2.49,2.49,median_category_country,keep,True
608,566,1,15,UNKNOWN,,2.49,2.49,median_category_country,keep,True
609,567,1,13,UNKNOWN,,2.77,2.77,median_category_country,keep,True
727,47,3,10,BR,True,3.5775,,original_clean,keep,False
610,568,1,14,UNKNOWN,,6.2,6.2,median_category_country,keep,True
611,569,1,14,UNKNOWN,,6.2,6.2,median_category_country,keep,True
612,570,1,14,UNKNOWN,,6.2,6.2,median_category_country,keep,True
613,571,1,14,UNKNOWN,,6.2,6.2,median_category_country,keep,True
614,572,1,17,UNKNOWN,,1.11,1.11,median_category_country,keep,True
615,573,1,17,UNKNOWN,,1.11,1.11,median_category_country,keep,True
616,574,1,10,UNKNOWN,,1.59,1.59,median_category_country,keep,True
617,575,1,16,UNKNOWN,,2.19,2.19,median_category_country,keep,True
618,591,8,8,MX,,2.4705,2.4705,median_category_country,keep_imputed,True
619,593,9,8,CR,,2.885,,global_median,keep_imputed,True
620,594,6,10,PE,,2.885,,global_median,keep,True
621,595,6,8,PE,,15.5336,4.7662,median_category_country,keep_imputed,True
622,596,6,10,PE,,2.885,,global_median,keep_imputed,True
623,600,6,8,PE,,15.5336,4.7662,median_category_country,keep_imputed,True
624,602,6,24,PE,,1.8028,1.8028,median_category_country,keep,True
625,603,6,17,PE,,15.5336,3.0704,median_category_country,keep_imputed,True
626,610,6,17,PE,,3.0704,3.0704,median_category_country,keep,True
627,613,6,18,PE,,15.5336,4.15495,median_category_country,keep_imputed,True
628,614,6,18,PE,,15.5336,4.15495,median_category_country,keep_imputed,True
629,617,2,15,MX,,3.8668,3.8668,median_category_country,keep_imputed,True
630,618,2,15,MX,,3.8668,3.8668,median_category_country,keep_imputed,True
631,619,2,4,MX,,3.5617,2.4705,median_category_country,keep_imputed,True
632,620,2,18,MX,,3.5617,4.99195,median_category_country,keep_imputed,True
633,621,2,19,MX,,2.885,,global_median,keep_imputed,True
634,622,2,7,MX,,1.7884,1.8743,median_category_country,keep_imputed,True
635,623,1,8,UNKNOWN,,3.705,3.705,median_category_country,keep_imputed,True
636,628,1,16,UNKNOWN,,2.19,2.19,median_category_country,keep,True
637,637,1,18,UNKNOWN,,5.19,5.19,median_category_country,keep_imputed,True
638,1,1,1,UNKNOWN,True,12.8,,original_clean,keep_imputed,False
639,1,1,1,UNKNOWN,True,12.8,,original_clean,keep_imputed,False
640,1,1,1,UNKNOWN,True,12.8,,original_clean,keep_imputed,False
641,1,1,1,UNKNOWN,True,12.8,,original_clean,keep_imputed,False
642,2,1,2,UNKNOWN,True,10.0,,original_clean,keep_imputed,False
643,2,1,2,UNKNOWN,True,10.0,,original_clean,keep_imputed,False
644,2,1,2,UNKNOWN,True,10.0,,original_clean,keep_imputed,False
645,2,1,2,UNKNOWN,True,10.0,,original_clean,keep_imputed,False
646,3,1,2,UNKNOWN,True,10.0,,original_clean,keep_imputed,False
647,3,1,2,UNKNOWN,True,10.0,,original_clean,keep_imputed,False
648,3,1,2,UNKNOWN,True,10.0,,original_clean,keep_imputed,False
649,3,1,2,UNKNOWN,True,10.0,,original_clean,keep_imputed,False
650,4,1,2,UNKNOWN,True,10.0,,original_clean,keep_imputed,False
651,4,1,2,UNKNOWN,True,10.0,,original_clean,keep_imputed,False
652,4,1,2,UNKNOWN,True,10.0,,original_clean,keep_imputed,False
653,4,1,2,UNKNOWN,True,10.0,,original_clean,keep_imputed,False
654,5,1,3,UNKNOWN,True,11.0,,original_clean,keep_imputed,False
655,5,1,3,UNKNOWN,True,11.0,,original_clean,keep_imputed,False
656,5,1,3,UNKNOWN,True,11.0,,original_clean,keep_imputed,False
657,5,1,3,UNKNOWN,True,11.0,,original_clean,keep_imputed,False
658,6,1,3,UNKNOWN,True,12.0,,original_clean,keep_imputed,False
659,6,1,3,UNKNOWN,True,12.0,,original_clean,keep_imputed,False
660,6,1,3,UNKNOWN,True,12.0,,original_clean,keep_imputed,False
661,6,1,3,UNKNOWN,True,12.0,,original_clean,keep_imputed,False
662,7,1,2,UNKNOWN,True,19.0,,original_clean,keep_imputed,False
663,7,1,2,UNKNOWN,True,19.0,,original_clean,keep_imputed,False
664,7,1,2,UNKNOWN,True,19.0,,original_clean,keep_imputed,False
665,7,1,2,UNKNOWN,True,19.0,,original_clean,keep_imputed,False
666,13,1,3,UNKNOWN,True,4.0,,original_clean,keep_imputed,False
667,13,1,3,UNKNOWN,True,4.0,,original_clean,keep_imputed,False
668,13,1,3,UNKNOWN,True,4.0,,original_clean,keep_imputed,False
669,13,1,3,UNKNOWN,True,4.0,,original_clean,keep_imputed,False
670,14,1,2,UNKNOWN,True,4.0,,original_clean,keep_imputed,False
671,14,1,2,UNKNOWN,True,4.0,,original_clean,keep_imputed,False
672,14,1,2,UNKNOWN,True,4.0,,original_clean,keep_imputed,False
673,14,1,2,UNKNOWN,True,4.0,,original_clean,keep_imputed,False
674,15,1,2,UNKNOWN,True,4.0,,original_clean,keep_imputed,False
675,15,1,2,UNKNOWN,True,4.0,,original_clean,keep_imputed,False
676,15,1,2,UNKNOWN,True,4.0,,original_clean,keep_imputed,False
677,15,1,2,UNKNOWN,True,4.0,,original_clean,keep_imputed,False
678,16,1,2,UNKNOWN,True,4.0,,original_clean,keep_imputed,False
679,16,1,2,UNKNOWN,True,4.0,,original_clean,keep_imputed,False
680,16,1,2,UNKNOWN,True,4.0,,original_clean,keep_imputed,False
681,16,1,2,UNKNOWN,True,4.0,,original_clean,keep_imputed,False
682,17,1,2,UNKNOWN,True,4.0,,original_clean,keep_imputed,False
683,17,1,2,UNKNOWN,True,4.0,,original_clean,keep_imputed,False
684,17,1,2,UNKNOWN,True,4.0,,original_clean,keep_imputed,False
685,17,1,2,UNKNOWN,True,4.0,,original_clean,keep_imputed,False
686,23,1,2,UNKNOWN,True,9.0,,original_clean,keep_imputed,False
687,23,1,2,UNKNOWN,True,9.0,,original_clean,keep_imputed,False
688,23,1,2,UNKNOWN,True,9.0,,original_clean,keep_imputed,False
689,23,1,2,UNKNOWN,True,9.0,,original_clean,keep_imputed,False
690,25,1,4,UNKNOWN,True,3.0,,original_clean,keep_imputed,False
691,25,1,4,UNKNOWN,True,3.0,,original_clean,keep_imputed,False
692,25,1,4,UNKNOWN,True,3.0,,original_clean,keep_imputed,False
693,25,1,4,UNKNOWN,True,3.0,,original_clean,keep_imputed,False
694,26,1,4,UNKNOWN,True,5.0,,original_clean,keep_imputed,False
695,26,1,4,UNKNOWN,True,5.0,,original_clean,keep_imputed,False
696,26,1,4,UNKNOWN,True,5.0,,original_clean,keep_imputed,False
697,26,1,4,UNKNOWN,True,5.0,,original_clean,keep_imputed,False
698,27,1,4,UNKNOWN,True,6.0,,original_clean,keep_imputed,False
699,27,1,4,UNKNOWN,True,6.0,,original_clean,keep_imputed,False
700,27,1,4,UNKNOWN,True,6.0,,original_clean,keep_imputed,False
701,27,1,4,UNKNOWN,True,6.0,,original_clean,keep_imputed,False
702,28,1,1,UNKNOWN,True,1.31,,original_clean,keep_imputed,False
703,28,1,1,UNKNOWN,True,1.31,,original_clean,keep_imputed,False
704,28,1,1,UNKNOWN,True,1.31,,original_clean,keep_imputed,False
705,28,1,1,UNKNOWN,True,1.31,,original_clean,keep_imputed,False
706,29,1,5,UNKNOWN,True,1.54,,original_clean,keep_imputed,False
707,29,1,5,UNKNOWN,True,1.54,,original_clean,keep_imputed,False
708,29,1,5,UNKNOWN,True,1.54,,original_clean,keep_imputed,False
709,29,1,5,UNKNOWN,True,1.54,,original_clean,keep_imputed,False
710,36,1,6,UNKNOWN,True,2.0,,original_clean,keep_imputed,False
711,36,1,6,UNKNOWN,True,2.0,,original_clean,keep_imputed,False
712,36,1,6,UNKNOWN,True,2.0,,original_clean,keep_imputed,False
713,36,1,6,UNKNOWN,True,2.0,,original_clean,keep_imputed,False
714,39,2,7,MX,True,1.9871,,original_clean,keep,False
715,39,2,7,MX,True,1.9871,,original_clean,keep,False
716,39,2,7,MX,True,1.9871,,original_clean,keep,False
717,39,2,7,MX,True,1.9871,,original_clean,keep,False
718,41,2,7,MX,True,1.5038,,original_clean,keep,False
719,41,2,7,MX,True,1.5038,,original_clean,keep,False
720,41,2,7,MX,True,1.5038,,original_clean,keep,False
721,41,2,7,MX,True,1.5038,,original_clean,keep,False
722,43,3,8,BR,True,3.6711,,original_clean,keep_imputed,False
723,43,3,8,BR,True,3.6711,,original_clean,keep_imputed,False
724,43,3,8,BR,True,3.6711,,original_clean,keep_imputed,False
725,43,3,8,BR,True,3.6711,,original_clean,keep_imputed,False
728,47,3,10,BR,True,3.5775,,original_clean,keep,False
729,47,3,10,BR,True,3.5775,,original_clean,keep,False
730,48,3,10,BR,True,2.2008,,original_clean,keep,False
731,48,3,10,BR,True,2.2008,,original_clean,keep,False
732,48,3,10,BR,True,2.2008,,original_clean,keep,False
733,48,3,10,BR,True,2.2008,,original_clean,keep,False
734,49,3,10,BR,True,3.0452,,original_clean,keep,False
735,49,3,10,BR,True,3.0452,,original_clean,keep,False
736,49,3,10,BR,True,3.0452,,original_clean,keep,False
737,49,3,10,BR,True,3.0452,,original_clean,keep,False
738,50,3,11,BR,True,1.6318,,original_clean,keep_imputed,False
739,50,3,11,BR,True,1.6318,,original_clean,keep_imputed,False
740,50,3,11,BR,True,1.6318,,original_clean,keep_imputed,False
741,50,3,11,BR,True,1.6318,,original_clean,keep_imputed,False
742,53,3,9,BR,True,1.2647,,original_clean,keep,False
743,53,3,9,BR,True,1.2647,,original_clean,keep,False
744,53,3,9,BR,True,1.2647,,original_clean,keep,False
745,53,3,9,BR,True,1.2647,,original_clean,keep,False
746,54,1,10,UNKNOWN,True,7.45,,original_clean,keep,False
747,54,1,10,UNKNOWN,True,7.45,,original_clean,keep,False
748,54,1,10,UNKNOWN,True,7.45,,original_clean,keep,False
749,54,1,10,UNKNOWN,True,7.45,,original_clean,keep,False
750,55,4,10,US,True,9.99,,original_clean,keep,False
751,55,4,10,US,True,9.99,,original_clean,keep,False
752,55,4,10,US,True,9.99,,original_clean,keep,False
753,55,4,10,US,True,9.99,,original_clean,keep,False
754,58,1,10,UNKNOWN,True,1.89,,original_clean,keep,False
755,58,1,10,UNKNOWN,True,1.89,,original_clean,keep,False
756,58,1,10,UNKNOWN,True,1.89,,original_clean,keep,False
757,58,1,10,UNKNOWN,True,1.89,,original_clean,keep,False
758,59,1,10,UNKNOWN,True,1.37,,original_clean,keep,False
759,59,1,10,UNKNOWN,True,1.37,,original_clean,keep,False
760,59,1,10,UNKNOWN,True,1.37,,original_clean,keep,False
761,59,1,10,UNKNOWN,True,1.37,,original_clean,keep,False
762,60,1,10,UNKNOWN,True,1.02,,original_clean,keep,False
763,60,1,10,UNKNOWN,True,1.02,,original_clean,keep,False
764,60,1,10,UNKNOWN,True,1.02,,original_clean,keep,False
765,60,1,10,UNKNOWN,True,1.02,,original_clean,keep,False
766,61,1,10,UNKNOWN,True,1.39,,original_clean,keep,False
767,61,1,10,UNKNOWN,True,1.39,,original_clean,keep,False
768,61,1,10,UNKNOWN,True,1.39,,original_clean,keep,False
769,61,1,10,UNKNOWN,True,1.39,,original_clean,keep,False
770,62,2,10,MX,True,1.1278,,original_clean,keep,False
771,62,2,10,MX,True,1.1278,,original_clean,keep,False
772,62,2,10,MX,True,1.1278,,original_clean,keep,False
773,62,2,10,MX,True,1.1278,,original_clean,keep,False
774,63,4,10,US,True,2.99,,original_clean,keep,False
775,63,4,10,US,True,2.99,,original_clean,keep,False
776,63,4,10,US,True,2.99,,original_clean,keep,False
777,63,4,10,US,True,2.99,,original_clean,keep,False
778,64,2,10,MX,True,1.0634,,original_clean,keep,False
779,64,2,10,MX,True,1.0634,,original_clean,keep,False
780,64,2,10,MX,True,1.0634,,original_clean,keep,False
781,64,2,10,MX,True,1.0634,,original_clean,keep,False
782,83,3,13,BR,True,2.935,,original_clean,keep,False
783,83,3,13,BR,True,2.935,,original_clean,keep,False
784,83,3,13,BR,True,2.935,,original_clean,keep,False
785,83,3,13,BR,True,2.935,,original_clean,keep,False
786,86,3,13,BR,True,1.8704,,original_clean,keep,False
787,86,3,13,BR,True,1.8704,,original_clean,keep,False
788,86,3,13,BR,True,1.8704,,original_clean,keep,False
789,86,3,13,BR,True,1.8704,,original_clean,keep,False
790,88,6,13,PE,True,4.7662,,original_clean,keep,False
791,88,6,13,PE,True,4.7662,,original_clean,keep,False
792,88,6,13,PE,True,4.7662,,original_clean,keep,False
793,88,6,13,PE,True,4.7662,,original_clean,keep,False
794,90,1,12,UNKNOWN,True,1.0,,original_clean,keep,False
795,90,1,12,UNKNOWN,True,1.0,,original_clean,keep,False
796,90,1,12,UNKNOWN,True,1.0,,original_clean,keep,False
797,90,1,12,UNKNOWN,True,1.0,,original_clean,keep,False
798,93,1,16,UNKNOWN,True,1.99,,original_clean,keep,False
799,93,1,16,UNKNOWN,True,1.99,,original_clean,keep,False
800,93,1,16,UNKNOWN,True,1.99,,original_clean,keep,False
801,93,1,16,UNKNOWN,True,1.99,,original_clean,keep,False
802,94,1,16,UNKNOWN,True,1.99,,original_clean,keep,False
803,94,1,16,UNKNOWN,True,1.99,,original_clean,keep,False
804,94,1,16,UNKNOWN,True,1.99,,original_clean,keep,False
805,94,1,16,UNKNOWN,True,1.99,,original_clean,keep,False
806,103,2,14,MX,True,4.7261,,original_clean,keep,False
807,103,2,14,MX,True,4.7261,,original_clean,keep,False
808,103,2,14,MX,True,4.7261,,original_clean,keep,False
809,103,2,14,MX,True,4.7261,,original_clean,keep,False
810,104,2,14,MX,True,8.0021,,original_clean,keep,False
811,104,2,14,MX,True,8.0021,,original_clean,keep,False
812,104,2,14,MX,True,8.0021,,original_clean,keep,False
813,104,2,14,MX,True,8.0021,,original_clean,keep,False
814,105,2,14,MX,True,8.0559,,original_clean,keep,False
815,105,2,14,MX,True,8.0559,,original_clean,keep,False
816,105,2,14,MX,True,8.0559,,original_clean,keep,False
817,105,2,14,MX,True,8.0559,,original_clean,keep,False
818,106,2,14,MX,True,8.0559,,original_clean,keep,False
819,106,2,14,MX,True,8.0559,,original_clean,keep,False
820,106,2,14,MX,True,8.0559,,original_clean,keep,False
821,106,2,14,MX,True,8.0559,,original_clean,keep,False
822,107,6,14,PE,True,4.7662,,original_clean,keep,False
823,107,6,14,PE,True,4.7662,,original_clean,keep,False
824,107,6,14,PE,True,4.7662,,original_clean,keep,False
825,107,6,14,PE,True,4.7662,,original_clean,keep,False
826,108,1,14,UNKNOWN,True,4.94,,original_clean,keep,False
827,108,1,14,UNKNOWN,True,4.94,,original_clean,keep,False
828,108,1,14,UNKNOWN,True,4.94,,original_clean,keep,False
829,108,1,14,UNKNOWN,True,4.94,,original_clean,keep,False
830,109,1,14,UNKNOWN,True,13.09,,original_clean,keep,False
831,109,1,14,UNKNOWN,True,13.09,,original_clean,keep,False
832,109,1,14,UNKNOWN,True,13.09,,original_clean,keep,False
833,109,1,14,UNKNOWN,True,13.09,,original_clean,keep,False
834,136,3,22,BR,True,2.4761,,original_clean,keep,False
835,136,3,22,BR,True,2.4761,,original_clean,keep,False
836,136,3,22,BR,True,2.4761,,original_clean,keep,False
837,136,3,22,BR,True,2.4761,,original_clean,keep,False
838,137,3,23,BR,True,1.1729,,original_clean,keep_imputed,False
839,137,3,23,BR,True,1.1729,,original_clean,keep_imputed,False
840,137,3,23,BR,True,1.1729,,original_clean,keep_imputed,False
841,137,3,23,BR,True,1.1729,,original_clean,keep_imputed,False
842,139,3,23,BR,True,1.0261,,original_clean,keep_imputed,False
843,139,3,23,BR,True,1.0261,,original_clean,keep_imputed,False
844,139,3,23,BR,True,1.0261,,original_clean,keep_imputed,False
845,139,3,23,BR,True,1.0261,,original_clean,keep_imputed,False
846,141,3,23,BR,True,1.1913,,original_clean,keep_imputed,False
847,141,3,23,BR,True,1.1913,,original_clean,keep_imputed,False
848,141,3,23,BR,True,1.1913,,original_clean,keep_imputed,False
849,141,3,23,BR,True,1.1913,,original_clean,keep_imputed,False
850,143,3,23,BR,True,1.0628,,original_clean,keep_imputed,False
851,143,3,23,BR,True,1.0628,,original_clean,keep_imputed,False
852,143,3,23,BR,True,1.0628,,original_clean,keep_imputed,False
853,143,3,23,BR,True,1.0628,,original_clean,keep_imputed,False
854,144,3,23,BR,True,1.0444,,original_clean,keep_imputed,False
855,144,3,23,BR,True,1.0444,,original_clean,keep_imputed,False
856,144,3,23,BR,True,1.0444,,original_clean,keep_imputed,False
857,144,3,23,BR,True,1.0444,,original_clean,keep_imputed,False
858,145,4,22,US,True,1.2,,original_clean,keep,False
859,145,4,22,US,True,1.2,,original_clean,keep,False
860,145,4,22,US,True,1.2,,original_clean,keep,False
861,145,4,22,US,True,1.2,,original_clean,keep,False
862,146,4,22,US,True,1.0,,original_clean,keep,False
863,146,4,22,US,True,1.0,,original_clean,keep,False
864,146,4,22,US,True,1.0,,original_clean,keep,False
865,146,4,22,US,True,1.0,,original_clean,keep,False
866,147,4,22,US,True,1.45,,original_clean,keep,False
867,147,4,22,US,True,1.45,,original_clean,keep,False
868,147,4,22,US,True,1.45,,original_clean,keep,False
869,147,4,22,US,True,1.45,,original_clean,keep,False
870,148,4,22,US,True,1.18,,original_clean,keep,False
871,148,4,22,US,True,1.18,,original_clean,keep,False
872,148,4,22,US,True,1.18,,original_clean,keep,False
873,148,4,22,US,True,1.18,,original_clean,keep,False
874,149,1,22,UNKNOWN,True,1.05,,original_clean,keep,False
875,149,1,22,UNKNOWN,True,1.05,,original_clean,keep,False
876,149,1,22,UNKNOWN,True,1.05,,original_clean,keep,False
877,149,1,22,UNKNOWN,True,1.05,,original_clean,keep,False
878,151,1,23,UNKNOWN,True,1.18,,original_clean,keep_imputed,False
879,151,1,23,UNKNOWN,True,1.18,,original_clean,keep_imputed,False
880,151,1,23,UNKNOWN,True,1.18,,original_clean,keep_imputed,False
881,151,1,23,UNKNOWN,True,1.18,,original_clean,keep_imputed,False
882,153,4,23,US,True,1.86,,original_clean,keep_imputed,False
883,153,4,23,US,True,1.86,,original_clean,keep_imputed,False
884,153,4,23,US,True,1.86,,original_clean,keep_imputed,False
885,153,4,23,US,True,1.86,,original_clean,keep_imputed,False
886,155,4,23,US,True,1.18,,original_clean,keep_imputed,False
887,155,4,23,US,True,1.18,,original_clean,keep_imputed,False
888,155,4,23,US,True,1.18,,original_clean,keep_imputed,False
889,155,4,23,US,True,1.18,,original_clean,keep_imputed,False
890,156,4,23,US,True,1.55,,original_clean,keep_imputed,False
999,185,7,14,AR,True,1.1188,,original_clean,keep,False
891,156,4,23,US,True,1.55,,original_clean,keep_imputed,False
892,156,4,23,US,True,1.55,,original_clean,keep_imputed,False
893,156,4,23,US,True,1.55,,original_clean,keep_imputed,False
894,157,4,23,US,True,1.09,,original_clean,keep_imputed,False
895,157,4,23,US,True,1.09,,original_clean,keep_imputed,False
896,157,4,23,US,True,1.09,,original_clean,keep_imputed,False
897,157,4,23,US,True,1.09,,original_clean,keep_imputed,False
898,158,6,4,PE,True,4.7662,,original_clean,keep_imputed,False
899,158,6,4,PE,True,4.7662,,original_clean,keep_imputed,False
900,158,6,4,PE,True,4.7662,,original_clean,keep_imputed,False
901,158,6,4,PE,True,4.7662,,original_clean,keep_imputed,False
902,159,6,4,PE,True,4.7662,,original_clean,keep_imputed,False
903,159,6,4,PE,True,4.7662,,original_clean,keep_imputed,False
904,159,6,4,PE,True,4.7662,,original_clean,keep_imputed,False
905,159,6,4,PE,True,4.7662,,original_clean,keep_imputed,False
906,160,6,8,PE,True,4.7662,,original_clean,keep_imputed,False
907,160,6,8,PE,True,4.7662,,original_clean,keep_imputed,False
908,160,6,8,PE,True,4.7662,,original_clean,keep_imputed,False
909,160,6,8,PE,True,4.7662,,original_clean,keep_imputed,False
910,161,6,8,PE,True,4.7662,,original_clean,keep_imputed,False
911,161,6,8,PE,True,4.7662,,original_clean,keep_imputed,False
912,161,6,8,PE,True,4.7662,,original_clean,keep_imputed,False
913,161,6,8,PE,True,4.7662,,original_clean,keep_imputed,False
914,162,6,8,PE,True,4.7662,,original_clean,keep_imputed,False
915,162,6,8,PE,True,4.7662,,original_clean,keep_imputed,False
916,162,6,8,PE,True,4.7662,,original_clean,keep_imputed,False
917,162,6,8,PE,True,4.7662,,original_clean,keep_imputed,False
918,163,6,8,PE,True,4.7662,,original_clean,keep_imputed,False
919,163,6,8,PE,True,4.7662,,original_clean,keep_imputed,False
920,163,6,8,PE,True,4.7662,,original_clean,keep_imputed,False
921,163,6,8,PE,True,4.7662,,original_clean,keep_imputed,False
922,164,6,4,PE,True,4.7662,,original_clean,keep_imputed,False
923,164,6,4,PE,True,4.7662,,original_clean,keep_imputed,False
924,164,6,4,PE,True,4.7662,,original_clean,keep_imputed,False
925,164,6,4,PE,True,4.7662,,original_clean,keep_imputed,False
926,165,6,4,PE,True,4.7662,,original_clean,keep_imputed,False
927,165,6,4,PE,True,4.7662,,original_clean,keep_imputed,False
928,165,6,4,PE,True,4.7662,,original_clean,keep_imputed,False
929,165,6,4,PE,True,4.7662,,original_clean,keep_imputed,False
930,166,6,8,PE,True,4.7662,,original_clean,keep_imputed,False
931,166,6,8,PE,True,4.7662,,original_clean,keep_imputed,False
932,166,6,8,PE,True,4.7662,,original_clean,keep_imputed,False
933,166,6,8,PE,True,4.7662,,original_clean,keep_imputed,False
934,167,6,3,PE,True,4.7662,,original_clean,keep_imputed,False
935,167,6,3,PE,True,4.7662,,original_clean,keep_imputed,False
936,167,6,3,PE,True,4.7662,,original_clean,keep_imputed,False
937,167,6,3,PE,True,4.7662,,original_clean,keep_imputed,False
938,168,6,3,PE,True,4.7662,,original_clean,keep_imputed,False
939,168,6,3,PE,True,4.7662,,original_clean,keep_imputed,False
940,168,6,3,PE,True,4.7662,,original_clean,keep_imputed,False
941,168,6,3,PE,True,4.7662,,original_clean,keep_imputed,False
942,169,6,3,PE,True,4.7662,,original_clean,keep_imputed,False
943,169,6,3,PE,True,4.7662,,original_clean,keep_imputed,False
944,169,6,3,PE,True,4.7662,,original_clean,keep_imputed,False
945,169,6,3,PE,True,4.7662,,original_clean,keep_imputed,False
946,170,6,15,PE,True,4.7662,,original_clean,keep,False
947,170,6,15,PE,True,4.7662,,original_clean,keep,False
948,170,6,15,PE,True,4.7662,,original_clean,keep,False
949,170,6,15,PE,True,4.7662,,original_clean,keep,False
950,171,6,8,PE,True,4.7662,,original_clean,keep_imputed,False
951,171,6,8,PE,True,4.7662,,original_clean,keep_imputed,False
952,171,6,8,PE,True,4.7662,,original_clean,keep_imputed,False
953,171,6,8,PE,True,4.7662,,original_clean,keep_imputed,False
954,172,6,8,PE,True,4.7662,,original_clean,keep_imputed,False
955,172,6,8,PE,True,4.7662,,original_clean,keep_imputed,False
956,172,6,8,PE,True,4.7662,,original_clean,keep_imputed,False
957,172,6,8,PE,True,4.7662,,original_clean,keep_imputed,False
958,173,6,24,PE,True,4.7662,,original_clean,keep_imputed,False
959,173,6,24,PE,True,4.7662,,original_clean,keep_imputed,False
960,173,6,24,PE,True,4.7662,,original_clean,keep_imputed,False
961,173,6,24,PE,True,4.7662,,original_clean,keep_imputed,False
962,174,6,21,PE,True,4.7662,,original_clean,keep_imputed,False
963,174,6,21,PE,True,4.7662,,original_clean,keep_imputed,False
964,174,6,21,PE,True,4.7662,,original_clean,keep_imputed,False
965,174,6,21,PE,True,4.7662,,original_clean,keep_imputed,False
966,175,6,4,PE,True,4.7662,,original_clean,keep_imputed,False
967,175,6,4,PE,True,4.7662,,original_clean,keep_imputed,False
968,175,6,4,PE,True,4.7662,,original_clean,keep_imputed,False
969,175,6,4,PE,True,4.7662,,original_clean,keep_imputed,False
970,176,1,16,UNKNOWN,True,4.19,,original_clean,keep,False
971,176,1,16,UNKNOWN,True,4.19,,original_clean,keep,False
972,176,1,16,UNKNOWN,True,4.19,,original_clean,keep,False
973,176,1,16,UNKNOWN,True,4.19,,original_clean,keep,False
974,177,3,6,BR,True,1.0995,,original_clean,keep_imputed,False
975,177,3,6,BR,True,1.0995,,original_clean,keep_imputed,False
976,177,3,6,BR,True,1.0995,,original_clean,keep_imputed,False
977,177,3,6,BR,True,1.0995,,original_clean,keep_imputed,False
978,178,7,14,AR,True,1.2729,,original_clean,keep,False
979,178,7,14,AR,True,1.2729,,original_clean,keep,False
980,178,7,14,AR,True,1.2729,,original_clean,keep,False
981,178,7,14,AR,True,1.2729,,original_clean,keep,False
982,181,7,14,AR,True,3.7398,,original_clean,keep,False
983,181,7,14,AR,True,3.7398,,original_clean,keep,False
984,181,7,14,AR,True,3.7398,,original_clean,keep,False
985,181,7,14,AR,True,3.7398,,original_clean,keep,False
986,182,7,14,AR,True,2.1132,,original_clean,keep,False
987,182,7,14,AR,True,2.1132,,original_clean,keep,False
988,182,7,14,AR,True,2.1132,,original_clean,keep,False
989,182,7,14,AR,True,2.1132,,original_clean,keep,False
990,183,7,14,AR,True,1.2446,,original_clean,keep,False
991,183,7,14,AR,True,1.2446,,original_clean,keep,False
992,183,7,14,AR,True,1.2446,,original_clean,keep,False
993,183,7,14,AR,True,1.2446,,original_clean,keep,False
994,184,7,14,AR,True,1.7991,,original_clean,keep,False
995,184,7,14,AR,True,1.7991,,original_clean,keep,False
996,184,7,14,AR,True,1.7991,,original_clean,keep,False
997,184,7,14,AR,True,1.7991,,original_clean,keep,False
998,185,7,14,AR,True,1.1188,,original_clean,keep,False
1000,185,7,14,AR,True,1.1188,,original_clean,keep,False
1001,185,7,14,AR,True,1.1188,,original_clean,keep,False
1002,186,7,14,AR,True,6.6269,,original_clean,keep,False
1003,186,7,14,AR,True,6.6269,,original_clean,keep,False
1004,186,7,14,AR,True,6.6269,,original_clean,keep,False
1005,186,7,14,AR,True,6.6269,,original_clean,keep,False
1006,191,7,14,AR,True,2.0348,,original_clean,keep,False
1007,191,7,14,AR,True,2.0348,,original_clean,keep,False
1008,191,7,14,AR,True,2.0348,,original_clean,keep,False
1009,191,7,14,AR,True,2.0348,,original_clean,keep,False
1010,192,7,14,AR,True,2.1073,,original_clean,keep,False
1011,192,7,14,AR,True,2.1073,,original_clean,keep,False
1012,192,7,14,AR,True,2.1073,,original_clean,keep,False
1013,192,7,14,AR,True,2.1073,,original_clean,keep,False
1014,193,7,14,AR,True,1.5146,,original_clean,keep,False
1015,193,7,14,AR,True,1.5146,,original_clean,keep,False
1016,193,7,14,AR,True,1.5146,,original_clean,keep,False
1017,193,7,14,AR,True,1.5146,,original_clean,keep,False
1018,194,7,14,AR,True,1.4422,,original_clean,keep,False
1019,194,7,14,AR,True,1.4422,,original_clean,keep,False
1020,194,7,14,AR,True,1.4422,,original_clean,keep,False
1021,194,7,14,AR,True,1.4422,,original_clean,keep,False
1022,195,7,14,AR,True,5.1161,,original_clean,keep,False
1023,195,7,14,AR,True,5.1161,,original_clean,keep,False
1024,195,7,14,AR,True,5.1161,,original_clean,keep,False
1025,195,7,14,AR,True,5.1161,,original_clean,keep,False
1026,196,1,14,UNKNOWN,True,13.2,,original_clean,keep,False
1027,196,1,14,UNKNOWN,True,13.2,,original_clean,keep,False
1028,196,1,14,UNKNOWN,True,13.2,,original_clean,keep,False
1029,196,1,14,UNKNOWN,True,13.2,,original_clean,keep,False
1030,197,1,14,UNKNOWN,True,3.99,,original_clean,keep,False
1031,197,1,14,UNKNOWN,True,3.99,,original_clean,keep,False
1032,197,1,14,UNKNOWN,True,3.99,,original_clean,keep,False
1033,197,1,14,UNKNOWN,True,3.99,,original_clean,keep,False
1034,198,1,14,UNKNOWN,True,2.85,,original_clean,keep,False
1035,198,1,14,UNKNOWN,True,2.85,,original_clean,keep,False
1036,198,1,14,UNKNOWN,True,2.85,,original_clean,keep,False
1037,198,1,14,UNKNOWN,True,2.85,,original_clean,keep,False
1038,199,1,14,UNKNOWN,True,7.49,,original_clean,keep,False
1039,199,1,14,UNKNOWN,True,7.49,,original_clean,keep,False
1040,199,1,14,UNKNOWN,True,7.49,,original_clean,keep,False
1041,199,1,14,UNKNOWN,True,7.49,,original_clean,keep,False
1042,208,1,7,UNKNOWN,True,3.99,,original_clean,keep,False
1043,208,1,7,UNKNOWN,True,3.99,,original_clean,keep,False
1044,208,1,7,UNKNOWN,True,3.99,,original_clean,keep,False
1045,208,1,7,UNKNOWN,True,3.99,,original_clean,keep,False
1046,209,4,23,US,True,2.05,,original_clean,keep_imputed,False
1047,209,4,23,US,True,2.05,,original_clean,keep_imputed,False
1048,209,4,23,US,True,2.05,,original_clean,keep_imputed,False
1049,209,4,23,US,True,2.05,,original_clean,keep_imputed,False
1050,210,1,17,UNKNOWN,True,1.5,,original_clean,keep,False
1051,210,1,17,UNKNOWN,True,1.5,,original_clean,keep,False
1052,210,1,17,UNKNOWN,True,1.5,,original_clean,keep,False
1053,210,1,17,UNKNOWN,True,1.5,,original_clean,keep,False
1054,212,1,22,UNKNOWN,True,2.2,,original_clean,keep,False
1055,212,1,22,UNKNOWN,True,2.2,,original_clean,keep,False
1056,212,1,22,UNKNOWN,True,2.2,,original_clean,keep,False
1057,212,1,22,UNKNOWN,True,2.2,,original_clean,keep,False
1058,213,1,23,UNKNOWN,True,3.23,,original_clean,keep_imputed,False
1059,213,1,23,UNKNOWN,True,3.23,,original_clean,keep_imputed,False
1060,213,1,23,UNKNOWN,True,3.23,,original_clean,keep_imputed,False
1061,213,1,23,UNKNOWN,True,3.23,,original_clean,keep_imputed,False
1062,214,1,22,UNKNOWN,True,6.98,,original_clean,keep,False
1063,214,1,22,UNKNOWN,True,6.98,,original_clean,keep,False
1064,214,1,22,UNKNOWN,True,6.98,,original_clean,keep,False
1065,214,1,22,UNKNOWN,True,6.98,,original_clean,keep,False
1066,215,1,22,UNKNOWN,True,5.81,,original_clean,keep,False
1067,215,1,22,UNKNOWN,True,5.81,,original_clean,keep,False
1068,215,1,22,UNKNOWN,True,5.81,,original_clean,keep,False
1069,215,1,22,UNKNOWN,True,5.81,,original_clean,keep,False
1070,216,1,15,UNKNOWN,True,1.21,,original_clean,keep,False
1071,216,1,15,UNKNOWN,True,1.21,,original_clean,keep,False
1072,216,1,15,UNKNOWN,True,1.21,,original_clean,keep,False
1073,216,1,15,UNKNOWN,True,1.21,,original_clean,keep,False
1074,217,1,19,UNKNOWN,True,2.12,,original_clean,keep,False
1075,217,1,19,UNKNOWN,True,2.12,,original_clean,keep,False
1076,217,1,19,UNKNOWN,True,2.12,,original_clean,keep,False
1077,217,1,19,UNKNOWN,True,2.12,,original_clean,keep,False
1078,218,1,15,UNKNOWN,True,3.08,,original_clean,keep,False
1079,218,1,15,UNKNOWN,True,3.08,,original_clean,keep,False
1080,218,1,15,UNKNOWN,True,3.08,,original_clean,keep,False
1081,218,1,15,UNKNOWN,True,3.08,,original_clean,keep,False
1082,219,1,1,UNKNOWN,True,1.97,,original_clean,keep_imputed,False
1083,219,1,1,UNKNOWN,True,1.97,,original_clean,keep_imputed,False
1084,219,1,1,UNKNOWN,True,1.97,,original_clean,keep_imputed,False
1085,219,1,1,UNKNOWN,True,1.97,,original_clean,keep_imputed,False
1086,220,1,13,UNKNOWN,True,2.99,,original_clean,keep,False
1087,220,1,13,UNKNOWN,True,2.99,,original_clean,keep,False
1088,220,1,13,UNKNOWN,True,2.99,,original_clean,keep,False
1089,220,1,13,UNKNOWN,True,2.99,,original_clean,keep,False
1090,221,1,13,UNKNOWN,True,2.92,,original_clean,keep,False
1091,221,1,13,UNKNOWN,True,2.92,,original_clean,keep,False
1092,221,1,13,UNKNOWN,True,2.92,,original_clean,keep,False
1093,221,1,13,UNKNOWN,True,2.92,,original_clean,keep,False
1094,223,1,23,UNKNOWN,True,3.41,,original_clean,keep_imputed,False
1095,223,1,23,UNKNOWN,True,3.41,,original_clean,keep_imputed,False
1096,223,1,23,UNKNOWN,True,3.41,,original_clean,keep_imputed,False
1097,223,1,23,UNKNOWN,True,3.41,,original_clean,keep_imputed,False
1098,224,1,23,UNKNOWN,True,2.25,,original_clean,keep_imputed,False
1099,224,1,23,UNKNOWN,True,2.25,,original_clean,keep_imputed,False
1100,224,1,23,UNKNOWN,True,2.25,,original_clean,keep_imputed,False
1101,224,1,23,UNKNOWN,True,2.25,,original_clean,keep_imputed,False
1102,225,1,1,UNKNOWN,True,1.75,,original_clean,keep_imputed,False
1103,225,1,1,UNKNOWN,True,1.75,,original_clean,keep_imputed,False
1104,225,1,1,UNKNOWN,True,1.75,,original_clean,keep_imputed,False
1105,225,1,1,UNKNOWN,True,1.75,,original_clean,keep_imputed,False
1106,227,1,13,UNKNOWN,True,1.12,,original_clean,keep_imputed,False
1107,227,1,13,UNKNOWN,True,1.12,,original_clean,keep_imputed,False
1108,227,1,13,UNKNOWN,True,1.12,,original_clean,keep_imputed,False
1109,227,1,13,UNKNOWN,True,1.12,,original_clean,keep_imputed,False
1110,239,1,14,UNKNOWN,True,6.2,,original_clean,keep,False
1111,239,1,14,UNKNOWN,True,6.2,,original_clean,keep,False
1112,239,1,14,UNKNOWN,True,6.2,,original_clean,keep,False
1113,239,1,14,UNKNOWN,True,6.2,,original_clean,keep,False
1114,240,1,14,UNKNOWN,True,14.19,,original_clean,keep,False
1115,240,1,14,UNKNOWN,True,14.19,,original_clean,keep,False
1116,240,1,14,UNKNOWN,True,14.19,,original_clean,keep,False
1117,240,1,14,UNKNOWN,True,14.19,,original_clean,keep,False
1118,241,1,14,UNKNOWN,True,1.25,,original_clean,keep_imputed,False
1119,241,1,14,UNKNOWN,True,1.25,,original_clean,keep_imputed,False
1120,241,1,14,UNKNOWN,True,1.25,,original_clean,keep_imputed,False
1121,241,1,14,UNKNOWN,True,1.25,,original_clean,keep_imputed,False
1122,242,1,16,UNKNOWN,True,2.39,,original_clean,keep,False
1123,242,1,16,UNKNOWN,True,2.39,,original_clean,keep,False
1124,242,1,16,UNKNOWN,True,2.39,,original_clean,keep,False
1125,242,1,16,UNKNOWN,True,2.39,,original_clean,keep,False
1126,243,1,16,UNKNOWN,True,1.79,,original_clean,keep,False
1127,243,1,16,UNKNOWN,True,1.79,,original_clean,keep,False
1128,243,1,16,UNKNOWN,True,1.79,,original_clean,keep,False
1129,243,1,16,UNKNOWN,True,1.79,,original_clean,keep,False
1130,244,1,16,UNKNOWN,True,1.29,,original_clean,keep_imputed,False
1131,244,1,16,UNKNOWN,True,1.29,,original_clean,keep_imputed,False
1132,244,1,16,UNKNOWN,True,1.29,,original_clean,keep_imputed,False
1133,244,1,16,UNKNOWN,True,1.29,,original_clean,keep_imputed,False
1134,245,1,15,UNKNOWN,True,2.51,,original_clean,keep,False
1135,245,1,15,UNKNOWN,True,2.51,,original_clean,keep,False
1136,245,1,15,UNKNOWN,True,2.51,,original_clean,keep,False
1137,245,1,15,UNKNOWN,True,2.51,,original_clean,keep,False
1138,246,1,25,UNKNOWN,True,2.0,,original_clean,keep_imputed,False
1139,246,1,25,UNKNOWN,True,2.0,,original_clean,keep_imputed,False
1140,246,1,25,UNKNOWN,True,2.0,,original_clean,keep_imputed,False
1141,246,1,25,UNKNOWN,True,2.0,,original_clean,keep_imputed,False
1142,247,1,2,UNKNOWN,True,2.53,,original_clean,keep_imputed,False
1143,247,1,2,UNKNOWN,True,2.53,,original_clean,keep_imputed,False
1144,247,1,2,UNKNOWN,True,2.53,,original_clean,keep_imputed,False
1145,247,1,2,UNKNOWN,True,2.53,,original_clean,keep_imputed,False
1146,248,1,2,UNKNOWN,True,1.99,,original_clean,keep_imputed,False
1147,248,1,2,UNKNOWN,True,1.99,,original_clean,keep_imputed,False
1148,248,1,2,UNKNOWN,True,1.99,,original_clean,keep_imputed,False
1149,248,1,2,UNKNOWN,True,1.99,,original_clean,keep_imputed,False
1150,249,1,6,UNKNOWN,True,1.8,,original_clean,keep_imputed,False
1151,249,1,6,UNKNOWN,True,1.8,,original_clean,keep_imputed,False
1152,249,1,6,UNKNOWN,True,1.8,,original_clean,keep_imputed,False
1153,249,1,6,UNKNOWN,True,1.8,,original_clean,keep_imputed,False
1154,250,1,18,UNKNOWN,True,5.19,,original_clean,keep_imputed,False
1155,250,1,18,UNKNOWN,True,5.19,,original_clean,keep_imputed,False
1156,250,1,18,UNKNOWN,True,5.19,,original_clean,keep_imputed,False
1157,250,1,18,UNKNOWN,True,5.19,,original_clean,keep_imputed,False
1158,251,1,6,UNKNOWN,True,2.0,,original_clean,keep_imputed,False
1159,251,1,6,UNKNOWN,True,2.0,,original_clean,keep_imputed,False
1160,251,1,6,UNKNOWN,True,2.0,,original_clean,keep_imputed,False
1161,251,1,6,UNKNOWN,True,2.0,,original_clean,keep_imputed,False
1162,252,1,8,UNKNOWN,True,6.59,,original_clean,keep_imputed,False
1163,252,1,8,UNKNOWN,True,6.59,,original_clean,keep_imputed,False
1164,252,1,8,UNKNOWN,True,6.59,,original_clean,keep_imputed,False
1165,252,1,8,UNKNOWN,True,6.59,,original_clean,keep_imputed,False
1166,254,1,6,UNKNOWN,True,11.97,,original_clean,keep_imputed,False
1167,254,1,6,UNKNOWN,True,11.97,,original_clean,keep_imputed,False
1168,254,1,6,UNKNOWN,True,11.97,,original_clean,keep_imputed,False
1169,254,1,6,UNKNOWN,True,11.97,,original_clean,keep_imputed,False
1170,256,1,13,UNKNOWN,True,3.85,,original_clean,keep,False
1171,256,1,13,UNKNOWN,True,3.85,,original_clean,keep,False
1172,256,1,13,UNKNOWN,True,3.85,,original_clean,keep,False
1173,256,1,13,UNKNOWN,True,3.85,,original_clean,keep,False
1174,257,1,13,UNKNOWN,True,4.1,,original_clean,keep,False
1175,257,1,13,UNKNOWN,True,4.1,,original_clean,keep,False
1176,257,1,13,UNKNOWN,True,4.1,,original_clean,keep,False
1177,257,1,13,UNKNOWN,True,4.1,,original_clean,keep,False
1178,258,1,13,UNKNOWN,True,4.69,,original_clean,keep,False
1179,258,1,13,UNKNOWN,True,4.69,,original_clean,keep,False
1180,258,1,13,UNKNOWN,True,4.69,,original_clean,keep,False
1181,258,1,13,UNKNOWN,True,4.69,,original_clean,keep,False
1182,259,1,18,UNKNOWN,True,5.9,,original_clean,keep_imputed,False
1183,259,1,18,UNKNOWN,True,5.9,,original_clean,keep_imputed,False
1184,259,1,18,UNKNOWN,True,5.9,,original_clean,keep_imputed,False
1185,259,1,18,UNKNOWN,True,5.9,,original_clean,keep_imputed,False
1186,260,1,12,UNKNOWN,True,1.69,,original_clean,keep,False
1187,260,1,12,UNKNOWN,True,1.69,,original_clean,keep,False
1188,260,1,12,UNKNOWN,True,1.69,,original_clean,keep,False
1189,260,1,12,UNKNOWN,True,1.69,,original_clean,keep,False
1190,261,1,12,UNKNOWN,True,2.19,,original_clean,keep,False
1191,261,1,12,UNKNOWN,True,2.19,,original_clean,keep,False
1192,261,1,12,UNKNOWN,True,2.19,,original_clean,keep,False
1193,261,1,12,UNKNOWN,True,2.19,,original_clean,keep,False
1194,262,1,26,UNKNOWN,True,1.92,,original_clean,keep,False
1195,262,1,26,UNKNOWN,True,1.92,,original_clean,keep,False
1196,262,1,26,UNKNOWN,True,1.92,,original_clean,keep,False
1197,262,1,26,UNKNOWN,True,1.92,,original_clean,keep,False
1198,282,1,18,UNKNOWN,True,4.11,,original_clean,keep_imputed,False
1199,282,1,18,UNKNOWN,True,4.11,,original_clean,keep_imputed,False
1200,282,1,18,UNKNOWN,True,4.11,,original_clean,keep_imputed,False
1201,282,1,18,UNKNOWN,True,4.11,,original_clean,keep_imputed,False
1202,284,1,6,UNKNOWN,True,1.39,,original_clean,keep_imputed,False
1203,284,1,6,UNKNOWN,True,1.39,,original_clean,keep_imputed,False
1204,284,1,6,UNKNOWN,True,1.39,,original_clean,keep_imputed,False
1205,284,1,6,UNKNOWN,True,1.39,,original_clean,keep_imputed,False
1206,286,2,17,MX,True,1.9871,,original_clean,keep,False
1207,286,2,17,MX,True,1.9871,,original_clean,keep,False
1208,286,2,17,MX,True,1.9871,,original_clean,keep,False
1209,286,2,17,MX,True,1.9871,,original_clean,keep,False
1210,287,2,17,MX,True,2.0945,,original_clean,keep,False
1211,287,2,17,MX,True,2.0945,,original_clean,keep,False
1212,287,2,17,MX,True,2.0945,,original_clean,keep,False
1213,287,2,17,MX,True,2.0945,,original_clean,keep,False
1214,288,2,18,MX,True,5.6928,,original_clean,keep_imputed,False
1215,288,2,18,MX,True,5.6928,,original_clean,keep_imputed,False
1216,288,2,18,MX,True,5.6928,,original_clean,keep_imputed,False
1217,288,2,18,MX,True,5.6928,,original_clean,keep_imputed,False
1218,291,4,17,US,True,1.39,,original_clean,keep,False
1219,291,4,17,US,True,1.39,,original_clean,keep,False
1220,291,4,17,US,True,1.39,,original_clean,keep,False
1221,291,4,17,US,True,1.39,,original_clean,keep,False
1222,293,4,17,US,True,1.45,,original_clean,keep,False
1223,293,4,17,US,True,1.45,,original_clean,keep,False
1224,293,4,17,US,True,1.45,,original_clean,keep,False
1225,293,4,17,US,True,1.45,,original_clean,keep,False
1226,296,1,17,UNKNOWN,True,1.05,,original_clean,keep,False
1227,296,1,17,UNKNOWN,True,1.05,,original_clean,keep,False
1228,296,1,17,UNKNOWN,True,1.05,,original_clean,keep,False
1229,296,1,17,UNKNOWN,True,1.05,,original_clean,keep,False
1230,298,3,27,BR,True,2.935,,original_clean,keep,False
1231,298,3,27,BR,True,2.935,,original_clean,keep,False
1232,298,3,27,BR,True,2.935,,original_clean,keep,False
1233,298,3,27,BR,True,2.935,,original_clean,keep,False
1234,299,3,8,BR,True,2.935,,original_clean,keep_imputed,False
1235,299,3,8,BR,True,2.935,,original_clean,keep_imputed,False
1236,299,3,8,BR,True,2.935,,original_clean,keep_imputed,False
1237,299,3,8,BR,True,2.935,,original_clean,keep_imputed,False
1238,302,3,15,BR,True,1.283,,original_clean,keep,False
1239,302,3,15,BR,True,1.283,,original_clean,keep,False
1240,302,3,15,BR,True,1.283,,original_clean,keep,False
1241,302,3,15,BR,True,1.283,,original_clean,keep,False
1242,303,3,15,BR,True,4.4035,,original_clean,keep,False
1243,303,3,15,BR,True,4.4035,,original_clean,keep,False
1244,303,3,15,BR,True,4.4035,,original_clean,keep,False
1245,303,3,15,BR,True,4.4035,,original_clean,keep,False
1246,305,1,15,UNKNOWN,True,1.0,,original_clean,keep,False
1247,305,1,15,UNKNOWN,True,1.0,,original_clean,keep,False
1248,305,1,15,UNKNOWN,True,1.0,,original_clean,keep,False
1249,305,1,15,UNKNOWN,True,1.0,,original_clean,keep,False
1250,307,3,15,BR,True,5.1377,,original_clean,keep,False
1251,307,3,15,BR,True,5.1377,,original_clean,keep,False
1252,307,3,15,BR,True,5.1377,,original_clean,keep,False
1253,307,3,15,BR,True,5.1377,,original_clean,keep,False
1254,308,3,15,BR,True,1.8337,,original_clean,keep,False
1255,308,3,15,BR,True,1.8337,,original_clean,keep,False
1256,308,3,15,BR,True,1.8337,,original_clean,keep,False
1257,308,3,15,BR,True,1.8337,,original_clean,keep,False
1258,309,3,15,BR,True,1.5767,,original_clean,keep,False
1259,309,3,15,BR,True,1.5767,,original_clean,keep,False
1260,309,3,15,BR,True,1.5767,,original_clean,keep,False
1261,309,3,15,BR,True,1.5767,,original_clean,keep,False
1262,311,3,15,BR,True,1.5767,,original_clean,keep,False
1263,311,3,15,BR,True,1.5767,,original_clean,keep,False
1264,311,3,15,BR,True,1.5767,,original_clean,keep,False
1265,311,3,15,BR,True,1.5767,,original_clean,keep,False
1266,313,3,15,BR,True,1.4482,,original_clean,keep,False
1267,313,3,15,BR,True,1.4482,,original_clean,keep,False
1268,313,3,15,BR,True,1.4482,,original_clean,keep,False
1269,313,3,15,BR,True,1.4482,,original_clean,keep,False
1270,314,3,15,BR,True,1.4666,,original_clean,keep,False
1271,314,3,15,BR,True,1.4666,,original_clean,keep,False
1272,314,3,15,BR,True,1.4666,,original_clean,keep,False
1273,314,3,15,BR,True,1.4666,,original_clean,keep,False
1274,315,1,15,UNKNOWN,True,18.0,,original_clean,keep,False
1275,315,1,15,UNKNOWN,True,18.0,,original_clean,keep,False
1276,315,1,15,UNKNOWN,True,18.0,,original_clean,keep,False
1277,315,1,15,UNKNOWN,True,18.0,,original_clean,keep,False
1278,316,3,15,BR,True,1.0995,,original_clean,keep,False
1279,316,3,15,BR,True,1.0995,,original_clean,keep,False
1280,316,3,15,BR,True,1.0995,,original_clean,keep,False
1281,316,3,15,BR,True,1.0995,,original_clean,keep,False
1282,317,3,15,BR,True,1.2096,,original_clean,keep,False
1283,317,3,15,BR,True,1.2096,,original_clean,keep,False
1284,317,3,15,BR,True,1.2096,,original_clean,keep,False
1285,317,3,15,BR,True,1.2096,,original_clean,keep,False
1286,321,3,3,BR,True,5.3212,,original_clean,keep_imputed,False
1287,321,3,3,BR,True,5.3212,,original_clean,keep_imputed,False
1288,321,3,3,BR,True,5.3212,,original_clean,keep_imputed,False
1289,321,3,3,BR,True,5.3212,,original_clean,keep_imputed,False
1290,322,1,3,UNKNOWN,True,1.0,,original_clean,keep_imputed,False
1291,322,1,3,UNKNOWN,True,1.0,,original_clean,keep_imputed,False
1292,322,1,3,UNKNOWN,True,1.0,,original_clean,keep_imputed,False
1293,322,1,3,UNKNOWN,True,1.0,,original_clean,keep_imputed,False
1294,323,3,3,BR,True,1.0261,,original_clean,keep_imputed,False
1295,323,3,3,BR,True,1.0261,,original_clean,keep_imputed,False
1296,323,3,3,BR,True,1.0261,,original_clean,keep_imputed,False
1297,323,3,3,BR,True,1.0261,,original_clean,keep_imputed,False
1298,324,3,3,BR,True,2.2559,,original_clean,keep_imputed,False
1299,324,3,3,BR,True,2.2559,,original_clean,keep_imputed,False
1300,324,3,3,BR,True,2.2559,,original_clean,keep_imputed,False
1301,324,3,3,BR,True,2.2559,,original_clean,keep_imputed,False
1302,325,3,3,BR,True,1.8337,,original_clean,keep_imputed,False
1303,325,3,3,BR,True,1.8337,,original_clean,keep_imputed,False
1304,325,3,3,BR,True,1.8337,,original_clean,keep_imputed,False
1305,325,3,3,BR,True,1.8337,,original_clean,keep_imputed,False
1306,326,3,3,BR,True,1.283,,original_clean,keep_imputed,False
1307,326,3,3,BR,True,1.283,,original_clean,keep_imputed,False
1308,326,3,3,BR,True,1.283,,original_clean,keep_imputed,False
1309,326,3,3,BR,True,1.283,,original_clean,keep_imputed,False
1310,328,3,3,BR,True,1.3381,,original_clean,keep_imputed,False
1311,328,3,3,BR,True,1.3381,,original_clean,keep_imputed,False
1312,328,3,3,BR,True,1.3381,,original_clean,keep_imputed,False
1313,328,3,3,BR,True,1.3381,,original_clean,keep_imputed,False
1314,330,1,3,UNKNOWN,True,1.0,,original_clean,keep_imputed,False
1315,330,1,3,UNKNOWN,True,1.0,,original_clean,keep_imputed,False
1316,330,1,3,UNKNOWN,True,1.0,,original_clean,keep_imputed,False
1317,330,1,3,UNKNOWN,True,1.0,,original_clean,keep_imputed,False
1318,334,3,3,BR,True,1.2463,,original_clean,keep_imputed,False
1319,334,3,3,BR,True,1.2463,,original_clean,keep_imputed,False
1320,334,3,3,BR,True,1.2463,,original_clean,keep_imputed,False
1321,334,3,3,BR,True,1.2463,,original_clean,keep_imputed,False
1322,336,1,3,UNKNOWN,True,18.0,,original_clean,keep_imputed,False
1323,336,1,3,UNKNOWN,True,18.0,,original_clean,keep_imputed,False
1324,336,1,3,UNKNOWN,True,18.0,,original_clean,keep_imputed,False
1325,336,1,3,UNKNOWN,True,18.0,,original_clean,keep_imputed,False
1326,337,3,3,BR,True,4.0198,,original_clean,keep_imputed,False
1327,337,3,3,BR,True,4.0198,,original_clean,keep_imputed,False
1328,337,3,3,BR,True,4.0198,,original_clean,keep_imputed,False
1329,337,3,3,BR,True,4.0198,,original_clean,keep_imputed,False
1330,338,3,3,BR,True,5.3212,,original_clean,keep_imputed,False
1331,338,3,3,BR,True,5.3212,,original_clean,keep_imputed,False
1332,338,3,3,BR,True,5.3212,,original_clean,keep_imputed,False
1333,338,3,3,BR,True,5.3212,,original_clean,keep_imputed,False
1334,339,3,3,BR,True,6.239,,original_clean,keep_imputed,False
1335,339,3,3,BR,True,6.239,,original_clean,keep_imputed,False
1336,339,3,3,BR,True,6.239,,original_clean,keep_imputed,False
1337,339,3,3,BR,True,6.239,,original_clean,keep_imputed,False
1338,340,3,3,BR,True,1.0995,,original_clean,keep_imputed,False
1339,340,3,3,BR,True,1.0995,,original_clean,keep_imputed,False
1340,340,3,3,BR,True,1.0995,,original_clean,keep_imputed,False
1341,340,3,3,BR,True,1.0995,,original_clean,keep_imputed,False
1342,341,3,3,BR,True,1.4666,,original_clean,keep_imputed,False
1343,341,3,3,BR,True,1.4666,,original_clean,keep_imputed,False
1344,341,3,3,BR,True,1.4666,,original_clean,keep_imputed,False
1345,341,3,3,BR,True,1.4666,,original_clean,keep_imputed,False
1346,343,1,3,UNKNOWN,True,2.0,,original_clean,keep_imputed,False
1347,343,1,3,UNKNOWN,True,2.0,,original_clean,keep_imputed,False
1348,343,1,3,UNKNOWN,True,2.0,,original_clean,keep_imputed,False
1349,343,1,3,UNKNOWN,True,2.0,,original_clean,keep_imputed,False
1350,344,1,3,UNKNOWN,True,1.0,,original_clean,keep_imputed,False
1351,344,1,3,UNKNOWN,True,1.0,,original_clean,keep_imputed,False
1352,344,1,3,UNKNOWN,True,1.0,,original_clean,keep_imputed,False
1353,344,1,3,UNKNOWN,True,1.0,,original_clean,keep_imputed,False
1354,346,1,3,UNKNOWN,True,1.0,,original_clean,keep_imputed,False
1355,346,1,3,UNKNOWN,True,1.0,,original_clean,keep_imputed,False
1356,346,1,3,UNKNOWN,True,1.0,,original_clean,keep_imputed,False
1357,346,1,3,UNKNOWN,True,1.0,,original_clean,keep_imputed,False
1358,347,1,3,UNKNOWN,True,1.0,,original_clean,keep_imputed,False
1359,347,1,3,UNKNOWN,True,1.0,,original_clean,keep_imputed,False
1360,347,1,3,UNKNOWN,True,1.0,,original_clean,keep_imputed,False
1361,347,1,3,UNKNOWN,True,1.0,,original_clean,keep_imputed,False
1362,348,3,3,BR,True,1.1729,,original_clean,keep_imputed,False
1363,348,3,3,BR,True,1.1729,,original_clean,keep_imputed,False
1364,348,3,3,BR,True,1.1729,,original_clean,keep_imputed,False
1365,348,3,3,BR,True,1.1729,,original_clean,keep_imputed,False
1366,349,1,16,UNKNOWN,True,2.69,,original_clean,keep,False
1367,349,1,16,UNKNOWN,True,2.69,,original_clean,keep,False
1368,349,1,16,UNKNOWN,True,2.69,,original_clean,keep,False
1369,349,1,16,UNKNOWN,True,2.69,,original_clean,keep,False
1370,350,1,10,UNKNOWN,True,1.59,,original_clean,keep,False
1371,350,1,10,UNKNOWN,True,1.59,,original_clean,keep,False
1372,350,1,10,UNKNOWN,True,1.59,,original_clean,keep,False
1373,350,1,10,UNKNOWN,True,1.59,,original_clean,keep,False
1374,351,3,15,BR,True,1.7419,,original_clean,keep,False
1375,351,3,15,BR,True,1.7419,,original_clean,keep,False
1376,351,3,15,BR,True,1.7419,,original_clean,keep,False
1377,351,3,15,BR,True,1.7419,,original_clean,keep,False
1378,352,3,15,BR,True,1.1362,,original_clean,keep,False
1379,352,3,15,BR,True,1.1362,,original_clean,keep,False
1380,352,3,15,BR,True,1.1362,,original_clean,keep,False
1381,352,3,15,BR,True,1.1362,,original_clean,keep,False
1382,353,3,15,BR,True,1.7786,,original_clean,keep,False
1383,353,3,15,BR,True,1.7786,,original_clean,keep,False
1384,353,3,15,BR,True,1.7786,,original_clean,keep,False
1385,353,3,15,BR,True,1.7786,,original_clean,keep,False
1386,355,3,3,BR,True,1.1178,,original_clean,keep_imputed,False
1387,355,3,3,BR,True,1.1178,,original_clean,keep_imputed,False
1388,355,3,3,BR,True,1.1178,,original_clean,keep_imputed,False
1389,355,3,3,BR,True,1.1178,,original_clean,keep_imputed,False
1390,361,4,15,US,True,1.05,,original_clean,keep,False
1391,361,4,15,US,True,1.05,,original_clean,keep,False
1392,361,4,15,US,True,1.05,,original_clean,keep,False
1393,361,4,15,US,True,1.05,,original_clean,keep,False
1394,362,4,15,US,True,1.59,,original_clean,keep,False
1395,362,4,15,US,True,1.59,,original_clean,keep,False
1396,362,4,15,US,True,1.59,,original_clean,keep,False
1397,362,4,15,US,True,1.59,,original_clean,keep,False
1398,363,4,15,US,True,1.56,,original_clean,keep,False
1399,363,4,15,US,True,1.56,,original_clean,keep,False
1400,363,4,15,US,True,1.56,,original_clean,keep,False
1401,363,4,15,US,True,1.56,,original_clean,keep,False
1402,369,1,15,UNKNOWN,True,2.49,,original_clean,keep,False
1403,369,1,15,UNKNOWN,True,2.49,,original_clean,keep,False
1404,369,1,15,UNKNOWN,True,2.49,,original_clean,keep,False
1405,369,1,15,UNKNOWN,True,2.49,,original_clean,keep,False
1406,370,1,15,UNKNOWN,True,2.69,,original_clean,keep,False
1407,370,1,15,UNKNOWN,True,2.69,,original_clean,keep,False
1408,370,1,15,UNKNOWN,True,2.69,,original_clean,keep,False
1409,370,1,15,UNKNOWN,True,2.69,,original_clean,keep,False
1410,371,1,15,UNKNOWN,True,2.59,,original_clean,keep,False
1411,371,1,15,UNKNOWN,True,2.59,,original_clean,keep,False
1412,371,1,15,UNKNOWN,True,2.59,,original_clean,keep,False
1413,371,1,15,UNKNOWN,True,2.59,,original_clean,keep,False
1414,372,1,15,UNKNOWN,True,2.59,,original_clean,keep,False
1415,372,1,15,UNKNOWN,True,2.59,,original_clean,keep,False
1416,372,1,15,UNKNOWN,True,2.59,,original_clean,keep,False
1417,372,1,15,UNKNOWN,True,2.59,,original_clean,keep,False
1418,373,1,15,UNKNOWN,True,1.95,,original_clean,keep,False
1419,373,1,15,UNKNOWN,True,1.95,,original_clean,keep,False
1420,373,1,15,UNKNOWN,True,1.95,,original_clean,keep,False
1421,373,1,15,UNKNOWN,True,1.95,,original_clean,keep,False
1422,374,1,15,UNKNOWN,True,2.54,,original_clean,keep,False
1423,374,1,15,UNKNOWN,True,2.54,,original_clean,keep,False
1424,374,1,15,UNKNOWN,True,2.54,,original_clean,keep,False
1425,374,1,15,UNKNOWN,True,2.54,,original_clean,keep,False
1426,375,1,15,UNKNOWN,True,2.19,,original_clean,keep,False
1427,375,1,15,UNKNOWN,True,2.19,,original_clean,keep,False
1428,375,1,15,UNKNOWN,True,2.19,,original_clean,keep,False
1429,375,1,15,UNKNOWN,True,2.19,,original_clean,keep,False
1430,377,1,15,UNKNOWN,True,1.76,,original_clean,keep,False
1431,377,1,15,UNKNOWN,True,1.76,,original_clean,keep,False
1432,377,1,15,UNKNOWN,True,1.76,,original_clean,keep,False
1433,377,1,15,UNKNOWN,True,1.76,,original_clean,keep,False
1434,385,1,18,UNKNOWN,True,1.22,,original_clean,keep_imputed,False
1435,385,1,18,UNKNOWN,True,1.22,,original_clean,keep_imputed,False
1436,385,1,18,UNKNOWN,True,1.22,,original_clean,keep_imputed,False
1437,385,1,18,UNKNOWN,True,1.22,,original_clean,keep_imputed,False
1716,494,3,13,BR,True,1.7419,,original_clean,keep,False
1438,387,3,29,BR,True,1.9805,,original_clean,keep_imputed,False
1439,387,3,29,BR,True,1.9805,,original_clean,keep_imputed,False
1440,387,3,29,BR,True,1.9805,,original_clean,keep_imputed,False
1441,387,3,29,BR,True,1.9805,,original_clean,keep_imputed,False
1442,388,3,29,BR,True,2.935,,original_clean,keep_imputed,False
1443,388,3,29,BR,True,2.935,,original_clean,keep_imputed,False
1444,388,3,29,BR,True,2.935,,original_clean,keep_imputed,False
1445,388,3,29,BR,True,2.935,,original_clean,keep_imputed,False
1446,389,3,23,BR,True,5.5048,,original_clean,keep_imputed,False
1447,389,3,23,BR,True,5.5048,,original_clean,keep_imputed,False
1448,389,3,23,BR,True,5.5048,,original_clean,keep_imputed,False
1449,389,3,23,BR,True,5.5048,,original_clean,keep_imputed,False
1450,390,3,23,BR,True,4.587,,original_clean,keep_imputed,False
1451,390,3,23,BR,True,4.587,,original_clean,keep_imputed,False
1452,390,3,23,BR,True,4.587,,original_clean,keep_imputed,False
1453,390,3,23,BR,True,4.587,,original_clean,keep_imputed,False
1454,391,3,23,BR,True,4.587,,original_clean,keep_imputed,False
1455,391,3,23,BR,True,4.587,,original_clean,keep_imputed,False
1456,391,3,23,BR,True,4.587,,original_clean,keep_imputed,False
1457,391,3,23,BR,True,4.587,,original_clean,keep_imputed,False
1458,392,3,29,BR,True,2.935,,original_clean,keep_imputed,False
1459,392,3,29,BR,True,2.935,,original_clean,keep_imputed,False
1460,392,3,29,BR,True,2.935,,original_clean,keep_imputed,False
1461,392,3,29,BR,True,2.935,,original_clean,keep_imputed,False
1462,397,1,1,UNKNOWN,True,1.0,,original_clean,keep_imputed,False
1463,397,1,1,UNKNOWN,True,1.0,,original_clean,keep_imputed,False
1464,397,1,1,UNKNOWN,True,1.0,,original_clean,keep_imputed,False
1717,494,3,13,BR,True,1.7419,,original_clean,keep,False
1465,397,1,1,UNKNOWN,True,1.0,,original_clean,keep_imputed,False
1466,401,3,6,BR,True,2.0173,,original_clean,keep_imputed,False
1467,401,3,6,BR,True,2.0173,,original_clean,keep_imputed,False
1468,401,3,6,BR,True,2.0173,,original_clean,keep_imputed,False
1469,401,3,6,BR,True,2.0173,,original_clean,keep_imputed,False
1470,402,3,6,BR,True,2.109,,original_clean,keep_imputed,False
1471,402,3,6,BR,True,2.109,,original_clean,keep_imputed,False
1472,402,3,6,BR,True,2.109,,original_clean,keep_imputed,False
1473,402,3,6,BR,True,2.109,,original_clean,keep_imputed,False
1474,404,1,15,UNKNOWN,True,1.45,,original_clean,keep,False
1475,404,1,15,UNKNOWN,True,1.45,,original_clean,keep,False
1476,404,1,15,UNKNOWN,True,1.45,,original_clean,keep,False
1477,404,1,15,UNKNOWN,True,1.45,,original_clean,keep,False
1478,406,1,14,UNKNOWN,True,5.59,,original_clean,keep,False
1479,406,1,14,UNKNOWN,True,5.59,,original_clean,keep,False
1480,406,1,14,UNKNOWN,True,5.59,,original_clean,keep,False
1481,406,1,14,UNKNOWN,True,5.59,,original_clean,keep,False
1482,407,1,14,UNKNOWN,True,6.89,,original_clean,keep,False
1483,407,1,14,UNKNOWN,True,6.89,,original_clean,keep,False
1484,407,1,14,UNKNOWN,True,6.89,,original_clean,keep,False
1485,407,1,14,UNKNOWN,True,6.89,,original_clean,keep,False
1486,408,1,14,UNKNOWN,True,5.95,,original_clean,keep,False
1487,408,1,14,UNKNOWN,True,5.95,,original_clean,keep,False
1488,408,1,14,UNKNOWN,True,5.95,,original_clean,keep,False
1489,408,1,14,UNKNOWN,True,5.95,,original_clean,keep,False
1490,410,1,16,UNKNOWN,True,2.59,,original_clean,keep,False
1491,410,1,16,UNKNOWN,True,2.59,,original_clean,keep,False
1492,410,1,16,UNKNOWN,True,2.59,,original_clean,keep,False
1493,410,1,16,UNKNOWN,True,2.59,,original_clean,keep,False
1494,412,1,15,UNKNOWN,True,2.39,,original_clean,keep,False
1495,412,1,15,UNKNOWN,True,2.39,,original_clean,keep,False
1496,412,1,15,UNKNOWN,True,2.39,,original_clean,keep,False
1497,412,1,15,UNKNOWN,True,2.39,,original_clean,keep,False
1498,413,1,15,UNKNOWN,True,2.49,,original_clean,keep,False
1499,413,1,15,UNKNOWN,True,2.49,,original_clean,keep,False
1500,413,1,15,UNKNOWN,True,2.49,,original_clean,keep,False
1501,413,1,15,UNKNOWN,True,2.49,,original_clean,keep,False
1502,414,1,15,UNKNOWN,True,2.99,,original_clean,keep,False
1503,414,1,15,UNKNOWN,True,2.99,,original_clean,keep,False
1504,414,1,15,UNKNOWN,True,2.99,,original_clean,keep,False
1505,414,1,15,UNKNOWN,True,2.99,,original_clean,keep,False
1506,416,1,18,UNKNOWN,True,4.19,,original_clean,keep_imputed,False
1507,416,1,18,UNKNOWN,True,4.19,,original_clean,keep_imputed,False
1508,416,1,18,UNKNOWN,True,4.19,,original_clean,keep_imputed,False
1509,416,1,18,UNKNOWN,True,4.19,,original_clean,keep_imputed,False
1510,417,1,18,UNKNOWN,True,3.99,,original_clean,keep_imputed,False
1511,417,1,18,UNKNOWN,True,3.99,,original_clean,keep_imputed,False
1512,417,1,18,UNKNOWN,True,3.99,,original_clean,keep_imputed,False
1513,417,1,18,UNKNOWN,True,3.99,,original_clean,keep_imputed,False
1514,418,1,18,UNKNOWN,True,5.89,,original_clean,keep_imputed,False
1515,418,1,18,UNKNOWN,True,5.89,,original_clean,keep_imputed,False
1516,418,1,18,UNKNOWN,True,5.89,,original_clean,keep_imputed,False
1517,418,1,18,UNKNOWN,True,5.89,,original_clean,keep_imputed,False
1518,419,1,16,UNKNOWN,True,8.78,,original_clean,keep,False
1519,419,1,16,UNKNOWN,True,8.78,,original_clean,keep,False
1520,419,1,16,UNKNOWN,True,8.78,,original_clean,keep,False
1521,419,1,16,UNKNOWN,True,8.78,,original_clean,keep,False
1522,420,1,32,UNKNOWN,True,8.78,,original_clean,keep,False
1523,420,1,32,UNKNOWN,True,8.78,,original_clean,keep,False
1524,420,1,32,UNKNOWN,True,8.78,,original_clean,keep,False
1525,420,1,32,UNKNOWN,True,8.78,,original_clean,keep,False
1526,421,1,16,UNKNOWN,True,5.75,,original_clean,keep,False
1527,421,1,16,UNKNOWN,True,5.75,,original_clean,keep,False
1528,421,1,16,UNKNOWN,True,5.75,,original_clean,keep,False
1529,421,1,16,UNKNOWN,True,5.75,,original_clean,keep,False
1530,422,1,16,UNKNOWN,True,8.98,,original_clean,keep,False
1531,422,1,16,UNKNOWN,True,8.98,,original_clean,keep,False
1532,422,1,16,UNKNOWN,True,8.98,,original_clean,keep,False
1533,422,1,16,UNKNOWN,True,8.98,,original_clean,keep,False
1534,423,1,17,UNKNOWN,True,1.11,,original_clean,keep,False
1535,423,1,17,UNKNOWN,True,1.11,,original_clean,keep,False
1536,423,1,17,UNKNOWN,True,1.11,,original_clean,keep,False
1537,423,1,17,UNKNOWN,True,1.11,,original_clean,keep,False
1538,424,1,31,UNKNOWN,True,1.29,,original_clean,keep,False
1539,424,1,31,UNKNOWN,True,1.29,,original_clean,keep,False
1540,424,1,31,UNKNOWN,True,1.29,,original_clean,keep,False
1541,424,1,31,UNKNOWN,True,1.29,,original_clean,keep,False
1542,426,6,8,PE,True,12.1127,,original_clean,keep_imputed,False
1543,426,6,8,PE,True,12.1127,,original_clean,keep_imputed,False
1544,426,6,8,PE,True,12.1127,,original_clean,keep_imputed,False
1545,426,6,8,PE,True,12.1127,,original_clean,keep_imputed,False
1546,427,6,8,PE,True,5.9155,,original_clean,keep_imputed,False
1547,427,6,8,PE,True,5.9155,,original_clean,keep_imputed,False
1548,427,6,8,PE,True,5.9155,,original_clean,keep_imputed,False
1549,427,6,8,PE,True,5.9155,,original_clean,keep_imputed,False
1550,430,6,8,PE,True,3.9437,,original_clean,keep_imputed,False
1551,430,6,8,PE,True,3.9437,,original_clean,keep_imputed,False
1552,430,6,8,PE,True,3.9437,,original_clean,keep_imputed,False
1553,430,6,8,PE,True,3.9437,,original_clean,keep_imputed,False
1554,431,6,8,PE,True,1.9718,,original_clean,keep_imputed,False
1555,431,6,8,PE,True,1.9718,,original_clean,keep_imputed,False
1556,431,6,8,PE,True,1.9718,,original_clean,keep_imputed,False
1557,431,6,8,PE,True,1.9718,,original_clean,keep_imputed,False
1558,432,6,8,PE,True,3.3803,,original_clean,keep_imputed,False
1559,432,6,8,PE,True,3.3803,,original_clean,keep_imputed,False
1560,432,6,8,PE,True,3.3803,,original_clean,keep_imputed,False
1561,432,6,8,PE,True,3.3803,,original_clean,keep_imputed,False
1562,433,6,2,PE,True,16.338,,original_clean,keep_imputed,False
1563,433,6,2,PE,True,16.338,,original_clean,keep_imputed,False
1564,433,6,2,PE,True,16.338,,original_clean,keep_imputed,False
1565,433,6,2,PE,True,16.338,,original_clean,keep_imputed,False
1566,434,6,2,PE,True,7.3239,,original_clean,keep_imputed,False
1567,434,6,2,PE,True,7.3239,,original_clean,keep_imputed,False
1568,434,6,2,PE,True,7.3239,,original_clean,keep_imputed,False
1569,434,6,2,PE,True,7.3239,,original_clean,keep_imputed,False
1570,435,6,4,PE,True,5.6338,,original_clean,keep_imputed,False
1571,435,6,4,PE,True,5.6338,,original_clean,keep_imputed,False
1572,435,6,4,PE,True,5.6338,,original_clean,keep_imputed,False
1573,435,6,4,PE,True,5.6338,,original_clean,keep_imputed,False
1574,436,6,4,PE,True,1.6901,,original_clean,keep_imputed,False
1575,436,6,4,PE,True,1.6901,,original_clean,keep_imputed,False
1576,436,6,4,PE,True,1.6901,,original_clean,keep_imputed,False
1577,436,6,4,PE,True,1.6901,,original_clean,keep_imputed,False
1578,437,6,4,PE,True,9.5775,,original_clean,keep_imputed,False
1579,437,6,4,PE,True,9.5775,,original_clean,keep_imputed,False
1580,437,6,4,PE,True,9.5775,,original_clean,keep_imputed,False
1581,437,6,4,PE,True,9.5775,,original_clean,keep_imputed,False
1582,438,6,17,PE,True,4.7662,,original_clean,keep,False
1583,438,6,17,PE,True,4.7662,,original_clean,keep,False
1584,438,6,17,PE,True,4.7662,,original_clean,keep,False
1585,438,6,17,PE,True,4.7662,,original_clean,keep,False
1586,439,6,18,PE,True,1.1268,,original_clean,keep_imputed,False
1587,439,6,18,PE,True,1.1268,,original_clean,keep_imputed,False
1588,439,6,18,PE,True,1.1268,,original_clean,keep_imputed,False
1589,439,6,18,PE,True,1.1268,,original_clean,keep_imputed,False
1590,440,6,18,PE,True,1.9718,,original_clean,keep_imputed,False
1591,440,6,18,PE,True,1.9718,,original_clean,keep_imputed,False
1592,440,6,18,PE,True,1.9718,,original_clean,keep_imputed,False
1593,440,6,18,PE,True,1.9718,,original_clean,keep_imputed,False
1594,441,6,18,PE,True,3.662,,original_clean,keep_imputed,False
1595,441,6,18,PE,True,3.662,,original_clean,keep_imputed,False
1596,441,6,18,PE,True,3.662,,original_clean,keep_imputed,False
1597,441,6,18,PE,True,3.662,,original_clean,keep_imputed,False
1598,442,6,8,PE,True,1.1268,,original_clean,keep_imputed,False
1599,442,6,8,PE,True,1.1268,,original_clean,keep_imputed,False
1600,442,6,8,PE,True,1.1268,,original_clean,keep_imputed,False
1601,442,6,8,PE,True,1.1268,,original_clean,keep_imputed,False
1602,443,6,3,PE,True,2.2535,,original_clean,keep_imputed,False
1603,443,6,3,PE,True,2.2535,,original_clean,keep_imputed,False
1604,443,6,3,PE,True,2.2535,,original_clean,keep_imputed,False
1605,443,6,3,PE,True,2.2535,,original_clean,keep_imputed,False
1606,444,6,3,PE,True,3.0986,,original_clean,keep_imputed,False
1607,444,6,3,PE,True,3.0986,,original_clean,keep_imputed,False
1608,444,6,3,PE,True,3.0986,,original_clean,keep_imputed,False
1609,444,6,3,PE,True,3.0986,,original_clean,keep_imputed,False
1610,445,6,3,PE,True,1.6901,,original_clean,keep_imputed,False
1611,445,6,3,PE,True,1.6901,,original_clean,keep_imputed,False
1612,445,6,3,PE,True,1.6901,,original_clean,keep_imputed,False
1613,445,6,3,PE,True,1.6901,,original_clean,keep_imputed,False
1614,446,6,3,PE,True,3.0986,,original_clean,keep_imputed,False
1615,446,6,3,PE,True,3.0986,,original_clean,keep_imputed,False
1616,446,6,3,PE,True,3.0986,,original_clean,keep_imputed,False
1617,446,6,3,PE,True,3.0986,,original_clean,keep_imputed,False
1618,447,6,8,PE,True,3.0986,,original_clean,keep_imputed,False
1619,447,6,8,PE,True,3.0986,,original_clean,keep_imputed,False
1620,447,6,8,PE,True,3.0986,,original_clean,keep_imputed,False
1621,447,6,8,PE,True,3.0986,,original_clean,keep_imputed,False
1622,448,6,8,PE,True,1.4085,,original_clean,keep_imputed,False
1623,448,6,8,PE,True,1.4085,,original_clean,keep_imputed,False
1624,448,6,8,PE,True,1.4085,,original_clean,keep_imputed,False
1625,448,6,8,PE,True,1.4085,,original_clean,keep_imputed,False
1626,449,6,21,PE,True,5.3521,,original_clean,keep_imputed,False
1627,449,6,21,PE,True,5.3521,,original_clean,keep_imputed,False
1628,449,6,21,PE,True,5.3521,,original_clean,keep_imputed,False
1629,449,6,21,PE,True,5.3521,,original_clean,keep_imputed,False
1630,450,6,21,PE,True,7.0423,,original_clean,keep_imputed,False
1631,450,6,21,PE,True,7.0423,,original_clean,keep_imputed,False
1632,450,6,21,PE,True,7.0423,,original_clean,keep_imputed,False
1633,450,6,21,PE,True,7.0423,,original_clean,keep_imputed,False
1634,474,4,2,US,True,12.0,,original_clean,keep_imputed,False
1635,474,4,2,US,True,12.0,,original_clean,keep_imputed,False
1636,474,4,2,US,True,12.0,,original_clean,keep_imputed,False
1637,474,4,2,US,True,12.0,,original_clean,keep_imputed,False
1638,475,4,2,US,True,12.0,,original_clean,keep_imputed,False
1639,475,4,2,US,True,12.0,,original_clean,keep_imputed,False
1640,475,4,2,US,True,12.0,,original_clean,keep_imputed,False
1641,475,4,2,US,True,12.0,,original_clean,keep_imputed,False
1642,476,4,2,US,True,12.0,,original_clean,keep_imputed,False
1643,476,4,2,US,True,12.0,,original_clean,keep_imputed,False
1644,476,4,2,US,True,12.0,,original_clean,keep_imputed,False
1645,476,4,2,US,True,12.0,,original_clean,keep_imputed,False
1646,477,1,2,UNKNOWN,True,12.0,,original_clean,keep_imputed,False
1647,477,1,2,UNKNOWN,True,12.0,,original_clean,keep_imputed,False
1648,477,1,2,UNKNOWN,True,12.0,,original_clean,keep_imputed,False
1649,477,1,2,UNKNOWN,True,12.0,,original_clean,keep_imputed,False
1650,478,4,2,US,True,12.0,,original_clean,keep_imputed,False
1651,478,4,2,US,True,12.0,,original_clean,keep_imputed,False
1652,478,4,2,US,True,12.0,,original_clean,keep_imputed,False
1653,478,4,2,US,True,12.0,,original_clean,keep_imputed,False
1654,479,4,2,US,True,12.0,,original_clean,keep_imputed,False
1655,479,4,2,US,True,12.0,,original_clean,keep_imputed,False
1656,479,4,2,US,True,12.0,,original_clean,keep_imputed,False
1657,479,4,2,US,True,12.0,,original_clean,keep_imputed,False
1658,480,4,1,US,True,12.0,,original_clean,keep_imputed,False
1659,480,4,1,US,True,12.0,,original_clean,keep_imputed,False
1660,480,4,1,US,True,12.0,,original_clean,keep_imputed,False
1661,480,4,1,US,True,12.0,,original_clean,keep_imputed,False
1662,481,4,2,US,True,12.0,,original_clean,keep_imputed,False
1663,481,4,2,US,True,12.0,,original_clean,keep_imputed,False
1664,481,4,2,US,True,12.0,,original_clean,keep_imputed,False
1665,481,4,2,US,True,12.0,,original_clean,keep_imputed,False
1666,482,1,2,UNKNOWN,True,12.0,,original_clean,keep_imputed,False
1667,482,1,2,UNKNOWN,True,12.0,,original_clean,keep_imputed,False
1668,482,1,2,UNKNOWN,True,12.0,,original_clean,keep_imputed,False
1669,482,1,2,UNKNOWN,True,12.0,,original_clean,keep_imputed,False
1670,483,4,2,US,True,12.0,,original_clean,keep_imputed,False
1671,483,4,2,US,True,12.0,,original_clean,keep_imputed,False
1672,483,4,2,US,True,12.0,,original_clean,keep_imputed,False
1673,483,4,2,US,True,12.0,,original_clean,keep_imputed,False
1674,484,1,2,UNKNOWN,True,12.0,,original_clean,keep_imputed,False
1675,484,1,2,UNKNOWN,True,12.0,,original_clean,keep_imputed,False
1676,484,1,2,UNKNOWN,True,12.0,,original_clean,keep_imputed,False
1677,484,1,2,UNKNOWN,True,12.0,,original_clean,keep_imputed,False
1678,485,4,2,US,True,12.0,,original_clean,keep_imputed,False
1679,485,4,2,US,True,12.0,,original_clean,keep_imputed,False
1680,485,4,2,US,True,12.0,,original_clean,keep_imputed,False
1681,485,4,2,US,True,12.0,,original_clean,keep_imputed,False
1682,486,4,2,US,True,12.0,,original_clean,keep_imputed,False
1683,486,4,2,US,True,12.0,,original_clean,keep_imputed,False
1684,486,4,2,US,True,12.0,,original_clean,keep_imputed,False
1685,486,4,2,US,True,12.0,,original_clean,keep_imputed,False
1686,487,4,2,US,True,12.0,,original_clean,keep_imputed,False
1687,487,4,2,US,True,12.0,,original_clean,keep_imputed,False
1688,487,4,2,US,True,12.0,,original_clean,keep_imputed,False
1689,487,4,2,US,True,12.0,,original_clean,keep_imputed,False
1690,488,4,2,US,True,12.0,,original_clean,keep_imputed,False
1691,488,4,2,US,True,12.0,,original_clean,keep_imputed,False
1692,488,4,2,US,True,12.0,,original_clean,keep_imputed,False
1693,488,4,2,US,True,12.0,,original_clean,keep_imputed,False
1694,489,4,2,US,True,12.0,,original_clean,keep_imputed,False
1695,489,4,2,US,True,12.0,,original_clean,keep_imputed,False
1696,489,4,2,US,True,12.0,,original_clean,keep_imputed,False
1697,489,4,2,US,True,12.0,,original_clean,keep_imputed,False
1698,490,4,2,US,True,12.0,,original_clean,keep_imputed,False
1699,490,4,2,US,True,12.0,,original_clean,keep_imputed,False
1700,490,4,2,US,True,12.0,,original_clean,keep_imputed,False
1701,490,4,2,US,True,12.0,,original_clean,keep_imputed,False
1702,491,1,2,UNKNOWN,True,12.0,,original_clean,keep_imputed,False
1703,491,1,2,UNKNOWN,True,12.0,,original_clean,keep_imputed,False
1704,491,1,2,UNKNOWN,True,12.0,,original_clean,keep_imputed,False
1705,491,1,2,UNKNOWN,True,12.0,,original_clean,keep_imputed,False
1706,492,4,2,US,True,12.0,,original_clean,keep_imputed,False
1707,492,4,2,US,True,12.0,,original_clean,keep_imputed,False
1708,492,4,2,US,True,12.0,,original_clean,keep_imputed,False
1709,492,4,2,US,True,12.0,,original_clean,keep_imputed,False
1710,493,4,2,US,True,12.0,,original_clean,keep_imputed,False
1711,493,4,2,US,True,12.0,,original_clean,keep_imputed,False
1712,493,4,2,US,True,12.0,,original_clean,keep_imputed,False
1713,493,4,2,US,True,12.0,,original_clean,keep_imputed,False
1714,494,3,13,BR,True,1.7419,,original_clean,keep,False
1715,494,3,13,BR,True,1.7419,,original_clean,keep,False
1718,495,3,13,BR,True,1.5584,,original_clean,keep,False
1719,495,3,13,BR,True,1.5584,,original_clean,keep,False
1720,495,3,13,BR,True,1.5584,,original_clean,keep,False
1721,495,3,13,BR,True,1.5584,,original_clean,keep,False
1722,496,3,1,BR,True,4.587,,original_clean,keep_imputed,False
1723,496,3,1,BR,True,4.587,,original_clean,keep_imputed,False
1724,496,3,1,BR,True,4.587,,original_clean,keep_imputed,False
1725,496,3,1,BR,True,4.587,,original_clean,keep_imputed,False
1726,497,3,23,BR,True,4.587,,original_clean,keep_imputed,False
1727,497,3,23,BR,True,4.587,,original_clean,keep_imputed,False
1728,497,3,23,BR,True,4.587,,original_clean,keep_imputed,False
1729,497,3,23,BR,True,4.587,,original_clean,keep_imputed,False
1730,498,1,31,UNKNOWN,True,1.0,,original_clean,keep,False
1731,498,1,31,UNKNOWN,True,1.0,,original_clean,keep,False
1732,498,1,31,UNKNOWN,True,1.0,,original_clean,keep,False
1733,498,1,31,UNKNOWN,True,1.0,,original_clean,keep,False
1734,499,1,13,UNKNOWN,True,1.0,,original_clean,keep,False
1735,499,1,13,UNKNOWN,True,1.0,,original_clean,keep,False
1736,499,1,13,UNKNOWN,True,1.0,,original_clean,keep,False
1737,499,1,13,UNKNOWN,True,1.0,,original_clean,keep,False
1738,500,1,13,UNKNOWN,True,1.0,,original_clean,keep,False
1739,500,1,13,UNKNOWN,True,1.0,,original_clean,keep,False
1740,500,1,13,UNKNOWN,True,1.0,,original_clean,keep,False
1741,500,1,13,UNKNOWN,True,1.0,,original_clean,keep,False
1742,501,1,10,UNKNOWN,True,1.0,,original_clean,keep,False
1743,501,1,10,UNKNOWN,True,1.0,,original_clean,keep,False
1744,501,1,10,UNKNOWN,True,1.0,,original_clean,keep,False
1745,501,1,10,UNKNOWN,True,1.0,,original_clean,keep,False
1746,502,1,22,UNKNOWN,True,1.0,,original_clean,keep,False
1747,502,1,22,UNKNOWN,True,1.0,,original_clean,keep,False
1748,502,1,22,UNKNOWN,True,1.0,,original_clean,keep,False
1749,502,1,22,UNKNOWN,True,1.0,,original_clean,keep,False
1750,505,2,15,MX,True,3.8668,,original_clean,keep,False
1751,505,2,15,MX,True,3.8668,,original_clean,keep,False
1752,505,2,15,MX,True,3.8668,,original_clean,keep,False
1753,505,2,15,MX,True,3.8668,,original_clean,keep,False
1754,508,1,22,UNKNOWN,True,5.8,,original_clean,keep,False
1755,508,1,22,UNKNOWN,True,5.8,,original_clean,keep,False
1756,508,1,22,UNKNOWN,True,5.8,,original_clean,keep,False
1757,508,1,22,UNKNOWN,True,5.8,,original_clean,keep,False
1758,510,1,15,UNKNOWN,True,1.89,,original_clean,keep,False
1759,510,1,15,UNKNOWN,True,1.89,,original_clean,keep,False
1760,510,1,15,UNKNOWN,True,1.89,,original_clean,keep,False
1761,510,1,15,UNKNOWN,True,1.89,,original_clean,keep,False
1762,511,1,15,UNKNOWN,True,1.54,,original_clean,keep,False
1763,511,1,15,UNKNOWN,True,1.54,,original_clean,keep,False
1764,511,1,15,UNKNOWN,True,1.54,,original_clean,keep,False
1765,511,1,15,UNKNOWN,True,1.54,,original_clean,keep,False
1766,512,1,15,UNKNOWN,True,1.99,,original_clean,keep,False
1767,512,1,15,UNKNOWN,True,1.99,,original_clean,keep,False
1768,512,1,15,UNKNOWN,True,1.99,,original_clean,keep,False
1769,512,1,15,UNKNOWN,True,1.99,,original_clean,keep,False
1770,513,1,13,UNKNOWN,True,2.62,,original_clean,keep,False
1771,513,1,13,UNKNOWN,True,2.62,,original_clean,keep,False
1772,513,1,13,UNKNOWN,True,2.62,,original_clean,keep,False
1773,513,1,13,UNKNOWN,True,2.62,,original_clean,keep,False
1774,518,1,10,UNKNOWN,True,10.45,,original_clean,keep,False
1775,518,1,10,UNKNOWN,True,10.45,,original_clean,keep,False
1776,518,1,10,UNKNOWN,True,10.45,,original_clean,keep,False
1777,518,1,10,UNKNOWN,True,10.45,,original_clean,keep,False
1778,519,1,10,UNKNOWN,True,6.45,,original_clean,keep,False
1779,519,1,10,UNKNOWN,True,6.45,,original_clean,keep,False
1780,519,1,10,UNKNOWN,True,6.45,,original_clean,keep,False
1781,519,1,10,UNKNOWN,True,6.45,,original_clean,keep,False
1782,520,1,10,UNKNOWN,True,1.14,,original_clean,keep,False
1783,520,1,10,UNKNOWN,True,1.14,,original_clean,keep,False
1784,520,1,10,UNKNOWN,True,1.14,,original_clean,keep,False
1785,520,1,10,UNKNOWN,True,1.14,,original_clean,keep,False
1786,521,1,10,UNKNOWN,True,2.25,,original_clean,keep,False
1787,521,1,10,UNKNOWN,True,2.25,,original_clean,keep,False
1788,521,1,10,UNKNOWN,True,2.25,,original_clean,keep,False
1789,521,1,10,UNKNOWN,True,2.25,,original_clean,keep,False
1790,522,1,13,UNKNOWN,True,1.89,,original_clean,keep,False
1791,522,1,13,UNKNOWN,True,1.89,,original_clean,keep,False
1792,522,1,13,UNKNOWN,True,1.89,,original_clean,keep,False
1793,522,1,13,UNKNOWN,True,1.89,,original_clean,keep,False
1794,524,1,16,UNKNOWN,True,3.99,,original_clean,keep,False
1795,524,1,16,UNKNOWN,True,3.99,,original_clean,keep,False
1796,524,1,16,UNKNOWN,True,3.99,,original_clean,keep,False
1797,524,1,16,UNKNOWN,True,3.99,,original_clean,keep,False
1798,576,8,8,MX,True,1.1278,,original_clean,keep_imputed,False
1799,576,8,8,MX,True,1.1278,,original_clean,keep_imputed,False
1800,576,8,8,MX,True,1.1278,,original_clean,keep_imputed,False
1801,576,8,8,MX,True,1.1278,,original_clean,keep_imputed,False
1802,577,8,1,MX,True,1.2889,,original_clean,keep_imputed,False
1803,577,8,1,MX,True,1.2889,,original_clean,keep_imputed,False
1804,577,8,1,MX,True,1.2889,,original_clean,keep_imputed,False
1805,577,8,1,MX,True,1.2889,,original_clean,keep_imputed,False
1806,578,8,8,MX,True,1.9871,,original_clean,keep_imputed,False
1807,578,8,8,MX,True,1.9871,,original_clean,keep_imputed,False
1808,578,8,8,MX,True,1.9871,,original_clean,keep_imputed,False
1809,578,8,8,MX,True,1.9871,,original_clean,keep_imputed,False
1810,579,8,7,MX,True,1.8743,,original_clean,keep,False
1811,579,8,7,MX,True,1.8743,,original_clean,keep,False
1812,579,8,7,MX,True,1.8743,,original_clean,keep,False
1813,579,8,7,MX,True,1.8743,,original_clean,keep,False
1814,580,8,2,MX,True,4.5381,,original_clean,keep_imputed,False
1815,580,8,2,MX,True,4.5381,,original_clean,keep_imputed,False
1816,580,8,2,MX,True,4.5381,,original_clean,keep_imputed,False
1817,580,8,2,MX,True,4.5381,,original_clean,keep_imputed,False
1818,581,8,1,MX,True,1.8797,,original_clean,keep_imputed,False
1819,581,8,1,MX,True,1.8797,,original_clean,keep_imputed,False
1820,581,8,1,MX,True,1.8797,,original_clean,keep_imputed,False
1821,581,8,1,MX,True,1.8797,,original_clean,keep_imputed,False
1822,582,8,13,MX,True,3.4909,,original_clean,keep,False
1823,582,8,13,MX,True,3.4909,,original_clean,keep,False
1824,582,8,13,MX,True,3.4909,,original_clean,keep,False
1825,582,8,13,MX,True,3.4909,,original_clean,keep,False
1826,583,8,13,MX,True,1.101,,original_clean,keep,False
1827,583,8,13,MX,True,1.101,,original_clean,keep,False
1828,583,8,13,MX,True,1.101,,original_clean,keep,False
1829,583,8,13,MX,True,1.101,,original_clean,keep,False
1830,584,8,8,MX,True,2.4705,,original_clean,keep_imputed,False
1831,584,8,8,MX,True,2.4705,,original_clean,keep_imputed,False
1832,584,8,8,MX,True,2.4705,,original_clean,keep_imputed,False
1833,584,8,8,MX,True,2.4705,,original_clean,keep_imputed,False
1834,585,8,14,MX,True,5.2632,,original_clean,keep,False
1835,585,8,14,MX,True,5.2632,,original_clean,keep,False
1836,585,8,14,MX,True,5.2632,,original_clean,keep,False
1837,585,8,14,MX,True,5.2632,,original_clean,keep,False
1838,586,8,14,MX,True,2.7873,,original_clean,keep,False
1839,586,8,14,MX,True,2.7873,,original_clean,keep,False
1840,586,8,14,MX,True,2.7873,,original_clean,keep,False
1841,586,8,14,MX,True,2.7873,,original_clean,keep,False
1842,587,8,2,MX,True,3.8131,,original_clean,keep_imputed,False
1843,587,8,2,MX,True,3.8131,,original_clean,keep_imputed,False
1844,587,8,2,MX,True,3.8131,,original_clean,keep_imputed,False
1845,587,8,2,MX,True,3.8131,,original_clean,keep_imputed,False
1846,588,8,2,MX,True,7.5188,,original_clean,keep_imputed,False
1847,588,8,2,MX,True,7.5188,,original_clean,keep_imputed,False
1848,588,8,2,MX,True,7.5188,,original_clean,keep_imputed,False
1849,588,8,2,MX,True,7.5188,,original_clean,keep_imputed,False
1850,589,8,18,MX,True,4.2911,,original_clean,keep_imputed,False
1851,589,8,18,MX,True,4.2911,,original_clean,keep_imputed,False
1852,589,8,18,MX,True,4.2911,,original_clean,keep_imputed,False
1853,589,8,18,MX,True,4.2911,,original_clean,keep_imputed,False
1854,590,8,8,MX,True,5.0483,,original_clean,keep_imputed,False
1855,590,8,8,MX,True,5.0483,,original_clean,keep_imputed,False
1856,590,8,8,MX,True,5.0483,,original_clean,keep_imputed,False
1857,590,8,8,MX,True,5.0483,,original_clean,keep_imputed,False
1858,592,1,7,UNKNOWN,True,3.99,,original_clean,keep,False
1859,592,1,7,UNKNOWN,True,3.99,,original_clean,keep,False
1860,592,1,7,UNKNOWN,True,3.99,,original_clean,keep,False
1861,592,1,7,UNKNOWN,True,3.99,,original_clean,keep,False
1862,597,6,14,PE,True,10.4225,,original_clean,keep,False
1863,597,6,14,PE,True,10.4225,,original_clean,keep,False
1864,597,6,14,PE,True,10.4225,,original_clean,keep,False
1865,597,6,14,PE,True,10.4225,,original_clean,keep,False
1866,598,6,14,PE,True,12.6761,,original_clean,keep,False
1867,598,6,14,PE,True,12.6761,,original_clean,keep,False
1868,598,6,14,PE,True,12.6761,,original_clean,keep,False
1869,598,6,14,PE,True,12.6761,,original_clean,keep,False
1870,599,6,14,PE,True,7.8592,,original_clean,keep,False
1871,599,6,14,PE,True,7.8592,,original_clean,keep,False
1872,599,6,14,PE,True,7.8592,,original_clean,keep,False
1873,599,6,14,PE,True,7.8592,,original_clean,keep,False
1874,601,6,14,PE,True,1.7183,,original_clean,keep,False
1875,601,6,14,PE,True,1.7183,,original_clean,keep,False
1876,601,6,14,PE,True,1.7183,,original_clean,keep,False
1877,601,6,14,PE,True,1.7183,,original_clean,keep,False
1878,604,6,17,PE,True,1.5493,,original_clean,keep,False
1879,604,6,17,PE,True,1.5493,,original_clean,keep,False
1880,604,6,17,PE,True,1.5493,,original_clean,keep,False
1881,604,6,17,PE,True,1.5493,,original_clean,keep,False
1882,605,6,13,PE,True,3.3521,,original_clean,keep,False
1883,605,6,13,PE,True,3.3521,,original_clean,keep,False
1884,605,6,13,PE,True,3.3521,,original_clean,keep,False
1885,605,6,13,PE,True,3.3521,,original_clean,keep,False
1886,606,6,18,PE,True,4.6479,,original_clean,keep_imputed,False
1887,606,6,18,PE,True,4.6479,,original_clean,keep_imputed,False
1888,606,6,18,PE,True,4.6479,,original_clean,keep_imputed,False
1889,606,6,18,PE,True,4.6479,,original_clean,keep_imputed,False
1890,607,6,18,PE,True,5.8873,,original_clean,keep_imputed,False
1891,607,6,18,PE,True,5.8873,,original_clean,keep_imputed,False
1892,607,6,18,PE,True,5.8873,,original_clean,keep_imputed,False
1893,607,6,18,PE,True,5.8873,,original_clean,keep_imputed,False
1894,608,6,18,PE,True,4.6479,,original_clean,keep_imputed,False
1895,608,6,18,PE,True,4.6479,,original_clean,keep_imputed,False
1896,608,6,18,PE,True,4.6479,,original_clean,keep_imputed,False
1897,608,6,18,PE,True,4.6479,,original_clean,keep_imputed,False
1898,609,6,15,PE,True,4.6479,,original_clean,keep,False
1899,609,6,15,PE,True,4.6479,,original_clean,keep,False
1900,609,6,15,PE,True,4.6479,,original_clean,keep,False
1901,609,6,15,PE,True,4.6479,,original_clean,keep,False
1902,611,6,15,PE,True,3.0704,,original_clean,keep,False
1903,611,6,15,PE,True,3.0704,,original_clean,keep,False
1904,611,6,15,PE,True,3.0704,,original_clean,keep,False
1905,611,6,15,PE,True,3.0704,,original_clean,keep,False
1906,612,6,17,PE,True,3.0704,,original_clean,keep,False
1907,612,6,17,PE,True,3.0704,,original_clean,keep,False
1908,612,6,17,PE,True,3.0704,,original_clean,keep,False
1909,612,6,17,PE,True,3.0704,,original_clean,keep,False
1910,615,6,24,PE,True,1.2958,,original_clean,keep,False
1911,615,6,24,PE,True,1.2958,,original_clean,keep,False
1912,615,6,24,PE,True,1.2958,,original_clean,keep,False
1913,615,6,24,PE,True,1.2958,,original_clean,keep,False
1914,616,6,24,PE,True,1.8028,,original_clean,keep,False
1915,616,6,24,PE,True,1.8028,,original_clean,keep,False
1916,616,6,24,PE,True,1.8028,,original_clean,keep,False
1917,616,6,24,PE,True,1.8028,,original_clean,keep,False
1918,624,1,14,UNKNOWN,True,7.99,,original_clean,keep,False
1919,624,1,14,UNKNOWN,True,7.99,,original_clean,keep,False
1920,624,1,14,UNKNOWN,True,7.99,,original_clean,keep,False
1921,624,1,14,UNKNOWN,True,7.99,,original_clean,keep,False
1922,625,1,14,UNKNOWN,True,14.59,,original_clean,keep,False
1923,625,1,14,UNKNOWN,True,14.59,,original_clean,keep,False
1924,625,1,14,UNKNOWN,True,14.59,,original_clean,keep,False
1925,625,1,14,UNKNOWN,True,14.59,,original_clean,keep,False
1926,626,1,14,UNKNOWN,True,1.25,,original_clean,keep,False
1927,626,1,14,UNKNOWN,True,1.25,,original_clean,keep,False
1928,626,1,14,UNKNOWN,True,1.25,,original_clean,keep,False
1929,626,1,14,UNKNOWN,True,1.25,,original_clean,keep,False
1930,627,1,16,UNKNOWN,True,1.99,,original_clean,keep,False
1931,627,1,16,UNKNOWN,True,1.99,,original_clean,keep,False
1932,627,1,16,UNKNOWN,True,1.99,,original_clean,keep,False
1933,627,1,16,UNKNOWN,True,1.99,,original_clean,keep,False
1934,629,1,16,UNKNOWN,True,1.35,,original_clean,keep,False
1935,629,1,16,UNKNOWN,True,1.35,,original_clean,keep,False
1936,629,1,16,UNKNOWN,True,1.35,,original_clean,keep,False
1937,629,1,16,UNKNOWN,True,1.35,,original_clean,keep,False
1938,630,1,15,UNKNOWN,True,2.55,,original_clean,keep,False
1939,630,1,15,UNKNOWN,True,2.55,,original_clean,keep,False
1940,630,1,15,UNKNOWN,True,2.55,,original_clean,keep,False
1941,630,1,15,UNKNOWN,True,2.55,,original_clean,keep,False
1942,631,1,15,UNKNOWN,True,3.15,,original_clean,keep,False
1943,631,1,15,UNKNOWN,True,3.15,,original_clean,keep,False
1944,631,1,15,UNKNOWN,True,3.15,,original_clean,keep,False
1945,631,1,15,UNKNOWN,True,3.15,,original_clean,keep,False
1946,632,1,25,UNKNOWN,True,2.15,,original_clean,keep_imputed,False
1947,632,1,25,UNKNOWN,True,2.15,,original_clean,keep_imputed,False
1948,632,1,25,UNKNOWN,True,2.15,,original_clean,keep_imputed,False
1949,632,1,25,UNKNOWN,True,2.15,,original_clean,keep_imputed,False
1950,633,1,16,UNKNOWN,True,1.99,,original_clean,keep,False
1951,633,1,16,UNKNOWN,True,1.99,,original_clean,keep,False
1952,633,1,16,UNKNOWN,True,1.99,,original_clean,keep,False
1953,633,1,16,UNKNOWN,True,1.99,,original_clean,keep,False
1954,634,1,16,UNKNOWN,True,1.99,,original_clean,keep,False
1955,634,1,16,UNKNOWN,True,1.99,,original_clean,keep,False
1956,634,1,16,UNKNOWN,True,1.99,,original_clean,keep,False
1957,634,1,16,UNKNOWN,True,1.99,,original_clean,keep,False
1958,635,1,18,UNKNOWN,True,5.55,,original_clean,keep_imputed,False
