producto_id,retailer_id,retailer,retailer_country,categoria_id,category_raw,category_canonical,category_is_imputed,nombre_producto,marca,unidad,product_country,moneda_local,precio_local,precio_usd,precio_usd_clean,fx_local_per_usd,is_imputed_clean,decision,razon_clean,precio_usd_model,is_price_imputed_model,imputation_source,precio_median_group,precio_usd_imputed,example_id,synthetic
1,1,Desconocido,UNKNOWN,1,azucar,sin_categoria,True,$ 12.800,Ver detalles del producto,15G,UNKNOWN,LOCAL,12.8,12.8,12.8,1.0,False,keep_imputed,no_category_detected,12.8,False,original_clean,,,1,
2,1,Desconocido,UNKNOWN,2,cafe,sin_categoria,True,(Gr a $ 10),$ 8.650,0.2 g,UNKNOWN,LOCAL,10.0,10.0,10.0,1.0,False,keep_imputed,no_category_detected,10.0,False,original_clean,,,2,
3,1,Desconocido,UNKNOWN,2,cafe,sin_categoria,True,(Gr a $ 10),20,480G,UNKNOWN,LOCAL,10.0,10.0,10.0,1.0,False,keep_imputed,no_category_detected,10.0,False,original_clean,,,3,
4,1,Desconocido,UNKNOWN,2,cafe,sin_categoria,True,(Gr a $ 10),20,,UNKNOWN,LOCAL,10.0,10.0,10.0,1.0,False,keep_imputed,no_category_detected,10.0,False,original_clean,,,4,
5,1,Desconocido,UNKNOWN,3,pan,sin_categoria,True,(Gr a $ 11),$ 6.700,,UNKNOWN,LOCAL,11.0,11.0,11.0,1.0,False,keep_imputed,no_category_detected,11.0,False,original_clean,,,5,
6,1,Desconocido,UNKNOWN,3,pan,sin_categoria,True,(Gr a $ 12),$ 7.150,,UNKNOWN,LOCAL,12.0,12.0,12.0,1.0,False,keep_imputed,no_category_detected,12.0,False,original_clean,,,6,
7,1,Desconocido,UNKNOWN,2,cafe,sin_categoria,True,(Gr a $ 19),$ 39.000,,UNKNOWN,LOCAL,19.0,19.0,19.0,1.0,False,keep_imputed,no_category_detected,19.0,False,original_clean,,,7,
13,1,Desconocido,UNKNOWN,3,pan,sin_categoria,True,(Gr a $ 4),$ 4.680,,UNKNOWN,LOCAL,4.0,4.0,4.0,1.0,False,keep_imputed,no_category_detected,4.0,False,original_clean,,,8,
14,1,Desconocido,UNKNOWN,2,cafe,sin_categoria,True,(Gr a $ 4),$ 10.650,,UNKNOWN,LOCAL,4.0,4.0,4.0,1.0,False,keep_imputed,no_category_detected,4.0,False,original_clean,,,9,
15,1,Desconocido,UNKNOWN,2,cafe,sin_categoria,True,(Gr a $ 4),19,,UNKNOWN,LOCAL,4.0,4.0,4.0,1.0,False,keep_imputed,no_category_detected,4.0,False,original_clean,,,10,
16,1,Desconocido,UNKNOWN,2,cafe,sin_categoria,True,(Gr a $ 4),10,,UNKNOWN,LOCAL,4.0,4.0,4.0,1.0,False,keep_imputed,no_category_detected,4.0,False,original_clean,,,11,
17,1,Desconocido,UNKNOWN,2,cafe,sin_categoria,True,(Gr a $ 4),$ 2.100,,UNKNOWN,LOCAL,4.0,4.0,4.0,1.0,False,keep_imputed,no_category_detected,4.0,False,original_clean,,,12,
23,1,Desconocido,UNKNOWN,2,cafe,sin_categoria,True,(Gr a $ 9),$ 9.980,,UNKNOWN,LOCAL,9.0,9.0,9.0,1.0,False,keep_imputed,no_category_detected,9.0,False,original_clean,,,13,
25,1,Desconocido,UNKNOWN,4,aceite vegetal,sin_categoria,True,(Ml a $ 3),$ 17.040,,UNKNOWN,LOCAL,3.0,3.0,3.0,1.0,False,keep_imputed,no_category_detected,3.0,False,original_clean,,,14,
26,1,Desconocido,UNKNOWN,4,aceite vegetal,sin_categoria,True,(Ml a $ 5),$ 4.900,,UNKNOWN,LOCAL,5.0,5.0,5.0,1.0,False,keep_imputed,no_category_detected,5.0,False,original_clean,,,15,
27,1,Desconocido,UNKNOWN,4,aceite vegetal,sin_categoria,True,(Ml a $ 6),$ 40.800,1100ml,UNKNOWN,LOCAL,6.0,6.0,6.0,1.0,False,keep_imputed,no_category_detected,6.0,False,original_clean,,,16,
28,1,Desconocido,UNKNOWN,1,azucar,sin_categoria,True,(Und a $ 1.312),20,,UNKNOWN,LOCAL,1.31,1.31,1.31,1.0,False,keep_imputed,no_category_detected,1.31,False,original_clean,,,17,
29,1,Desconocido,UNKNOWN,5,leche,sin_categoria,True,(Und a $ 1.540),$ 1.540,,UNKNOWN,LOCAL,1.54,1.54,1.54,1.0,False,keep_imputed,no_category_detected,1.54,False,original_clean,,,18,
36,1,Desconocido,UNKNOWN,6,papa,sin_categoria,True,+595994 874276,Selecciona método de entrega,2 LT,UNKNOWN,LOCAL,2.0,2.0,2.0,1.0,False,keep_imputed,no_category_detected,2.0,False,original_clean,,,19,
39,2,Chedraui,MX,7,aceite vegetal,aceite vegetal,False,Aceites y vinagres,123,1L,MX,LOCAL,37.0,1.9871,1.9871,18.62,False,keep,heuristic_default,1.9871,False,original_clean,,,20,
41,2,Chedraui,MX,7,aceite vegetal,aceite vegetal,False,Aceites y vinagres,Aceite Chedraui Mixto 800ml,800ml,MX,LOCAL,28.0,1.5038,1.5038,18.62,False,keep,heuristic_default,1.5038,False,original_clean,,,21,
43,3,Desconocido,BR,8,huevo,sin_categoria,True,"Al continuar navegando, usted acepta con nuestra",Política de privacidad,12 unidades,BR,LOCAL,20.0,3.6711,3.6711,5.448,False,keep_imputed,no_category_detected,3.6711,False,original_clean,,,22,
47,3,Desconocido,BR,10,arroz,arroz,False,Alimentos básicos,Arroz,5Kg,BR,LOCAL,19.49,3.5775,3.5775,5.448,False,keep,heuristic_default,3.5775,False,original_clean,,,23,
48,3,Desconocido,BR,10,arroz,arroz,False,Alimentos básicos,Arroz,2Kg,BR,LOCAL,11.99,2.2008,2.2008,5.448,False,keep,heuristic_default,2.2008,False,original_clean,,,24,
49,3,Desconocido,BR,10,arroz,arroz,False,Alimentos básicos,Arroz,5 kg,BR,LOCAL,16.59,3.0452,3.0452,5.448,False,keep,heuristic_default,3.0452,False,original_clean,,,25,
50,3,Desconocido,BR,11,frijoles,sin_categoria,True,Alimentos básicos,Cafés,40g,BR,LOCAL,8.89,1.6318,1.6318,5.448,False,keep_imputed,no_category_detected,1.6318,False,original_clean,,,26,
53,3,Desconocido,BR,9,frijoles,frijoles,False,Alimentos básicos,Frijoles,1 kg,BR,LOCAL,6.89,1.2647,1.2647,5.448,False,keep,heuristic_default,1.2647,False,original_clean,,,27,
54,1,Desconocido,UNKNOWN,10,arroz,arroz,False,App Frecuento,Descárgala gratis,330ml,UNKNOWN,LOCAL,7.45,7.45,7.45,1.0,False,keep,heuristic_default,7.45,False,original_clean,,,28,
55,4,Desconocido,US,10,arroz,arroz,False,ARROZ CONEJO SACO 20 LB,Comparar,20 LB,US,LOCAL,9.99,9.99,9.99,1.0,False,keep,heuristic_default,9.99,False,original_clean,,,29,
58,1,Desconocido,UNKNOWN,10,arroz,arroz,False,Arroz G1 largo ancho bolsa,1 Kg,1 Kg,UNKNOWN,LOCAL,1.89,1.89,1.89,1.0,False,keep,heuristic_default,1.89,False,original_clean,,,30,
59,1,Desconocido,UNKNOWN,10,arroz,arroz,False,Arroz G2 gran selección ancha,1 Kg,1 Kg,UNKNOWN,LOCAL,1.37,1.37,1.37,1.0,False,keep,heuristic_default,1.37,False,original_clean,,,31,
60,1,Desconocido,UNKNOWN,10,arroz,arroz,False,Arroz G2 largo delgado,1 Kg,1 Kg,UNKNOWN,LOCAL,1.02,1.02,1.02,1.0,False,keep,heuristic_default,1.02,False,original_clean,,,32,
61,1,Desconocido,UNKNOWN,10,arroz,arroz,False,Arroz grano largo delgado grad...,900 g,900 g,UNKNOWN,LOCAL,1.39,1.39,1.39,1.0,False,keep,heuristic_default,1.39,False,original_clean,,,33,
62,2,Chedraui,MX,10,arroz,arroz,False,Arroz La Merced Super Extra 900g,La Merced,900g,MX,LOCAL,21.0,1.1278,1.1278,18.62,False,keep,heuristic_default,1.1278,False,original_clean,,,34,
63,4,Desconocido,US,10,arroz,arroz,False,ARROZ REAL 2 KG,Comparar,2 KG,US,LOCAL,2.99,2.99,2.99,1.0,False,keep,heuristic_default,2.99,False,original_clean,,,35,
64,2,Chedraui,MX,10,arroz,arroz,False,Arroz Schettino Verde 900g,Schettino,900g,MX,LOCAL,19.8,1.0634,1.0634,18.62,False,keep,heuristic_default,1.0634,False,original_clean,,,36,
83,3,Desconocido,BR,13,azucar,azucar,False,Azúcar Mascavo Orgánico Native Organic 500 G,Descripción,500 G,BR,LOCAL,15.99,2.935,2.935,5.448,False,keep,heuristic_default,2.935,False,original_clean,,,37,
86,3,Desconocido,BR,13,azucar,azucar,False,Azúcar y Adoçante,Azúcar,1Kg,BR,LOCAL,10.19,1.8704,1.8704,5.448,False,keep,heuristic_default,1.8704,False,original_clean,,,38,
88,6,Desconocido,PE,13,azucar,azucar,False,Azúcar y Endulzantes,Azúcar Rubia,25 Kg,PE,LOCAL,16.92,4.7662,4.7662,3.55,False,keep,heuristic_default,4.7662,False,original_clean,,,39,
90,1,Desconocido,UNKNOWN,12,cebolla,cebolla,False,BANANO UNIDAD,Unidades disponibles,1000 G,UNKNOWN,LOCAL,1.0,1.0,1.0,1.0,False,keep,heuristic_default,1.0,False,original_clean,,,40,
93,1,Desconocido,UNKNOWN,16,papa,papa,False,"Bebidas, Aguas y Jugos",Bebidas,1.5 L,UNKNOWN,LOCAL,1.99,1.99,1.99,1.0,False,keep,heuristic_default,1.99,False,original_clean,,,41,
94,1,Desconocido,UNKNOWN,16,papa,papa,False,"Bebidas, Aguas y Jugos",Bebidas,1.5 LT,UNKNOWN,LOCAL,1.99,1.99,1.99,1.0,False,keep,heuristic_default,1.99,False,original_clean,,,42,
103,2,Chedraui,MX,14,cafe,cafe,False,Cafe y te,Legal,180 g,MX,LOCAL,88.0,4.7261,4.7261,18.62,False,keep,heuristic_default,4.7261,False,original_clean,,,43,
104,2,Chedraui,MX,14,cafe,cafe,False,Cafe y te,Los Portales de Córdoba,170g,MX,LOCAL,149.0,8.0021,8.0021,18.62,False,keep,heuristic_default,8.0021,False,original_clean,,,44,
105,2,Chedraui,MX,14,cafe,cafe,False,Cafe y te,Blasón,400g,MX,LOCAL,150.0,8.0559,8.0559,18.62,False,keep,heuristic_default,8.0559,False,original_clean,,,45,
106,2,Chedraui,MX,14,cafe,cafe,False,Cafe y te,Garat,340g,MX,LOCAL,150.0,8.0559,8.0559,18.62,False,keep,heuristic_default,8.0559,False,original_clean,,,46,
107,6,Desconocido,PE,14,cafe,cafe,False,Café e Infusiones,Café Instantáneo,150g,PE,LOCAL,16.92,4.7662,4.7662,3.55,False,keep,heuristic_default,4.7662,False,original_clean,,,47,
108,1,Desconocido,UNKNOWN,14,cafe,cafe,False,Café instantáneo clásico lata,170 g,170 g,UNKNOWN,LOCAL,4.94,4.94,4.94,1.0,False,keep,heuristic_default,4.94,False,original_clean,,,48,
109,1,Desconocido,UNKNOWN,14,cafe,cafe,False,Café instantáneo institucional,400 g,400 g,UNKNOWN,LOCAL,13.09,13.09,13.09,1.0,False,keep,heuristic_default,13.09,False,original_clean,,,49,
136,3,Desconocido,BR,22,cerveza,cerveza,False,Cervejas Tradicionais,Cerveja Heineken Garrafa 600ml,600ml,BR,LOCAL,13.49,2.4761,2.4761,5.448,False,keep,heuristic_default,2.4761,False,original_clean,,,50,
137,3,Desconocido,BR,23,cerveza,sin_categoria,True,Cervejas Tradicionais,"R$ 6,39",330ml,BR,LOCAL,6.39,1.1729,1.1729,5.448,False,keep_imputed,no_category_detected,1.1729,False,original_clean,,,51,
139,3,Desconocido,BR,23,cerveza,sin_categoria,True,Cervejas Tradicionais,"R$ 5,59",330ml,BR,LOCAL,5.59,1.0261,1.0261,5.448,False,keep_imputed,no_category_detected,1.0261,False,original_clean,,,52,
141,3,Desconocido,BR,23,cerveza,sin_categoria,True,Cervejas Tradicionais,"R$ 6,49",330ml,BR,LOCAL,6.49,1.1913,1.1913,5.448,False,keep_imputed,no_category_detected,1.1913,False,original_clean,,,53,
143,3,Desconocido,BR,23,cerveza,sin_categoria,True,Cervejas Tradicionais,"R$ 5,79",330ml,BR,LOCAL,5.79,1.0628,1.0628,5.448,False,keep_imputed,no_category_detected,1.0628,False,original_clean,,,54,
144,3,Desconocido,BR,23,cerveza,sin_categoria,True,Cervejas Tradicionais,"R$ 5,69",330ml,BR,LOCAL,5.69,1.0444,1.0444,5.448,False,keep_imputed,no_category_detected,1.0444,False,original_clean,,,55,
145,4,Desconocido,US,22,cerveza,cerveza,False,CERVEZA AMSTEL LATA 355 ML,Comparar,355 ML,US,LOCAL,1.2,1.2,1.2,1.0,False,keep,heuristic_default,1.2,False,original_clean,,,56,
146,4,Desconocido,US,22,cerveza,cerveza,False,CERVEZA BIELA RESERVA LATA 355 ML,Comparar,355 ML,US,LOCAL,1.0,1.0,1.0,1.0,False,keep,heuristic_default,1.0,False,original_clean,,,57,
147,4,Desconocido,US,22,cerveza,cerveza,False,CERVEZA CLUB PLATINO 330 ML,CLUB,330 ML,US,LOCAL,1.45,1.45,1.45,1.0,False,keep,heuristic_default,1.45,False,original_clean,,,58,
148,4,Desconocido,US,22,cerveza,cerveza,False,CERVEZA CORONITA EXTRA 210 ML,Comparar,210 ML,US,LOCAL,1.18,1.18,1.18,1.0,False,keep,heuristic_default,1.18,False,original_clean,,,59,
149,1,Desconocido,UNKNOWN,22,cerveza,cerveza,False,Cerveza extra botella,330 ml,330 ml,UNKNOWN,LOCAL,1.05,1.05,1.05,1.0,False,keep,heuristic_default,1.05,False,original_clean,,,60,
151,1,Desconocido,UNKNOWN,23,cerveza,sin_categoria,True,"Cervezas, vinos y licores",Cervezas,473 ml,UNKNOWN,LOCAL,1.18,1.18,1.18,1.0,False,keep_imputed,no_category_detected,1.18,False,original_clean,,,61,
153,4,Desconocido,US,23,cerveza,sin_categoria,True,COLA COCA COLA 2 L ORIGINAL,Comparar,2 L,US,LOCAL,1.86,1.86,1.86,1.0,False,keep_imputed,no_category_detected,1.86,False,original_clean,,,62,
155,4,Desconocido,US,23,cerveza,sin_categoria,True,COLA INCA KOLA 2 L,Comparar,2 L,US,LOCAL,1.18,1.18,1.18,1.0,False,keep_imputed,no_category_detected,1.18,False,original_clean,,,63,
156,4,Desconocido,US,23,cerveza,sin_categoria,True,COLA ORANGINE 3000 ML MANZANA,Comparar,3000 ML,US,LOCAL,1.55,1.55,1.55,1.0,False,keep_imputed,no_category_detected,1.55,False,original_clean,,,64,
157,4,Desconocido,US,23,cerveza,sin_categoria,True,COLA SPRITE 1.35 L,Comparar,1.35 L,US,LOCAL,1.09,1.09,1.09,1.0,False,keep_imputed,no_category_detected,1.09,False,original_clean,,,65,
158,6,Desconocido,PE,4,aceite vegetal,sin_categoria,True,colaborar con nuestros estudios para marketing. También puede configurarlas.,que podemos ofrecer.,5Kg,PE,LOCAL,16.92,4.7662,4.7662,3.55,False,keep_imputed,no_category_detected,4.7662,False,original_clean,,,66,
159,6,Desconocido,PE,4,aceite vegetal,sin_categoria,True,colaborar con nuestros estudios para marketing. También puede configurarlas.,que podemos ofrecer.,5kg,PE,LOCAL,16.92,4.7662,4.7662,3.55,False,keep_imputed,no_category_detected,4.7662,False,original_clean,,,67,
160,6,Desconocido,PE,8,huevo,sin_categoria,True,colaborar con nuestros estudios para marketing. También puede configurarlas.,que podemos ofrecer.,780g,PE,LOCAL,16.92,4.7662,4.7662,3.55,False,keep_imputed,no_category_detected,4.7662,False,original_clean,,,68,
161,6,Desconocido,PE,8,huevo,sin_categoria,True,colaborar con nuestros estudios para marketing. También puede configurarlas.,que podemos ofrecer.,1Kg,PE,LOCAL,16.92,4.7662,4.7662,3.55,False,keep_imputed,no_category_detected,4.7662,False,original_clean,,,69,
162,6,Desconocido,PE,8,huevo,sin_categoria,True,colaborar con nuestros estudios para marketing. También puede configurarlas.,que podemos ofrecer.,200g,PE,LOCAL,16.92,4.7662,4.7662,3.55,False,keep_imputed,no_category_detected,4.7662,False,original_clean,,,70,
163,6,Desconocido,PE,8,huevo,sin_categoria,True,colaborar con nuestros estudios para marketing. También puede configurarlas.,que podemos ofrecer.,170g,PE,LOCAL,16.92,4.7662,4.7662,3.55,False,keep_imputed,no_category_detected,4.7662,False,original_clean,,,71,
164,6,Desconocido,PE,4,aceite vegetal,sin_categoria,True,colaborar con nuestros estudios para marketing. También puede configurarlas.,que podemos ofrecer.,900ml,PE,LOCAL,16.92,4.7662,4.7662,3.55,False,keep_imputed,no_category_detected,4.7662,False,original_clean,,,72,
165,6,Desconocido,PE,4,aceite vegetal,sin_categoria,True,colaborar con nuestros estudios para marketing. También puede configurarlas.,que podemos ofrecer.,1L,PE,LOCAL,16.92,4.7662,4.7662,3.55,False,keep_imputed,no_category_detected,4.7662,False,original_clean,,,73,
166,6,Desconocido,PE,8,huevo,sin_categoria,True,colaborar con nuestros estudios para marketing. También puede configurarlas.,que podemos ofrecer.,800ml,PE,LOCAL,16.92,4.7662,4.7662,3.55,False,keep_imputed,no_category_detected,4.7662,False,original_clean,,,74,
167,6,Desconocido,PE,3,pan,sin_categoria,True,colaborar con nuestros estudios para marketing. También puede configurarlas.,que podemos ofrecer.,500g,PE,LOCAL,16.92,4.7662,4.7662,3.55,False,keep_imputed,no_category_detected,4.7662,False,original_clean,,,75,
168,6,Desconocido,PE,3,pan,sin_categoria,True,colaborar con nuestros estudios para marketing. También puede configurarlas.,que podemos ofrecer.,540g,PE,LOCAL,16.92,4.7662,4.7662,3.55,False,keep_imputed,no_category_detected,4.7662,False,original_clean,,,76,
169,6,Desconocido,PE,3,pan,sin_categoria,True,colaborar con nuestros estudios para marketing. También puede configurarlas.,que podemos ofrecer.,560g,PE,LOCAL,16.92,4.7662,4.7662,3.55,False,keep_imputed,no_category_detected,4.7662,False,original_clean,,,77,
170,6,Desconocido,PE,15,pan,pan,False,colaborar con nuestros estudios para marketing. También puede configurarlas.,que podemos ofrecer.,600g,PE,LOCAL,16.92,4.7662,4.7662,3.55,False,keep,heuristic_default,4.7662,False,original_clean,,,78,
171,6,Desconocido,PE,8,huevo,sin_categoria,True,colaborar con nuestros estudios para marketing. También puede configurarlas.,que podemos ofrecer.,950g,PE,LOCAL,16.92,4.7662,4.7662,3.55,False,keep_imputed,no_category_detected,4.7662,False,original_clean,,,79,
172,6,Desconocido,PE,8,huevo,sin_categoria,True,colaborar con nuestros estudios para marketing. También puede configurarlas.,que podemos ofrecer.,900g,PE,LOCAL,16.92,4.7662,4.7662,3.55,False,keep_imputed,no_category_detected,4.7662,False,original_clean,,,80,
173,6,Desconocido,PE,24,atun,atun,False,colaborar con nuestros estudios para marketing. También puede configurarlas.,que podemos ofrecer.,140g,PE,LOCAL,16.92,4.7662,4.7662,3.55,False,keep_imputed,no_category_detected,4.7662,False,original_clean,,,81,
174,6,Desconocido,PE,21,atun,sin_categoria,True,colaborar con nuestros estudios para marketing. También puede configurarlas.,que podemos ofrecer.,150g,PE,LOCAL,16.92,4.7662,4.7662,3.55,False,keep_imputed,no_category_detected,4.7662,False,original_clean,,,82,
175,6,Desconocido,PE,4,aceite vegetal,sin_categoria,True,colaborar con nuestros estudios para marketing. También puede configurarlas.,que podemos ofrecer.,150gr,PE,LOCAL,16.92,4.7662,4.7662,3.55,False,keep_imputed,no_category_detected,4.7662,False,original_clean,,,83,
176,1,Desconocido,UNKNOWN,16,papa,papa,False,Comida congelada,frutos del maipo,1 Kg,UNKNOWN,LOCAL,4.19,4.19,4.19,1.0,False,keep,heuristic_default,4.19,False,original_clean,,,84,
177,3,Desconocido,BR,6,papa,sin_categoria,True,COMUNICADO IMPORTANTE!,"Caro cliente,",2l,BR,LOCAL,5.99,1.0995,1.0995,5.448,False,keep_imputed,no_category_detected,1.0995,False,original_clean,,,85,
178,7,Desconocido,AR,14,cafe,cafe,False,DALE VIDA A TU JARDIN,🌷🌻​🌼​,1 L,AR,LOCAL,1597.52,1.2729,1.2729,1255.0,False,keep,heuristic_default,1.2729,False,original_clean,,,86,
181,7,Desconocido,AR,14,cafe,cafe,False,DALE VIDA A TU JARDIN,🌷🌻​🌼​,560g,AR,LOCAL,4693.39,3.7398,3.7398,1255.0,False,keep,heuristic_default,3.7398,False,original_clean,,,87,
182,7,Desconocido,AR,14,cafe,cafe,False,DALE VIDA A TU JARDIN,🌷🌻​🌼​,600 Gr,AR,LOCAL,2652.07,2.1132,2.1132,1255.0,False,keep,heuristic_default,2.1132,False,original_clean,,,88,
183,7,Desconocido,AR,14,cafe,cafe,False,DALE VIDA A TU JARDIN,🌷🌻​🌼​,500 G,AR,LOCAL,1561.98,1.2446,1.2446,1255.0,False,keep,heuristic_default,1.2446,False,original_clean,,,89,
184,7,Desconocido,AR,14,cafe,cafe,False,DALE VIDA A TU JARDIN,🌷🌻​🌼​,500G,AR,LOCAL,2257.92,1.7991,1.7991,1255.0,False,keep,heuristic_default,1.7991,False,original_clean,,,90,
185,7,Desconocido,AR,14,cafe,cafe,False,DALE VIDA A TU JARDIN,🌷🌻​🌼​,500 GR,AR,LOCAL,1404.13,1.1188,1.1188,1255.0,False,keep,heuristic_default,1.1188,False,original_clean,,,91,
186,7,Desconocido,AR,14,cafe,cafe,False,DALE VIDA A TU JARDIN,🌷🌻​🌼​,"2,5KG",AR,LOCAL,8316.74,6.6269,6.6269,1255.0,False,keep,heuristic_default,6.6269,False,original_clean,,,92,
191,7,Desconocido,AR,14,cafe,cafe,False,DALE VIDA A TU JARDIN,🌷🌻​🌼​,"1,5 Lt",AR,LOCAL,2553.72,2.0348,2.0348,1255.0,False,keep,heuristic_default,2.0348,False,original_clean,,,93,
192,7,Desconocido,AR,14,cafe,cafe,False,DALE VIDA A TU JARDIN,🌷🌻​🌼​,2000CC,AR,LOCAL,2644.63,2.1073,2.1073,1255.0,False,keep,heuristic_default,2.1073,False,original_clean,,,94,
193,7,Desconocido,AR,14,cafe,cafe,False,DALE VIDA A TU JARDIN,🌷🌻​🌼​,2.25 Lt,AR,LOCAL,1900.83,1.5146,1.5146,1255.0,False,keep,heuristic_default,1.5146,False,original_clean,,,95,
194,7,Desconocido,AR,14,cafe,cafe,False,DALE VIDA A TU JARDIN,🌷🌻​🌼​,2.25 L,AR,LOCAL,1809.92,1.4422,1.4422,1255.0,False,keep,heuristic_default,1.4422,False,original_clean,,,96,
195,7,Desconocido,AR,14,cafe,cafe,False,DALE VIDA A TU JARDIN,🌷🌻​🌼​,600G,AR,LOCAL,6420.66,5.1161,5.1161,1255.0,False,keep,heuristic_default,5.1161,False,original_clean,,,97,
196,1,Desconocido,UNKNOWN,14,cafe,cafe,False,Desayuno y Dulces,Café,250 GR,UNKNOWN,LOCAL,13.2,13.2,13.2,1.0,False,keep,heuristic_default,13.2,False,original_clean,,,98,
197,1,Desconocido,UNKNOWN,14,cafe,cafe,False,Desayuno y Dulces,Café,250 G,UNKNOWN,LOCAL,3.99,3.99,3.99,1.0,False,keep,heuristic_default,3.99,False,original_clean,,,99,
198,1,Desconocido,UNKNOWN,14,cafe,cafe,False,Desayuno y Dulces,Café,50 g,UNKNOWN,LOCAL,2.85,2.85,2.85,1.0,False,keep,heuristic_default,2.85,False,original_clean,,,100,
199,1,Desconocido,UNKNOWN,14,cafe,cafe,False,Desayuno y Dulces,Café,170 GR,UNKNOWN,LOCAL,7.49,7.49,7.49,1.0,False,keep,heuristic_default,7.49,False,original_clean,,,101,
208,1,Desconocido,UNKNOWN,7,aceite vegetal,aceite vegetal,False,Devolver este producto es gratis,SUPER POLLO,500 g,UNKNOWN,LOCAL,3.99,3.99,3.99,1.0,False,keep,heuristic_default,3.99,False,original_clean,,,102,
209,4,Desconocido,US,23,cerveza,sin_categoria,True,El almacenamiento local parece estar deshabilitado en tu navegador.,Aprende,1L,US,LOCAL,2.05,2.05,2.05,1.0,False,keep_imputed,no_category_detected,2.05,False,original_clean,,,103,
210,1,Desconocido,UNKNOWN,17,leche,leche,False,El almacenamiento local parece estar deshabilitado en tu navegador.,Aprende,1L,UNKNOWN,LOCAL,1.5,1.5,1.5,1.0,False,keep,heuristic_default,1.5,False,original_clean,,,104,
212,1,Desconocido,UNKNOWN,22,cerveza,cerveza,False,El almacenamiento local parece estar deshabilitado en tu navegador.,Aprende,330ML,UNKNOWN,LOCAL,2.2,2.2,2.2,1.0,False,keep,heuristic_default,2.2,False,original_clean,,,105,
213,1,Desconocido,UNKNOWN,23,cerveza,sin_categoria,True,El almacenamiento local parece estar deshabilitado en tu navegador.,Aprende,500ML,UNKNOWN,LOCAL,3.23,3.23,3.23,1.0,False,keep_imputed,no_category_detected,3.23,False,original_clean,,,106,
214,1,Desconocido,UNKNOWN,22,cerveza,cerveza,False,El almacenamiento local parece estar deshabilitado en tu navegador.,Aprende,355ML,UNKNOWN,LOCAL,6.98,6.98,6.98,1.0,False,keep,heuristic_default,6.98,False,original_clean,,,107,
215,1,Desconocido,UNKNOWN,22,cerveza,cerveza,False,El almacenamiento local parece estar deshabilitado en tu navegador.,Aprende,355ml,UNKNOWN,LOCAL,5.81,5.81,5.81,1.0,False,keep,heuristic_default,5.81,False,original_clean,,,108,
216,1,Desconocido,UNKNOWN,15,pan,pan,False,El almacenamiento local parece estar deshabilitado en tu navegador.,Aprende,550GR,UNKNOWN,LOCAL,1.21,1.21,1.21,1.0,False,keep,heuristic_default,1.21,False,original_clean,,,109,
217,1,Desconocido,UNKNOWN,19,harina de trigo,harina de trigo,False,El almacenamiento local parece estar deshabilitado en tu navegador.,Aprende,560g,UNKNOWN,LOCAL,2.12,2.12,2.12,1.0,False,keep,heuristic_default,2.12,False,original_clean,,,110,
218,1,Desconocido,UNKNOWN,15,pan,pan,False,El almacenamiento local parece estar deshabilitado en tu navegador.,Aprende,580g,UNKNOWN,LOCAL,3.08,3.08,3.08,1.0,False,keep,heuristic_default,3.08,False,original_clean,,,111,
219,1,Desconocido,UNKNOWN,1,azucar,sin_categoria,True,El almacenamiento local parece estar deshabilitado en tu navegador.,Aprende,3785Ml,UNKNOWN,LOCAL,1.97,1.97,1.97,1.0,False,keep_imputed,no_category_detected,1.97,False,original_clean,,,112,
220,1,Desconocido,UNKNOWN,13,azucar,azucar,False,El almacenamiento local parece estar deshabilitado en tu navegador.,Aprende,3050 ML,UNKNOWN,LOCAL,2.99,2.99,2.99,1.0,False,keep,heuristic_default,2.99,False,original_clean,,,113,
221,1,Desconocido,UNKNOWN,13,azucar,azucar,False,El almacenamiento local parece estar deshabilitado en tu navegador.,Aprende,3L,UNKNOWN,LOCAL,2.92,2.92,2.92,1.0,False,keep,heuristic_default,2.92,False,original_clean,,,114,
223,1,Desconocido,UNKNOWN,23,cerveza,sin_categoria,True,El almacenamiento local parece estar deshabilitado en tu navegador.,Aprende,,UNKNOWN,LOCAL,3.41,3.41,3.41,1.0,False,keep_imputed,no_category_detected,3.41,False,original_clean,,,115,
224,1,Desconocido,UNKNOWN,23,cerveza,sin_categoria,True,El almacenamiento local parece estar deshabilitado en tu navegador.,Aprende,4Lb,UNKNOWN,LOCAL,2.25,2.25,2.25,1.0,False,keep_imputed,no_category_detected,2.25,False,original_clean,,,116,
225,1,Desconocido,UNKNOWN,1,azucar,sin_categoria,True,El almacenamiento local parece estar deshabilitado en tu navegador.,Aprende,500G,UNKNOWN,LOCAL,1.75,1.75,1.75,1.0,False,keep_imputed,no_category_detected,1.75,False,original_clean,,,117,
227,1,Desconocido,UNKNOWN,13,azucar,azucar,False,El almacenamiento local parece estar deshabilitado en tu navegador.,Aprende,1Kg,UNKNOWN,LOCAL,1.12,1.12,1.12,1.0,False,keep_imputed,no_category_detected,1.12,False,original_clean,,,118,
239,1,Desconocido,UNKNOWN,14,cafe,cafe,False,Elige un método de entrega,Unimarc,170 g,UNKNOWN,LOCAL,6.2,6.2,6.2,1.0,False,keep,heuristic_default,6.2,False,original_clean,,,119,
240,1,Desconocido,UNKNOWN,14,cafe,cafe,False,Elige un método de entrega,Unimarc,227 g,UNKNOWN,LOCAL,14.19,14.19,14.19,1.0,False,keep,heuristic_default,14.19,False,original_clean,,,120,
241,1,Desconocido,UNKNOWN,14,cafe,cafe,False,Elige un método de entrega,Unimarc,250 g,UNKNOWN,LOCAL,1.25,1.25,1.25,1.0,False,keep_imputed,no_category_detected,1.25,False,original_clean,,,121,
242,1,Desconocido,UNKNOWN,16,papa,papa,False,Elige un método de entrega,Unimarc,2 Kg,UNKNOWN,LOCAL,2.39,2.39,2.39,1.0,False,keep,heuristic_default,2.39,False,original_clean,,,122,
243,1,Desconocido,UNKNOWN,16,papa,papa,False,Elige un método de entrega,Unimarc,1.3 Kg,UNKNOWN,LOCAL,1.79,1.79,1.79,1.0,False,keep,heuristic_default,1.79,False,original_clean,,,123,
244,1,Desconocido,UNKNOWN,16,papa,papa,False,Elige un método de entrega,Unimarc,500 g,UNKNOWN,LOCAL,1.29,1.29,1.29,1.0,False,keep_imputed,no_category_detected,1.29,False,original_clean,,,124,
245,1,Desconocido,UNKNOWN,15,pan,pan,False,Elige un método de entrega,Unimarc,750 g,UNKNOWN,LOCAL,2.51,2.51,2.51,1.0,False,keep,heuristic_default,2.51,False,original_clean,,,125,
246,1,Desconocido,UNKNOWN,25,refresco de cola,refresco de cola,False,Elige un método de entrega,Unimarc,1.5 L,UNKNOWN,LOCAL,2.0,2.0,2.0,1.0,False,keep_imputed,no_category_detected,2.0,False,original_clean,,,126,
247,1,Desconocido,UNKNOWN,2,cafe,sin_categoria,True,Elige un método de entrega,Unimarc,650 g,UNKNOWN,LOCAL,2.53,2.53,2.53,1.0,False,keep_imputed,no_category_detected,2.53,False,original_clean,,,127,
248,1,Desconocido,UNKNOWN,2,cafe,sin_categoria,True,Elige un método de entrega,Unimarc,300 g,UNKNOWN,LOCAL,1.99,1.99,1.99,1.0,False,keep_imputed,no_category_detected,1.99,False,original_clean,,,128,
249,1,Desconocido,UNKNOWN,6,papa,sin_categoria,True,Elige un método de entrega,Unimarc,1 Kg,UNKNOWN,LOCAL,1.8,1.8,1.8,1.0,False,keep_imputed,no_category_detected,1.8,False,original_clean,,,129,
250,1,Desconocido,UNKNOWN,18,huevo,huevo,False,Elige un método de entrega,Unimarc,12 unidad,UNKNOWN,LOCAL,5.19,5.19,5.19,1.0,False,keep_imputed,heuristic_default,5.19,False,original_clean,,,130,
251,1,Desconocido,UNKNOWN,6,papa,sin_categoria,True,Elige un método de entrega,Unimarc,2 L,UNKNOWN,LOCAL,2.0,2.0,2.0,1.0,False,keep_imputed,no_category_detected,2.0,False,original_clean,,,131,
252,1,Desconocido,UNKNOWN,8,huevo,sin_categoria,True,Elige un método de entrega,Unimarc,20 unidad,UNKNOWN,LOCAL,6.59,6.59,6.59,1.0,False,keep_imputed,no_category_detected,6.59,False,original_clean,,,132,
254,1,Desconocido,UNKNOWN,6,papa,sin_categoria,True,Elige un método de entrega,Unimarc,3 Kg,UNKNOWN,LOCAL,11.97,11.97,11.97,1.0,False,keep_imputed,no_category_detected,11.97,False,original_clean,,,133,
256,1,Desconocido,UNKNOWN,13,azucar,azucar,False,Fiambres y Huevos,Huevos,12Unidades,UNKNOWN,LOCAL,3.85,3.85,3.85,1.0,False,keep,heuristic_default,3.85,False,original_clean,,,134,
257,1,Desconocido,UNKNOWN,13,azucar,azucar,False,Fiambres y Huevos,Huevos,648g,UNKNOWN,LOCAL,4.1,4.1,4.1,1.0,False,keep,heuristic_default,4.1,False,original_clean,,,135,
258,1,Desconocido,UNKNOWN,13,azucar,azucar,False,Fiambres y Huevos,Huevos,732g,UNKNOWN,LOCAL,4.69,4.69,4.69,1.0,False,keep,heuristic_default,4.69,False,original_clean,,,136,
259,1,Desconocido,UNKNOWN,18,huevo,huevo,False,Fiambres y Huevos,Huevos,648 G,UNKNOWN,LOCAL,5.9,5.9,5.9,1.0,False,keep_imputed,heuristic_default,5.9,False,original_clean,,,137,
260,1,Desconocido,UNKNOWN,12,cebolla,cebolla,False,Frutas y Verduras,Verduras,500 g,UNKNOWN,LOCAL,1.69,1.69,1.69,1.0,False,keep,heuristic_default,1.69,False,original_clean,,,138,
261,1,Desconocido,UNKNOWN,12,cebolla,cebolla,False,Frutas y Verduras,Verduras,1 Kg,UNKNOWN,LOCAL,2.19,2.19,2.19,1.0,False,keep,heuristic_default,2.19,False,original_clean,,,139,
262,1,Desconocido,UNKNOWN,26,tomates,tomates,False,Frutas y Verduras,Verduras,250 g,UNKNOWN,LOCAL,1.92,1.92,1.92,1.0,False,keep,heuristic_default,1.92,False,original_clean,,,140,
282,1,Desconocido,UNKNOWN,18,huevo,huevo,False,Huevos blanco grande,12 un,,UNKNOWN,LOCAL,4.11,4.11,4.11,1.0,False,keep_imputed,heuristic_default,4.11,False,original_clean,,,141,
284,1,Desconocido,UNKNOWN,6,papa,sin_categoria,True,kem piña,Bebida desechable,1.5 Litro,UNKNOWN,LOCAL,1.39,1.39,1.39,1.0,False,keep_imputed,no_category_detected,1.39,False,original_clean,,,142,
286,2,Chedraui,MX,17,leche,leche,False,Lacteos y huevo,Leche,1L,MX,LOCAL,37.0,1.9871,1.9871,18.62,False,keep,heuristic_default,1.9871,False,original_clean,,,143,
287,2,Chedraui,MX,17,leche,leche,False,Lacteos y huevo,Leche,946ml,MX,LOCAL,39.0,2.0945,2.0945,18.62,False,keep,heuristic_default,2.0945,False,original_clean,,,144,
288,2,Chedraui,MX,18,huevo,huevo,False,Lacteos y huevo,Huevos,30 piezas,MX,LOCAL,106.0,5.6928,5.6928,18.62,False,keep_imputed,heuristic_default,5.6928,False,original_clean,,,145,
291,4,Desconocido,US,17,leche,leche,False,LECHE LA LECHERA TETRABRIK 1 L ENTERA,Comparar,1 L,US,LOCAL,1.39,1.39,1.39,1.0,False,keep,heuristic_default,1.39,False,original_clean,,,146,
293,4,Desconocido,US,17,leche,leche,False,LECHE TONI TETRABRIK 1 L ENTERA,Comparar,1 L,US,LOCAL,1.45,1.45,1.45,1.0,False,keep,heuristic_default,1.45,False,original_clean,,,147,
296,1,Desconocido,UNKNOWN,17,leche,leche,False,Lácteos y Quesos,Leches,1 LT,UNKNOWN,LOCAL,1.05,1.05,1.05,1.0,False,keep,heuristic_default,1.05,False,original_clean,,,148,
298,3,Desconocido,BR,27,pasta seca,pasta seca,False,Macarrão Italiano Spaghetti La Campofilone 500 G,Descripción,500 G,BR,LOCAL,15.99,2.935,2.935,5.448,False,keep,heuristic_default,2.935,False,original_clean,,,149,
299,3,Desconocido,BR,8,huevo,sin_categoria,True,Massa Italiana Integral Spaghetti La Molisana 500 G,Descripción,500 G,BR,LOCAL,15.99,2.935,2.935,5.448,False,keep_imputed,no_category_detected,2.935,False,original_clean,,,150,
302,3,Desconocido,BR,15,pan,pan,False,Meu Desconto,Blog do Pão,1kg,BR,LOCAL,6.99,1.283,1.283,5.448,False,keep,heuristic_default,1.283,False,original_clean,,,151,
303,3,Desconocido,BR,15,pan,pan,False,Meu Desconto,Blog do Pão,5kg,BR,LOCAL,23.99,4.4035,4.4035,5.448,False,keep,heuristic_default,4.4035,False,original_clean,,,152,
305,1,Desconocido,UNKNOWN,15,pan,pan,False,Meu Desconto,Blog do Pão,5kg,UNKNOWN,LOCAL,1.0,1.0,1.0,1.0,False,keep,heuristic_default,1.0,False,original_clean,,,153,
307,3,Desconocido,BR,15,pan,pan,False,Meu Desconto,Blog do Pão,250g,BR,LOCAL,27.99,5.1377,5.1377,5.448,False,keep,heuristic_default,5.1377,False,original_clean,,,154,
308,3,Desconocido,BR,15,pan,pan,False,Meu Desconto,Blog do Pão,480g,BR,LOCAL,9.99,1.8337,1.8337,5.448,False,keep,heuristic_default,1.8337,False,original_clean,,,155,
309,3,Desconocido,BR,15,pan,pan,False,Meu Desconto,Blog do Pão,450g,BR,LOCAL,8.59,1.5767,1.5767,5.448,False,keep,heuristic_default,1.5767,False,original_clean,,,156,
311,3,Desconocido,BR,15,pan,pan,False,Meu Desconto,Blog do Pão,"1,5l",BR,LOCAL,8.59,1.5767,1.5767,5.448,False,keep,heuristic_default,1.5767,False,original_clean,,,157,
313,3,Desconocido,BR,15,pan,pan,False,Meu Desconto,Blog do Pão,"1,5 Litros",BR,LOCAL,7.89,1.4482,1.4482,5.448,False,keep,heuristic_default,1.4482,False,original_clean,,,158,
314,3,Desconocido,BR,15,pan,pan,False,Meu Desconto,Blog do Pão,1L,BR,LOCAL,7.99,1.4666,1.4666,5.448,False,keep,heuristic_default,1.4666,False,original_clean,,,159,
315,1,Desconocido,UNKNOWN,15,pan,pan,False,Meu Desconto,Blog do Pão,1 Litro,UNKNOWN,LOCAL,18.0,18.0,18.0,1.0,False,keep,heuristic_default,18.0,False,original_clean,,,160,
316,3,Desconocido,BR,15,pan,pan,False,Meu Desconto,Blog do Pão,1 Litro,BR,LOCAL,5.99,1.0995,1.0995,5.448,False,keep,heuristic_default,1.0995,False,original_clean,,,161,
317,3,Desconocido,BR,15,pan,pan,False,Meu Desconto,Blog do Pão,330ml,BR,LOCAL,6.59,1.2096,1.2096,5.448,False,keep,heuristic_default,1.2096,False,original_clean,,,162,
321,3,Desconocido,BR,3,pan,sin_categoria,True,Meu Desconto,Minha Lista,5kg,BR,LOCAL,28.99,5.3212,5.3212,5.448,False,keep_imputed,no_category_detected,5.3212,False,original_clean,,,163,
322,1,Desconocido,UNKNOWN,3,pan,sin_categoria,True,Meu Desconto,Minha Lista,5kg,UNKNOWN,LOCAL,1.0,1.0,1.0,1.0,False,keep_imputed,no_category_detected,1.0,False,original_clean,,,164,
323,3,Desconocido,BR,3,pan,sin_categoria,True,Meu Desconto,Minha Lista,500g,BR,LOCAL,5.59,1.0261,1.0261,5.448,False,keep_imputed,no_category_detected,1.0261,False,original_clean,,,165,
324,3,Desconocido,BR,3,pan,sin_categoria,True,Meu Desconto,Minha Lista,250g,BR,LOCAL,12.29,2.2559,2.2559,5.448,False,keep_imputed,no_category_detected,2.2559,False,original_clean,,,166,
325,3,Desconocido,BR,3,pan,sin_categoria,True,Meu Desconto,Minha Lista,480g,BR,LOCAL,9.99,1.8337,1.8337,5.448,False,keep_imputed,no_category_detected,1.8337,False,original_clean,,,167,
326,3,Desconocido,BR,3,pan,sin_categoria,True,Meu Desconto,Minha Lista,450g,BR,LOCAL,6.99,1.283,1.283,5.448,False,keep_imputed,no_category_detected,1.283,False,original_clean,,,168,
328,3,Desconocido,BR,3,pan,sin_categoria,True,Meu Desconto,Minha Lista,"1,5l",BR,LOCAL,7.29,1.3381,1.3381,5.448,False,keep_imputed,no_category_detected,1.3381,False,original_clean,,,169,
330,1,Desconocido,UNKNOWN,3,pan,sin_categoria,True,Meu Desconto,Minha Lista,1 Litro,UNKNOWN,LOCAL,1.0,1.0,1.0,1.0,False,keep_imputed,no_category_detected,1.0,False,original_clean,,,170,
334,3,Desconocido,BR,3,pan,sin_categoria,True,Meu Desconto,Minha Lista,330ml,BR,LOCAL,6.79,1.2463,1.2463,5.448,False,keep_imputed,no_category_detected,1.2463,False,original_clean,,,171,
336,1,Desconocido,UNKNOWN,3,pan,sin_categoria,True,Meu Desconto,Minha Lista,,UNKNOWN,LOCAL,18.0,18.0,18.0,1.0,False,keep_imputed,no_category_detected,18.0,False,original_clean,,,172,
337,3,Desconocido,BR,3,pan,sin_categoria,True,Meu Desconto,Minha Lista,800g,BR,LOCAL,21.9,4.0198,4.0198,5.448,False,keep_imputed,no_category_detected,4.0198,False,original_clean,,,173,
338,3,Desconocido,BR,3,pan,sin_categoria,True,Meu Desconto,Minha Lista,"2,2Kg",BR,LOCAL,28.99,5.3212,5.3212,5.448,False,keep_imputed,no_category_detected,5.3212,False,original_clean,,,174,
339,3,Desconocido,BR,3,pan,sin_categoria,True,Meu Desconto,Minha Lista,700g,BR,LOCAL,33.99,6.239,6.239,5.448,False,keep_imputed,no_category_detected,6.239,False,original_clean,,,175,
340,3,Desconocido,BR,3,pan,sin_categoria,True,Meu Desconto,Minha Lista,400g,BR,LOCAL,5.99,1.0995,1.0995,5.448,False,keep_imputed,no_category_detected,1.0995,False,original_clean,,,176,
341,3,Desconocido,BR,3,pan,sin_categoria,True,Meu Desconto,Minha Lista,2l,BR,LOCAL,7.99,1.4666,1.4666,5.448,False,keep_imputed,no_category_detected,1.4666,False,original_clean,,,177,
343,1,Desconocido,UNKNOWN,3,pan,sin_categoria,True,Meu Desconto,Minha Lista,500g,UNKNOWN,LOCAL,2.0,2.0,2.0,1.0,False,keep_imputed,no_category_detected,2.0,False,original_clean,,,178,
344,1,Desconocido,UNKNOWN,3,pan,sin_categoria,True,Meu Desconto,Minha Lista,1l,UNKNOWN,LOCAL,1.0,1.0,1.0,1.0,False,keep_imputed,no_category_detected,1.0,False,original_clean,,,179,
346,1,Desconocido,UNKNOWN,3,pan,sin_categoria,True,Meu Desconto,Minha Lista,1kg,UNKNOWN,LOCAL,1.0,1.0,1.0,1.0,False,keep_imputed,no_category_detected,1.0,False,original_clean,,,180,
347,1,Desconocido,UNKNOWN,3,pan,sin_categoria,True,Meu Desconto,Minha Lista,1Kg,UNKNOWN,LOCAL,1.0,1.0,1.0,1.0,False,keep_imputed,no_category_detected,1.0,False,original_clean,,,181,
348,3,Desconocido,BR,3,pan,sin_categoria,True,Meu Desconto,Minha Lista,1Kg,BR,LOCAL,6.39,1.1729,1.1729,5.448,False,keep_imputed,no_category_detected,1.1729,False,original_clean,,,182,
349,1,Desconocido,UNKNOWN,16,papa,papa,False,Multi Marca,"Papa Malla, 2 Kg",2 Kg,UNKNOWN,LOCAL,2.69,2.69,2.69,1.0,False,keep,heuristic_default,2.69,False,original_clean,,,183,
350,1,Desconocido,UNKNOWN,10,arroz,arroz,False,nuestra cocina,1 Kg,1 Kg,UNKNOWN,LOCAL,1.59,1.59,1.59,1.0,False,keep,heuristic_default,1.59,False,original_clean,,,184,
351,3,Desconocido,BR,15,pan,pan,False,Padaria e Matinais,Panes y Torradas,500g,BR,LOCAL,9.49,1.7419,1.7419,5.448,False,keep,heuristic_default,1.7419,False,original_clean,,,185,
352,3,Desconocido,BR,15,pan,pan,False,Padaria e Matinais,Panes y Torradas,450g,BR,LOCAL,6.19,1.1362,1.1362,5.448,False,keep,heuristic_default,1.1362,False,original_clean,,,186,
353,3,Desconocido,BR,15,pan,pan,False,Padaria e Matinais,Panes y Torradas,400g,BR,LOCAL,9.69,1.7786,1.7786,5.448,False,keep,heuristic_default,1.7786,False,original_clean,,,187,
355,3,Desconocido,BR,3,pan,sin_categoria,True,Padaria e Matinais,Leites,1L,BR,LOCAL,6.09,1.1178,1.1178,5.448,False,keep_imputed,no_category_detected,1.1178,False,original_clean,,,188,
361,4,Desconocido,US,15,pan,pan,False,PAN MOLDE BLANCO FLOR DE ORO 550 G,Comparar,550 G,US,LOCAL,1.05,1.05,1.05,1.0,False,keep,heuristic_default,1.05,False,original_clean,,,189,
362,4,Desconocido,US,15,pan,pan,False,PAN MOLDE BLANCO MODERNA 550 G,Comparar,550 G,US,LOCAL,1.59,1.59,1.59,1.0,False,keep,heuristic_default,1.59,False,original_clean,,,190,
363,4,Desconocido,US,15,pan,pan,False,PAN MOLDE BLANCO SUPAN 550 G,Comparar,550 G,US,LOCAL,1.56,1.56,1.56,1.0,False,keep,heuristic_default,1.56,False,original_clean,,,191,
369,1,Desconocido,UNKNOWN,15,pan,pan,False,Panadería y Pastelería,Panadería,570 GR,UNKNOWN,LOCAL,2.49,2.49,2.49,1.0,False,keep,heuristic_default,2.49,False,original_clean,,,192,
370,1,Desconocido,UNKNOWN,15,pan,pan,False,Panadería y Pastelería,Panadería,580 GR,UNKNOWN,LOCAL,2.69,2.69,2.69,1.0,False,keep,heuristic_default,2.69,False,original_clean,,,193,
371,1,Desconocido,UNKNOWN,15,pan,pan,False,Panadería y Pastelería,Panadería,740 g,UNKNOWN,LOCAL,2.59,2.59,2.59,1.0,False,keep,heuristic_default,2.59,False,original_clean,,,194,
372,1,Desconocido,UNKNOWN,15,pan,pan,False,Panadería y Pastelería,Panadería,580 g,UNKNOWN,LOCAL,2.59,2.59,2.59,1.0,False,keep,heuristic_default,2.59,False,original_clean,,,195,
373,1,Desconocido,UNKNOWN,15,pan,pan,False,Panadería y repostería,Pan,500 g,UNKNOWN,LOCAL,1.95,1.95,1.95,1.0,False,keep,heuristic_default,1.95,False,original_clean,,,196,
374,1,Desconocido,UNKNOWN,15,pan,pan,False,Panadería y repostería,Pan,750 g,UNKNOWN,LOCAL,2.54,2.54,2.54,1.0,False,keep,heuristic_default,2.54,False,original_clean,,,197,
375,1,Desconocido,UNKNOWN,15,pan,pan,False,Panadería y repostería,Pan,740 g,UNKNOWN,LOCAL,2.19,2.19,2.19,1.0,False,keep,heuristic_default,2.19,False,original_clean,,,198,
377,1,Desconocido,UNKNOWN,15,pan,pan,False,Panadería y repostería,Pan,,UNKNOWN,LOCAL,1.76,1.76,1.76,1.0,False,keep,heuristic_default,1.76,False,original_clean,,,199,
385,1,Desconocido,UNKNOWN,18,huevo,huevo,False,Pasta spaghetti n°5 al huevo,400 g,400 g,UNKNOWN,LOCAL,1.22,1.22,1.22,1.0,False,keep_imputed,heuristic_default,1.22,False,original_clean,,,200,
387,3,Desconocido,BR,29,pasta seca,sin_categoria,True,Pratos Prontos e Massas Frescas,Massas Frescas,500g,BR,LOCAL,10.79,1.9805,1.9805,5.448,False,keep_imputed,no_category_detected,1.9805,False,original_clean,,,201,
388,3,Desconocido,BR,29,pasta seca,sin_categoria,True,Preços no Site e App podem ser diferentes das Lojas Físicas.,Shipping,500 G,BR,LOCAL,15.99,2.935,2.935,5.448,False,keep_imputed,no_category_detected,2.935,False,original_clean,,,202,
389,3,Desconocido,BR,23,cerveza,sin_categoria,True,Preços no Site e App podem ser diferentes das Lojas Físicas.,Shipping,255 Ml,BR,LOCAL,29.99,5.5048,5.5048,5.448,False,keep_imputed,no_category_detected,5.5048,False,original_clean,,,203,
390,3,Desconocido,BR,23,cerveza,sin_categoria,True,Preços no Site e App podem ser diferentes das Lojas Físicas.,Shipping,600 Ml,BR,LOCAL,24.99,4.587,4.587,5.448,False,keep_imputed,no_category_detected,4.587,False,original_clean,,,204,
391,3,Desconocido,BR,23,cerveza,sin_categoria,True,Preços no Site e App podem ser diferentes das Lojas Físicas.,Shipping,350 Ml,BR,LOCAL,24.99,4.587,4.587,5.448,False,keep_imputed,no_category_detected,4.587,False,original_clean,,,205,
392,3,Desconocido,BR,29,pasta seca,sin_categoria,True,Preços no Site e App podem ser diferentes das Lojas Físicas.,Shipping,1kg,BR,LOCAL,15.99,2.935,2.935,5.448,False,keep_imputed,no_category_detected,2.935,False,original_clean,,,206,
397,1,Desconocido,UNKNOWN,1,azucar,sin_categoria,True,Queso Semiduro,Danbo,1kg,UNKNOWN,LOCAL,1.0,1.0,1.0,1.0,False,keep_imputed,no_category_detected,1.0,False,original_clean,,,207,
401,3,Desconocido,BR,6,papa,sin_categoria,True,Refrigerante Coca-Cola Garrafa 2 L,"R$ 10,99",2 L,BR,LOCAL,10.99,2.0173,2.0173,5.448,False,keep_imputed,no_category_detected,2.0173,False,original_clean,,,208,
402,3,Desconocido,BR,6,papa,sin_categoria,True,Refrigerante Coca-Cola Garrafa 2 L,"R$ 11,49",2 L,BR,LOCAL,11.49,2.109,2.109,5.448,False,keep_imputed,no_category_detected,2.109,False,original_clean,,,209,
404,1,Desconocido,UNKNOWN,15,pan,pan,False,Resultados de búsqueda para: 'pan molde ta riko 450 g n 259628000',Ver como,450 g,UNKNOWN,LOCAL,1.45,1.45,1.45,1.0,False,keep,heuristic_default,1.45,False,original_clean,,,210,
406,1,Desconocido,UNKNOWN,14,cafe,cafe,False,Saltar menú Cenco,Monterrey,230 g,UNKNOWN,LOCAL,5.59,5.59,5.59,1.0,False,keep,heuristic_default,5.59,False,original_clean,,,211,
407,1,Desconocido,UNKNOWN,14,cafe,cafe,False,Saltar menú Cenco,Exclusivo online,100 g,UNKNOWN,LOCAL,6.89,6.89,6.89,1.0,False,keep,heuristic_default,6.89,False,original_clean,,,212,
408,1,Desconocido,UNKNOWN,14,cafe,cafe,False,Saltar menú Cenco,Cruzeiro,250 g,UNKNOWN,LOCAL,5.95,5.95,5.95,1.0,False,keep,heuristic_default,5.95,False,original_clean,,,213,
410,1,Desconocido,UNKNOWN,16,papa,papa,False,Saltar menú Cenco,Huertos del Ranco,1 kg,UNKNOWN,LOCAL,2.59,2.59,2.59,1.0,False,keep,heuristic_default,2.59,False,original_clean,,,214,
412,1,Desconocido,UNKNOWN,15,pan,pan,False,Saltar menú Cenco,Oferta,750 g,UNKNOWN,LOCAL,2.39,2.39,2.39,1.0,False,keep,heuristic_default,2.39,False,original_clean,,,215,
413,1,Desconocido,UNKNOWN,15,pan,pan,False,Saltar menú Cenco,Oferta,600 g,UNKNOWN,LOCAL,2.49,2.49,2.49,1.0,False,keep,heuristic_default,2.49,False,original_clean,,,216,
414,1,Desconocido,UNKNOWN,15,pan,pan,False,Saltar menú Cenco,Castaño,770 g,UNKNOWN,LOCAL,2.99,2.99,2.99,1.0,False,keep,heuristic_default,2.99,False,original_clean,,,217,
416,1,Desconocido,UNKNOWN,18,huevo,huevo,False,Saltar menú Cenco,Cintazul,12 unidades,UNKNOWN,LOCAL,4.19,4.19,4.19,1.0,False,keep_imputed,heuristic_default,4.19,False,original_clean,,,218,
417,1,Desconocido,UNKNOWN,18,huevo,huevo,False,Saltar menú Cenco,Coliumo,,UNKNOWN,LOCAL,3.99,3.99,3.99,1.0,False,keep_imputed,heuristic_default,3.99,False,original_clean,,,219,
418,1,Desconocido,UNKNOWN,18,huevo,huevo,False,Saltar menú Cenco,Ecoterra,,UNKNOWN,LOCAL,5.89,5.89,5.89,1.0,False,keep_imputed,heuristic_default,5.89,False,original_clean,,,220,
419,1,Desconocido,UNKNOWN,16,papa,papa,False,Saltar menú Cenco,Ariztía,480 g,UNKNOWN,LOCAL,8.78,8.78,8.78,1.0,False,keep,heuristic_default,8.78,False,original_clean,,,221,
420,1,Desconocido,UNKNOWN,32,pollo entero,pollo entero,False,Saltar menú Cenco,Agotado,2.3 kg,UNKNOWN,LOCAL,8.78,8.78,8.78,1.0,False,keep,heuristic_default,8.78,False,original_clean,,,222,
421,1,Desconocido,UNKNOWN,16,papa,papa,False,Saltar menú Cenco,Agotado,380 g,UNKNOWN,LOCAL,5.75,5.75,5.75,1.0,False,keep,heuristic_default,5.75,False,original_clean,,,223,
422,1,Desconocido,UNKNOWN,16,papa,papa,False,Saltar menú Cenco,Canto del Gallo,550 g,UNKNOWN,LOCAL,8.98,8.98,8.98,1.0,False,keep,heuristic_default,8.98,False,original_clean,,,224,
423,1,Desconocido,UNKNOWN,17,leche,leche,False,Saltar menú Cenco,Cuisine & Co,1 L,UNKNOWN,LOCAL,1.11,1.11,1.11,1.0,False,keep,heuristic_default,1.11,False,original_clean,,,225,
424,1,Desconocido,UNKNOWN,31,banano,banano,False,Saltar menú Cenco,Frutas y Verduras Propias,1 kg,UNKNOWN,LOCAL,1.29,1.29,1.29,1.0,False,keep,heuristic_default,1.29,False,original_clean,,,226,
426,6,Desconocido,PE,8,huevo,sin_categoria,True,Seja Bem Vindo à Plaza Vea,Abarrotes,10Kg,PE,LOCAL,43.0,12.1127,12.1127,3.55,False,keep_imputed,no_category_detected,12.1127,False,original_clean,,,227,
427,6,Desconocido,PE,8,huevo,sin_categoria,True,Seja Bem Vindo à Plaza Vea,Abarrotes,5Kg,PE,LOCAL,21.0,5.9155,5.9155,3.55,False,keep_imputed,no_category_detected,5.9155,False,original_clean,,,228,
430,6,Desconocido,PE,8,huevo,sin_categoria,True,Seja Bem Vindo à Plaza Vea,"Carnes, Aves y Pescados",1.5Kg,PE,LOCAL,14.0,3.9437,3.9437,3.55,False,keep_imputed,no_category_detected,3.9437,False,original_clean,,,229,
431,6,Desconocido,PE,8,huevo,sin_categoria,True,Seja Bem Vindo à Plaza Vea,"Carnes, Aves y Pescados",1.3Kg,PE,LOCAL,7.0,1.9718,1.9718,3.55,False,keep_imputed,no_category_detected,1.9718,False,original_clean,,,230,
432,6,Desconocido,PE,8,huevo,sin_categoria,True,Seja Bem Vindo à Plaza Vea,"Carnes, Aves y Pescados",1Kg,PE,LOCAL,12.0,3.3803,3.3803,3.55,False,keep_imputed,no_category_detected,3.3803,False,original_clean,,,231,
433,6,Desconocido,PE,2,cafe,sin_categoria,True,Seja Bem Vindo à Plaza Vea,Desayunos,500g,PE,LOCAL,58.0,16.338,16.338,3.55,False,keep_imputed,no_category_detected,16.338,False,original_clean,,,232,
434,6,Desconocido,PE,2,cafe,sin_categoria,True,Seja Bem Vindo à Plaza Vea,Desayunos,150g,PE,LOCAL,26.0,7.3239,7.3239,3.55,False,keep_imputed,no_category_detected,7.3239,False,original_clean,,,233,
435,6,Desconocido,PE,4,aceite vegetal,sin_categoria,True,Seja Bem Vindo à Plaza Vea,Abarrotes,3L,PE,LOCAL,20.0,5.6338,5.6338,3.55,False,keep_imputed,no_category_detected,5.6338,False,original_clean,,,234,
436,6,Desconocido,PE,4,aceite vegetal,sin_categoria,True,Seja Bem Vindo à Plaza Vea,Abarrotes,900ml,PE,LOCAL,6.0,1.6901,1.6901,3.55,False,keep_imputed,no_category_detected,1.6901,False,original_clean,,,235,
437,6,Desconocido,PE,4,aceite vegetal,sin_categoria,True,Seja Bem Vindo à Plaza Vea,Abarrotes,5L,PE,LOCAL,34.0,9.5775,9.5775,3.55,False,keep_imputed,no_category_detected,9.5775,False,original_clean,,,236,
438,6,Desconocido,PE,17,leche,leche,False,Seja Bem Vindo à Plaza Vea,Makro,1L,PE,LOCAL,16.92,4.7662,4.7662,3.55,False,keep,heuristic_default,4.7662,False,original_clean,,,237,
439,6,Desconocido,PE,18,huevo,huevo,False,Seja Bem Vindo à Plaza Vea,Lácteos y Huevos,800ml,PE,LOCAL,4.0,1.1268,1.1268,3.55,False,keep_imputed,heuristic_default,1.1268,False,original_clean,,,238,
440,6,Desconocido,PE,18,huevo,huevo,False,Seja Bem Vindo à Plaza Vea,Lácteos y Huevos,900ml,PE,LOCAL,7.0,1.9718,1.9718,3.55,False,keep_imputed,heuristic_default,1.9718,False,original_clean,,,239,
441,6,Desconocido,PE,18,huevo,huevo,False,Seja Bem Vindo à Plaza Vea,Lácteos y Huevos,1Kg,PE,LOCAL,13.0,3.662,3.662,3.55,False,keep_imputed,heuristic_default,3.662,False,original_clean,,,240,
442,6,Desconocido,PE,8,huevo,sin_categoria,True,Seja Bem Vindo à Plaza Vea,Abarrotes,1Kg,PE,LOCAL,4.0,1.1268,1.1268,3.55,False,keep_imputed,no_category_detected,1.1268,False,original_clean,,,241,
443,6,Desconocido,PE,3,pan,sin_categoria,True,Seja Bem Vindo à Plaza Vea,Panadería y Pastelería,600g,PE,LOCAL,8.0,2.2535,2.2535,3.55,False,keep_imputed,no_category_detected,2.2535,False,original_clean,,,242,
444,6,Desconocido,PE,3,pan,sin_categoria,True,Seja Bem Vindo à Plaza Vea,Panadería y Pastelería,495g,PE,LOCAL,11.0,3.0986,3.0986,3.55,False,keep_imputed,no_category_detected,3.0986,False,original_clean,,,243,
445,6,Desconocido,PE,3,pan,sin_categoria,True,Seja Bem Vindo à Plaza Vea,Panadería y Pastelería,500g,PE,LOCAL,6.0,1.6901,1.6901,3.55,False,keep_imputed,no_category_detected,1.6901,False,original_clean,,,244,
446,6,Desconocido,PE,3,pan,sin_categoria,True,Seja Bem Vindo à Plaza Vea,Panadería y Pastelería,810g,PE,LOCAL,11.0,3.0986,3.0986,3.55,False,keep_imputed,no_category_detected,3.0986,False,original_clean,,,245,
447,6,Desconocido,PE,8,huevo,sin_categoria,True,Seja Bem Vindo à Plaza Vea,Abarrotes,500g,PE,LOCAL,11.0,3.0986,3.0986,3.55,False,keep_imputed,no_category_detected,3.0986,False,original_clean,,,246,
448,6,Desconocido,PE,8,huevo,sin_categoria,True,Seja Bem Vindo à Plaza Vea,Abarrotes,950g,PE,LOCAL,5.0,1.4085,1.4085,3.55,False,keep_imputed,no_category_detected,1.4085,False,original_clean,,,247,
449,6,Desconocido,PE,21,atun,sin_categoria,True,Seja Bem Vindo à Plaza Vea,Abarrotes,160g,PE,LOCAL,19.0,5.3521,5.3521,3.55,False,keep_imputed,no_category_detected,5.3521,False,original_clean,,,248,
450,6,Desconocido,PE,21,atun,sin_categoria,True,Seja Bem Vindo à Plaza Vea,Abarrotes,170g,PE,LOCAL,25.0,7.0423,7.0423,3.55,False,keep_imputed,no_category_detected,7.0423,False,original_clean,,,249,
474,4,Desconocido,US,2,cafe,sin_categoria,True,Selecciona un local,X,000 Ml,US,LOCAL,12.0,12.0,12.0,1.0,False,keep_imputed,no_category_detected,12.0,False,original_clean,,,250,
475,4,Desconocido,US,2,cafe,sin_categoria,True,Selecciona un local,X,1000 Ml,US,LOCAL,12.0,12.0,12.0,1.0,False,keep_imputed,no_category_detected,12.0,False,original_clean,,,251,
476,4,Desconocido,US,2,cafe,sin_categoria,True,Selecciona un local,X,,US,LOCAL,12.0,12.0,12.0,1.0,False,keep_imputed,no_category_detected,12.0,False,original_clean,,,252,
477,1,Desconocido,UNKNOWN,2,cafe,sin_categoria,True,Selecciona un local,X,,UNKNOWN,LOCAL,12.0,12.0,12.0,1.0,False,keep_imputed,no_category_detected,12.0,False,original_clean,,,253,
478,4,Desconocido,US,2,cafe,sin_categoria,True,Selecciona un local,X,250 Ml,US,LOCAL,12.0,12.0,12.0,1.0,False,keep_imputed,no_category_detected,12.0,False,original_clean,,,254,
479,4,Desconocido,US,2,cafe,sin_categoria,True,Selecciona un local,X,355 ML,US,LOCAL,12.0,12.0,12.0,1.0,False,keep_imputed,no_category_detected,12.0,False,original_clean,,,255,
480,4,Desconocido,US,1,azucar,sin_categoria,True,Selecciona un local,X,330 ML,US,LOCAL,12.0,12.0,12.0,1.0,False,keep_imputed,no_category_detected,12.0,False,original_clean,,,256,
481,4,Desconocido,US,2,cafe,sin_categoria,True,Selecciona un local,X,550 G,US,LOCAL,12.0,12.0,12.0,1.0,False,keep_imputed,no_category_detected,12.0,False,original_clean,,,257,
482,1,Desconocido,UNKNOWN,2,cafe,sin_categoria,True,Selecciona un local,X,3 L,UNKNOWN,LOCAL,12.0,12.0,12.0,1.0,False,keep_imputed,no_category_detected,12.0,False,original_clean,,,258,
483,4,Desconocido,US,2,cafe,sin_categoria,True,Selecciona un local,X,500 G,US,LOCAL,12.0,12.0,12.0,1.0,False,keep_imputed,no_category_detected,12.0,False,original_clean,,,259,
484,1,Desconocido,UNKNOWN,2,cafe,sin_categoria,True,Selecciona un local,X,"1,25 L",UNKNOWN,LOCAL,12.0,12.0,12.0,1.0,False,keep_imputed,no_category_detected,12.0,False,original_clean,,,260,
485,4,Desconocido,US,2,cafe,sin_categoria,True,Selecciona un local,X,500 Ml,US,LOCAL,12.0,12.0,12.0,1.0,False,keep_imputed,no_category_detected,12.0,False,original_clean,,,261,
486,4,Desconocido,US,2,cafe,sin_categoria,True,Selecciona un local,X,355 Ml,US,LOCAL,12.0,12.0,12.0,1.0,False,keep_imputed,no_category_detected,12.0,False,original_clean,,,262,
487,4,Desconocido,US,2,cafe,sin_categoria,True,Selecciona un local,X,400 G,US,LOCAL,12.0,12.0,12.0,1.0,False,keep_imputed,no_category_detected,12.0,False,original_clean,,,263,
488,4,Desconocido,US,2,cafe,sin_categoria,True,Selecciona un local,X,1 kg,US,LOCAL,12.0,12.0,12.0,1.0,False,keep_imputed,no_category_detected,12.0,False,original_clean,,,264,
489,4,Desconocido,US,2,cafe,sin_categoria,True,Selecciona un local,X,250 G,US,LOCAL,12.0,12.0,12.0,1.0,False,keep_imputed,no_category_detected,12.0,False,original_clean,,,265,
490,4,Desconocido,US,2,cafe,sin_categoria,True,Selecciona un local,X,5000 g,US,LOCAL,12.0,12.0,12.0,1.0,False,keep_imputed,no_category_detected,12.0,False,original_clean,,,266,
491,1,Desconocido,UNKNOWN,2,cafe,sin_categoria,True,Selecciona un local,X,750 ML,UNKNOWN,LOCAL,12.0,12.0,12.0,1.0,False,keep_imputed,no_category_detected,12.0,False,original_clean,,,267,
492,4,Desconocido,US,2,cafe,sin_categoria,True,Selecciona un local,X,1000 G,US,LOCAL,12.0,12.0,12.0,1.0,False,keep_imputed,no_category_detected,12.0,False,original_clean,,,268,
493,4,Desconocido,US,2,cafe,sin_categoria,True,Selecciona un local,X,5000 G,US,LOCAL,12.0,12.0,12.0,1.0,False,keep_imputed,no_category_detected,12.0,False,original_clean,,,269,
494,3,Desconocido,BR,13,azucar,azucar,False,Sem Açúcar,"R$ 9,49",2L,BR,LOCAL,9.49,1.7419,1.7419,5.448,False,keep,heuristic_default,1.7419,False,original_clean,,,270,
495,3,Desconocido,BR,13,azucar,azucar,False,Sem Açúcar,"R$ 8,49",2L,BR,LOCAL,8.49,1.5584,1.5584,5.448,False,keep,heuristic_default,1.5584,False,original_clean,,,271,
496,3,Desconocido,BR,1,azucar,sin_categoria,True,SEM GLÚTEN,1,200 G,BR,LOCAL,24.99,4.587,4.587,5.448,False,keep_imputed,no_category_detected,4.587,False,original_clean,,,272,
497,3,Desconocido,BR,23,cerveza,sin_categoria,True,SEM GLÚTEN,1,275 Ml,BR,LOCAL,24.99,4.587,4.587,5.448,False,keep_imputed,no_category_detected,4.587,False,original_clean,,,273,
498,1,Desconocido,UNKNOWN,31,banano,banano,False,SOL NACIENTE,Unidades disponibles,12 unidades,UNKNOWN,LOCAL,1.0,1.0,1.0,1.0,False,keep,heuristic_default,1.0,False,original_clean,,,274,
499,1,Desconocido,UNKNOWN,13,azucar,azucar,False,This app could not find url /acucar-cristal-organico-itaja-1-kg-100002544/p,Preferências,,UNKNOWN,LOCAL,1.0,1.0,1.0,1.0,False,keep,heuristic_default,1.0,False,original_clean,,,275,
500,1,Desconocido,UNKNOWN,13,azucar,azucar,False,This app could not find url /acucar-extra-fino-mais-doce-1-kg-3783/p,Preferências,,UNKNOWN,LOCAL,1.0,1.0,1.0,1.0,False,keep,heuristic_default,1.0,False,original_clean,,,276,
501,1,Desconocido,UNKNOWN,10,arroz,arroz,False,This app could not find url /arroz-camil-1-kg-100004793/p,Preferências,,UNKNOWN,LOCAL,1.0,1.0,1.0,1.0,False,keep,heuristic_default,1.0,False,original_clean,,,277,
502,1,Desconocido,UNKNOWN,22,cerveza,cerveza,False,This app could not find url /cerveja-pure-gold-long-neck-stella-artois-sem-gluten-330-ml-100008859/p,Preferências,,UNKNOWN,LOCAL,1.0,1.0,1.0,1.0,False,keep,heuristic_default,1.0,False,original_clean,,,278,
505,2,Chedraui,MX,15,pan,pan,False,Tortilleria y pan empacados,Natures Own,624g,MX,LOCAL,72.0,3.8668,3.8668,18.62,False,keep,heuristic_default,3.8668,False,original_clean,,,279,
508,1,Desconocido,UNKNOWN,22,cerveza,cerveza,False,Valoramos tu privacidad,Personalizar,330ml,UNKNOWN,LOCAL,5.8,5.8,5.8,1.0,False,keep,heuristic_default,5.8,False,original_clean,,,280,
510,1,Desconocido,UNKNOWN,15,pan,pan,False,Valoramos tu privacidad,Personalizar,750g,UNKNOWN,LOCAL,1.89,1.89,1.89,1.0,False,keep,heuristic_default,1.89,False,original_clean,,,281,
511,1,Desconocido,UNKNOWN,15,pan,pan,False,Valoramos tu privacidad,Personalizar,550g,UNKNOWN,LOCAL,1.54,1.54,1.54,1.0,False,keep,heuristic_default,1.54,False,original_clean,,,282,
512,1,Desconocido,UNKNOWN,15,pan,pan,False,Valoramos tu privacidad,Personalizar,580g,UNKNOWN,LOCAL,1.99,1.99,1.99,1.0,False,keep,heuristic_default,1.99,False,original_clean,,,283,
513,1,Desconocido,UNKNOWN,13,azucar,azucar,False,Valoramos tu privacidad,Personalizar,3.05 L,UNKNOWN,LOCAL,2.62,2.62,2.62,1.0,False,keep,heuristic_default,2.62,False,original_clean,,,284,
518,1,Desconocido,UNKNOWN,10,arroz,arroz,False,Valoramos tu privacidad,Personalizar,10Kg,UNKNOWN,LOCAL,10.45,10.45,10.45,1.0,False,keep,heuristic_default,10.45,False,original_clean,,,285,
519,1,Desconocido,UNKNOWN,10,arroz,arroz,False,Valoramos tu privacidad,Personalizar,5kg,UNKNOWN,LOCAL,6.45,6.45,6.45,1.0,False,keep,heuristic_default,6.45,False,original_clean,,,286,
520,1,Desconocido,UNKNOWN,10,arroz,arroz,False,Valoramos tu privacidad,Personalizar,400g,UNKNOWN,LOCAL,1.14,1.14,1.14,1.0,False,keep,heuristic_default,1.14,False,original_clean,,,287,
521,1,Desconocido,UNKNOWN,10,arroz,arroz,False,Valoramos tu privacidad,Personalizar,500g,UNKNOWN,LOCAL,2.25,2.25,2.25,1.0,False,keep,heuristic_default,2.25,False,original_clean,,,288,
522,1,Desconocido,UNKNOWN,13,azucar,azucar,False,Valoramos tu privacidad,Personalizar,2 kg,UNKNOWN,LOCAL,1.89,1.89,1.89,1.0,False,keep,heuristic_default,1.89,False,original_clean,,,289,
524,1,Desconocido,UNKNOWN,16,papa,papa,False,Verduras Congeladas,FRUTOS DEL MAIPO,1 Kg,UNKNOWN,LOCAL,3.99,3.99,3.99,1.0,False,keep,heuristic_default,3.99,False,original_clean,,,290,
576,8,Desconocido,MX,8,huevo,sin_categoria,True,¡Nueva tarjeta de crédito HEB Afirme!,Consigue la tuya aquí,900 g,MX,LOCAL,21.0,1.1278,1.1278,18.62,False,keep_imputed,no_category_detected,1.1278,False,original_clean,,,291,
577,8,Desconocido,MX,1,azucar,sin_categoria,True,¡Nueva tarjeta de crédito HEB Afirme!,Consigue la tuya aquí,1 kg,MX,LOCAL,24.0,1.2889,1.2889,18.62,False,keep_imputed,no_category_detected,1.2889,False,original_clean,,,292,
578,8,Desconocido,MX,8,huevo,sin_categoria,True,¡Nueva tarjeta de crédito HEB Afirme!,Consigue la tuya aquí,1 L,MX,LOCAL,37.0,1.9871,1.9871,18.62,False,keep_imputed,no_category_detected,1.9871,False,original_clean,,,293,
579,8,Desconocido,MX,7,aceite vegetal,aceite vegetal,False,¡Nueva tarjeta de crédito HEB Afirme!,Consigue la tuya aquí,900 Ml,MX,LOCAL,34.9,1.8743,1.8743,18.62,False,keep,heuristic_default,1.8743,False,original_clean,,,294,
580,8,Desconocido,MX,2,cafe,sin_categoria,True,¡Nueva tarjeta de crédito HEB Afirme!,Consigue la tuya aquí,,MX,LOCAL,84.5,4.5381,4.5381,18.62,False,keep_imputed,no_category_detected,4.5381,False,original_clean,,,295,
581,8,Desconocido,MX,1,azucar,sin_categoria,True,¡Nueva tarjeta de crédito HEB Afirme!,Consigue la tuya aquí,680 g,MX,LOCAL,35.0,1.8797,1.8797,18.62,False,keep_imputed,no_category_detected,1.8797,False,original_clean,,,296,
582,8,Desconocido,MX,13,azucar,azucar,False,¡Nueva tarjeta de crédito HEB Afirme!,Consigue la tuya aquí,425 g,MX,LOCAL,65.0,3.4909,3.4909,18.62,False,keep,heuristic_default,3.4909,False,original_clean,,,297,
583,8,Desconocido,MX,13,azucar,azucar,False,¡Nueva tarjeta de crédito HEB Afirme!,Consigue la tuya aquí,750 g,MX,LOCAL,20.5,1.101,1.101,18.62,False,keep,heuristic_default,1.101,False,original_clean,,,298,
584,8,Desconocido,MX,8,huevo,sin_categoria,True,¡Nueva tarjeta de crédito HEB Afirme!,Consigue la tuya aquí,907 g,MX,LOCAL,46.0,2.4705,2.4705,18.62,False,keep_imputed,no_category_detected,2.4705,False,original_clean,,,299,
585,8,Desconocido,MX,14,cafe,cafe,False,¡Nueva tarjeta de crédito HEB Afirme!,Consigue la tuya aquí,120 g,MX,LOCAL,98.0,5.2632,5.2632,18.62,False,keep,heuristic_default,5.2632,False,original_clean,,,300,
586,8,Desconocido,MX,14,cafe,cafe,False,¡Nueva tarjeta de crédito HEB Afirme!,Consigue la tuya aquí,90 g,MX,LOCAL,51.9,2.7873,2.7873,18.62,False,keep,heuristic_default,2.7873,False,original_clean,,,301,
587,8,Desconocido,MX,2,cafe,sin_categoria,True,¡Nueva tarjeta de crédito HEB Afirme!,Consigue la tuya aquí,100 g,MX,LOCAL,71.0,3.8131,3.8131,18.62,False,keep_imputed,no_category_detected,3.8131,False,original_clean,,,302,
588,8,Desconocido,MX,2,cafe,sin_categoria,True,¡Nueva tarjeta de crédito HEB Afirme!,Consigue la tuya aquí,180 Gr,MX,LOCAL,140.0,7.5188,7.5188,18.62,False,keep_imputed,no_category_detected,7.5188,False,original_clean,,,303,
589,8,Desconocido,MX,18,huevo,huevo,False,¡Nueva tarjeta de crédito HEB Afirme!,Consigue la tuya aquí,60 g,MX,LOCAL,79.9,4.2911,4.2911,18.62,False,keep_imputed,heuristic_default,4.2911,False,original_clean,,,304,
590,8,Desconocido,MX,8,huevo,sin_categoria,True,¡Nueva tarjeta de crédito HEB Afirme!,Consigue la tuya aquí,30 piezas,MX,LOCAL,94.0,5.0483,5.0483,18.62,False,keep_imputed,no_category_detected,5.0483,False,original_clean,,,305,
592,1,Desconocido,UNKNOWN,7,aceite vegetal,aceite vegetal,False,¡Qué mal! Justo se agotó,ARIZTIA,1 Kg,UNKNOWN,LOCAL,3.99,3.99,3.99,1.0,False,keep,heuristic_default,3.99,False,original_clean,,,306,
597,6,Desconocido,PE,14,cafe,cafe,False,¿Que buscas hoy?,Elegir,170g,PE,LOCAL,37.0,10.4225,10.4225,3.55,False,keep,heuristic_default,10.4225,False,original_clean,,,307,
598,6,Desconocido,PE,14,cafe,cafe,False,¿Que buscas hoy?,Elegir,454g,PE,LOCAL,45.0,12.6761,12.6761,3.55,False,keep,heuristic_default,12.6761,False,original_clean,,,308,
599,6,Desconocido,PE,14,cafe,cafe,False,¿Que buscas hoy?,Elegir,200g,PE,LOCAL,27.9,7.8592,7.8592,3.55,False,keep,heuristic_default,7.8592,False,original_clean,,,309,
601,6,Desconocido,PE,14,cafe,cafe,False,¿Que buscas hoy?,Elegir,500g,PE,LOCAL,6.1,1.7183,1.7183,3.55,False,keep,heuristic_default,1.7183,False,original_clean,,,310,
604,6,Desconocido,PE,17,leche,leche,False,¿Que buscas hoy?,Elegir,800ml,PE,LOCAL,5.5,1.5493,1.5493,3.55,False,keep,heuristic_default,1.5493,False,original_clean,,,311,
605,6,Desconocido,PE,13,azucar,azucar,False,¿Que buscas hoy?,Elegir,1L,PE,LOCAL,11.9,3.3521,3.3521,3.55,False,keep,heuristic_default,3.3521,False,original_clean,,,312,
606,6,Desconocido,PE,18,huevo,huevo,False,¿Que buscas hoy?,Elegir,30 unidades,PE,LOCAL,16.5,4.6479,4.6479,3.55,False,keep_imputed,heuristic_default,4.6479,False,original_clean,,,313,
607,6,Desconocido,PE,18,huevo,huevo,False,¿Que buscas hoy?,Elegir,30 Unidades,PE,LOCAL,20.9,5.8873,5.8873,3.55,False,keep_imputed,heuristic_default,5.8873,False,original_clean,,,314,
608,6,Desconocido,PE,18,huevo,huevo,False,¿Que buscas hoy?,Elegir,15 unidades,PE,LOCAL,16.5,4.6479,4.6479,3.55,False,keep_imputed,heuristic_default,4.6479,False,original_clean,,,315,
609,6,Desconocido,PE,15,pan,pan,False,¿Que buscas hoy?,Elegir,770g,PE,LOCAL,16.5,4.6479,4.6479,3.55,False,keep,heuristic_default,4.6479,False,original_clean,,,316,
611,6,Desconocido,PE,15,pan,pan,False,¿Que buscas hoy?,Elegir,560 g,PE,LOCAL,10.9,3.0704,3.0704,3.55,False,keep,heuristic_default,3.0704,False,original_clean,,,317,
612,6,Desconocido,PE,17,leche,leche,False,¿Que buscas hoy?,Elegir,540g,PE,LOCAL,10.9,3.0704,3.0704,3.55,False,keep,heuristic_default,3.0704,False,original_clean,,,318,
615,6,Desconocido,PE,24,atun,atun,False,¿Que buscas hoy?,Elegir,150g,PE,LOCAL,4.6,1.2958,1.2958,3.55,False,keep,heuristic_default,1.2958,False,original_clean,,,319,
616,6,Desconocido,PE,24,atun,atun,False,¿Que buscas hoy?,Elegir,140g,PE,LOCAL,6.4,1.8028,1.8028,3.55,False,keep,heuristic_default,1.8028,False,original_clean,,,320,
624,1,Desconocido,UNKNOWN,14,cafe,cafe,False,‎ ‎ ‎ ‎ ‎ ‎ ‎ ‎ ‎ ‎ ‎ ‎ ‎ ‎ ‎ ‎ ‎ ‎ ‎ ‎ ‎ ‎ ‎ ‎ ‎ ‎ ‎ ‎ ‎ ‎ ‎ ‎ ‎ ‎ ‎ ‎ ‎ ‎ ‎ ‎ ‎ ‎ ‎ ‎ ‎ ‎ ‎ ‎ ‎ ‎ ‎ ‎ ‎ ‎ ‎ ‎ ‎ ‎ ‎ ‎ ‎ ‎ ‎ ‎ ‎ ‎ ‎ ‎ ‎ ‎ Hazte Socio Diamante para disfrutar de ofertas y beneficios exclusivos.,📍,170 g,UNKNOWN,LOCAL,7.99,7.99,7.99,1.0,False,keep,heuristic_default,7.99,False,original_clean,,,321,
625,1,Desconocido,UNKNOWN,14,cafe,cafe,False,‎ ‎ ‎ ‎ ‎ ‎ ‎ ‎ ‎ ‎ ‎ ‎ ‎ ‎ ‎ ‎ ‎ ‎ ‎ ‎ ‎ ‎ ‎ ‎ ‎ ‎ ‎ ‎ ‎ ‎ ‎ ‎ ‎ ‎ ‎ ‎ ‎ ‎ ‎ ‎ ‎ ‎ ‎ ‎ ‎ ‎ ‎ ‎ ‎ ‎ ‎ ‎ ‎ ‎ ‎ ‎ ‎ ‎ ‎ ‎ ‎ ‎ ‎ ‎ ‎ ‎ ‎ ‎ ‎ ‎ Hazte Socio Diamante para disfrutar de ofertas y beneficios exclusivos.,📍,227 g,UNKNOWN,LOCAL,14.59,14.59,14.59,1.0,False,keep,heuristic_default,14.59,False,original_clean,,,322,
626,1,Desconocido,UNKNOWN,14,cafe,cafe,False,‎ ‎ ‎ ‎ ‎ ‎ ‎ ‎ ‎ ‎ ‎ ‎ ‎ ‎ ‎ ‎ ‎ ‎ ‎ ‎ ‎ ‎ ‎ ‎ ‎ ‎ ‎ ‎ ‎ ‎ ‎ ‎ ‎ ‎ ‎ ‎ ‎ ‎ ‎ ‎ ‎ ‎ ‎ ‎ ‎ ‎ ‎ ‎ ‎ ‎ ‎ ‎ ‎ ‎ ‎ ‎ ‎ ‎ ‎ ‎ ‎ ‎ ‎ ‎ ‎ ‎ ‎ ‎ ‎ ‎ Hazte Socio Diamante para disfrutar de ofertas y beneficios exclusivos.,📍,250 g,UNKNOWN,LOCAL,1.25,1.25,1.25,1.0,False,keep,heuristic_default,1.25,False,original_clean,,,323,
627,1,Desconocido,UNKNOWN,16,papa,papa,False,‎ ‎ ‎ ‎ ‎ ‎ ‎ ‎ ‎ ‎ ‎ ‎ ‎ ‎ ‎ ‎ ‎ ‎ ‎ ‎ ‎ ‎ ‎ ‎ ‎ ‎ ‎ ‎ ‎ ‎ ‎ ‎ ‎ ‎ ‎ ‎ ‎ ‎ ‎ ‎ ‎ ‎ ‎ ‎ ‎ ‎ ‎ ‎ ‎ ‎ ‎ ‎ ‎ ‎ ‎ ‎ ‎ ‎ ‎ ‎ ‎ ‎ ‎ ‎ ‎ ‎ ‎ ‎ ‎ ‎ Hazte Socio Diamante para disfrutar de ofertas y beneficios exclusivos.,📍,2 Kg,UNKNOWN,LOCAL,1.99,1.99,1.99,1.0,False,keep,heuristic_default,1.99,False,original_clean,,,324,
629,1,Desconocido,UNKNOWN,16,papa,papa,False,‎ ‎ ‎ ‎ ‎ ‎ ‎ ‎ ‎ ‎ ‎ ‎ ‎ ‎ ‎ ‎ ‎ ‎ ‎ ‎ ‎ ‎ ‎ ‎ ‎ ‎ ‎ ‎ ‎ ‎ ‎ ‎ ‎ ‎ ‎ ‎ ‎ ‎ ‎ ‎ ‎ ‎ ‎ ‎ ‎ ‎ ‎ ‎ ‎ ‎ ‎ ‎ ‎ ‎ ‎ ‎ ‎ ‎ ‎ ‎ ‎ ‎ ‎ ‎ ‎ ‎ ‎ ‎ ‎ ‎ Hazte Socio Diamante para disfrutar de ofertas y beneficios exclusivos.,📍,1.3 Kg,UNKNOWN,LOCAL,1.35,1.35,1.35,1.0,False,keep,heuristic_default,1.35,False,original_clean,,,325,
630,1,Desconocido,UNKNOWN,15,pan,pan,False,‎ ‎ ‎ ‎ ‎ ‎ ‎ ‎ ‎ ‎ ‎ ‎ ‎ ‎ ‎ ‎ ‎ ‎ ‎ ‎ ‎ ‎ ‎ ‎ ‎ ‎ ‎ ‎ ‎ ‎ ‎ ‎ ‎ ‎ ‎ ‎ ‎ ‎ ‎ ‎ ‎ ‎ ‎ ‎ ‎ ‎ ‎ ‎ ‎ ‎ ‎ ‎ ‎ ‎ ‎ ‎ ‎ ‎ ‎ ‎ ‎ ‎ ‎ ‎ ‎ ‎ ‎ ‎ ‎ ‎ Hazte Socio Diamante para disfrutar de ofertas y beneficios exclusivos.,📍,750 g,UNKNOWN,LOCAL,2.55,2.55,2.55,1.0,False,keep,heuristic_default,2.55,False,original_clean,,,326,
631,1,Desconocido,UNKNOWN,15,pan,pan,False,‎ ‎ ‎ ‎ ‎ ‎ ‎ ‎ ‎ ‎ ‎ ‎ ‎ ‎ ‎ ‎ ‎ ‎ ‎ ‎ ‎ ‎ ‎ ‎ ‎ ‎ ‎ ‎ ‎ ‎ ‎ ‎ ‎ ‎ ‎ ‎ ‎ ‎ ‎ ‎ ‎ ‎ ‎ ‎ ‎ ‎ ‎ ‎ ‎ ‎ ‎ ‎ ‎ ‎ ‎ ‎ ‎ ‎ ‎ ‎ ‎ ‎ ‎ ‎ ‎ ‎ ‎ ‎ ‎ ‎ Hazte Socio Diamante para disfrutar de ofertas y beneficios exclusivos.,📍,650 g,UNKNOWN,LOCAL,3.15,3.15,3.15,1.0,False,keep,heuristic_default,3.15,False,original_clean,,,327,
632,1,Desconocido,UNKNOWN,25,refresco de cola,refresco de cola,False,‎ ‎ ‎ ‎ ‎ ‎ ‎ ‎ ‎ ‎ ‎ ‎ ‎ ‎ ‎ ‎ ‎ ‎ ‎ ‎ ‎ ‎ ‎ ‎ ‎ ‎ ‎ ‎ ‎ ‎ ‎ ‎ ‎ ‎ ‎ ‎ ‎ ‎ ‎ ‎ ‎ ‎ ‎ ‎ ‎ ‎ ‎ ‎ ‎ ‎ ‎ ‎ ‎ ‎ ‎ ‎ ‎ ‎ ‎ ‎ ‎ ‎ ‎ ‎ ‎ ‎ ‎ ‎ ‎ ‎ Hazte Socio Diamante para disfrutar de ofertas y beneficios exclusivos.,📍,1.5 L,UNKNOWN,LOCAL,2.15,2.15,2.15,1.0,False,keep_imputed,no_category_detected,2.15,False,original_clean,,,328,
633,1,Desconocido,UNKNOWN,16,papa,papa,False,‎ ‎ ‎ ‎ ‎ ‎ ‎ ‎ ‎ ‎ ‎ ‎ ‎ ‎ ‎ ‎ ‎ ‎ ‎ ‎ ‎ ‎ ‎ ‎ ‎ ‎ ‎ ‎ ‎ ‎ ‎ ‎ ‎ ‎ ‎ ‎ ‎ ‎ ‎ ‎ ‎ ‎ ‎ ‎ ‎ ‎ ‎ ‎ ‎ ‎ ‎ ‎ ‎ ‎ ‎ ‎ ‎ ‎ ‎ ‎ ‎ ‎ ‎ ‎ ‎ ‎ ‎ ‎ ‎ ‎ Hazte Socio Diamante para disfrutar de ofertas y beneficios exclusivos.,📍,1 Kg,UNKNOWN,LOCAL,1.99,1.99,1.99,1.0,False,keep,heuristic_default,1.99,False,original_clean,,,329,
634,1,Desconocido,UNKNOWN,16,papa,papa,False,‎ ‎ ‎ ‎ ‎ ‎ ‎ ‎ ‎ ‎ ‎ ‎ ‎ ‎ ‎ ‎ ‎ ‎ ‎ ‎ ‎ ‎ ‎ ‎ ‎ ‎ ‎ ‎ ‎ ‎ ‎ ‎ ‎ ‎ ‎ ‎ ‎ ‎ ‎ ‎ ‎ ‎ ‎ ‎ ‎ ‎ ‎ ‎ ‎ ‎ ‎ ‎ ‎ ‎ ‎ ‎ ‎ ‎ ‎ ‎ ‎ ‎ ‎ ‎ ‎ ‎ ‎ ‎ ‎ ‎ Hazte Socio Diamante para disfrutar de ofertas y beneficios exclusivos.,📍,300 g,UNKNOWN,LOCAL,1.99,1.99,1.99,1.0,False,keep,heuristic_default,1.99,False,original_clean,,,330,
635,1,Desconocido,UNKNOWN,18,huevo,huevo,False,‎ ‎ ‎ ‎ ‎ ‎ ‎ ‎ ‎ ‎ ‎ ‎ ‎ ‎ ‎ ‎ ‎ ‎ ‎ ‎ ‎ ‎ ‎ ‎ ‎ ‎ ‎ ‎ ‎ ‎ ‎ ‎ ‎ ‎ ‎ ‎ ‎ ‎ ‎ ‎ ‎ ‎ ‎ ‎ ‎ ‎ ‎ ‎ ‎ ‎ ‎ ‎ ‎ ‎ ‎ ‎ ‎ ‎ ‎ ‎ ‎ ‎ ‎ ‎ ‎ ‎ ‎ ‎ ‎ ‎ Hazte Socio Diamante para disfrutar de ofertas y beneficios exclusivos.,📍,12 unidad,UNKNOWN,LOCAL,5.55,5.55,5.55,1.0,False,keep_imputed,heuristic_default,5.55,False,original_clean,,,331,
636,1,Desconocido,UNKNOWN,18,huevo,huevo,False,‎ ‎ ‎ ‎ ‎ ‎ ‎ ‎ ‎ ‎ ‎ ‎ ‎ ‎ ‎ ‎ ‎ ‎ ‎ ‎ ‎ ‎ ‎ ‎ ‎ ‎ ‎ ‎ ‎ ‎ ‎ ‎ ‎ ‎ ‎ ‎ ‎ ‎ ‎ ‎ ‎ ‎ ‎ ‎ ‎ ‎ ‎ ‎ ‎ ‎ ‎ ‎ ‎ ‎ ‎ ‎ ‎ ‎ ‎ ‎ ‎ ‎ ‎ ‎ ‎ ‎ ‎ ‎ ‎ ‎ Hazte Socio Diamante para disfrutar de ofertas y beneficios exclusivos.,📍,20 unidad,UNKNOWN,LOCAL,7.39,7.39,7.39,1.0,False,keep_imputed,heuristic_default,7.39,False,original_clean,,,332,
8,1,Desconocido,UNKNOWN,3,pan,sin_categoria,True,(Gr a $ 21),$ 10.550,,UNKNOWN,LOCAL,21.0,21.0,,1.0,True,keep_imputed,no_category_detected [precio_usd fuera de rango 1–20],3.705,True,median_category_country,3.705,3.705,333,
9,1,Desconocido,UNKNOWN,3,pan,sin_categoria,True,(Gr a $ 21),20,,UNKNOWN,LOCAL,21.0,21.0,,1.0,True,keep_imputed,no_category_detected [precio_usd fuera de rango 1–20],3.705,True,median_category_country,3.705,3.705,334,
10,1,Desconocido,UNKNOWN,3,pan,sin_categoria,True,(Gr a $ 23),$ 11.600,,UNKNOWN,LOCAL,23.0,23.0,,1.0,True,keep_imputed,no_category_detected [precio_usd fuera de rango 1–20],3.705,True,median_category_country,3.705,3.705,335,
11,1,Desconocido,UNKNOWN,2,cafe,sin_categoria,True,(Gr a $ 29),$ 13.450,,UNKNOWN,LOCAL,29.0,29.0,,1.0,True,keep_imputed,no_category_detected [precio_usd fuera de rango 1–20],3.705,True,median_category_country,3.705,3.705,336,
12,1,Desconocido,UNKNOWN,3,pan,sin_categoria,True,(Gr a $ 34),$ 15.700,,UNKNOWN,LOCAL,34.0,34.0,,1.0,True,keep_imputed,no_category_detected [precio_usd fuera de rango 1–20],3.705,True,median_category_country,3.705,3.705,337,
18,1,Desconocido,UNKNOWN,3,pan,sin_categoria,True,(Gr a $ 45),20,,UNKNOWN,LOCAL,45.0,45.0,,1.0,True,keep_imputed,no_category_detected [precio_usd fuera de rango 1–20],3.705,True,median_category_country,3.705,3.705,338,
19,1,Desconocido,UNKNOWN,2,cafe,sin_categoria,True,(Gr a $ 46),$ 7.635,,UNKNOWN,LOCAL,46.0,46.0,,1.0,True,keep_imputed,no_category_detected [precio_usd fuera de rango 1–20],3.705,True,median_category_country,3.705,3.705,339,
20,1,Desconocido,UNKNOWN,3,pan,sin_categoria,True,(Gr a $ 47),20,,UNKNOWN,LOCAL,47.0,47.0,,1.0,True,keep_imputed,no_category_detected [precio_usd fuera de rango 1–20],3.705,True,median_category_country,3.705,3.705,340,
21,1,Desconocido,UNKNOWN,2,cafe,sin_categoria,True,(Gr a $ 65),$ 18.100,,UNKNOWN,LOCAL,65.0,65.0,,1.0,True,keep_imputed,no_category_detected [precio_usd fuera de rango 1–20],3.705,True,median_category_country,3.705,3.705,341,
22,1,Desconocido,UNKNOWN,2,cafe,sin_categoria,True,(Gr a $ 68),$ 14.400,,UNKNOWN,LOCAL,68.0,68.0,,1.0,True,keep_imputed,no_category_detected [precio_usd fuera de rango 1–20],3.705,True,median_category_country,3.705,3.705,342,
24,1,Desconocido,UNKNOWN,3,pan,sin_categoria,True,(Gr a $ 90),$ 21.600,,UNKNOWN,LOCAL,90.0,90.0,,1.0,True,keep_imputed,no_category_detected [precio_usd fuera de rango 1–20],3.705,True,median_category_country,3.705,3.705,343,
30,1,Desconocido,UNKNOWN,1,azucar,sin_categoria,True,(Und a $ 544),20,,UNKNOWN,LOCAL,544.0,544.0,,1.0,True,keep_imputed,no_category_detected [precio_usd fuera de rango 1–20],3.705,True,median_category_country,3.705,3.705,344,
31,1,Desconocido,UNKNOWN,3,pan,sin_categoria,True,(Und a $ 750),$ 24.500,,UNKNOWN,LOCAL,750.0,750.0,,1.0,True,keep_imputed,no_category_detected [precio_usd fuera de rango 1–20],3.705,True,median_category_country,3.705,3.705,345,
32,1,Desconocido,UNKNOWN,3,pan,sin_categoria,True,+595994 874276,Selecciona método de entrega,580 GR,UNKNOWN,LOCAL,234.19,234.1938,,1.0,True,keep_imputed,no_category_detected;price_parse_failed [precio_usd fuera de rango 1–20],3.705,True,median_category_country,3.705,3.705,346,
33,1,Desconocido,UNKNOWN,3,pan,sin_categoria,True,+595994 874276,Selecciona método de entrega,700 GR,UNKNOWN,LOCAL,234.19,234.1938,,1.0,True,keep_imputed,no_category_detected;price_parse_failed [precio_usd fuera de rango 1–20],3.705,True,median_category_country,3.705,3.705,347,
34,1,Desconocido,UNKNOWN,2,cafe,sin_categoria,True,+595994 874276,Selecciona método de entrega,400 GR,UNKNOWN,LOCAL,400.0,400.0,,1.0,True,keep_imputed,no_category_detected [precio_usd fuera de rango 1–20],3.705,True,median_category_country,3.705,3.705,348,
35,1,Desconocido,UNKNOWN,6,papa,sin_categoria,True,+595994 874276,Selecciona método de entrega,1 LT,UNKNOWN,LOCAL,234.19,234.1938,,1.0,True,keep_imputed,no_category_detected;price_parse_failed [precio_usd fuera de rango 1–20],3.705,True,median_category_country,3.705,3.705,349,
37,1,Desconocido,UNKNOWN,2,cafe,sin_categoria,True,+595994 874276,Selecciona método de entrega,250 GR,UNKNOWN,LOCAL,234.19,234.1938,,1.0,True,keep_imputed,no_category_detected;price_parse_failed [precio_usd fuera de rango 1–20],3.705,True,median_category_country,3.705,3.705,350,
38,1,Desconocido,UNKNOWN,2,cafe,sin_categoria,True,+595994 874276,Selecciona método de entrega,120 GR,UNKNOWN,LOCAL,234.19,234.1938,,1.0,True,keep_imputed,no_category_detected;price_parse_failed [precio_usd fuera de rango 1–20],3.705,True,median_category_country,3.705,3.705,351,
40,2,Chedraui,MX,7,aceite vegetal,aceite vegetal,False,Aceites y vinagres,Nutrioli,700ml,MX,LOCAL,33.3,1.7884,1.7884,18.62,True,keep_imputed,price_parse_failed;price<=0,1.7884,True,median_category_country,1.8743,1.7884,352,
42,2,Chedraui,MX,7,aceite vegetal,aceite vegetal,False,Aceites y vinagres,Patrona,1 L,MX,LOCAL,33.3,1.7884,1.7884,18.62,True,keep_imputed,price_parse_failed;price<=0,1.7884,True,median_category_country,1.8743,1.7884,353,
44,1,Desconocido,UNKNOWN,9,frijoles,frijoles,False,Alimentos básicos,Frijoles,1 Kg,UNKNOWN,LOCAL,1.02,1.02,1.02,1.0,True,keep_imputed,price_parse_failed;price<=0,1.02,True,median_category_country,,1.02,354,
45,1,Desconocido,UNKNOWN,9,frijoles,frijoles,False,Alimentos básicos,Frijoles,1Kg,UNKNOWN,LOCAL,1.02,1.02,1.02,1.0,True,keep_imputed,price_parse_failed;price<=0,1.02,True,median_category_country,,1.02,355,
46,1,Desconocido,UNKNOWN,9,frijoles,frijoles,False,Alimentos básicos,Frijoles,1 kg,UNKNOWN,LOCAL,1.02,1.02,1.02,1.0,True,keep_imputed,price_parse_failed;price<=0,1.02,True,median_category_country,,1.02,356,
51,3,Desconocido,BR,9,frijoles,frijoles,False,Alimentos básicos,Frijoles,1 Kg,BR,LOCAL,5.29,0.971,,5.448,True,keep,heuristic_default [precio_usd fuera de rango 1–20],1.2647,True,median_category_country,1.2647,1.2647,357,
52,3,Desconocido,BR,9,frijoles,frijoles,False,Alimentos básicos,Frijoles,1Kg,BR,LOCAL,4.49,0.8242,,5.448,True,keep,heuristic_default [precio_usd fuera de rango 1–20],1.2647,True,median_category_country,1.2647,1.2647,358,
56,1,Desconocido,UNKNOWN,12,cebolla,cebolla,False,ARROZ DIANA 500 G,Unidades disponibles,500 G,UNKNOWN,LOCAL,500.0,500.0,,1.0,True,keep,heuristic_default [precio_usd fuera de rango 1–20],1.69,True,median_category_country,1.69,1.69,359,
57,1,Desconocido,UNKNOWN,13,azucar,azucar,False,ARROZ ESTÁNDAR ALBAR 500 GRS,Unidades disponibles,500 g,UNKNOWN,LOCAL,500.0,500.0,,1.0,True,keep,heuristic_default [precio_usd fuera de rango 1–20],2.77,True,median_category_country,2.77,2.77,360,
65,2,Chedraui,MX,10,arroz,arroz,False,Arroz SOS Super Extra Rojo 900g,SOS,900g,MX,LOCAL,20.4,1.0956,1.0956,18.62,True,keep_imputed,price_parse_failed;price<=0,1.0956,True,median_category_country,1.0956,1.0956,361,
66,2,Chedraui,MX,10,arroz,arroz,False,Arroz Super Extra Chedraui 900g,Chedraui,900g,MX,LOCAL,20.4,1.0956,1.0956,18.62,True,keep_imputed,price_parse_failed;price<=0,1.0956,True,median_category_country,1.0956,1.0956,362,
67,2,Chedraui,MX,10,arroz,arroz,False,Arroz Verde Valle Super Extra 900g,Verde Valle,900g,MX,LOCAL,20.4,1.0956,1.0956,18.62,True,keep_imputed,price_parse_failed;price<=0,1.0956,True,median_category_country,1.0956,1.0956,363,
68,5,Desconocido,CO,2,cafe,sin_categoria,True,Asesoramos tu compra WEB: 📞(601) 6672004 -,"Otras Ciudades clic aquí,",,CO,LOCAL,25.0,0.0062,,4047.0,True,keep_imputed,no_category_detected [precio_usd fuera de rango 1–20],2.885,True,global_median,,2.885,364,
69,5,Desconocido,CO,14,cafe,cafe,False,"ASESORAMOS TU COMPRA: 📞(601) 6672004, lun a sab de 7am.a 7pm dom hasta las 6pm",otras ciudades consulta aquí,,CO,LOCAL,9.6,0.0024,,4047.0,True,keep,heuristic_default [precio_usd fuera de rango 1–20],2.885,True,global_median,,2.885,365,
70,5,Desconocido,CO,14,cafe,cafe,False,"ASESORAMOS TU COMPRA: 📞(601) 6672004, lun a sab de 7am.a 7pm dom hasta las 6pm",otras ciudades consulta aquí,500gr,CO,LOCAL,1.69,0.0004,,4047.0,True,keep_imputed,no_category_detected [precio_usd fuera de rango 1–20],2.885,True,global_median,,2.885,366,
71,5,Desconocido,CO,14,cafe,cafe,False,"ASESORAMOS TU COMPRA: 📞(601) 6672004, lun a sab de 7am.a 7pm dom hasta las 6pm",otras ciudades consulta aquí,480G,CO,LOCAL,8.19,0.002,,4047.0,True,keep,heuristic_default [precio_usd fuera de rango 1–20],2.885,True,global_median,,2.885,367,
72,5,Desconocido,CO,15,pan,pan,False,"ASESORAMOS TU COMPRA: 📞(601) 6672004, lun a sab de 7am.a 7pm dom hasta las 6pm",otras ciudades consulta aquí,750 g,CO,LOCAL,7.63,0.0019,,4047.0,True,keep,heuristic_default [precio_usd fuera de rango 1–20],2.885,True,global_median,,2.885,368,
73,5,Desconocido,CO,14,cafe,cafe,False,"ASESORAMOS TU COMPRA: 📞(601) 6672004, lun a sab de 7am.a 7pm dom hasta las 6pm",otras ciudades consulta aquí,460 g,CO,LOCAL,10.55,0.0026,,4047.0,True,keep,heuristic_default [precio_usd fuera de rango 1–20],2.885,True,global_median,,2.885,369,
74,5,Desconocido,CO,2,cafe,sin_categoria,True,"ASESORAMOS TU COMPRA: 📞(601) 6672004, lun a sab de 7am.a 7pm dom hasta las 6pm",otras ciudades consulta aquí,550 g,CO,LOCAL,6.89,0.0017,,4047.0,True,keep_imputed,no_category_detected [precio_usd fuera de rango 1–20],2.885,True,global_median,,2.885,370,
75,5,Desconocido,CO,14,cafe,cafe,False,"ASESORAMOS TU COMPRA: 📞(601) 6672004, lun a sab de 7am.a 7pm dom hasta las 6pm",otras ciudades consulta aquí,1000 gr,CO,LOCAL,19.49,0.0048,,4047.0,True,keep,heuristic_default [precio_usd fuera de rango 1–20],2.885,True,global_median,,2.885,371,
76,5,Desconocido,CO,14,cafe,cafe,False,"ASESORAMOS TU COMPRA: 📞(601) 6672004, lun a sab de 7am.a 7pm dom hasta las 6pm",otras ciudades consulta aquí,500 gr,CO,LOCAL,1.84,0.0005,,4047.0,True,keep,heuristic_default [precio_usd fuera de rango 1–20],2.885,True,global_median,,2.885,372,
77,5,Desconocido,CO,14,cafe,cafe,False,"ASESORAMOS TU COMPRA: 📞(601) 6672004, lun a sab de 7am.a 7pm dom hasta las 6pm",otras ciudades consulta aquí,200 gr,CO,LOCAL,11.98,0.003,,4047.0,True,keep,heuristic_default [precio_usd fuera de rango 1–20],2.885,True,global_median,,2.885,373,
78,5,Desconocido,CO,14,cafe,cafe,False,"ASESORAMOS TU COMPRA: 📞(601) 6672004, lun a sab de 7am.a 7pm dom hasta las 6pm",otras ciudades consulta aquí,1000gr,CO,LOCAL,17.99,0.0044,,4047.0,True,keep,heuristic_default [precio_usd fuera de rango 1–20],2.885,True,global_median,,2.885,374,
79,5,Desconocido,CO,14,cafe,cafe,False,"ASESORAMOS TU COMPRA: 📞(601) 6672004, lun a sab de 7am.a 7pm dom hasta las 6pm",otras ciudades consulta aquí,2500gr,CO,LOCAL,4.99,0.0012,,4047.0,True,keep,heuristic_default [precio_usd fuera de rango 1–20],2.885,True,global_median,,2.885,375,
80,5,Desconocido,CO,14,cafe,cafe,False,"ASESORAMOS TU COMPRA: 📞(601) 6672004, lun a sab de 7am.a 7pm dom hasta las 6pm",otras ciudades consulta aquí,70g,CO,LOCAL,70.0,0.0173,,4047.0,True,keep,heuristic_default [precio_usd fuera de rango 1–20],2.885,True,global_median,,2.885,376,
81,5,Desconocido,CO,14,cafe,cafe,False,"ASESORAMOS TU COMPRA: 📞(601) 6672004, lun a sab de 7am.a 7pm dom hasta las 6pm",otras ciudades consulta aquí,5kg,CO,LOCAL,10.89,0.0027,,4047.0,True,keep,heuristic_default [precio_usd fuera de rango 1–20],2.885,True,global_median,,2.885,377,
82,1,Desconocido,UNKNOWN,17,leche,leche,False,AZÚCAR BLANCA 1000 GRS,Unidades disponibles,1000 g,UNKNOWN,LOCAL,1000.0,1000.0,,1.0,True,keep,heuristic_default [precio_usd fuera de rango 1–20],1.11,True,median_category_country,1.11,1.11,378,
84,1,Desconocido,UNKNOWN,14,cafe,cafe,False,AZÚCAR MORENA 1000 GRS,Unidades disponibles,1000 g,UNKNOWN,LOCAL,1000.0,1000.0,,1.0,True,keep,heuristic_default [precio_usd fuera de rango 1–20],6.2,True,median_category_country,6.2,6.2,379,
85,3,Desconocido,BR,13,azucar,azucar,False,Azúcar y Adoçante,Azúcar,1kg,BR,LOCAL,3.99,0.7324,,5.448,True,keep,heuristic_default [precio_usd fuera de rango 1–20],1.80615,True,median_category_country,1.80615,1.80615,380,
87,3,Desconocido,BR,13,azucar,azucar,False,Azúcar y Adoçante,Azúcar,500g,BR,LOCAL,4.99,0.9159,,5.448,True,keep,heuristic_default [precio_usd fuera de rango 1–20],1.80615,True,median_category_country,1.80615,1.80615,381,
89,2,Chedraui,MX,13,azucar,azucar,False,Azúcar Zulka Glass 500g,Zulka,500g,MX,LOCAL,42.75,2.296,2.296,18.62,True,keep_imputed,price_parse_failed;price<=0,2.296,True,median_category_country,2.29595,2.296,382,
91,1,Desconocido,UNKNOWN,6,papa,sin_categoria,True,Bebidas Sin Alcohol,Gaseosas,2.25 L,UNKNOWN,LOCAL,1265.6,1265.6,,1.0,True,keep_imputed,no_category_detected [precio_usd fuera de rango 1–20],3.705,True,median_category_country,3.705,3.705,383,
92,1,Desconocido,UNKNOWN,6,papa,sin_categoria,True,Bebidas Sin Alcohol,Gaseosas,2l,UNKNOWN,LOCAL,3450.0,3450.0,,1.0,True,keep_imputed,no_category_detected [precio_usd fuera de rango 1–20],3.705,True,median_category_country,3.705,3.705,384,
95,1,Desconocido,UNKNOWN,18,huevo,huevo,False,BUSCAR PRODUCTOS,Ingresa,30 piezas,UNKNOWN,LOCAL,443.0,443.0,,1.0,True,keep_imputed,heuristic_default [precio_usd fuera de rango 1–20],5.19,True,median_category_country,5.19,5.19,385,
96,1,Desconocido,UNKNOWN,2,cafe,sin_categoria,True,BUSCAR PRODUCTOS,Ingresa,,UNKNOWN,LOCAL,443.0,443.0,,1.0,True,keep_imputed,no_category_detected [precio_usd fuera de rango 1–20],3.705,True,median_category_country,3.705,3.705,386,
97,1,Desconocido,UNKNOWN,19,harina de trigo,harina de trigo,False,BUSCAR PRODUCTOS,Ingresa,1 KG,UNKNOWN,LOCAL,443.0,443.0,,1.0,True,keep,heuristic_default [precio_usd fuera de rango 1–20],2.12,True,median_category_country,2.12,2.12,387,
98,1,Desconocido,UNKNOWN,2,cafe,sin_categoria,True,BUSCAR PRODUCTOS,Ingresa,100.00 g,UNKNOWN,LOCAL,443.0,443.0,,1.0,True,keep_imputed,no_category_detected [precio_usd fuera de rango 1–20],3.705,True,median_category_country,3.705,3.705,388,
99,1,Desconocido,UNKNOWN,2,cafe,sin_categoria,True,BUSCAR PRODUCTOS,Ingresa,100.00 ml,UNKNOWN,LOCAL,443.0,443.0,,1.0,True,keep_imputed,no_category_detected [precio_usd fuera de rango 1–20],3.705,True,median_category_country,3.705,3.705,389,
100,1,Desconocido,UNKNOWN,13,azucar,azucar,False,BUSCAR PRODUCTOS,Ingresa,800 ML,UNKNOWN,LOCAL,443.0,443.0,,1.0,True,keep,heuristic_default [precio_usd fuera de rango 1–20],2.77,True,median_category_country,2.77,2.77,390,
101,1,Desconocido,UNKNOWN,2,cafe,sin_categoria,True,BUSCAR PRODUCTOS,Ingresa,240.00 g,UNKNOWN,LOCAL,443.0,443.0,,1.0,True,keep_imputed,no_category_detected [precio_usd fuera de rango 1–20],3.705,True,median_category_country,3.705,3.705,391,
102,2,Chedraui,MX,14,cafe,cafe,False,Cafe y te,Café Nescafé Clásico 300g,300g,MX,LOCAL,114.48,6.1484,6.1484,18.62,True,keep_imputed,price_parse_failed;price<=0,6.1484,True,median_category_country,6.63265,6.1484,392,
110,1,Desconocido,UNKNOWN,12,cebolla,cebolla,False,Cebolla Blanca  1  und,(,,UNKNOWN,LOCAL,680.98,680.985,,1.0,True,keep_imputed,price_parse_failed;price<=0 [precio_usd fuera de rango 1–20],1.69,True,median_category_country,1.69,1.69,393,
111,1,Desconocido,UNKNOWN,12,cebolla,cebolla,False,CEBOLLA CABEZONA X 1000G,Unidades disponibles,1000G,UNKNOWN,LOCAL,1000.0,1000.0,,1.0,True,keep,heuristic_default [precio_usd fuera de rango 1–20],1.69,True,median_category_country,1.69,1.69,394,
112,6,Desconocido,PE,20,arroz,sin_categoria,True,Centro de preferencia de la privacidad,Activas siempre,750g,PE,LOCAL,55.14,15.5336,15.5336,3.55,True,keep_imputed,no_category_detected;price_parse_failed,15.5336,True,median_category_country,4.7662,15.5336,395,
113,6,Desconocido,PE,20,arroz,sin_categoria,True,Centro de preferencia de la privacidad,Activas siempre,5Kg,PE,LOCAL,55.14,15.5336,15.5336,3.55,True,keep_imputed,no_category_detected;price_parse_failed,15.5336,True,median_category_country,4.7662,15.5336,396,
114,6,Desconocido,PE,8,huevo,sin_categoria,True,Centro de preferencia de la privacidad,Activas siempre,8 Piezas,PE,LOCAL,55.14,15.5336,15.5336,3.55,True,keep_imputed,no_category_detected;price_parse_failed,15.5336,True,median_category_country,4.7662,15.5336,397,
115,6,Desconocido,PE,4,aceite vegetal,sin_categoria,True,Centro de preferencia de la privacidad,Activas siempre,1.4Kg,PE,LOCAL,55.14,15.5336,15.5336,3.55,True,keep_imputed,no_category_detected;price_parse_failed,15.5336,True,median_category_country,4.7662,15.5336,398,
116,6,Desconocido,PE,1,azucar,sin_categoria,True,Centro de preferencia de la privacidad,Activas siempre,1Kg,PE,LOCAL,55.14,15.5336,15.5336,3.55,True,keep_imputed,no_category_detected;price_parse_failed,15.5336,True,median_category_country,4.7662,15.5336,399,
117,6,Desconocido,PE,2,cafe,sin_categoria,True,Centro de preferencia de la privacidad,Activas siempre,200g,PE,LOCAL,55.14,15.5336,15.5336,3.55,True,keep_imputed,no_category_detected;price_parse_failed,15.5336,True,median_category_country,4.7662,15.5336,400,
118,6,Desconocido,PE,2,cafe,sin_categoria,True,Centro de preferencia de la privacidad,Activas siempre,190g,PE,LOCAL,55.14,15.5336,15.5336,3.55,True,keep_imputed,no_category_detected;price_parse_failed,15.5336,True,median_category_country,4.7662,15.5336,401,
119,6,Desconocido,PE,2,cafe,sin_categoria,True,Centro de preferencia de la privacidad,Activas siempre,170g,PE,LOCAL,55.14,15.5336,15.5336,3.55,True,keep_imputed,no_category_detected;price_parse_failed,15.5336,True,median_category_country,4.7662,15.5336,402,
120,6,Desconocido,PE,2,cafe,sin_categoria,True,Centro de preferencia de la privacidad,Activas siempre,850g,PE,LOCAL,55.14,15.5336,15.5336,3.55,True,keep_imputed,no_category_detected;price_parse_failed,15.5336,True,median_category_country,4.7662,15.5336,403,
121,6,Desconocido,PE,4,aceite vegetal,sin_categoria,True,Centro de preferencia de la privacidad,Activas siempre,900ml,PE,LOCAL,55.14,15.5336,15.5336,3.55,True,keep_imputed,no_category_detected;price_parse_failed,15.5336,True,median_category_country,4.7662,15.5336,404,
122,6,Desconocido,PE,4,aceite vegetal,sin_categoria,True,Centro de preferencia de la privacidad,Activas siempre,500ml,PE,LOCAL,55.14,15.5336,15.5336,3.55,True,keep_imputed,no_category_detected;price_parse_failed,15.5336,True,median_category_country,4.7662,15.5336,405,
123,6,Desconocido,PE,4,aceite vegetal,sin_categoria,True,Centro de preferencia de la privacidad,Activas siempre,1L,PE,LOCAL,55.14,15.5336,15.5336,3.55,True,keep_imputed,no_category_detected;price_parse_failed,15.5336,True,median_category_country,4.7662,15.5336,406,
124,6,Desconocido,PE,5,leche,sin_categoria,True,Centro de preferencia de la privacidad,Activas siempre,946ml,PE,LOCAL,55.14,15.5336,15.5336,3.55,True,keep_imputed,no_category_detected;price_parse_failed,15.5336,True,median_category_country,4.7662,15.5336,407,
125,6,Desconocido,PE,5,leche,sin_categoria,True,Centro de preferencia de la privacidad,Activas siempre,800ml,PE,LOCAL,55.14,15.5336,15.5336,3.55,True,keep_imputed,no_category_detected;price_parse_failed,15.5336,True,median_category_country,4.7662,15.5336,408,
126,6,Desconocido,PE,8,huevo,sin_categoria,True,Centro de preferencia de la privacidad,Activas siempre,500g,PE,LOCAL,55.14,15.5336,15.5336,3.55,True,keep_imputed,no_category_detected;price_parse_failed,15.5336,True,median_category_country,4.7662,15.5336,409,
127,6,Desconocido,PE,1,azucar,sin_categoria,True,Centro de preferencia de la privacidad,Activas siempre,2Kg,PE,LOCAL,55.14,15.5336,15.5336,3.55,True,keep_imputed,no_category_detected;price_parse_failed,15.5336,True,median_category_country,4.7662,15.5336,410,
128,6,Desconocido,PE,3,pan,sin_categoria,True,Centro de preferencia de la privacidad,Activas siempre,810g,PE,LOCAL,600.0,169.0141,,3.55,True,keep_imputed,no_category_detected [precio_usd fuera de rango 1–20],4.7662,True,median_category_country,4.7662,4.7662,411,
129,6,Desconocido,PE,3,pan,sin_categoria,True,Centro de preferencia de la privacidad,Activas siempre,780g,PE,LOCAL,55.14,15.5336,15.5336,3.55,True,keep_imputed,no_category_detected;price_parse_failed,15.5336,True,median_category_country,4.7662,15.5336,412,
130,6,Desconocido,PE,3,pan,sin_categoria,True,Centro de preferencia de la privacidad,Activas siempre,560g,PE,LOCAL,55.14,15.5336,15.5336,3.55,True,keep_imputed,no_category_detected;price_parse_failed,15.5336,True,median_category_country,4.7662,15.5336,413,
131,6,Desconocido,PE,8,huevo,sin_categoria,True,Centro de preferencia de la privacidad,Activas siempre,450g,PE,LOCAL,55.14,15.5336,15.5336,3.55,True,keep_imputed,no_category_detected;price_parse_failed,15.5336,True,median_category_country,4.7662,15.5336,414,
132,6,Desconocido,PE,21,atun,sin_categoria,True,Centro de preferencia de la privacidad,Activas siempre,140g,PE,LOCAL,55.14,15.5336,15.5336,3.55,True,keep_imputed,no_category_detected;price_parse_failed,15.5336,True,median_category_country,4.7662,15.5336,415,
133,6,Desconocido,PE,21,atun,sin_categoria,True,Centro de preferencia de la privacidad,Activas siempre,150g,PE,LOCAL,55.14,15.5336,15.5336,3.55,True,keep_imputed,no_category_detected;price_parse_failed,15.5336,True,median_category_country,4.7662,15.5336,416,
134,6,Desconocido,PE,21,atun,sin_categoria,True,Centro de preferencia de la privacidad,Activas siempre,150gr,PE,LOCAL,55.14,15.5336,15.5336,3.55,True,keep_imputed,no_category_detected;price_parse_failed,15.5336,True,median_category_country,4.7662,15.5336,417,
135,1,Desconocido,UNKNOWN,22,cerveza,cerveza,False,Cerveja Praya Witbier 600ml,Descripción,600ml,UNKNOWN,LOCAL,127.27,127.2675,,1.0,True,keep_imputed,price_parse_failed;price<=0 [precio_usd fuera de rango 1–20],4.0,True,median_category_country,4.0,4.0,418,
138,3,Desconocido,BR,23,cerveza,sin_categoria,True,Cervejas Tradicionais,de,350ml,BR,LOCAL,3.99,0.7324,,5.448,True,keep_imputed,no_category_detected [precio_usd fuera de rango 1–20],1.9805,True,median_category_country,1.9805,1.9805,419,
140,3,Desconocido,BR,23,cerveza,sin_categoria,True,Cervejas Tradicionais,"R$ 5,19",330ml,BR,LOCAL,5.19,0.9526,,5.448,True,keep_imputed,no_category_detected [precio_usd fuera de rango 1–20],1.9805,True,median_category_country,1.9805,1.9805,420,
142,3,Desconocido,BR,23,cerveza,sin_categoria,True,Cervejas Tradicionais,"R$ 3,99",350ml,BR,LOCAL,3.99,0.7324,,5.448,True,keep_imputed,no_category_detected [precio_usd fuera de rango 1–20],1.9805,True,median_category_country,1.9805,1.9805,421,
150,4,Desconocido,US,22,cerveza,cerveza,False,CERVEZA PILSENER LATA 355 ML,Comparar,355 ML,US,LOCAL,0.99,0.99,,1.0,True,keep,heuristic_default [precio_usd fuera de rango 1–20],1.19,True,median_category_country,1.19,1.19,422,
152,1,Desconocido,UNKNOWN,22,cerveza,cerveza,False,"Cervezas, vinos y licores",Cervezas,330 ml,UNKNOWN,LOCAL,990.0,990.0,,1.0,True,keep,heuristic_default [precio_usd fuera de rango 1–20],4.0,True,median_category_country,4.0,4.0,423,
154,4,Desconocido,US,23,cerveza,sin_categoria,True,COLA FANTA 500 ML NARANJA,Comparar,500 ML,US,LOCAL,0.49,0.49,,1.0,True,keep_imputed,no_category_detected [precio_usd fuera de rango 1–20],12.0,True,median_category_country,12.0,12.0,424,
179,7,Desconocido,AR,14,cafe,cafe,False,DALE VIDA A TU JARDIN,🌷🌻​🌼​,1L,AR,LOCAL,1145.45,0.9127,,1255.0,True,keep,heuristic_default [precio_usd fuera de rango 1–20],1.91695,True,median_category_country,1.91695,1.91695,425,
180,7,Desconocido,AR,14,cafe,cafe,False,DALE VIDA A TU JARDIN,🌷🌻​🌼​,,AR,LOCAL,904.07,0.7204,,1255.0,True,keep,heuristic_default [precio_usd fuera de rango 1–20],1.91695,True,median_category_country,1.91695,1.91695,426,
187,7,Desconocido,AR,14,cafe,cafe,False,DALE VIDA A TU JARDIN,🌷🌻​🌼​,800 GR,AR,LOCAL,800.0,0.6375,,1255.0,True,keep,heuristic_default [precio_usd fuera de rango 1–20],1.91695,True,median_category_country,1.91695,1.91695,427,
188,7,Desconocido,AR,14,cafe,cafe,False,DALE VIDA A TU JARDIN,🌷🌻​🌼​,450G,AR,LOCAL,450.0,0.3586,,1255.0,True,keep,heuristic_default [precio_usd fuera de rango 1–20],1.91695,True,median_category_country,1.91695,1.91695,428,
189,7,Desconocido,AR,14,cafe,cafe,False,DALE VIDA A TU JARDIN,🌷🌻​🌼​,250 GR,AR,LOCAL,250.0,0.1992,,1255.0,True,keep,heuristic_default [precio_usd fuera de rango 1–20],1.91695,True,median_category_country,1.91695,1.91695,429,
190,7,Desconocido,AR,14,cafe,cafe,False,DALE VIDA A TU JARDIN,🌷🌻​🌼​,250 G,AR,LOCAL,250.0,0.1992,,1255.0,True,keep,heuristic_default [precio_usd fuera de rango 1–20],1.91695,True,median_category_country,1.91695,1.91695,430,
200,1,Desconocido,UNKNOWN,5,leche,sin_categoria,True,Descripción del producto,MARCA,1l,UNKNOWN,LOCAL,50.0,50.0,,1.0,True,keep_imputed,no_category_detected [precio_usd fuera de rango 1–20],3.705,True,median_category_country,3.705,3.705,431,
201,1,Desconocido,UNKNOWN,5,leche,sin_categoria,True,Descripción del producto,MARCA,610g,UNKNOWN,LOCAL,6550.0,6550.0,,1.0,True,keep_imputed,no_category_detected [precio_usd fuera de rango 1–20],3.705,True,median_category_country,3.705,3.705,432,
202,1,Desconocido,UNKNOWN,5,leche,sin_categoria,True,Descripción del producto,MARCA,550g,UNKNOWN,LOCAL,600.0,600.0,,1.0,True,keep_imputed,no_category_detected [precio_usd fuera de rango 1–20],3.705,True,median_category_country,3.705,3.705,433,
203,1,Desconocido,UNKNOWN,3,pan,sin_categoria,True,Descripción del producto,MARCA,1kg,UNKNOWN,LOCAL,1312.0,1312.0,,1.0,True,keep_imputed,no_category_detected [precio_usd fuera de rango 1–20],3.705,True,median_category_country,3.705,3.705,434,
204,1,Desconocido,UNKNOWN,1,azucar,sin_categoria,True,Descripción del producto,MARCA,1 Kg,UNKNOWN,LOCAL,1299.0,1299.0,,1.0,True,keep_imputed,no_category_detected [precio_usd fuera de rango 1–20],3.705,True,median_category_country,3.705,3.705,435,
205,1,Desconocido,UNKNOWN,13,azucar,azucar,False,Descripción del producto,Azúcar Cristal Uniao 1kg,1kg,UNKNOWN,LOCAL,990.0,990.0,,1.0,True,keep,heuristic_default [precio_usd fuera de rango 1–20],2.77,True,median_category_country,2.77,2.77,436,
206,1,Desconocido,UNKNOWN,1,azucar,sin_categoria,True,Descripción del producto,MARCA,800g,UNKNOWN,LOCAL,1699.0,1699.0,,1.0,True,keep_imputed,no_category_detected [precio_usd fuera de rango 1–20],3.705,True,median_category_country,3.705,3.705,437,
207,1,Desconocido,UNKNOWN,13,azucar,azucar,False,Descripción del producto,Azúcar AZUCEL 1kg,1kg,UNKNOWN,LOCAL,4399.0,4399.0,,1.0,True,keep,heuristic_default [precio_usd fuera de rango 1–20],2.77,True,median_category_country,2.77,2.77,438,
211,1,Desconocido,UNKNOWN,17,leche,leche,False,El almacenamiento local parece estar deshabilitado en tu navegador.,Aprende,900 ML,UNKNOWN,LOCAL,0.89,0.89,,1.0,True,keep,heuristic_default [precio_usd fuera de rango 1–20],1.11,True,median_category_country,1.11,1.11,439,
222,1,Desconocido,UNKNOWN,23,cerveza,sin_categoria,True,El almacenamiento local parece estar deshabilitado en tu navegador.,Aprende,350G,UNKNOWN,LOCAL,350.0,350.0,,1.0,True,keep_imputed,no_category_detected [precio_usd fuera de rango 1–20],3.705,True,median_category_country,3.705,3.705,440,
226,1,Desconocido,UNKNOWN,23,cerveza,sin_categoria,True,El almacenamiento local parece estar deshabilitado en tu navegador.,Aprende,200G,UNKNOWN,LOCAL,0.41,0.41,,1.0,True,keep_imputed,no_category_detected [precio_usd fuera de rango 1–20],3.705,True,median_category_country,3.705,3.705,441,
228,7,Desconocido,AR,14,cafe,cafe,False,Elegí tu envío,"Hola, Limpía tú cache",1 Lt,AR,LOCAL,1.38,0.0011,,1255.0,True,keep,heuristic_default [precio_usd fuera de rango 1–20],1.91695,True,median_category_country,1.91695,1.91695,442,
229,7,Desconocido,AR,2,cafe,sin_categoria,True,Elegí tu envío,"Hola, Limpía tú cache",,AR,LOCAL,1663.58,1.3256,1.3256,1255.0,True,keep_imputed,no_category_detected;price_parse_failed,1.3256,True,median_category_country,,1.3256,443,
230,7,Desconocido,AR,17,leche,leche,False,Elegí tu envío,"Hola, Limpía tú cache",400 Gr,AR,LOCAL,400.0,0.3187,,1255.0,True,keep_imputed,no_category_detected [precio_usd fuera de rango 1–20],2.885,True,global_median,,2.885,444,
231,7,Desconocido,AR,17,leche,leche,False,Elegí tu envío,"Hola, Limpía tú cache",610 Gr,AR,LOCAL,6.43,0.0051,,1255.0,True,keep,heuristic_default [precio_usd fuera de rango 1–20],2.885,True,global_median,,2.885,445,
232,7,Desconocido,AR,2,cafe,sin_categoria,True,Elegí tu envío,"Hola, Limpía tú cache",600 Gr,AR,LOCAL,3.49,0.0028,,1255.0,True,keep_imputed,no_category_detected [precio_usd fuera de rango 1–20],2.885,True,global_median,,2.885,446,
233,7,Desconocido,AR,14,cafe,cafe,False,Elegí tu envío,"Hola, Limpía tú cache",1 Kg,AR,LOCAL,4.69,0.0037,,1255.0,True,keep_imputed,no_category_detected [precio_usd fuera de rango 1–20],1.91695,True,median_category_country,1.91695,1.91695,447,
234,7,Desconocido,AR,2,cafe,sin_categoria,True,Elegí tu envío,"Hola, Limpía tú cache",500 Gr,AR,LOCAL,3.19,0.0025,,1255.0,True,keep_imputed,no_category_detected [precio_usd fuera de rango 1–20],2.885,True,global_median,,2.885,448,
235,7,Desconocido,AR,2,cafe,sin_categoria,True,Elegí tu envío,"Hola, Limpía tú cache",800 Gr,AR,LOCAL,3.0,0.0024,,1255.0,True,keep_imputed,no_category_detected [precio_usd fuera de rango 1–20],2.885,True,global_median,,2.885,449,
236,7,Desconocido,AR,14,cafe,cafe,False,Elegí tu envío,"Hola, Limpía tú cache",250 Gr,AR,LOCAL,250.0,0.1992,,1255.0,True,keep,heuristic_default [precio_usd fuera de rango 1–20],1.91695,True,median_category_country,1.91695,1.91695,450,
237,7,Desconocido,AR,2,cafe,sin_categoria,True,Elegí tu envío,"Hola, Limpía tú cache",2.25 Lt,AR,LOCAL,4.6,0.0037,,1255.0,True,keep_imputed,no_category_detected [precio_usd fuera de rango 1–20],2.885,True,global_median,,2.885,451,
238,7,Desconocido,AR,2,cafe,sin_categoria,True,Elegí tu envío,"Hola, Limpía tú cache","2,25 Lt",AR,LOCAL,1.5,0.0012,,1255.0,True,keep_imputed,no_category_detected [precio_usd fuera de rango 1–20],2.885,True,global_median,,2.885,452,
253,1,Desconocido,UNKNOWN,8,huevo,sin_categoria,True,Elige un método de entrega,Unimarc,400 g,UNKNOWN,LOCAL,490.0,490.0,,1.0,True,keep_imputed,no_category_detected [precio_usd fuera de rango 1–20],3.705,True,median_category_country,3.705,3.705,453,
255,1,Desconocido,UNKNOWN,5,leche,sin_categoria,True,"Este gato no debería estar en esta caja, ni tú en esta página",Live Chat,,UNKNOWN,LOCAL,234.19,234.1938,,1.0,True,keep_imputed,no_category_detected;price_parse_failed [precio_usd fuera de rango 1–20],3.705,True,median_category_country,3.705,3.705,454,
263,2,Chedraui,MX,12,cebolla,cebolla,False,Frutas y verduras,Verduras,,MX,LOCAL,12679.94,680.985,,18.62,True,keep_imputed,price_parse_failed;price<=0 [precio_usd fuera de rango 1–20],2.885,True,global_median,,2.885,455,
264,1,Desconocido,UNKNOWN,6,papa,sin_categoria,True,Frutas Y Verduras,Verduras,2.25 L,UNKNOWN,LOCAL,2300.0,2300.0,,1.0,True,keep_imputed,no_category_detected [precio_usd fuera de rango 1–20],3.705,True,median_category_country,3.705,3.705,456,
265,1,Desconocido,UNKNOWN,6,papa,sin_categoria,True,Frutas Y Verduras,Verduras,500g,UNKNOWN,LOCAL,599.0,599.0,,1.0,True,keep_imputed,no_category_detected [precio_usd fuera de rango 1–20],3.705,True,median_category_country,3.705,3.705,457,
266,1,Desconocido,UNKNOWN,6,papa,sin_categoria,True,Frutas Y Verduras,Verduras,600 Gr,UNKNOWN,LOCAL,2799.0,2799.0,,1.0,True,keep_imputed,no_category_detected [precio_usd fuera de rango 1–20],3.705,True,median_category_country,3.705,3.705,458,
267,1,Desconocido,UNKNOWN,6,papa,sin_categoria,True,Frutas Y Verduras,Verduras,300 Gr,UNKNOWN,LOCAL,2999.0,2999.0,,1.0,True,keep_imputed,no_category_detected [precio_usd fuera de rango 1–20],3.705,True,median_category_country,3.705,3.705,459,
268,2,Chedraui,MX,19,harina de trigo,harina de trigo,False,Harinas y reposteria,San Blas,500g,MX,LOCAL,2902.4,155.8757,,18.62,True,keep_imputed,price_parse_failed;price<=0 [precio_usd fuera de rango 1–20],2.885,True,global_median,,2.885,460,
269,2,Chedraui,MX,3,pan,sin_categoria,True,Harinas y reposteria,Harina Chedraui Trigo 1Kg,1Kg,MX,LOCAL,66.32,3.5617,3.5617,18.62,True,keep_imputed,no_category_detected;price_parse_failed,3.5617,True,median_category_country,2.4705,3.5617,461,
270,2,Chedraui,MX,19,harina de trigo,harina de trigo,False,Harinas y reposteria,La Moderna,1kg,MX,LOCAL,2902.4,155.8757,,18.62,True,keep_imputed,price_parse_failed;price<=0 [precio_usd fuera de rango 1–20],2.885,True,global_median,,2.885,462,
271,2,Chedraui,MX,19,harina de trigo,harina de trigo,False,Harinas y reposteria,Sol de Oro,1kg,MX,LOCAL,2902.4,155.8757,,18.62,True,keep_imputed,price_parse_failed;price<=0 [precio_usd fuera de rango 1–20],2.885,True,global_median,,2.885,463,
272,7,Desconocido,AR,5,leche,sin_categoria,True,"Hola, Limpía tú cache",IR AL PAGO,1 Lt,AR,LOCAL,1.2,0.001,,1255.0,True,keep_imputed,no_category_detected [precio_usd fuera de rango 1–20],2.885,True,global_median,,2.885,464,
273,7,Desconocido,AR,17,leche,leche,False,"Hola, Limpía tú cache",¿Quéres terminar tu compra?,560 Gr,AR,LOCAL,5.01,0.004,,1255.0,True,keep,heuristic_default [precio_usd fuera de rango 1–20],2.885,True,global_median,,2.885,465,
274,7,Desconocido,AR,5,leche,sin_categoria,True,"Hola, Limpía tú cache",¿Quéres terminar tu compra?,1 Kg,AR,LOCAL,1.3,0.001,,1255.0,True,keep_imputed,no_category_detected [precio_usd fuera de rango 1–20],2.885,True,global_median,,2.885,466,
275,7,Desconocido,AR,5,leche,sin_categoria,True,"Hola, Limpía tú cache",¿Quéres terminar tu compra?,500 Gr,AR,LOCAL,500.0,0.3984,,1255.0,True,keep_imputed,no_category_detected [precio_usd fuera de rango 1–20],2.885,True,global_median,,2.885,467,
276,7,Desconocido,AR,5,leche,sin_categoria,True,"Hola, Limpía tú cache",¿Quéres terminar tu compra?,"1,5 Lt",AR,LOCAL,800.0,0.6375,,1255.0,True,keep_imputed,no_category_detected [precio_usd fuera de rango 1–20],2.885,True,global_median,,2.885,468,
277,1,Desconocido,UNKNOWN,3,pan,sin_categoria,True,Horarios de entrega,LISTA,400 GR,UNKNOWN,LOCAL,234.19,234.1938,,1.0,True,keep_imputed,no_category_detected;price_parse_failed [precio_usd fuera de rango 1–20],3.705,True,median_category_country,3.705,3.705,469,
278,1,Desconocido,UNKNOWN,6,papa,sin_categoria,True,Horarios de entrega,LISTA,1.5LT,UNKNOWN,LOCAL,100.0,100.0,,1.0,True,keep_imputed,no_category_detected [precio_usd fuera de rango 1–20],3.705,True,median_category_country,3.705,3.705,470,
279,1,Desconocido,UNKNOWN,3,pan,sin_categoria,True,Horarios de entrega,LISTA,400 GRAMOS,UNKNOWN,LOCAL,400.0,400.0,,1.0,True,keep_imputed,no_category_detected [precio_usd fuera de rango 1–20],3.705,True,median_category_country,3.705,3.705,471,
280,1,Desconocido,UNKNOWN,3,pan,sin_categoria,True,Horarios de entrega,LISTA,85 GRAMOS,UNKNOWN,LOCAL,234.19,234.1938,,1.0,True,keep_imputed,no_category_detected;price_parse_failed [precio_usd fuera de rango 1–20],3.705,True,median_category_country,3.705,3.705,472,
281,1,Desconocido,UNKNOWN,18,huevo,huevo,False,Huevos Blanco,Descripción del producto,500 Gr,UNKNOWN,LOCAL,4241.5,4241.5,,1.0,True,keep_imputed,heuristic_default [precio_usd fuera de rango 1–20],5.19,True,median_category_country,5.19,5.19,473,
283,1,Desconocido,UNKNOWN,18,huevo,huevo,False,Huevos Color,Descripción del producto,500 Gr,UNKNOWN,LOCAL,1596.0,1596.0,,1.0,True,keep_imputed,heuristic_default [precio_usd fuera de rango 1–20],5.19,True,median_category_country,5.19,5.19,474,
285,1,Desconocido,UNKNOWN,18,huevo,huevo,False,la herradura,Huevo primera color,,UNKNOWN,LOCAL,234.19,234.1938,,1.0,True,keep_imputed,price_parse_failed [precio_usd fuera de rango 1–20],5.19,True,median_category_country,5.19,5.19,475,
289,2,Chedraui,MX,18,huevo,huevo,False,Lacteos y huevo,Huevos,30 Piezas,MX,LOCAL,66.32,3.5617,3.5617,18.62,True,keep_imputed,price_parse_failed,3.5617,True,median_category_country,4.99195,3.5617,476,
290,1,Desconocido,UNKNOWN,17,leche,leche,False,LECHE EQUILIBRIO TETRAPAK UHTLATTI 900ML,Unidades disponibles,900ML,UNKNOWN,LOCAL,900.0,900.0,,1.0,True,keep,heuristic_default [precio_usd fuera de rango 1–20],1.11,True,median_category_country,1.11,1.11,477,
292,4,Desconocido,US,17,leche,leche,False,LECHE PARMALAT 900 ML ENTERA,Comparar,900 ML,US,LOCAL,0.99,0.99,,1.0,True,keep,heuristic_default [precio_usd fuera de rango 1–20],1.42,True,median_category_country,1.42,1.42,478,
294,1,Desconocido,UNKNOWN,17,leche,leche,False,Leches Frescas,Leches Enteras,,UNKNOWN,LOCAL,428.01,428.0052,,1.0,True,keep_imputed,price_parse_failed;price<=0 [precio_usd fuera de rango 1–20],1.11,True,median_category_country,1.11,1.11,479,
295,1,Desconocido,UNKNOWN,17,leche,leche,False,Leches Larga Vida,Leches Enteras,1l,UNKNOWN,LOCAL,1911.0,1911.0,,1.0,True,keep,heuristic_default [precio_usd fuera de rango 1–20],1.11,True,median_category_country,1.11,1.11,480,
297,1,Desconocido,UNKNOWN,17,leche,leche,False,"Lácteos, refrigerados y huevos",Leches líquidas,1 Litro,UNKNOWN,LOCAL,970.0,970.0,,1.0,True,keep,heuristic_default [precio_usd fuera de rango 1–20],1.11,True,median_category_country,1.11,1.11,481,
300,1,Desconocido,UNKNOWN,28,cebolla,sin_categoria,True,Massas e Molhos,Descripción del producto,500g,UNKNOWN,LOCAL,234.19,234.1938,,1.0,True,keep_imputed,no_category_detected;price_parse_failed [precio_usd fuera de rango 1–20],3.705,True,median_category_country,3.705,3.705,482,
301,1,Desconocido,UNKNOWN,29,pasta seca,sin_categoria,True,Massas e Molhos,fideos,500g,UNKNOWN,LOCAL,234.19,234.1938,,1.0,True,keep_imputed,no_category_detected;price_parse_failed [precio_usd fuera de rango 1–20],3.705,True,median_category_country,3.705,3.705,483,
304,1,Desconocido,UNKNOWN,15,pan,pan,False,Meu Desconto,Blog do Pão,1kg,UNKNOWN,LOCAL,50.0,50.0,,1.0,True,keep,heuristic_default [precio_usd fuera de rango 1–20],2.49,True,median_category_country,2.49,2.49,484,
306,3,Desconocido,BR,15,pan,pan,False,Meu Desconto,Blog do Pão,500g,BR,LOCAL,4.89,0.8976,,5.448,True,keep,heuristic_default [precio_usd fuera de rango 1–20],1.5767,True,median_category_country,1.5767,1.5767,485,
310,1,Desconocido,UNKNOWN,15,pan,pan,False,Meu Desconto,Blog do Pão,400g,UNKNOWN,LOCAL,400.0,400.0,,1.0,True,keep,heuristic_default [precio_usd fuera de rango 1–20],2.49,True,median_category_country,2.49,2.49,486,
312,3,Desconocido,BR,15,pan,pan,False,Meu Desconto,Blog do Pão,600ml,BR,LOCAL,4.49,0.8242,,5.448,True,keep,heuristic_default [precio_usd fuera de rango 1–20],1.5767,True,median_category_country,1.5767,1.5767,487,
318,3,Desconocido,BR,15,pan,pan,False,Meu Desconto,Blog do Pão,350ml,BR,LOCAL,5.29,0.971,,5.448,True,keep,heuristic_default [precio_usd fuera de rango 1–20],1.5767,True,median_category_country,1.5767,1.5767,488,
319,3,Desconocido,BR,15,pan,pan,False,Meu Desconto,Blog do Pão,269ml,BR,LOCAL,2.99,0.5488,,5.448,True,keep,heuristic_default [precio_usd fuera de rango 1–20],1.5767,True,median_category_country,1.5767,1.5767,489,
320,3,Desconocido,BR,3,pan,sin_categoria,True,Meu Desconto,Minha Lista,1kg,BR,LOCAL,5.09,0.9343,,5.448,True,keep_imputed,no_category_detected [precio_usd fuera de rango 1–20],1.9805,True,median_category_country,1.9805,1.9805,490,
327,1,Desconocido,UNKNOWN,3,pan,sin_categoria,True,Meu Desconto,Minha Lista,400g,UNKNOWN,LOCAL,400.0,400.0,,1.0,True,keep_imputed,no_category_detected [precio_usd fuera de rango 1–20],3.705,True,median_category_country,3.705,3.705,491,
329,3,Desconocido,BR,3,pan,sin_categoria,True,Meu Desconto,Minha Lista,600ml,BR,LOCAL,5.39,0.9894,,5.448,True,keep_imputed,no_category_detected [precio_usd fuera de rango 1–20],1.9805,True,median_category_country,1.9805,1.9805,492,
331,3,Desconocido,BR,3,pan,sin_categoria,True,Meu Desconto,Minha Lista,1L,BR,LOCAL,4.99,0.9159,,5.448,True,keep_imputed,no_category_detected [precio_usd fuera de rango 1–20],1.9805,True,median_category_country,1.9805,1.9805,493,
332,3,Desconocido,BR,3,pan,sin_categoria,True,Meu Desconto,Minha Lista,1 Litro,BR,LOCAL,4.69,0.8609,,5.448,True,keep_imputed,no_category_detected [precio_usd fuera de rango 1–20],1.9805,True,median_category_country,1.9805,1.9805,494,
333,3,Desconocido,BR,3,pan,sin_categoria,True,Meu Desconto,Minha Lista,350ml,BR,LOCAL,3.79,0.6957,,5.448,True,keep_imputed,no_category_detected [precio_usd fuera de rango 1–20],1.9805,True,median_category_country,1.9805,1.9805,495,
335,3,Desconocido,BR,3,pan,sin_categoria,True,Meu Desconto,Minha Lista,269ml,BR,LOCAL,3.19,0.5855,,5.448,True,keep_imputed,no_category_detected [precio_usd fuera de rango 1–20],1.9805,True,median_category_country,1.9805,1.9805,496,
342,3,Desconocido,BR,3,pan,sin_categoria,True,Meu Desconto,Minha Lista,200ml,BR,LOCAL,1.89,0.3469,,5.448,True,keep_imputed,no_category_detected [precio_usd fuera de rango 1–20],1.9805,True,median_category_country,1.9805,1.9805,497,
345,3,Desconocido,BR,3,pan,sin_categoria,True,Meu Desconto,Minha Lista,1l,BR,LOCAL,4.49,0.8242,,5.448,True,keep_imputed,no_category_detected [precio_usd fuera de rango 1–20],1.9805,True,median_category_country,1.9805,1.9805,498,
354,3,Desconocido,BR,3,pan,sin_categoria,True,Padaria e Matinais,Leites,1 L,BR,LOCAL,4.79,0.8792,,5.448,True,keep_imputed,no_category_detected [precio_usd fuera de rango 1–20],1.9805,True,median_category_country,1.9805,1.9805,499,
356,3,Desconocido,BR,3,pan,sin_categoria,True,Padaria e Matinais,Leites,1 Litro,BR,LOCAL,5.15,0.9453,,5.448,True,keep_imputed,no_category_detected [precio_usd fuera de rango 1–20],1.9805,True,median_category_country,1.9805,1.9805,500,
357,1,Desconocido,UNKNOWN,15,pan,pan,False,Padaria e Matinais,Panes y Torradas,450g,UNKNOWN,LOCAL,44.23,44.2339,,1.0,True,keep_imputed,price_parse_failed;price<=0 [precio_usd fuera de rango 1–20],2.49,True,median_category_country,2.49,2.49,501,
358,1,Desconocido,UNKNOWN,3,pan,sin_categoria,True,Padaria e Matinais,Leites,1 Litro,UNKNOWN,LOCAL,234.19,234.1938,,1.0,True,keep_imputed,no_category_detected;price_parse_failed [precio_usd fuera de rango 1–20],3.705,True,median_category_country,3.705,3.705,502,
359,1,Desconocido,UNKNOWN,3,pan,sin_categoria,True,Padaria e Matinais,Leites,1 L,UNKNOWN,LOCAL,234.19,234.1938,,1.0,True,keep_imputed,no_category_detected;price_parse_failed [precio_usd fuera de rango 1–20],3.705,True,median_category_country,3.705,3.705,503,
360,1,Desconocido,UNKNOWN,3,pan,sin_categoria,True,Padaria e Matinais,Leites,1L,UNKNOWN,LOCAL,234.19,234.1938,,1.0,True,keep_imputed,no_category_detected;price_parse_failed [precio_usd fuera de rango 1–20],3.705,True,median_category_country,3.705,3.705,504,
364,1,Desconocido,UNKNOWN,17,leche,leche,False,PAN TAJADO MANTEQUILLA 450G,Unidades disponibles,450G,UNKNOWN,LOCAL,450.0,450.0,,1.0,True,keep,heuristic_default [precio_usd fuera de rango 1–20],1.11,True,median_category_country,1.11,1.11,505,
365,1,Desconocido,UNKNOWN,15,pan,pan,False,PAN TAJADO MULTIGRANOS 450 G,Unidades disponibles,450 G,UNKNOWN,LOCAL,450.0,450.0,,1.0,True,keep,heuristic_default [precio_usd fuera de rango 1–20],2.49,True,median_category_country,2.49,2.49,506,
366,1,Desconocido,UNKNOWN,15,pan,pan,False,PAN VITAL FRUTICEREAL 500 G,Unidades disponibles,500 G,UNKNOWN,LOCAL,500.0,500.0,,1.0,True,keep,heuristic_default [precio_usd fuera de rango 1–20],2.49,True,median_category_country,2.49,2.49,507,
367,1,Desconocido,UNKNOWN,5,leche,sin_categoria,True,Panaderia Propia,Panificados,550g,UNKNOWN,LOCAL,600.0,600.0,,1.0,True,keep_imputed,no_category_detected [precio_usd fuera de rango 1–20],3.705,True,median_category_country,3.705,3.705,508,
368,2,Chedraui,MX,15,pan,pan,False,Panaderia y tortilleria,Pan salado,675g,MX,LOCAL,72.0,3.8668,3.8668,18.62,True,keep_imputed,price_parse_failed;price<=0,3.8668,True,median_category_country,3.8668,3.8668,509,
376,1,Desconocido,UNKNOWN,15,pan,pan,False,Panadería y repostería,Pan,800 g,UNKNOWN,LOCAL,44.23,44.2339,,1.0,True,keep_imputed,price_parse_failed;price<=0 [precio_usd fuera de rango 1–20],2.49,True,median_category_country,2.49,2.49,510,
378,1,Desconocido,UNKNOWN,16,papa,papa,False,PAPA AIRFRYER MCCAIN X 500G,Unidades disponibles,500G,UNKNOWN,LOCAL,500.0,500.0,,1.0,True,keep,heuristic_default [precio_usd fuera de rango 1–20],2.19,True,median_category_country,2.19,2.19,511,
379,1,Desconocido,UNKNOWN,12,cebolla,cebolla,False,PAPA CAPIRA X 2500 G,Unidades disponibles,2500 G,UNKNOWN,LOCAL,2500.0,2500.0,,1.0,True,keep,heuristic_default [precio_usd fuera de rango 1–20],1.69,True,median_category_country,1.69,1.69,512,
380,1,Desconocido,UNKNOWN,27,pasta seca,pasta seca,False,"Pasta Seca, Lista Y Rellenas",Pastas Secas,500g,UNKNOWN,LOCAL,975.0,975.0,,1.0,True,keep,heuristic_default [precio_usd fuera de rango 1–20],2.885,True,global_median,,2.885,513,
381,1,Desconocido,UNKNOWN,27,pasta seca,pasta seca,False,"Pasta Seca, Lista Y Rellenas",Pastas Secas,500 GR,UNKNOWN,LOCAL,4088.5,4088.5,,1.0,True,keep,heuristic_default [precio_usd fuera de rango 1–20],2.885,True,global_median,,2.885,514,
382,1,Desconocido,UNKNOWN,27,pasta seca,pasta seca,False,"Pasta Seca, Lista Y Rellenas",Pastas Secas,500 Gr,UNKNOWN,LOCAL,4224.35,4224.35,,1.0,True,keep,heuristic_default [precio_usd fuera de rango 1–20],2.885,True,global_median,,2.885,515,
383,1,Desconocido,UNKNOWN,8,huevo,sin_categoria,True,Pasta spaghetti integral,400 g,400 g,UNKNOWN,LOCAL,950.0,950.0,,1.0,True,keep_imputed,no_category_detected [precio_usd fuera de rango 1–20],3.705,True,median_category_country,3.705,3.705,516,
384,1,Desconocido,UNKNOWN,8,huevo,sin_categoria,True,Pasta spaghetti n°5,400 g,400 g,UNKNOWN,LOCAL,470.0,470.0,,1.0,True,keep_imputed,no_category_detected [precio_usd fuera de rango 1–20],3.705,True,median_category_country,3.705,3.705,517,
386,1,Desconocido,UNKNOWN,30,pollo entero,sin_categoria,True,Pechuga deshuesada de pollo co...,4.5 Kg,4.5 Kg,UNKNOWN,LOCAL,234.19,234.1938,,1.0,True,keep_imputed,no_category_detected;price_parse_failed [precio_usd fuera de rango 1–20],3.705,True,median_category_country,3.705,3.705,518,
393,1,Desconocido,UNKNOWN,17,leche,leche,False,QUESITO ALPINA 185 G,Unidades disponibles,185 G,UNKNOWN,LOCAL,185.0,185.0,,1.0,True,keep,heuristic_default [precio_usd fuera de rango 1–20],1.11,True,median_category_country,1.11,1.11,519,
394,4,Desconocido,US,23,cerveza,sin_categoria,True,QUESO FRESCO LUCILITA 250 G,Comparar,250 G,US,LOCAL,250.0,250.0,,1.0,True,keep_imputed,no_category_detected [precio_usd fuera de rango 1–20],12.0,True,median_category_country,12.0,12.0,520,
395,4,Desconocido,US,23,cerveza,sin_categoria,True,QUESO FRESCO NANDITO 500 G,Comparar,500 G,US,LOCAL,500.0,500.0,,1.0,True,keep_imputed,no_category_detected [precio_usd fuera de rango 1–20],12.0,True,median_category_country,12.0,12.0,521,
396,4,Desconocido,US,23,cerveza,sin_categoria,True,QUESO FRESCO REYQUESO 700 G,Comparar,700 G,US,LOCAL,700.0,700.0,,1.0,True,keep_imputed,no_category_detected [precio_usd fuera de rango 1–20],12.0,True,median_category_country,12.0,12.0,522,
398,1,Desconocido,UNKNOWN,8,huevo,sin_categoria,True,Quesos Blandos,Queso Muzzarella,500g,UNKNOWN,LOCAL,500.0,500.0,,1.0,True,keep_imputed,no_category_detected [precio_usd fuera de rango 1–20],3.705,True,median_category_country,3.705,3.705,523,
399,1,Desconocido,UNKNOWN,8,huevo,sin_categoria,True,Quesos Blandos,Queso Cremoso,500g,UNKNOWN,LOCAL,8999.0,8999.0,,1.0,True,keep_imputed,no_category_detected [precio_usd fuera de rango 1–20],3.705,True,median_category_country,3.705,3.705,524,
400,1,Desconocido,UNKNOWN,5,leche,sin_categoria,True,Quesos Blandos,Queso Muzzarella,170g,UNKNOWN,LOCAL,170.0,170.0,,1.0,True,keep_imputed,no_category_detected [precio_usd fuera de rango 1–20],3.705,True,median_category_country,3.705,3.705,525,
403,1,Desconocido,UNKNOWN,15,pan,pan,False,Resultados de búsqueda para: 'pan molde mas ahorro 550 g 259789000',Ver como,550 g,UNKNOWN,LOCAL,0.78,0.78,,1.0,True,keep,heuristic_default [precio_usd fuera de rango 1–20],2.49,True,median_category_country,2.49,2.49,526,
405,1,Desconocido,UNKNOWN,3,pan,sin_categoria,True,Resultados de búsqueda para: 'queso cremoso toni 500 g 270558000',Ver como,500 g,UNKNOWN,LOCAL,600.0,600.0,,1.0,True,keep_imputed,no_category_detected [precio_usd fuera de rango 1–20],3.705,True,median_category_country,3.705,3.705,527,
409,1,Desconocido,UNKNOWN,16,papa,papa,False,Saltar menú Cenco,Frutas y Verduras Propias,2 kg,UNKNOWN,LOCAL,495.0,495.0,,1.0,True,keep,heuristic_default [precio_usd fuera de rango 1–20],2.19,True,median_category_country,2.19,2.19,528,
411,1,Desconocido,UNKNOWN,6,papa,sin_categoria,True,Saltar menú Cenco,Frutas y verduras,,UNKNOWN,LOCAL,234.19,234.1938,,1.0,True,keep_imputed,no_category_detected;price_parse_failed [precio_usd fuera de rango 1–20],3.705,True,median_category_country,3.705,3.705,529,
415,1,Desconocido,UNKNOWN,31,banano,banano,False,Saltar menú Cenco,Frutas y Verduras Propias,,UNKNOWN,LOCAL,995.0,995.0,,1.0,True,keep,heuristic_default [precio_usd fuera de rango 1–20],1.145,True,median_category_country,1.145,1.145,530,
425,1,Desconocido,UNKNOWN,8,huevo,sin_categoria,True,Seja Bem Vindo à Plaza Vea,que podemos ofrecer.,,UNKNOWN,LOCAL,234.19,234.1938,,1.0,True,keep_imputed,no_category_detected;price_parse_failed [precio_usd fuera de rango 1–20],3.705,True,median_category_country,3.705,3.705,531,
428,6,Desconocido,PE,8,huevo,sin_categoria,True,Seja Bem Vindo à Plaza Vea,Abarrotes,49Kg,PE,LOCAL,174.0,49.0141,,3.55,True,keep_imputed,no_category_detected [precio_usd fuera de rango 1–20],4.7662,True,median_category_country,4.7662,4.7662,532,
429,6,Desconocido,PE,4,aceite vegetal,sin_categoria,True,Seja Bem Vindo à Plaza Vea,Abarrotes,49kg,PE,LOCAL,210.0,59.1549,,3.55,True,keep_imputed,no_category_detected [precio_usd fuera de rango 1–20],4.7662,True,median_category_country,4.7662,4.7662,533,
451,5,Desconocido,CO,2,cafe,sin_categoria,True,Selecciona tu,Método de envío,500 G,CO,LOCAL,97.32,0.024,,4047.0,True,keep_imputed,price_parse_failed;price<=0 [precio_usd fuera de rango 1–20],2.885,True,global_median,,2.885,534,
452,5,Desconocido,CO,15,pan,pan,False,Selecciona tu,Método de envío,540 G,CO,LOCAL,97.32,0.024,,4047.0,True,keep_imputed,price_parse_failed;price<=0 [precio_usd fuera de rango 1–20],2.885,True,global_median,,2.885,535,
453,5,Desconocido,CO,14,cafe,cafe,False,Selecciona tu,Método de envío,450 G,CO,LOCAL,97.32,0.024,,4047.0,True,keep_imputed,price_parse_failed;price<=0 [precio_usd fuera de rango 1–20],2.885,True,global_median,,2.885,536,
454,5,Desconocido,CO,18,huevo,huevo,False,Selecciona tu,Método de envío,,CO,LOCAL,100.78,0.0249,,4047.0,True,keep_imputed,no_category_detected;price_parse_failed [precio_usd fuera de rango 1–20],2.885,True,global_median,,2.885,537,
455,5,Desconocido,CO,14,cafe,cafe,False,Selecciona tu,Método de envío,30 Unidades,CO,LOCAL,97.32,0.024,,4047.0,True,keep_imputed,price_parse_failed;price<=0 [precio_usd fuera de rango 1–20],2.885,True,global_median,,2.885,538,
456,5,Desconocido,CO,14,cafe,cafe,False,Selecciona tu,Método de envío,1000 Ml,CO,LOCAL,400.0,0.0988,,4047.0,True,keep,heuristic_default [precio_usd fuera de rango 1–20],2.885,True,global_median,,2.885,539,
457,5,Desconocido,CO,10,arroz,arroz,False,Selecciona tu,Método de envío,5 Kg,CO,LOCAL,97.32,0.024,,4047.0,True,keep_imputed,price_parse_failed;price<=0 [precio_usd fuera de rango 1–20],2.885,True,global_median,,2.885,540,
458,5,Desconocido,CO,14,cafe,cafe,False,Selecciona tu,Método de envío,10 Kg,CO,LOCAL,97.32,0.024,,4047.0,True,keep_imputed,price_parse_failed;price<=0 [precio_usd fuera de rango 1–20],2.885,True,global_median,,2.885,541,
459,5,Desconocido,CO,14,cafe,cafe,False,Selecciona tu,Método de envío,3 Kg,CO,LOCAL,97.32,0.024,,4047.0,True,keep_imputed,price_parse_failed;price<=0 [precio_usd fuera de rango 1–20],2.885,True,global_median,,2.885,542,
460,5,Desconocido,CO,2,cafe,sin_categoria,True,Selecciona tu,Método de envío,12.5 KG,CO,LOCAL,100.78,0.0249,,4047.0,True,keep_imputed,no_category_detected;price_parse_failed [precio_usd fuera de rango 1–20],2.885,True,global_median,,2.885,543,
461,5,Desconocido,CO,14,cafe,cafe,False,Selecciona tu,Método de envío,650 G,CO,LOCAL,250.0,0.0618,,4047.0,True,keep,heuristic_default [precio_usd fuera de rango 1–20],2.885,True,global_median,,2.885,544,
462,5,Desconocido,CO,14,cafe,cafe,False,Selecciona tu,Método de envío,400 G,CO,LOCAL,97.32,0.024,,4047.0,True,keep_imputed,price_parse_failed;price<=0 [precio_usd fuera de rango 1–20],2.885,True,global_median,,2.885,545,
463,5,Desconocido,CO,14,cafe,cafe,False,Selecciona tu,Método de envío,440 G,CO,LOCAL,97.32,0.024,,4047.0,True,keep_imputed,price_parse_failed;price<=0 [precio_usd fuera de rango 1–20],2.885,True,global_median,,2.885,546,
464,5,Desconocido,CO,14,cafe,cafe,False,Selecciona tu,Método de envío,"1,1 Lt",CO,LOCAL,97.32,0.024,,4047.0,True,keep_imputed,price_parse_failed;price<=0 [precio_usd fuera de rango 1–20],2.885,True,global_median,,2.885,547,
465,5,Desconocido,CO,2,cafe,sin_categoria,True,Selecciona tu,Método de envío,800 Ml,CO,LOCAL,100.78,0.0249,,4047.0,True,keep_imputed,no_category_detected;price_parse_failed [precio_usd fuera de rango 1–20],2.885,True,global_median,,2.885,548,
466,5,Desconocido,CO,12,cebolla,cebolla,False,Selecciona tu,Método de envío,1 Kg,CO,LOCAL,604582.9,149.3904,,4047.0,True,keep_imputed,price_parse_failed;price<=0 [precio_usd fuera de rango 1–20],2.885,True,global_median,,2.885,549,
467,5,Desconocido,CO,14,cafe,cafe,False,Selecciona tu,Método de envío,1000 Gramos,CO,LOCAL,2755946.3,680.985,,4047.0,True,keep_imputed,price_parse_failed;price<=0 [precio_usd fuera de rango 1–20],2.885,True,global_median,,2.885,550,
468,5,Desconocido,CO,14,cafe,cafe,False,Selecciona tu,Método de envío,411 G,CO,LOCAL,97.32,0.024,,4047.0,True,keep_imputed,price_parse_failed;price<=0 [precio_usd fuera de rango 1–20],2.885,True,global_median,,2.885,551,
469,5,Desconocido,CO,14,cafe,cafe,False,Selecciona tu,Método de envío,"2,5 Kg",CO,LOCAL,97.32,0.024,,4047.0,True,keep_imputed,price_parse_failed;price<=0 [precio_usd fuera de rango 1–20],2.885,True,global_median,,2.885,552,
470,5,Desconocido,CO,14,cafe,cafe,False,Selecciona tu,Método de envío,1000 G,CO,LOCAL,97.32,0.024,,4047.0,True,keep_imputed,price_parse_failed;price<=0 [precio_usd fuera de rango 1–20],2.885,True,global_median,,2.885,553,
471,5,Desconocido,CO,14,cafe,cafe,False,Selecciona tu,Método de envío,375 G,CO,LOCAL,375.0,0.0927,,4047.0,True,keep,heuristic_default [precio_usd fuera de rango 1–20],2.885,True,global_median,,2.885,554,
472,5,Desconocido,CO,2,cafe,sin_categoria,True,Selecciona tu,Método de envío,210gr,CO,LOCAL,210.0,0.0519,,4047.0,True,keep_imputed,no_category_detected [precio_usd fuera de rango 1–20],2.885,True,global_median,,2.885,555,
473,5,Desconocido,CO,14,cafe,cafe,False,Selecciona tu,Método de envío,200 G,CO,LOCAL,200.0,0.0494,,4047.0,True,keep,heuristic_default [precio_usd fuera de rango 1–20],2.885,True,global_median,,2.885,556,
503,1,Desconocido,UNKNOWN,12,cebolla,cebolla,False,TOMATE CHONTO X 1000 G,Unidades disponibles,1000 G,UNKNOWN,LOCAL,1000.0,1000.0,,1.0,True,keep,heuristic_default [precio_usd fuera de rango 1–20],1.69,True,median_category_country,1.69,1.69,557,
504,1,Desconocido,UNKNOWN,13,azucar,azucar,False,TOMATES SECOS AINOA 180 G,Unidades disponibles,180 G,UNKNOWN,LOCAL,100.0,100.0,,1.0,True,keep,heuristic_default [precio_usd fuera de rango 1–20],2.77,True,median_category_country,2.77,2.77,558,
506,1,Desconocido,UNKNOWN,17,leche,leche,False,Valoramos tu privacidad,Personalizar,1L,UNKNOWN,LOCAL,0.44,0.44,,1.0,True,keep_imputed,no_category_detected [precio_usd fuera de rango 1–20],1.11,True,median_category_country,1.11,1.11,559,
507,1,Desconocido,UNKNOWN,20,arroz,sin_categoria,True,Valoramos tu privacidad,Personalizar,,UNKNOWN,LOCAL,234.19,234.1938,,1.0,True,keep_imputed,no_category_detected;price_parse_failed [precio_usd fuera de rango 1–20],3.705,True,median_category_country,3.705,3.705,560,
509,1,Desconocido,UNKNOWN,15,pan,pan,False,Valoramos tu privacidad,Personalizar,450g,UNKNOWN,LOCAL,0.99,0.99,,1.0,True,keep,heuristic_default [precio_usd fuera de rango 1–20],2.49,True,median_category_country,2.49,2.49,561,
514,1,Desconocido,UNKNOWN,20,arroz,sin_categoria,True,Valoramos tu privacidad,Personalizar,2L,UNKNOWN,LOCAL,0.92,0.92,,1.0,True,keep_imputed,no_category_detected [precio_usd fuera de rango 1–20],3.705,True,median_category_country,3.705,3.705,562,
515,1,Desconocido,UNKNOWN,13,azucar,azucar,False,Valoramos tu privacidad,Personalizar,226g,UNKNOWN,LOCAL,226.0,226.0,,1.0,True,keep,heuristic_default [precio_usd fuera de rango 1–20],2.77,True,median_category_country,2.77,2.77,563,
516,1,Desconocido,UNKNOWN,10,arroz,arroz,False,Valoramos tu privacidad,Personalizar,100Lb,UNKNOWN,LOCAL,43.45,43.45,,1.0,True,keep,heuristic_default [precio_usd fuera de rango 1–20],1.59,True,median_category_country,1.59,1.59,564,
517,1,Desconocido,UNKNOWN,10,arroz,arroz,False,Valoramos tu privacidad,Personalizar,100lb,UNKNOWN,LOCAL,41.59,41.59,,1.0,True,keep,heuristic_default [precio_usd fuera de rango 1–20],1.59,True,median_category_country,1.59,1.59,565,
523,1,Desconocido,UNKNOWN,13,azucar,azucar,False,Valoramos tu privacidad,Personalizar,1 kg,UNKNOWN,LOCAL,0.99,0.99,,1.0,True,keep,heuristic_default [precio_usd fuera de rango 1–20],2.77,True,median_category_country,2.77,2.77,566,
525,1,Desconocido,UNKNOWN,6,papa,sin_categoria,True,Verificar que usted es un ser humano. Esto podría tardar algunos segundos.,Verificación exitosa,,UNKNOWN,LOCAL,234.19,234.1938,,1.0,True,keep_imputed,no_category_detected;price_parse_failed [precio_usd fuera de rango 1–20],3.705,True,median_category_country,3.705,3.705,567,
526,6,Desconocido,PE,1,azucar,sin_categoria,True,¡Aún no eres Wong Prime!,Aprovecha el,5 Kg,PE,LOCAL,79.9,22.507,,3.55,True,keep_imputed,no_category_detected [precio_usd fuera de rango 1–20],4.7662,True,median_category_country,4.7662,4.7662,568,
527,6,Desconocido,PE,10,arroz,arroz,False,¡Aún no eres Wong Prime!,Aprovecha el,5 kg,PE,LOCAL,79.9,22.507,,3.55,True,keep,heuristic_default [precio_usd fuera de rango 1–20],2.885,True,global_median,,2.885,569,
528,6,Desconocido,PE,10,arroz,arroz,False,¡Aún no eres Wong Prime!,Aprovecha el,5kg,PE,LOCAL,79.9,22.507,,3.55,True,keep,heuristic_default [precio_usd fuera de rango 1–20],2.885,True,global_median,,2.885,570,
529,6,Desconocido,PE,32,pollo entero,pollo entero,False,¡Aún no eres Wong Prime!,Aprovecha el,,PE,LOCAL,79.9,22.507,,3.55,True,keep_imputed,no_category_detected [precio_usd fuera de rango 1–20],2.885,True,global_median,,2.885,571,
530,6,Desconocido,PE,13,azucar,azucar,False,¡Aún no eres Wong Prime!,Aprovecha el,800 g,PE,LOCAL,79.9,22.507,,3.55,True,keep,heuristic_default [precio_usd fuera de rango 1–20],4.059150000000001,True,median_category_country,4.059150000000001,4.059150000000001,572,
531,6,Desconocido,PE,14,cafe,cafe,False,¡Aún no eres Wong Prime!,Aprovecha el,900g,PE,LOCAL,79.9,22.507,,3.55,True,keep,heuristic_default [precio_usd fuera de rango 1–20],7.8592,True,median_category_country,7.8592,7.8592,573,
532,6,Desconocido,PE,14,cafe,cafe,False,¡Aún no eres Wong Prime!,Aprovecha el,500g,PE,LOCAL,79.9,22.507,,3.55,True,keep,heuristic_default [precio_usd fuera de rango 1–20],7.8592,True,median_category_country,7.8592,7.8592,574,
533,6,Desconocido,PE,7,aceite vegetal,aceite vegetal,False,¡Aún no eres Wong Prime!,Aprovecha el,1.8L,PE,LOCAL,79.9,22.507,,3.55,True,keep,heuristic_default [precio_usd fuera de rango 1–20],2.885,True,global_median,,2.885,575,
534,6,Desconocido,PE,1,azucar,sin_categoria,True,¡Aún no eres Wong Prime!,Aprovecha el,1 Litro,PE,LOCAL,79.9,22.507,,3.55,True,keep_imputed,no_category_detected [precio_usd fuera de rango 1–20],4.7662,True,median_category_country,4.7662,4.7662,576,
535,6,Desconocido,PE,21,atun,sin_categoria,True,¡Aún no eres Wong Prime!,Aprovecha el,1L,PE,LOCAL,79.9,22.507,,3.55,True,keep_imputed,no_category_detected [precio_usd fuera de rango 1–20],4.7662,True,median_category_country,4.7662,4.7662,577,
536,6,Desconocido,PE,4,aceite vegetal,sin_categoria,True,¡Aún no eres Wong Prime!,Aprovecha el,750ml,PE,LOCAL,79.9,22.507,,3.55,True,keep_imputed,no_category_detected [precio_usd fuera de rango 1–20],4.7662,True,median_category_country,4.7662,4.7662,578,
537,6,Desconocido,PE,13,azucar,azucar,False,¡Aún no eres Wong Prime!,Aprovecha el,946ml,PE,LOCAL,79.9,22.507,,3.55,True,keep,heuristic_default [precio_usd fuera de rango 1–20],4.059150000000001,True,median_category_country,4.059150000000001,4.059150000000001,579,
538,6,Desconocido,PE,17,leche,leche,False,¡Aún no eres Wong Prime!,Aprovecha el,900ml,PE,LOCAL,79.9,22.507,,3.55,True,keep,heuristic_default [precio_usd fuera de rango 1–20],3.0704,True,median_category_country,3.0704,3.0704,580,
539,6,Desconocido,PE,13,azucar,azucar,False,¡Aún no eres Wong Prime!,Aprovecha el,950 ml,PE,LOCAL,79.9,22.507,,3.55,True,keep,heuristic_default [precio_usd fuera de rango 1–20],4.059150000000001,True,median_category_country,4.059150000000001,4.059150000000001,581,
540,6,Desconocido,PE,17,leche,leche,False,¡Aún no eres Wong Prime!,Aprovecha el,800ml,PE,LOCAL,79.9,22.507,,3.55,True,keep,heuristic_default [precio_usd fuera de rango 1–20],3.0704,True,median_category_country,3.0704,3.0704,582,
541,6,Desconocido,PE,7,aceite vegetal,aceite vegetal,False,¡Aún no eres Wong Prime!,Aprovecha el,30 unidades,PE,LOCAL,79.9,22.507,,3.55,True,keep,heuristic_default [precio_usd fuera de rango 1–20],2.885,True,global_median,,2.885,583,
542,6,Desconocido,PE,18,huevo,huevo,False,¡Aún no eres Wong Prime!,Aprovecha el,15 unidades,PE,LOCAL,79.9,22.507,,3.55,True,keep_imputed,heuristic_default [precio_usd fuera de rango 1–20],4.15495,True,median_category_country,4.15495,4.15495,584,
543,6,Desconocido,PE,13,azucar,azucar,False,¡Aún no eres Wong Prime!,Aprovecha el,2 kg,PE,LOCAL,79.9,22.507,,3.55,True,keep,heuristic_default [precio_usd fuera de rango 1–20],4.059150000000001,True,median_category_country,4.059150000000001,4.059150000000001,585,
544,6,Desconocido,PE,13,azucar,azucar,False,¡Aún no eres Wong Prime!,Aprovecha el,1kg,PE,LOCAL,79.9,22.507,,3.55,True,keep,heuristic_default [precio_usd fuera de rango 1–20],4.059150000000001,True,median_category_country,4.059150000000001,4.059150000000001,586,
545,6,Desconocido,PE,13,azucar,azucar,False,¡Aún no eres Wong Prime!,Aprovecha el,770g,PE,LOCAL,79.9,22.507,,3.55,True,keep,heuristic_default [precio_usd fuera de rango 1–20],4.059150000000001,True,median_category_country,4.059150000000001,4.059150000000001,587,
546,6,Desconocido,PE,17,leche,leche,False,¡Aún no eres Wong Prime!,Aprovecha el,360 g,PE,LOCAL,79.9,22.507,,3.55,True,keep,heuristic_default [precio_usd fuera de rango 1–20],3.0704,True,median_category_country,3.0704,3.0704,588,
547,6,Desconocido,PE,13,azucar,azucar,False,¡Aún no eres Wong Prime!,Aprovecha el,300g,PE,LOCAL,79.9,22.507,,3.55,True,keep,heuristic_default [precio_usd fuera de rango 1–20],4.059150000000001,True,median_category_country,4.059150000000001,4.059150000000001,589,
548,6,Desconocido,PE,1,azucar,sin_categoria,True,¡Aún no eres Wong Prime!,Aprovecha el,400g,PE,LOCAL,79.9,22.507,,3.55,True,keep_imputed,no_category_detected [precio_usd fuera de rango 1–20],4.7662,True,median_category_country,4.7662,4.7662,590,
549,6,Desconocido,PE,15,pan,pan,False,¡Aún no eres Wong Prime!,Aprovecha el,560 g,PE,LOCAL,79.9,22.507,,3.55,True,keep,heuristic_default [precio_usd fuera de rango 1–20],4.6479,True,median_category_country,4.6479,4.6479,591,
550,6,Desconocido,PE,18,huevo,huevo,False,¡Aún no eres Wong Prime!,Aprovecha el,950g,PE,LOCAL,79.9,22.507,,3.55,True,keep,heuristic_default [precio_usd fuera de rango 1–20],4.15495,True,median_category_country,4.15495,4.15495,592,
551,6,Desconocido,PE,18,huevo,huevo,False,¡Aún no eres Wong Prime!,Aprovecha el,400 g,PE,LOCAL,79.9,22.507,,3.55,True,keep_imputed,heuristic_default [precio_usd fuera de rango 1–20],4.15495,True,median_category_country,4.15495,4.15495,593,
552,6,Desconocido,PE,1,azucar,sin_categoria,True,¡Aún no eres Wong Prime!,Aprovecha el,500 g,PE,LOCAL,79.9,22.507,,3.55,True,keep_imputed,no_category_detected [precio_usd fuera de rango 1–20],4.7662,True,median_category_country,4.7662,4.7662,594,
553,6,Desconocido,PE,24,atun,atun,False,¡Aún no eres Wong Prime!,Aprovecha el,150g,PE,LOCAL,79.9,22.507,,3.55,True,keep,heuristic_default [precio_usd fuera de rango 1–20],1.8028,True,median_category_country,1.8028,1.8028,595,
554,6,Desconocido,PE,1,azucar,sin_categoria,True,¡Aún no eres Wong Prime!,Aprovecha el,140g,PE,LOCAL,79.9,22.507,,3.55,True,keep,heuristic_default [precio_usd fuera de rango 1–20],4.7662,True,median_category_country,4.7662,4.7662,596,
555,1,Desconocido,UNKNOWN,24,atun,atun,False,¡Lo mejor te está esperando!,Descarga la app,2 Kg,UNKNOWN,LOCAL,74.9,74.9,,1.0,True,keep,heuristic_default [precio_usd fuera de rango 1–20],2.885,True,global_median,,2.885,597,
556,1,Desconocido,UNKNOWN,10,arroz,arroz,False,¡Lo mejor te está esperando!,Descarga la app,907 G,UNKNOWN,LOCAL,23.9,23.9,,1.0,True,keep,heuristic_default [precio_usd fuera de rango 1–20],1.59,True,median_category_country,1.59,1.59,598,
557,1,Desconocido,UNKNOWN,24,atun,atun,False,¡Lo mejor te está esperando!,Descarga la app,906 G,UNKNOWN,LOCAL,23.9,23.9,,1.0,True,keep,heuristic_default [precio_usd fuera de rango 1–20],2.885,True,global_median,,2.885,599,
558,1,Desconocido,UNKNOWN,24,atun,atun,False,¡Lo mejor te está esperando!,Descarga la app,155 G,UNKNOWN,LOCAL,39.9,39.9,,1.0,True,keep,heuristic_default [precio_usd fuera de rango 1–20],2.885,True,global_median,,2.885,600,
559,1,Desconocido,UNKNOWN,7,aceite vegetal,aceite vegetal,False,¡Lo mejor te está esperando!,Descarga la app,800 Ml,UNKNOWN,LOCAL,29.9,29.9,,1.0,True,keep,heuristic_default [precio_usd fuera de rango 1–20],3.99,True,median_category_country,3.99,3.99,601,
560,1,Desconocido,UNKNOWN,7,aceite vegetal,aceite vegetal,False,¡Lo mejor te está esperando!,Descarga la app,400 Ml,UNKNOWN,LOCAL,25.9,25.9,,1.0,True,keep,heuristic_default [precio_usd fuera de rango 1–20],3.99,True,median_category_country,3.99,3.99,602,
561,1,Desconocido,UNKNOWN,7,aceite vegetal,aceite vegetal,False,¡Lo mejor te está esperando!,Descarga la app,850 Ml,UNKNOWN,LOCAL,37.9,37.9,,1.0,True,keep,heuristic_default [precio_usd fuera de rango 1–20],3.99,True,median_category_country,3.99,3.99,603,
562,1,Desconocido,UNKNOWN,5,leche,sin_categoria,True,¡Lo mejor te está esperando!,Descarga la app,,UNKNOWN,LOCAL,234.19,234.1938,,1.0,True,keep_imputed,no_category_detected;price_parse_failed [precio_usd fuera de rango 1–20],3.705,True,median_category_country,3.705,3.705,604,
563,1,Desconocido,UNKNOWN,17,leche,leche,False,¡Lo mejor te está esperando!,Descarga la app,1 Lt,UNKNOWN,LOCAL,30.9,30.9,,1.0,True,keep,heuristic_default [precio_usd fuera de rango 1–20],1.11,True,median_category_country,1.11,1.11,605,
564,1,Desconocido,UNKNOWN,15,pan,pan,False,¡Lo mejor te está esperando!,Descarga la app,680 G,UNKNOWN,LOCAL,44.9,44.9,,1.0,True,keep,heuristic_default [precio_usd fuera de rango 1–20],2.49,True,median_category_country,2.49,2.49,606,
565,1,Desconocido,UNKNOWN,15,pan,pan,False,¡Lo mejor te está esperando!,Descarga la app,624 G,UNKNOWN,LOCAL,62.9,62.9,,1.0,True,keep,heuristic_default [precio_usd fuera de rango 1–20],2.49,True,median_category_country,2.49,2.49,607,
566,1,Desconocido,UNKNOWN,15,pan,pan,False,¡Lo mejor te está esperando!,Descarga la app,620 G,UNKNOWN,LOCAL,54.9,54.9,,1.0,True,keep,heuristic_default [precio_usd fuera de rango 1–20],2.49,True,median_category_country,2.49,2.49,608,
567,1,Desconocido,UNKNOWN,13,azucar,azucar,False,¡Lo mejor te está esperando!,Descarga la app,1 Kg,UNKNOWN,LOCAL,21.9,21.9,,1.0,True,keep,heuristic_default [precio_usd fuera de rango 1–20],2.77,True,median_category_country,2.77,2.77,609,
568,1,Desconocido,UNKNOWN,14,cafe,cafe,False,¡Lo mejor te está esperando!,Descarga la app,100 G,UNKNOWN,LOCAL,69.9,69.9,,1.0,True,keep,heuristic_default [precio_usd fuera de rango 1–20],6.2,True,median_category_country,6.2,6.2,610,
569,1,Desconocido,UNKNOWN,14,cafe,cafe,False,¡Lo mejor te está esperando!,Descarga la app,200 G,UNKNOWN,LOCAL,149.9,149.9,,1.0,True,keep,heuristic_default [precio_usd fuera de rango 1–20],6.2,True,median_category_country,6.2,6.2,611,
570,1,Desconocido,UNKNOWN,14,cafe,cafe,False,¡Lo mejor te está esperando!,Descarga la app,226 G,UNKNOWN,LOCAL,224.9,224.9,,1.0,True,keep,heuristic_default [precio_usd fuera de rango 1–20],6.2,True,median_category_country,6.2,6.2,612,
571,1,Desconocido,UNKNOWN,14,cafe,cafe,False,¡Lo mejor te está esperando!,Descarga la app,250 Gr,UNKNOWN,LOCAL,114.9,114.9,,1.0,True,keep,heuristic_default [precio_usd fuera de rango 1–20],6.2,True,median_category_country,6.2,6.2,613,
572,1,Desconocido,UNKNOWN,17,leche,leche,False,¡Lo mejor te está esperando!,Descarga la app,30 piezas,UNKNOWN,LOCAL,98.9,98.9,,1.0,True,keep,heuristic_default [precio_usd fuera de rango 1–20],1.11,True,median_category_country,1.11,1.11,614,
573,1,Desconocido,UNKNOWN,17,leche,leche,False,¡Lo mejor te está esperando!,Descarga la app,30 unidades,UNKNOWN,LOCAL,91.9,91.9,,1.0,True,keep,heuristic_default [precio_usd fuera de rango 1–20],1.11,True,median_category_country,1.11,1.11,615,
574,1,Desconocido,UNKNOWN,10,arroz,arroz,False,¡Lo mejor te está esperando!,Descarga la app,5 Lb,UNKNOWN,LOCAL,309.9,309.9,,1.0,True,keep,heuristic_default [precio_usd fuera de rango 1–20],1.59,True,median_category_country,1.59,1.59,616,
575,1,Desconocido,UNKNOWN,16,papa,papa,False,¡Lo mejor te está esperando!,Descarga la app,1 kg,UNKNOWN,LOCAL,36.9,36.9,,1.0,True,keep,heuristic_default [precio_usd fuera de rango 1–20],2.19,True,median_category_country,2.19,2.19,617,
591,8,Desconocido,MX,8,huevo,sin_categoria,True,¡Nueva tarjeta de crédito HEB Afirme!,Consigue la tuya aquí,1 Kg,MX,LOCAL,18.0,0.9667,,18.62,True,keep_imputed,no_category_detected [precio_usd fuera de rango 1–20],2.4705,True,median_category_country,2.4705,2.4705,618,
593,9,Desconocido,CR,8,huevo,sin_categoria,True,¿Cómo comprar?,Contáctanos al 800-8000-722,800 g,CR,LOCAL,1.7,0.0034,,503.8,True,keep_imputed,no_category_detected [precio_usd fuera de rango 1–20],2.885,True,global_median,,2.885,619,
594,6,Desconocido,PE,10,arroz,arroz,False,¿Que buscas hoy?,Elegir,5kg,PE,LOCAL,3.0,0.8451,,3.55,True,keep,heuristic_default [precio_usd fuera de rango 1–20],2.885,True,global_median,,2.885,620,
595,6,Desconocido,PE,8,huevo,sin_categoria,True,¿Que buscas hoy?,Elegir,5 kg,PE,LOCAL,55.14,15.5336,15.5336,3.55,True,keep_imputed,no_category_detected;price_parse_failed,15.5336,True,median_category_country,4.7662,15.5336,621,
596,6,Desconocido,PE,10,arroz,arroz,False,¿Que buscas hoy?,Elegir,,PE,LOCAL,2.0,0.5634,,3.55,True,keep_imputed,no_category_detected [precio_usd fuera de rango 1–20],2.885,True,global_median,,2.885,622,
600,6,Desconocido,PE,8,huevo,sin_categoria,True,¿Que buscas hoy?,Elegir,250g,PE,LOCAL,55.14,15.5336,15.5336,3.55,True,keep_imputed,no_category_detected;price_parse_failed,15.5336,True,median_category_country,4.7662,15.5336,623,
602,6,Desconocido,PE,24,atun,atun,False,¿Que buscas hoy?,Elegir,900ml,PE,LOCAL,3.0,0.8451,,3.55,True,keep,heuristic_default [precio_usd fuera de rango 1–20],1.8028,True,median_category_country,1.8028,1.8028,624,
603,6,Desconocido,PE,17,leche,leche,False,¿Que buscas hoy?,Elegir,946ml,PE,LOCAL,55.14,15.5336,15.5336,3.55,True,keep_imputed,no_category_detected;price_parse_failed,15.5336,True,median_category_country,3.0704,15.5336,625,
610,6,Desconocido,PE,17,leche,leche,False,¿Que buscas hoy?,Elegir,600 g,PE,LOCAL,600.0,169.0141,,3.55,True,keep,heuristic_default [precio_usd fuera de rango 1–20],3.0704,True,median_category_country,3.0704,3.0704,626,
613,6,Desconocido,PE,18,huevo,huevo,False,¿Que buscas hoy?,Elegir,500 g,PE,LOCAL,55.14,15.5336,15.5336,3.55,True,keep_imputed,price_parse_failed,15.5336,True,median_category_country,4.15495,15.5336,627,
614,6,Desconocido,PE,18,huevo,huevo,False,¿Que buscas hoy?,Elegir,1kg,PE,LOCAL,55.14,15.5336,15.5336,3.55,True,keep_imputed,price_parse_failed,15.5336,True,median_category_country,4.15495,15.5336,628,
617,2,Chedraui,MX,15,pan,pan,False,¿Qué estás buscando?,Tortilleria y pan empacados,620g,MX,LOCAL,72.0,3.8668,3.8668,18.62,True,keep_imputed,price_parse_failed;price<=0,3.8668,True,median_category_country,3.8668,3.8668,629,
618,2,Chedraui,MX,15,pan,pan,False,¿Qué estás buscando?,Tortilleria y pan empacados,567g,MX,LOCAL,72.0,3.8668,3.8668,18.62,True,keep_imputed,price_parse_failed;price<=0,3.8668,True,median_category_country,3.8668,3.8668,630,
619,2,Chedraui,MX,4,aceite vegetal,sin_categoria,True,¿Qué estás buscando?,Endulzantes,900g,MX,LOCAL,66.32,3.5617,3.5617,18.62,True,keep_imputed,no_category_detected;price_parse_failed,3.5617,True,median_category_country,2.4705,3.5617,631,
620,2,Chedraui,MX,18,huevo,huevo,False,¿Qué estás buscando?,Lacteos y huevo,30 Piezas,MX,LOCAL,66.32,3.5617,3.5617,18.62,True,keep_imputed,price_parse_failed,3.5617,True,median_category_country,4.99195,3.5617,632,
621,2,Chedraui,MX,19,harina de trigo,harina de trigo,False,¿Qué estás buscando?,Harinas y reposteria,1Kg,MX,LOCAL,2902.4,155.8757,,18.62,True,keep_imputed,price_parse_failed;price<=0 [precio_usd fuera de rango 1–20],2.885,True,global_median,,2.885,633,
622,2,Chedraui,MX,7,aceite vegetal,aceite vegetal,False,¿Qué estás buscando?,Aceites y vinagres,170g,MX,LOCAL,33.3,1.7884,1.7884,18.62,True,keep_imputed,price_parse_failed;price<=0,1.7884,True,median_category_country,1.8743,1.7884,634,
623,1,Desconocido,UNKNOWN,8,huevo,sin_categoria,True,‎ ‎ ‎ ‎ ‎ ‎ ‎ ‎ ‎ ‎ ‎ ‎ ‎ ‎ ‎ ‎ ‎ ‎ ‎ ‎ ‎ ‎ ‎ ‎ ‎ ‎ ‎ ‎ ‎ ‎ ‎ ‎ ‎ ‎ ‎ ‎ ‎ ‎ ‎ ‎ ‎ ‎ ‎ ‎ ‎ ‎ ‎ ‎ ‎ ‎ ‎ ‎ ‎ ‎ ‎ ‎ ‎ ‎ ‎ ‎ ‎ ‎ ‎ ‎ ‎ ‎ ‎ ‎ ‎ ‎ Hazte Socio Diamante para disfrutar de ofertas y beneficios exclusivos.,📍,,UNKNOWN,LOCAL,234.19,234.1938,,1.0,True,keep_imputed,no_category_detected;price_parse_failed [precio_usd fuera de rango 1–20],3.705,True,median_category_country,3.705,3.705,635,
628,1,Desconocido,UNKNOWN,16,papa,papa,False,‎ ‎ ‎ ‎ ‎ ‎ ‎ ‎ ‎ ‎ ‎ ‎ ‎ ‎ ‎ ‎ ‎ ‎ ‎ ‎ ‎ ‎ ‎ ‎ ‎ ‎ ‎ ‎ ‎ ‎ ‎ ‎ ‎ ‎ ‎ ‎ ‎ ‎ ‎ ‎ ‎ ‎ ‎ ‎ ‎ ‎ ‎ ‎ ‎ ‎ ‎ ‎ ‎ ‎ ‎ ‎ ‎ ‎ ‎ ‎ ‎ ‎ ‎ ‎ ‎ ‎ ‎ ‎ ‎ ‎ Hazte Socio Diamante para disfrutar de ofertas y beneficios exclusivos.,📍,500 g,UNKNOWN,LOCAL,995.0,995.0,,1.0,True,keep,heuristic_default [precio_usd fuera de rango 1–20],2.19,True,median_category_country,2.19,2.19,636,
637,1,Desconocido,UNKNOWN,18,huevo,huevo,False,‎ ‎ ‎ ‎ ‎ ‎ ‎ ‎ ‎ ‎ ‎ ‎ ‎ ‎ ‎ ‎ ‎ ‎ ‎ ‎ ‎ ‎ ‎ ‎ ‎ ‎ ‎ ‎ ‎ ‎ ‎ ‎ ‎ ‎ ‎ ‎ ‎ ‎ ‎ ‎ ‎ ‎ ‎ ‎ ‎ ‎ ‎ ‎ ‎ ‎ ‎ ‎ ‎ ‎ ‎ ‎ ‎ ‎ ‎ ‎ ‎ ‎ ‎ ‎ ‎ ‎ ‎ ‎ ‎ ‎ Hazte Socio Diamante para disfrutar de ofertas y beneficios exclusivos.,📍,400 g,UNKNOWN,LOCAL,480.0,480.0,,1.0,True,keep_imputed,heuristic_default [precio_usd fuera de rango 1–20],5.19,True,median_category_country,5.19,5.19,637,
1,1,Desconocido,UNKNOWN,1,azucar,sin_categoria,True,$ 12.800,Ver detalles del producto,15G,UNKNOWN,LOCAL,12.8,12.8,12.8,1.0,False,keep_imputed,no_category_detected,11.52,False,original_clean,,,638,True
1,1,Desconocido,UNKNOWN,1,azucar,sin_categoria,True,$ 12.800,Ver detalles del producto,15G,UNKNOWN,LOCAL,12.8,12.8,12.8,1.0,False,keep_imputed,no_category_detected,12.16,False,original_clean,,,639,True
1,1,Desconocido,UNKNOWN,1,azucar,sin_categoria,True,$ 12.800,Ver detalles del producto,15G,UNKNOWN,LOCAL,12.8,12.8,12.8,1.0,False,keep_imputed,no_category_detected,13.44,False,original_clean,,,640,True
1,1,Desconocido,UNKNOWN,1,azucar,sin_categoria,True,$ 12.800,Ver detalles del producto,15G,UNKNOWN,LOCAL,12.8,12.8,12.8,1.0,False,keep_imputed,no_category_detected,14.08,False,original_clean,,,641,True
2,1,Desconocido,UNKNOWN,2,cafe,sin_categoria,True,(Gr a $ 10),$ 8.650,0.2 g,UNKNOWN,LOCAL,10.0,10.0,10.0,1.0,False,keep_imputed,no_category_detected,9.0,False,original_clean,,,642,True
2,1,Desconocido,UNKNOWN,2,cafe,sin_categoria,True,(Gr a $ 10),$ 8.650,0.2 g,UNKNOWN,LOCAL,10.0,10.0,10.0,1.0,False,keep_imputed,no_category_detected,9.5,False,original_clean,,,643,True
2,1,Desconocido,UNKNOWN,2,cafe,sin_categoria,True,(Gr a $ 10),$ 8.650,0.2 g,UNKNOWN,LOCAL,10.0,10.0,10.0,1.0,False,keep_imputed,no_category_detected,10.5,False,original_clean,,,644,True
2,1,Desconocido,UNKNOWN,2,cafe,sin_categoria,True,(Gr a $ 10),$ 8.650,0.2 g,UNKNOWN,LOCAL,10.0,10.0,10.0,1.0,False,keep_imputed,no_category_detected,11.0,False,original_clean,,,645,True
3,1,Desconocido,UNKNOWN,2,cafe,sin_categoria,True,(Gr a $ 10),20,480G,UNKNOWN,LOCAL,10.0,10.0,10.0,1.0,False,keep_imputed,no_category_detected,9.0,False,original_clean,,,646,True
3,1,Desconocido,UNKNOWN,2,cafe,sin_categoria,True,(Gr a $ 10),20,480G,UNKNOWN,LOCAL,10.0,10.0,10.0,1.0,False,keep_imputed,no_category_detected,9.5,False,original_clean,,,647,True
3,1,Desconocido,UNKNOWN,2,cafe,sin_categoria,True,(Gr a $ 10),20,480G,UNKNOWN,LOCAL,10.0,10.0,10.0,1.0,False,keep_imputed,no_category_detected,10.5,False,original_clean,,,648,True
3,1,Desconocido,UNKNOWN,2,cafe,sin_categoria,True,(Gr a $ 10),20,480G,UNKNOWN,LOCAL,10.0,10.0,10.0,1.0,False,keep_imputed,no_category_detected,11.0,False,original_clean,,,649,True
4,1,Desconocido,UNKNOWN,2,cafe,sin_categoria,True,(Gr a $ 10),20,,UNKNOWN,LOCAL,10.0,10.0,10.0,1.0,False,keep_imputed,no_category_detected,9.0,False,original_clean,,,650,True
4,1,Desconocido,UNKNOWN,2,cafe,sin_categoria,True,(Gr a $ 10),20,,UNKNOWN,LOCAL,10.0,10.0,10.0,1.0,False,keep_imputed,no_category_detected,9.5,False,original_clean,,,651,True
4,1,Desconocido,UNKNOWN,2,cafe,sin_categoria,True,(Gr a $ 10),20,,UNKNOWN,LOCAL,10.0,10.0,10.0,1.0,False,keep_imputed,no_category_detected,10.5,False,original_clean,,,652,True
4,1,Desconocido,UNKNOWN,2,cafe,sin_categoria,True,(Gr a $ 10),20,,UNKNOWN,LOCAL,10.0,10.0,10.0,1.0,False,keep_imputed,no_category_detected,11.0,False,original_clean,,,653,True
5,1,Desconocido,UNKNOWN,3,pan,sin_categoria,True,(Gr a $ 11),$ 6.700,,UNKNOWN,LOCAL,11.0,11.0,11.0,1.0,False,keep_imputed,no_category_detected,9.9,False,original_clean,,,654,True
5,1,Desconocido,UNKNOWN,3,pan,sin_categoria,True,(Gr a $ 11),$ 6.700,,UNKNOWN,LOCAL,11.0,11.0,11.0,1.0,False,keep_imputed,no_category_detected,10.45,False,original_clean,,,655,True
5,1,Desconocido,UNKNOWN,3,pan,sin_categoria,True,(Gr a $ 11),$ 6.700,,UNKNOWN,LOCAL,11.0,11.0,11.0,1.0,False,keep_imputed,no_category_detected,11.55,False,original_clean,,,656,True
5,1,Desconocido,UNKNOWN,3,pan,sin_categoria,True,(Gr a $ 11),$ 6.700,,UNKNOWN,LOCAL,11.0,11.0,11.0,1.0,False,keep_imputed,no_category_detected,12.1,False,original_clean,,,657,True
6,1,Desconocido,UNKNOWN,3,pan,sin_categoria,True,(Gr a $ 12),$ 7.150,,UNKNOWN,LOCAL,12.0,12.0,12.0,1.0,False,keep_imputed,no_category_detected,10.8,False,original_clean,,,658,True
6,1,Desconocido,UNKNOWN,3,pan,sin_categoria,True,(Gr a $ 12),$ 7.150,,UNKNOWN,LOCAL,12.0,12.0,12.0,1.0,False,keep_imputed,no_category_detected,11.4,False,original_clean,,,659,True
6,1,Desconocido,UNKNOWN,3,pan,sin_categoria,True,(Gr a $ 12),$ 7.150,,UNKNOWN,LOCAL,12.0,12.0,12.0,1.0,False,keep_imputed,no_category_detected,12.6,False,original_clean,,,660,True
6,1,Desconocido,UNKNOWN,3,pan,sin_categoria,True,(Gr a $ 12),$ 7.150,,UNKNOWN,LOCAL,12.0,12.0,12.0,1.0,False,keep_imputed,no_category_detected,13.2,False,original_clean,,,661,True
7,1,Desconocido,UNKNOWN,2,cafe,sin_categoria,True,(Gr a $ 19),$ 39.000,,UNKNOWN,LOCAL,19.0,19.0,19.0,1.0,False,keep_imputed,no_category_detected,17.1,False,original_clean,,,662,True
7,1,Desconocido,UNKNOWN,2,cafe,sin_categoria,True,(Gr a $ 19),$ 39.000,,UNKNOWN,LOCAL,19.0,19.0,19.0,1.0,False,keep_imputed,no_category_detected,18.05,False,original_clean,,,663,True
7,1,Desconocido,UNKNOWN,2,cafe,sin_categoria,True,(Gr a $ 19),$ 39.000,,UNKNOWN,LOCAL,19.0,19.0,19.0,1.0,False,keep_imputed,no_category_detected,19.95,False,original_clean,,,664,True
7,1,Desconocido,UNKNOWN,2,cafe,sin_categoria,True,(Gr a $ 19),$ 39.000,,UNKNOWN,LOCAL,19.0,19.0,19.0,1.0,False,keep_imputed,no_category_detected,20.9,False,original_clean,,,665,True
13,1,Desconocido,UNKNOWN,3,pan,sin_categoria,True,(Gr a $ 4),$ 4.680,,UNKNOWN,LOCAL,4.0,4.0,4.0,1.0,False,keep_imputed,no_category_detected,3.6,False,original_clean,,,666,True
13,1,Desconocido,UNKNOWN,3,pan,sin_categoria,True,(Gr a $ 4),$ 4.680,,UNKNOWN,LOCAL,4.0,4.0,4.0,1.0,False,keep_imputed,no_category_detected,3.8,False,original_clean,,,667,True
13,1,Desconocido,UNKNOWN,3,pan,sin_categoria,True,(Gr a $ 4),$ 4.680,,UNKNOWN,LOCAL,4.0,4.0,4.0,1.0,False,keep_imputed,no_category_detected,4.2,False,original_clean,,,668,True
13,1,Desconocido,UNKNOWN,3,pan,sin_categoria,True,(Gr a $ 4),$ 4.680,,UNKNOWN,LOCAL,4.0,4.0,4.0,1.0,False,keep_imputed,no_category_detected,4.4,False,original_clean,,,669,True
14,1,Desconocido,UNKNOWN,2,cafe,sin_categoria,True,(Gr a $ 4),$ 10.650,,UNKNOWN,LOCAL,4.0,4.0,4.0,1.0,False,keep_imputed,no_category_detected,3.6,False,original_clean,,,670,True
14,1,Desconocido,UNKNOWN,2,cafe,sin_categoria,True,(Gr a $ 4),$ 10.650,,UNKNOWN,LOCAL,4.0,4.0,4.0,1.0,False,keep_imputed,no_category_detected,3.8,False,original_clean,,,671,True
14,1,Desconocido,UNKNOWN,2,cafe,sin_categoria,True,(Gr a $ 4),$ 10.650,,UNKNOWN,LOCAL,4.0,4.0,4.0,1.0,False,keep_imputed,no_category_detected,4.2,False,original_clean,,,672,True
14,1,Desconocido,UNKNOWN,2,cafe,sin_categoria,True,(Gr a $ 4),$ 10.650,,UNKNOWN,LOCAL,4.0,4.0,4.0,1.0,False,keep_imputed,no_category_detected,4.4,False,original_clean,,,673,True
15,1,Desconocido,UNKNOWN,2,cafe,sin_categoria,True,(Gr a $ 4),19,,UNKNOWN,LOCAL,4.0,4.0,4.0,1.0,False,keep_imputed,no_category_detected,3.6,False,original_clean,,,674,True
15,1,Desconocido,UNKNOWN,2,cafe,sin_categoria,True,(Gr a $ 4),19,,UNKNOWN,LOCAL,4.0,4.0,4.0,1.0,False,keep_imputed,no_category_detected,3.8,False,original_clean,,,675,True
15,1,Desconocido,UNKNOWN,2,cafe,sin_categoria,True,(Gr a $ 4),19,,UNKNOWN,LOCAL,4.0,4.0,4.0,1.0,False,keep_imputed,no_category_detected,4.2,False,original_clean,,,676,True
15,1,Desconocido,UNKNOWN,2,cafe,sin_categoria,True,(Gr a $ 4),19,,UNKNOWN,LOCAL,4.0,4.0,4.0,1.0,False,keep_imputed,no_category_detected,4.4,False,original_clean,,,677,True
16,1,Desconocido,UNKNOWN,2,cafe,sin_categoria,True,(Gr a $ 4),10,,UNKNOWN,LOCAL,4.0,4.0,4.0,1.0,False,keep_imputed,no_category_detected,3.6,False,original_clean,,,678,True
16,1,Desconocido,UNKNOWN,2,cafe,sin_categoria,True,(Gr a $ 4),10,,UNKNOWN,LOCAL,4.0,4.0,4.0,1.0,False,keep_imputed,no_category_detected,3.8,False,original_clean,,,679,True
16,1,Desconocido,UNKNOWN,2,cafe,sin_categoria,True,(Gr a $ 4),10,,UNKNOWN,LOCAL,4.0,4.0,4.0,1.0,False,keep_imputed,no_category_detected,4.2,False,original_clean,,,680,True
16,1,Desconocido,UNKNOWN,2,cafe,sin_categoria,True,(Gr a $ 4),10,,UNKNOWN,LOCAL,4.0,4.0,4.0,1.0,False,keep_imputed,no_category_detected,4.4,False,original_clean,,,681,True
17,1,Desconocido,UNKNOWN,2,cafe,sin_categoria,True,(Gr a $ 4),$ 2.100,,UNKNOWN,LOCAL,4.0,4.0,4.0,1.0,False,keep_imputed,no_category_detected,3.6,False,original_clean,,,682,True
17,1,Desconocido,UNKNOWN,2,cafe,sin_categoria,True,(Gr a $ 4),$ 2.100,,UNKNOWN,LOCAL,4.0,4.0,4.0,1.0,False,keep_imputed,no_category_detected,3.8,False,original_clean,,,683,True
17,1,Desconocido,UNKNOWN,2,cafe,sin_categoria,True,(Gr a $ 4),$ 2.100,,UNKNOWN,LOCAL,4.0,4.0,4.0,1.0,False,keep_imputed,no_category_detected,4.2,False,original_clean,,,684,True
17,1,Desconocido,UNKNOWN,2,cafe,sin_categoria,True,(Gr a $ 4),$ 2.100,,UNKNOWN,LOCAL,4.0,4.0,4.0,1.0,False,keep_imputed,no_category_detected,4.4,False,original_clean,,,685,True
23,1,Desconocido,UNKNOWN,2,cafe,sin_categoria,True,(Gr a $ 9),$ 9.980,,UNKNOWN,LOCAL,9.0,9.0,9.0,1.0,False,keep_imputed,no_category_detected,8.1,False,original_clean,,,686,True
23,1,Desconocido,UNKNOWN,2,cafe,sin_categoria,True,(Gr a $ 9),$ 9.980,,UNKNOWN,LOCAL,9.0,9.0,9.0,1.0,False,keep_imputed,no_category_detected,8.55,False,original_clean,,,687,True
23,1,Desconocido,UNKNOWN,2,cafe,sin_categoria,True,(Gr a $ 9),$ 9.980,,UNKNOWN,LOCAL,9.0,9.0,9.0,1.0,False,keep_imputed,no_category_detected,9.45,False,original_clean,,,688,True
23,1,Desconocido,UNKNOWN,2,cafe,sin_categoria,True,(Gr a $ 9),$ 9.980,,UNKNOWN,LOCAL,9.0,9.0,9.0,1.0,False,keep_imputed,no_category_detected,9.9,False,original_clean,,,689,True
25,1,Desconocido,UNKNOWN,4,aceite vegetal,sin_categoria,True,(Ml a $ 3),$ 17.040,,UNKNOWN,LOCAL,3.0,3.0,3.0,1.0,False,keep_imputed,no_category_detected,2.7,False,original_clean,,,690,True
25,1,Desconocido,UNKNOWN,4,aceite vegetal,sin_categoria,True,(Ml a $ 3),$ 17.040,,UNKNOWN,LOCAL,3.0,3.0,3.0,1.0,False,keep_imputed,no_category_detected,2.85,False,original_clean,,,691,True
25,1,Desconocido,UNKNOWN,4,aceite vegetal,sin_categoria,True,(Ml a $ 3),$ 17.040,,UNKNOWN,LOCAL,3.0,3.0,3.0,1.0,False,keep_imputed,no_category_detected,3.15,False,original_clean,,,692,True
25,1,Desconocido,UNKNOWN,4,aceite vegetal,sin_categoria,True,(Ml a $ 3),$ 17.040,,UNKNOWN,LOCAL,3.0,3.0,3.0,1.0,False,keep_imputed,no_category_detected,3.3,False,original_clean,,,693,True
26,1,Desconocido,UNKNOWN,4,aceite vegetal,sin_categoria,True,(Ml a $ 5),$ 4.900,,UNKNOWN,LOCAL,5.0,5.0,5.0,1.0,False,keep_imputed,no_category_detected,4.5,False,original_clean,,,694,True
26,1,Desconocido,UNKNOWN,4,aceite vegetal,sin_categoria,True,(Ml a $ 5),$ 4.900,,UNKNOWN,LOCAL,5.0,5.0,5.0,1.0,False,keep_imputed,no_category_detected,4.75,False,original_clean,,,695,True
26,1,Desconocido,UNKNOWN,4,aceite vegetal,sin_categoria,True,(Ml a $ 5),$ 4.900,,UNKNOWN,LOCAL,5.0,5.0,5.0,1.0,False,keep_imputed,no_category_detected,5.25,False,original_clean,,,696,True
26,1,Desconocido,UNKNOWN,4,aceite vegetal,sin_categoria,True,(Ml a $ 5),$ 4.900,,UNKNOWN,LOCAL,5.0,5.0,5.0,1.0,False,keep_imputed,no_category_detected,5.5,False,original_clean,,,697,True
27,1,Desconocido,UNKNOWN,4,aceite vegetal,sin_categoria,True,(Ml a $ 6),$ 40.800,1100ml,UNKNOWN,LOCAL,6.0,6.0,6.0,1.0,False,keep_imputed,no_category_detected,5.4,False,original_clean,,,698,True
27,1,Desconocido,UNKNOWN,4,aceite vegetal,sin_categoria,True,(Ml a $ 6),$ 40.800,1100ml,UNKNOWN,LOCAL,6.0,6.0,6.0,1.0,False,keep_imputed,no_category_detected,5.7,False,original_clean,,,699,True
27,1,Desconocido,UNKNOWN,4,aceite vegetal,sin_categoria,True,(Ml a $ 6),$ 40.800,1100ml,UNKNOWN,LOCAL,6.0,6.0,6.0,1.0,False,keep_imputed,no_category_detected,6.3,False,original_clean,,,700,True
27,1,Desconocido,UNKNOWN,4,aceite vegetal,sin_categoria,True,(Ml a $ 6),$ 40.800,1100ml,UNKNOWN,LOCAL,6.0,6.0,6.0,1.0,False,keep_imputed,no_category_detected,6.6,False,original_clean,,,701,True
28,1,Desconocido,UNKNOWN,1,azucar,sin_categoria,True,(Und a $ 1.312),20,,UNKNOWN,LOCAL,1.31,1.31,1.31,1.0,False,keep_imputed,no_category_detected,1.179,False,original_clean,,,702,True
28,1,Desconocido,UNKNOWN,1,azucar,sin_categoria,True,(Und a $ 1.312),20,,UNKNOWN,LOCAL,1.31,1.31,1.31,1.0,False,keep_imputed,no_category_detected,1.2445,False,original_clean,,,703,True
28,1,Desconocido,UNKNOWN,1,azucar,sin_categoria,True,(Und a $ 1.312),20,,UNKNOWN,LOCAL,1.31,1.31,1.31,1.0,False,keep_imputed,no_category_detected,1.3755,False,original_clean,,,704,True
28,1,Desconocido,UNKNOWN,1,azucar,sin_categoria,True,(Und a $ 1.312),20,,UNKNOWN,LOCAL,1.31,1.31,1.31,1.0,False,keep_imputed,no_category_detected,1.441,False,original_clean,,,705,True
29,1,Desconocido,UNKNOWN,5,leche,sin_categoria,True,(Und a $ 1.540),$ 1.540,,UNKNOWN,LOCAL,1.54,1.54,1.54,1.0,False,keep_imputed,no_category_detected,1.386,False,original_clean,,,706,True
29,1,Desconocido,UNKNOWN,5,leche,sin_categoria,True,(Und a $ 1.540),$ 1.540,,UNKNOWN,LOCAL,1.54,1.54,1.54,1.0,False,keep_imputed,no_category_detected,1.463,False,original_clean,,,707,True
29,1,Desconocido,UNKNOWN,5,leche,sin_categoria,True,(Und a $ 1.540),$ 1.540,,UNKNOWN,LOCAL,1.54,1.54,1.54,1.0,False,keep_imputed,no_category_detected,1.617,False,original_clean,,,708,True
29,1,Desconocido,UNKNOWN,5,leche,sin_categoria,True,(Und a $ 1.540),$ 1.540,,UNKNOWN,LOCAL,1.54,1.54,1.54,1.0,False,keep_imputed,no_category_detected,1.694,False,original_clean,,,709,True
36,1,Desconocido,UNKNOWN,6,papa,sin_categoria,True,+595994 874276,Selecciona método de entrega,2 LT,UNKNOWN,LOCAL,2.0,2.0,2.0,1.0,False,keep_imputed,no_category_detected,1.8,False,original_clean,,,710,True
36,1,Desconocido,UNKNOWN,6,papa,sin_categoria,True,+595994 874276,Selecciona método de entrega,2 LT,UNKNOWN,LOCAL,2.0,2.0,2.0,1.0,False,keep_imputed,no_category_detected,1.9,False,original_clean,,,711,True
36,1,Desconocido,UNKNOWN,6,papa,sin_categoria,True,+595994 874276,Selecciona método de entrega,2 LT,UNKNOWN,LOCAL,2.0,2.0,2.0,1.0,False,keep_imputed,no_category_detected,2.1,False,original_clean,,,712,True
36,1,Desconocido,UNKNOWN,6,papa,sin_categoria,True,+595994 874276,Selecciona método de entrega,2 LT,UNKNOWN,LOCAL,2.0,2.0,2.0,1.0,False,keep_imputed,no_category_detected,2.2,False,original_clean,,,713,True
39,2,Chedraui,MX,7,aceite vegetal,aceite vegetal,False,Aceites y vinagres,123,1L,MX,LOCAL,37.0,1.9871,1.9871,18.62,False,keep,heuristic_default,1.7884,False,original_clean,,,714,True
39,2,Chedraui,MX,7,aceite vegetal,aceite vegetal,False,Aceites y vinagres,123,1L,MX,LOCAL,37.0,1.9871,1.9871,18.62,False,keep,heuristic_default,1.8877,False,original_clean,,,715,True
39,2,Chedraui,MX,7,aceite vegetal,aceite vegetal,False,Aceites y vinagres,123,1L,MX,LOCAL,37.0,1.9871,1.9871,18.62,False,keep,heuristic_default,2.0865,False,original_clean,,,716,True
39,2,Chedraui,MX,7,aceite vegetal,aceite vegetal,False,Aceites y vinagres,123,1L,MX,LOCAL,37.0,1.9871,1.9871,18.62,False,keep,heuristic_default,2.1858,False,original_clean,,,717,True
41,2,Chedraui,MX,7,aceite vegetal,aceite vegetal,False,Aceites y vinagres,Aceite Chedraui Mixto 800ml,800ml,MX,LOCAL,28.0,1.5038,1.5038,18.62,False,keep,heuristic_default,1.3534,False,original_clean,,,718,True
41,2,Chedraui,MX,7,aceite vegetal,aceite vegetal,False,Aceites y vinagres,Aceite Chedraui Mixto 800ml,800ml,MX,LOCAL,28.0,1.5038,1.5038,18.62,False,keep,heuristic_default,1.4286,False,original_clean,,,719,True
41,2,Chedraui,MX,7,aceite vegetal,aceite vegetal,False,Aceites y vinagres,Aceite Chedraui Mixto 800ml,800ml,MX,LOCAL,28.0,1.5038,1.5038,18.62,False,keep,heuristic_default,1.579,False,original_clean,,,720,True
41,2,Chedraui,MX,7,aceite vegetal,aceite vegetal,False,Aceites y vinagres,Aceite Chedraui Mixto 800ml,800ml,MX,LOCAL,28.0,1.5038,1.5038,18.62,False,keep,heuristic_default,1.6542,False,original_clean,,,721,True
43,3,Desconocido,BR,8,huevo,sin_categoria,True,"Al continuar navegando, usted acepta con nuestra",Política de privacidad,12 unidades,BR,LOCAL,20.0,3.6711,3.6711,5.448,False,keep_imputed,no_category_detected,3.304,False,original_clean,,,722,True
43,3,Desconocido,BR,8,huevo,sin_categoria,True,"Al continuar navegando, usted acepta con nuestra",Política de privacidad,12 unidades,BR,LOCAL,20.0,3.6711,3.6711,5.448,False,keep_imputed,no_category_detected,3.4875,False,original_clean,,,723,True
43,3,Desconocido,BR,8,huevo,sin_categoria,True,"Al continuar navegando, usted acepta con nuestra",Política de privacidad,12 unidades,BR,LOCAL,20.0,3.6711,3.6711,5.448,False,keep_imputed,no_category_detected,3.8547,False,original_clean,,,724,True
43,3,Desconocido,BR,8,huevo,sin_categoria,True,"Al continuar navegando, usted acepta con nuestra",Política de privacidad,12 unidades,BR,LOCAL,20.0,3.6711,3.6711,5.448,False,keep_imputed,no_category_detected,4.0382,False,original_clean,,,725,True
47,3,Desconocido,BR,10,arroz,arroz,False,Alimentos básicos,Arroz,5Kg,BR,LOCAL,19.49,3.5775,3.5775,5.448,False,keep,heuristic_default,3.2198,False,original_clean,,,726,True
47,3,Desconocido,BR,10,arroz,arroz,False,Alimentos básicos,Arroz,5Kg,BR,LOCAL,19.49,3.5775,3.5775,5.448,False,keep,heuristic_default,3.3986,False,original_clean,,,727,True
47,3,Desconocido,BR,10,arroz,arroz,False,Alimentos básicos,Arroz,5Kg,BR,LOCAL,19.49,3.5775,3.5775,5.448,False,keep,heuristic_default,3.7564,False,original_clean,,,728,True
47,3,Desconocido,BR,10,arroz,arroz,False,Alimentos básicos,Arroz,5Kg,BR,LOCAL,19.49,3.5775,3.5775,5.448,False,keep,heuristic_default,3.9353,False,original_clean,,,729,True
48,3,Desconocido,BR,10,arroz,arroz,False,Alimentos básicos,Arroz,2Kg,BR,LOCAL,11.99,2.2008,2.2008,5.448,False,keep,heuristic_default,1.9807,False,original_clean,,,730,True
48,3,Desconocido,BR,10,arroz,arroz,False,Alimentos básicos,Arroz,2Kg,BR,LOCAL,11.99,2.2008,2.2008,5.448,False,keep,heuristic_default,2.0908,False,original_clean,,,731,True
48,3,Desconocido,BR,10,arroz,arroz,False,Alimentos básicos,Arroz,2Kg,BR,LOCAL,11.99,2.2008,2.2008,5.448,False,keep,heuristic_default,2.3108,False,original_clean,,,732,True
48,3,Desconocido,BR,10,arroz,arroz,False,Alimentos básicos,Arroz,2Kg,BR,LOCAL,11.99,2.2008,2.2008,5.448,False,keep,heuristic_default,2.4209,False,original_clean,,,733,True
49,3,Desconocido,BR,10,arroz,arroz,False,Alimentos básicos,Arroz,5 kg,BR,LOCAL,16.59,3.0452,3.0452,5.448,False,keep,heuristic_default,2.7407,False,original_clean,,,734,True
49,3,Desconocido,BR,10,arroz,arroz,False,Alimentos básicos,Arroz,5 kg,BR,LOCAL,16.59,3.0452,3.0452,5.448,False,keep,heuristic_default,2.8929,False,original_clean,,,735,True
49,3,Desconocido,BR,10,arroz,arroz,False,Alimentos básicos,Arroz,5 kg,BR,LOCAL,16.59,3.0452,3.0452,5.448,False,keep,heuristic_default,3.1975,False,original_clean,,,736,True
49,3,Desconocido,BR,10,arroz,arroz,False,Alimentos básicos,Arroz,5 kg,BR,LOCAL,16.59,3.0452,3.0452,5.448,False,keep,heuristic_default,3.3497,False,original_clean,,,737,True
50,3,Desconocido,BR,11,frijoles,sin_categoria,True,Alimentos básicos,Cafés,40g,BR,LOCAL,8.89,1.6318,1.6318,5.448,False,keep_imputed,no_category_detected,1.4686,False,original_clean,,,738,True
50,3,Desconocido,BR,11,frijoles,sin_categoria,True,Alimentos básicos,Cafés,40g,BR,LOCAL,8.89,1.6318,1.6318,5.448,False,keep_imputed,no_category_detected,1.5502,False,original_clean,,,739,True
50,3,Desconocido,BR,11,frijoles,sin_categoria,True,Alimentos básicos,Cafés,40g,BR,LOCAL,8.89,1.6318,1.6318,5.448,False,keep_imputed,no_category_detected,1.7134,False,original_clean,,,740,True
50,3,Desconocido,BR,11,frijoles,sin_categoria,True,Alimentos básicos,Cafés,40g,BR,LOCAL,8.89,1.6318,1.6318,5.448,False,keep_imputed,no_category_detected,1.795,False,original_clean,,,741,True
53,3,Desconocido,BR,9,frijoles,frijoles,False,Alimentos básicos,Frijoles,1 kg,BR,LOCAL,6.89,1.2647,1.2647,5.448,False,keep,heuristic_default,1.1382,False,original_clean,,,742,True
53,3,Desconocido,BR,9,frijoles,frijoles,False,Alimentos básicos,Frijoles,1 kg,BR,LOCAL,6.89,1.2647,1.2647,5.448,False,keep,heuristic_default,1.2015,False,original_clean,,,743,True
53,3,Desconocido,BR,9,frijoles,frijoles,False,Alimentos básicos,Frijoles,1 kg,BR,LOCAL,6.89,1.2647,1.2647,5.448,False,keep,heuristic_default,1.3279,False,original_clean,,,744,True
53,3,Desconocido,BR,9,frijoles,frijoles,False,Alimentos básicos,Frijoles,1 kg,BR,LOCAL,6.89,1.2647,1.2647,5.448,False,keep,heuristic_default,1.3912,False,original_clean,,,745,True
54,1,Desconocido,UNKNOWN,10,arroz,arroz,False,App Frecuento,Descárgala gratis,330ml,UNKNOWN,LOCAL,7.45,7.45,7.45,1.0,False,keep,heuristic_default,6.705,False,original_clean,,,746,True
54,1,Desconocido,UNKNOWN,10,arroz,arroz,False,App Frecuento,Descárgala gratis,330ml,UNKNOWN,LOCAL,7.45,7.45,7.45,1.0,False,keep,heuristic_default,7.0775,False,original_clean,,,747,True
54,1,Desconocido,UNKNOWN,10,arroz,arroz,False,App Frecuento,Descárgala gratis,330ml,UNKNOWN,LOCAL,7.45,7.45,7.45,1.0,False,keep,heuristic_default,7.8225,False,original_clean,,,748,True
54,1,Desconocido,UNKNOWN,10,arroz,arroz,False,App Frecuento,Descárgala gratis,330ml,UNKNOWN,LOCAL,7.45,7.45,7.45,1.0,False,keep,heuristic_default,8.195,False,original_clean,,,749,True
55,4,Desconocido,US,10,arroz,arroz,False,ARROZ CONEJO SACO 20 LB,Comparar,20 LB,US,LOCAL,9.99,9.99,9.99,1.0,False,keep,heuristic_default,8.991,False,original_clean,,,750,True
55,4,Desconocido,US,10,arroz,arroz,False,ARROZ CONEJO SACO 20 LB,Comparar,20 LB,US,LOCAL,9.99,9.99,9.99,1.0,False,keep,heuristic_default,9.4905,False,original_clean,,,751,True
55,4,Desconocido,US,10,arroz,arroz,False,ARROZ CONEJO SACO 20 LB,Comparar,20 LB,US,LOCAL,9.99,9.99,9.99,1.0,False,keep,heuristic_default,10.4895,False,original_clean,,,752,True
55,4,Desconocido,US,10,arroz,arroz,False,ARROZ CONEJO SACO 20 LB,Comparar,20 LB,US,LOCAL,9.99,9.99,9.99,1.0,False,keep,heuristic_default,10.989,False,original_clean,,,753,True
58,1,Desconocido,UNKNOWN,10,arroz,arroz,False,Arroz G1 largo ancho bolsa,1 Kg,1 Kg,UNKNOWN,LOCAL,1.89,1.89,1.89,1.0,False,keep,heuristic_default,1.701,False,original_clean,,,754,True
58,1,Desconocido,UNKNOWN,10,arroz,arroz,False,Arroz G1 largo ancho bolsa,1 Kg,1 Kg,UNKNOWN,LOCAL,1.89,1.89,1.89,1.0,False,keep,heuristic_default,1.7955,False,original_clean,,,755,True
58,1,Desconocido,UNKNOWN,10,arroz,arroz,False,Arroz G1 largo ancho bolsa,1 Kg,1 Kg,UNKNOWN,LOCAL,1.89,1.89,1.89,1.0,False,keep,heuristic_default,1.9845,False,original_clean,,,756,True
58,1,Desconocido,UNKNOWN,10,arroz,arroz,False,Arroz G1 largo ancho bolsa,1 Kg,1 Kg,UNKNOWN,LOCAL,1.89,1.89,1.89,1.0,False,keep,heuristic_default,2.079,False,original_clean,,,757,True
59,1,Desconocido,UNKNOWN,10,arroz,arroz,False,Arroz G2 gran selección ancha,1 Kg,1 Kg,UNKNOWN,LOCAL,1.37,1.37,1.37,1.0,False,keep,heuristic_default,1.233,False,original_clean,,,758,True
59,1,Desconocido,UNKNOWN,10,arroz,arroz,False,Arroz G2 gran selección ancha,1 Kg,1 Kg,UNKNOWN,LOCAL,1.37,1.37,1.37,1.0,False,keep,heuristic_default,1.3015,False,original_clean,,,759,True
59,1,Desconocido,UNKNOWN,10,arroz,arroz,False,Arroz G2 gran selección ancha,1 Kg,1 Kg,UNKNOWN,LOCAL,1.37,1.37,1.37,1.0,False,keep,heuristic_default,1.4385,False,original_clean,,,760,True
59,1,Desconocido,UNKNOWN,10,arroz,arroz,False,Arroz G2 gran selección ancha,1 Kg,1 Kg,UNKNOWN,LOCAL,1.37,1.37,1.37,1.0,False,keep,heuristic_default,1.507,False,original_clean,,,761,True
60,1,Desconocido,UNKNOWN,10,arroz,arroz,False,Arroz G2 largo delgado,1 Kg,1 Kg,UNKNOWN,LOCAL,1.02,1.02,1.02,1.0,False,keep,heuristic_default,0.918,False,original_clean,,,762,True
60,1,Desconocido,UNKNOWN,10,arroz,arroz,False,Arroz G2 largo delgado,1 Kg,1 Kg,UNKNOWN,LOCAL,1.02,1.02,1.02,1.0,False,keep,heuristic_default,0.969,False,original_clean,,,763,True
60,1,Desconocido,UNKNOWN,10,arroz,arroz,False,Arroz G2 largo delgado,1 Kg,1 Kg,UNKNOWN,LOCAL,1.02,1.02,1.02,1.0,False,keep,heuristic_default,1.071,False,original_clean,,,764,True
60,1,Desconocido,UNKNOWN,10,arroz,arroz,False,Arroz G2 largo delgado,1 Kg,1 Kg,UNKNOWN,LOCAL,1.02,1.02,1.02,1.0,False,keep,heuristic_default,1.122,False,original_clean,,,765,True
61,1,Desconocido,UNKNOWN,10,arroz,arroz,False,Arroz grano largo delgado grad...,900 g,900 g,UNKNOWN,LOCAL,1.39,1.39,1.39,1.0,False,keep,heuristic_default,1.251,False,original_clean,,,766,True
61,1,Desconocido,UNKNOWN,10,arroz,arroz,False,Arroz grano largo delgado grad...,900 g,900 g,UNKNOWN,LOCAL,1.39,1.39,1.39,1.0,False,keep,heuristic_default,1.3205,False,original_clean,,,767,True
61,1,Desconocido,UNKNOWN,10,arroz,arroz,False,Arroz grano largo delgado grad...,900 g,900 g,UNKNOWN,LOCAL,1.39,1.39,1.39,1.0,False,keep,heuristic_default,1.4595,False,original_clean,,,768,True
61,1,Desconocido,UNKNOWN,10,arroz,arroz,False,Arroz grano largo delgado grad...,900 g,900 g,UNKNOWN,LOCAL,1.39,1.39,1.39,1.0,False,keep,heuristic_default,1.529,False,original_clean,,,769,True
62,2,Chedraui,MX,10,arroz,arroz,False,Arroz La Merced Super Extra 900g,La Merced,900g,MX,LOCAL,21.0,1.1278,1.1278,18.62,False,keep,heuristic_default,1.015,False,original_clean,,,770,True
62,2,Chedraui,MX,10,arroz,arroz,False,Arroz La Merced Super Extra 900g,La Merced,900g,MX,LOCAL,21.0,1.1278,1.1278,18.62,False,keep,heuristic_default,1.0714,False,original_clean,,,771,True
62,2,Chedraui,MX,10,arroz,arroz,False,Arroz La Merced Super Extra 900g,La Merced,900g,MX,LOCAL,21.0,1.1278,1.1278,18.62,False,keep,heuristic_default,1.1842,False,original_clean,,,772,True
62,2,Chedraui,MX,10,arroz,arroz,False,Arroz La Merced Super Extra 900g,La Merced,900g,MX,LOCAL,21.0,1.1278,1.1278,18.62,False,keep,heuristic_default,1.2406,False,original_clean,,,773,True
63,4,Desconocido,US,10,arroz,arroz,False,ARROZ REAL 2 KG,Comparar,2 KG,US,LOCAL,2.99,2.99,2.99,1.0,False,keep,heuristic_default,2.691,False,original_clean,,,774,True
63,4,Desconocido,US,10,arroz,arroz,False,ARROZ REAL 2 KG,Comparar,2 KG,US,LOCAL,2.99,2.99,2.99,1.0,False,keep,heuristic_default,2.8405,False,original_clean,,,775,True
63,4,Desconocido,US,10,arroz,arroz,False,ARROZ REAL 2 KG,Comparar,2 KG,US,LOCAL,2.99,2.99,2.99,1.0,False,keep,heuristic_default,3.1395,False,original_clean,,,776,True
63,4,Desconocido,US,10,arroz,arroz,False,ARROZ REAL 2 KG,Comparar,2 KG,US,LOCAL,2.99,2.99,2.99,1.0,False,keep,heuristic_default,3.289,False,original_clean,,,777,True
64,2,Chedraui,MX,10,arroz,arroz,False,Arroz Schettino Verde 900g,Schettino,900g,MX,LOCAL,19.8,1.0634,1.0634,18.62,False,keep,heuristic_default,0.9571,False,original_clean,,,778,True
64,2,Chedraui,MX,10,arroz,arroz,False,Arroz Schettino Verde 900g,Schettino,900g,MX,LOCAL,19.8,1.0634,1.0634,18.62,False,keep,heuristic_default,1.0102,False,original_clean,,,779,True
64,2,Chedraui,MX,10,arroz,arroz,False,Arroz Schettino Verde 900g,Schettino,900g,MX,LOCAL,19.8,1.0634,1.0634,18.62,False,keep,heuristic_default,1.1166,False,original_clean,,,780,True
64,2,Chedraui,MX,10,arroz,arroz,False,Arroz Schettino Verde 900g,Schettino,900g,MX,LOCAL,19.8,1.0634,1.0634,18.62,False,keep,heuristic_default,1.1697,False,original_clean,,,781,True
83,3,Desconocido,BR,13,azucar,azucar,False,Azúcar Mascavo Orgánico Native Organic 500 G,Descripción,500 G,BR,LOCAL,15.99,2.935,2.935,5.448,False,keep,heuristic_default,2.6415,False,original_clean,,,782,True
83,3,Desconocido,BR,13,azucar,azucar,False,Azúcar Mascavo Orgánico Native Organic 500 G,Descripción,500 G,BR,LOCAL,15.99,2.935,2.935,5.448,False,keep,heuristic_default,2.7883,False,original_clean,,,783,True
83,3,Desconocido,BR,13,azucar,azucar,False,Azúcar Mascavo Orgánico Native Organic 500 G,Descripción,500 G,BR,LOCAL,15.99,2.935,2.935,5.448,False,keep,heuristic_default,3.0817,False,original_clean,,,784,True
83,3,Desconocido,BR,13,azucar,azucar,False,Azúcar Mascavo Orgánico Native Organic 500 G,Descripción,500 G,BR,LOCAL,15.99,2.935,2.935,5.448,False,keep,heuristic_default,3.2285,False,original_clean,,,785,True
86,3,Desconocido,BR,13,azucar,azucar,False,Azúcar y Adoçante,Azúcar,1Kg,BR,LOCAL,10.19,1.8704,1.8704,5.448,False,keep,heuristic_default,1.6834,False,original_clean,,,786,True
86,3,Desconocido,BR,13,azucar,azucar,False,Azúcar y Adoçante,Azúcar,1Kg,BR,LOCAL,10.19,1.8704,1.8704,5.448,False,keep,heuristic_default,1.7769,False,original_clean,,,787,True
86,3,Desconocido,BR,13,azucar,azucar,False,Azúcar y Adoçante,Azúcar,1Kg,BR,LOCAL,10.19,1.8704,1.8704,5.448,False,keep,heuristic_default,1.9639,False,original_clean,,,788,True
86,3,Desconocido,BR,13,azucar,azucar,False,Azúcar y Adoçante,Azúcar,1Kg,BR,LOCAL,10.19,1.8704,1.8704,5.448,False,keep,heuristic_default,2.0574,False,original_clean,,,789,True
88,6,Desconocido,PE,13,azucar,azucar,False,Azúcar y Endulzantes,Azúcar Rubia,25 Kg,PE,LOCAL,16.92,4.7662,4.7662,3.55,False,keep,heuristic_default,4.2896,False,original_clean,,,790,True
88,6,Desconocido,PE,13,azucar,azucar,False,Azúcar y Endulzantes,Azúcar Rubia,25 Kg,PE,LOCAL,16.92,4.7662,4.7662,3.55,False,keep,heuristic_default,4.5279,False,original_clean,,,791,True
88,6,Desconocido,PE,13,azucar,azucar,False,Azúcar y Endulzantes,Azúcar Rubia,25 Kg,PE,LOCAL,16.92,4.7662,4.7662,3.55,False,keep,heuristic_default,5.0045,False,original_clean,,,792,True
88,6,Desconocido,PE,13,azucar,azucar,False,Azúcar y Endulzantes,Azúcar Rubia,25 Kg,PE,LOCAL,16.92,4.7662,4.7662,3.55,False,keep,heuristic_default,5.2428,False,original_clean,,,793,True
90,1,Desconocido,UNKNOWN,12,cebolla,cebolla,False,BANANO UNIDAD,Unidades disponibles,1000 G,UNKNOWN,LOCAL,1.0,1.0,1.0,1.0,False,keep,heuristic_default,0.9,False,original_clean,,,794,True
90,1,Desconocido,UNKNOWN,12,cebolla,cebolla,False,BANANO UNIDAD,Unidades disponibles,1000 G,UNKNOWN,LOCAL,1.0,1.0,1.0,1.0,False,keep,heuristic_default,0.95,False,original_clean,,,795,True
90,1,Desconocido,UNKNOWN,12,cebolla,cebolla,False,BANANO UNIDAD,Unidades disponibles,1000 G,UNKNOWN,LOCAL,1.0,1.0,1.0,1.0,False,keep,heuristic_default,1.05,False,original_clean,,,796,True
90,1,Desconocido,UNKNOWN,12,cebolla,cebolla,False,BANANO UNIDAD,Unidades disponibles,1000 G,UNKNOWN,LOCAL,1.0,1.0,1.0,1.0,False,keep,heuristic_default,1.1,False,original_clean,,,797,True
93,1,Desconocido,UNKNOWN,16,papa,papa,False,"Bebidas, Aguas y Jugos",Bebidas,1.5 L,UNKNOWN,LOCAL,1.99,1.99,1.99,1.0,False,keep,heuristic_default,1.791,False,original_clean,,,798,True
93,1,Desconocido,UNKNOWN,16,papa,papa,False,"Bebidas, Aguas y Jugos",Bebidas,1.5 L,UNKNOWN,LOCAL,1.99,1.99,1.99,1.0,False,keep,heuristic_default,1.8905,False,original_clean,,,799,True
93,1,Desconocido,UNKNOWN,16,papa,papa,False,"Bebidas, Aguas y Jugos",Bebidas,1.5 L,UNKNOWN,LOCAL,1.99,1.99,1.99,1.0,False,keep,heuristic_default,2.0895,False,original_clean,,,800,True
93,1,Desconocido,UNKNOWN,16,papa,papa,False,"Bebidas, Aguas y Jugos",Bebidas,1.5 L,UNKNOWN,LOCAL,1.99,1.99,1.99,1.0,False,keep,heuristic_default,2.189,False,original_clean,,,801,True
94,1,Desconocido,UNKNOWN,16,papa,papa,False,"Bebidas, Aguas y Jugos",Bebidas,1.5 LT,UNKNOWN,LOCAL,1.99,1.99,1.99,1.0,False,keep,heuristic_default,1.791,False,original_clean,,,802,True
94,1,Desconocido,UNKNOWN,16,papa,papa,False,"Bebidas, Aguas y Jugos",Bebidas,1.5 LT,UNKNOWN,LOCAL,1.99,1.99,1.99,1.0,False,keep,heuristic_default,1.8905,False,original_clean,,,803,True
94,1,Desconocido,UNKNOWN,16,papa,papa,False,"Bebidas, Aguas y Jugos",Bebidas,1.5 LT,UNKNOWN,LOCAL,1.99,1.99,1.99,1.0,False,keep,heuristic_default,2.0895,False,original_clean,,,804,True
94,1,Desconocido,UNKNOWN,16,papa,papa,False,"Bebidas, Aguas y Jugos",Bebidas,1.5 LT,UNKNOWN,LOCAL,1.99,1.99,1.99,1.0,False,keep,heuristic_default,2.189,False,original_clean,,,805,True
103,2,Chedraui,MX,14,cafe,cafe,False,Cafe y te,Legal,180 g,MX,LOCAL,88.0,4.7261,4.7261,18.62,False,keep,heuristic_default,4.2535,False,original_clean,,,806,True
103,2,Chedraui,MX,14,cafe,cafe,False,Cafe y te,Legal,180 g,MX,LOCAL,88.0,4.7261,4.7261,18.62,False,keep,heuristic_default,4.4898,False,original_clean,,,807,True
103,2,Chedraui,MX,14,cafe,cafe,False,Cafe y te,Legal,180 g,MX,LOCAL,88.0,4.7261,4.7261,18.62,False,keep,heuristic_default,4.9624,False,original_clean,,,808,True
103,2,Chedraui,MX,14,cafe,cafe,False,Cafe y te,Legal,180 g,MX,LOCAL,88.0,4.7261,4.7261,18.62,False,keep,heuristic_default,5.1987,False,original_clean,,,809,True
104,2,Chedraui,MX,14,cafe,cafe,False,Cafe y te,Los Portales de Córdoba,170g,MX,LOCAL,149.0,8.0021,8.0021,18.62,False,keep,heuristic_default,7.2019,False,original_clean,,,810,True
104,2,Chedraui,MX,14,cafe,cafe,False,Cafe y te,Los Portales de Córdoba,170g,MX,LOCAL,149.0,8.0021,8.0021,18.62,False,keep,heuristic_default,7.602,False,original_clean,,,811,True
104,2,Chedraui,MX,14,cafe,cafe,False,Cafe y te,Los Portales de Córdoba,170g,MX,LOCAL,149.0,8.0021,8.0021,18.62,False,keep,heuristic_default,8.4022,False,original_clean,,,812,True
104,2,Chedraui,MX,14,cafe,cafe,False,Cafe y te,Los Portales de Córdoba,170g,MX,LOCAL,149.0,8.0021,8.0021,18.62,False,keep,heuristic_default,8.8023,False,original_clean,,,813,True
105,2,Chedraui,MX,14,cafe,cafe,False,Cafe y te,Blasón,400g,MX,LOCAL,150.0,8.0559,8.0559,18.62,False,keep,heuristic_default,7.2503,False,original_clean,,,814,True
105,2,Chedraui,MX,14,cafe,cafe,False,Cafe y te,Blasón,400g,MX,LOCAL,150.0,8.0559,8.0559,18.62,False,keep,heuristic_default,7.6531,False,original_clean,,,815,True
105,2,Chedraui,MX,14,cafe,cafe,False,Cafe y te,Blasón,400g,MX,LOCAL,150.0,8.0559,8.0559,18.62,False,keep,heuristic_default,8.4587,False,original_clean,,,816,True
105,2,Chedraui,MX,14,cafe,cafe,False,Cafe y te,Blasón,400g,MX,LOCAL,150.0,8.0559,8.0559,18.62,False,keep,heuristic_default,8.8615,False,original_clean,,,817,True
106,2,Chedraui,MX,14,cafe,cafe,False,Cafe y te,Garat,340g,MX,LOCAL,150.0,8.0559,8.0559,18.62,False,keep,heuristic_default,7.2503,False,original_clean,,,818,True
106,2,Chedraui,MX,14,cafe,cafe,False,Cafe y te,Garat,340g,MX,LOCAL,150.0,8.0559,8.0559,18.62,False,keep,heuristic_default,7.6531,False,original_clean,,,819,True
106,2,Chedraui,MX,14,cafe,cafe,False,Cafe y te,Garat,340g,MX,LOCAL,150.0,8.0559,8.0559,18.62,False,keep,heuristic_default,8.4587,False,original_clean,,,820,True
106,2,Chedraui,MX,14,cafe,cafe,False,Cafe y te,Garat,340g,MX,LOCAL,150.0,8.0559,8.0559,18.62,False,keep,heuristic_default,8.8615,False,original_clean,,,821,True
107,6,Desconocido,PE,14,cafe,cafe,False,Café e Infusiones,Café Instantáneo,150g,PE,LOCAL,16.92,4.7662,4.7662,3.55,False,keep,heuristic_default,4.2896,False,original_clean,,,822,True
107,6,Desconocido,PE,14,cafe,cafe,False,Café e Infusiones,Café Instantáneo,150g,PE,LOCAL,16.92,4.7662,4.7662,3.55,False,keep,heuristic_default,4.5279,False,original_clean,,,823,True
107,6,Desconocido,PE,14,cafe,cafe,False,Café e Infusiones,Café Instantáneo,150g,PE,LOCAL,16.92,4.7662,4.7662,3.55,False,keep,heuristic_default,5.0045,False,original_clean,,,824,True
107,6,Desconocido,PE,14,cafe,cafe,False,Café e Infusiones,Café Instantáneo,150g,PE,LOCAL,16.92,4.7662,4.7662,3.55,False,keep,heuristic_default,5.2428,False,original_clean,,,825,True
108,1,Desconocido,UNKNOWN,14,cafe,cafe,False,Café instantáneo clásico lata,170 g,170 g,UNKNOWN,LOCAL,4.94,4.94,4.94,1.0,False,keep,heuristic_default,4.446,False,original_clean,,,826,True
108,1,Desconocido,UNKNOWN,14,cafe,cafe,False,Café instantáneo clásico lata,170 g,170 g,UNKNOWN,LOCAL,4.94,4.94,4.94,1.0,False,keep,heuristic_default,4.693,False,original_clean,,,827,True
108,1,Desconocido,UNKNOWN,14,cafe,cafe,False,Café instantáneo clásico lata,170 g,170 g,UNKNOWN,LOCAL,4.94,4.94,4.94,1.0,False,keep,heuristic_default,5.187,False,original_clean,,,828,True
108,1,Desconocido,UNKNOWN,14,cafe,cafe,False,Café instantáneo clásico lata,170 g,170 g,UNKNOWN,LOCAL,4.94,4.94,4.94,1.0,False,keep,heuristic_default,5.434,False,original_clean,,,829,True
109,1,Desconocido,UNKNOWN,14,cafe,cafe,False,Café instantáneo institucional,400 g,400 g,UNKNOWN,LOCAL,13.09,13.09,13.09,1.0,False,keep,heuristic_default,11.781,False,original_clean,,,830,True
109,1,Desconocido,UNKNOWN,14,cafe,cafe,False,Café instantáneo institucional,400 g,400 g,UNKNOWN,LOCAL,13.09,13.09,13.09,1.0,False,keep,heuristic_default,12.4355,False,original_clean,,,831,True
109,1,Desconocido,UNKNOWN,14,cafe,cafe,False,Café instantáneo institucional,400 g,400 g,UNKNOWN,LOCAL,13.09,13.09,13.09,1.0,False,keep,heuristic_default,13.7445,False,original_clean,,,832,True
109,1,Desconocido,UNKNOWN,14,cafe,cafe,False,Café instantáneo institucional,400 g,400 g,UNKNOWN,LOCAL,13.09,13.09,13.09,1.0,False,keep,heuristic_default,14.399,False,original_clean,,,833,True
136,3,Desconocido,BR,22,cerveza,cerveza,False,Cervejas Tradicionais,Cerveja Heineken Garrafa 600ml,600ml,BR,LOCAL,13.49,2.4761,2.4761,5.448,False,keep,heuristic_default,2.2285,False,original_clean,,,834,True
136,3,Desconocido,BR,22,cerveza,cerveza,False,Cervejas Tradicionais,Cerveja Heineken Garrafa 600ml,600ml,BR,LOCAL,13.49,2.4761,2.4761,5.448,False,keep,heuristic_default,2.3523,False,original_clean,,,835,True
136,3,Desconocido,BR,22,cerveza,cerveza,False,Cervejas Tradicionais,Cerveja Heineken Garrafa 600ml,600ml,BR,LOCAL,13.49,2.4761,2.4761,5.448,False,keep,heuristic_default,2.5999,False,original_clean,,,836,True
136,3,Desconocido,BR,22,cerveza,cerveza,False,Cervejas Tradicionais,Cerveja Heineken Garrafa 600ml,600ml,BR,LOCAL,13.49,2.4761,2.4761,5.448,False,keep,heuristic_default,2.7237,False,original_clean,,,837,True
137,3,Desconocido,BR,23,cerveza,sin_categoria,True,Cervejas Tradicionais,"R$ 6,39",330ml,BR,LOCAL,6.39,1.1729,1.1729,5.448,False,keep_imputed,no_category_detected,1.0556,False,original_clean,,,838,True
137,3,Desconocido,BR,23,cerveza,sin_categoria,True,Cervejas Tradicionais,"R$ 6,39",330ml,BR,LOCAL,6.39,1.1729,1.1729,5.448,False,keep_imputed,no_category_detected,1.1143,False,original_clean,,,839,True
137,3,Desconocido,BR,23,cerveza,sin_categoria,True,Cervejas Tradicionais,"R$ 6,39",330ml,BR,LOCAL,6.39,1.1729,1.1729,5.448,False,keep_imputed,no_category_detected,1.2315,False,original_clean,,,840,True
137,3,Desconocido,BR,23,cerveza,sin_categoria,True,Cervejas Tradicionais,"R$ 6,39",330ml,BR,LOCAL,6.39,1.1729,1.1729,5.448,False,keep_imputed,no_category_detected,1.2902,False,original_clean,,,841,True
139,3,Desconocido,BR,23,cerveza,sin_categoria,True,Cervejas Tradicionais,"R$ 5,59",330ml,BR,LOCAL,5.59,1.0261,1.0261,5.448,False,keep_imputed,no_category_detected,0.9235,False,original_clean,,,842,True
139,3,Desconocido,BR,23,cerveza,sin_categoria,True,Cervejas Tradicionais,"R$ 5,59",330ml,BR,LOCAL,5.59,1.0261,1.0261,5.448,False,keep_imputed,no_category_detected,0.9748,False,original_clean,,,843,True
139,3,Desconocido,BR,23,cerveza,sin_categoria,True,Cervejas Tradicionais,"R$ 5,59",330ml,BR,LOCAL,5.59,1.0261,1.0261,5.448,False,keep_imputed,no_category_detected,1.0774,False,original_clean,,,844,True
139,3,Desconocido,BR,23,cerveza,sin_categoria,True,Cervejas Tradicionais,"R$ 5,59",330ml,BR,LOCAL,5.59,1.0261,1.0261,5.448,False,keep_imputed,no_category_detected,1.1287,False,original_clean,,,845,True
141,3,Desconocido,BR,23,cerveza,sin_categoria,True,Cervejas Tradicionais,"R$ 6,49",330ml,BR,LOCAL,6.49,1.1913,1.1913,5.448,False,keep_imputed,no_category_detected,1.0722,False,original_clean,,,846,True
141,3,Desconocido,BR,23,cerveza,sin_categoria,True,Cervejas Tradicionais,"R$ 6,49",330ml,BR,LOCAL,6.49,1.1913,1.1913,5.448,False,keep_imputed,no_category_detected,1.1317,False,original_clean,,,847,True
141,3,Desconocido,BR,23,cerveza,sin_categoria,True,Cervejas Tradicionais,"R$ 6,49",330ml,BR,LOCAL,6.49,1.1913,1.1913,5.448,False,keep_imputed,no_category_detected,1.2509,False,original_clean,,,848,True
141,3,Desconocido,BR,23,cerveza,sin_categoria,True,Cervejas Tradicionais,"R$ 6,49",330ml,BR,LOCAL,6.49,1.1913,1.1913,5.448,False,keep_imputed,no_category_detected,1.3104,False,original_clean,,,849,True
143,3,Desconocido,BR,23,cerveza,sin_categoria,True,Cervejas Tradicionais,"R$ 5,79",330ml,BR,LOCAL,5.79,1.0628,1.0628,5.448,False,keep_imputed,no_category_detected,0.9565,False,original_clean,,,850,True
143,3,Desconocido,BR,23,cerveza,sin_categoria,True,Cervejas Tradicionais,"R$ 5,79",330ml,BR,LOCAL,5.79,1.0628,1.0628,5.448,False,keep_imputed,no_category_detected,1.0097,False,original_clean,,,851,True
143,3,Desconocido,BR,23,cerveza,sin_categoria,True,Cervejas Tradicionais,"R$ 5,79",330ml,BR,LOCAL,5.79,1.0628,1.0628,5.448,False,keep_imputed,no_category_detected,1.1159,False,original_clean,,,852,True
143,3,Desconocido,BR,23,cerveza,sin_categoria,True,Cervejas Tradicionais,"R$ 5,79",330ml,BR,LOCAL,5.79,1.0628,1.0628,5.448,False,keep_imputed,no_category_detected,1.1691,False,original_clean,,,853,True
144,3,Desconocido,BR,23,cerveza,sin_categoria,True,Cervejas Tradicionais,"R$ 5,69",330ml,BR,LOCAL,5.69,1.0444,1.0444,5.448,False,keep_imputed,no_category_detected,0.94,False,original_clean,,,854,True
144,3,Desconocido,BR,23,cerveza,sin_categoria,True,Cervejas Tradicionais,"R$ 5,69",330ml,BR,LOCAL,5.69,1.0444,1.0444,5.448,False,keep_imputed,no_category_detected,0.9922,False,original_clean,,,855,True
144,3,Desconocido,BR,23,cerveza,sin_categoria,True,Cervejas Tradicionais,"R$ 5,69",330ml,BR,LOCAL,5.69,1.0444,1.0444,5.448,False,keep_imputed,no_category_detected,1.0966,False,original_clean,,,856,True
144,3,Desconocido,BR,23,cerveza,sin_categoria,True,Cervejas Tradicionais,"R$ 5,69",330ml,BR,LOCAL,5.69,1.0444,1.0444,5.448,False,keep_imputed,no_category_detected,1.1488,False,original_clean,,,857,True
145,4,Desconocido,US,22,cerveza,cerveza,False,CERVEZA AMSTEL LATA 355 ML,Comparar,355 ML,US,LOCAL,1.2,1.2,1.2,1.0,False,keep,heuristic_default,1.08,False,original_clean,,,858,True
145,4,Desconocido,US,22,cerveza,cerveza,False,CERVEZA AMSTEL LATA 355 ML,Comparar,355 ML,US,LOCAL,1.2,1.2,1.2,1.0,False,keep,heuristic_default,1.14,False,original_clean,,,859,True
145,4,Desconocido,US,22,cerveza,cerveza,False,CERVEZA AMSTEL LATA 355 ML,Comparar,355 ML,US,LOCAL,1.2,1.2,1.2,1.0,False,keep,heuristic_default,1.26,False,original_clean,,,860,True
145,4,Desconocido,US,22,cerveza,cerveza,False,CERVEZA AMSTEL LATA 355 ML,Comparar,355 ML,US,LOCAL,1.2,1.2,1.2,1.0,False,keep,heuristic_default,1.32,False,original_clean,,,861,True
146,4,Desconocido,US,22,cerveza,cerveza,False,CERVEZA BIELA RESERVA LATA 355 ML,Comparar,355 ML,US,LOCAL,1.0,1.0,1.0,1.0,False,keep,heuristic_default,0.9,False,original_clean,,,862,True
146,4,Desconocido,US,22,cerveza,cerveza,False,CERVEZA BIELA RESERVA LATA 355 ML,Comparar,355 ML,US,LOCAL,1.0,1.0,1.0,1.0,False,keep,heuristic_default,0.95,False,original_clean,,,863,True
146,4,Desconocido,US,22,cerveza,cerveza,False,CERVEZA BIELA RESERVA LATA 355 ML,Comparar,355 ML,US,LOCAL,1.0,1.0,1.0,1.0,False,keep,heuristic_default,1.05,False,original_clean,,,864,True
146,4,Desconocido,US,22,cerveza,cerveza,False,CERVEZA BIELA RESERVA LATA 355 ML,Comparar,355 ML,US,LOCAL,1.0,1.0,1.0,1.0,False,keep,heuristic_default,1.1,False,original_clean,,,865,True
147,4,Desconocido,US,22,cerveza,cerveza,False,CERVEZA CLUB PLATINO 330 ML,CLUB,330 ML,US,LOCAL,1.45,1.45,1.45,1.0,False,keep,heuristic_default,1.305,False,original_clean,,,866,True
147,4,Desconocido,US,22,cerveza,cerveza,False,CERVEZA CLUB PLATINO 330 ML,CLUB,330 ML,US,LOCAL,1.45,1.45,1.45,1.0,False,keep,heuristic_default,1.3775,False,original_clean,,,867,True
147,4,Desconocido,US,22,cerveza,cerveza,False,CERVEZA CLUB PLATINO 330 ML,CLUB,330 ML,US,LOCAL,1.45,1.45,1.45,1.0,False,keep,heuristic_default,1.5225,False,original_clean,,,868,True
147,4,Desconocido,US,22,cerveza,cerveza,False,CERVEZA CLUB PLATINO 330 ML,CLUB,330 ML,US,LOCAL,1.45,1.45,1.45,1.0,False,keep,heuristic_default,1.595,False,original_clean,,,869,True
148,4,Desconocido,US,22,cerveza,cerveza,False,CERVEZA CORONITA EXTRA 210 ML,Comparar,210 ML,US,LOCAL,1.18,1.18,1.18,1.0,False,keep,heuristic_default,1.062,False,original_clean,,,870,True
148,4,Desconocido,US,22,cerveza,cerveza,False,CERVEZA CORONITA EXTRA 210 ML,Comparar,210 ML,US,LOCAL,1.18,1.18,1.18,1.0,False,keep,heuristic_default,1.121,False,original_clean,,,871,True
148,4,Desconocido,US,22,cerveza,cerveza,False,CERVEZA CORONITA EXTRA 210 ML,Comparar,210 ML,US,LOCAL,1.18,1.18,1.18,1.0,False,keep,heuristic_default,1.239,False,original_clean,,,872,True
148,4,Desconocido,US,22,cerveza,cerveza,False,CERVEZA CORONITA EXTRA 210 ML,Comparar,210 ML,US,LOCAL,1.18,1.18,1.18,1.0,False,keep,heuristic_default,1.298,False,original_clean,,,873,True
149,1,Desconocido,UNKNOWN,22,cerveza,cerveza,False,Cerveza extra botella,330 ml,330 ml,UNKNOWN,LOCAL,1.05,1.05,1.05,1.0,False,keep,heuristic_default,0.945,False,original_clean,,,874,True
149,1,Desconocido,UNKNOWN,22,cerveza,cerveza,False,Cerveza extra botella,330 ml,330 ml,UNKNOWN,LOCAL,1.05,1.05,1.05,1.0,False,keep,heuristic_default,0.9975,False,original_clean,,,875,True
149,1,Desconocido,UNKNOWN,22,cerveza,cerveza,False,Cerveza extra botella,330 ml,330 ml,UNKNOWN,LOCAL,1.05,1.05,1.05,1.0,False,keep,heuristic_default,1.1025,False,original_clean,,,876,True
149,1,Desconocido,UNKNOWN,22,cerveza,cerveza,False,Cerveza extra botella,330 ml,330 ml,UNKNOWN,LOCAL,1.05,1.05,1.05,1.0,False,keep,heuristic_default,1.155,False,original_clean,,,877,True
151,1,Desconocido,UNKNOWN,23,cerveza,sin_categoria,True,"Cervezas, vinos y licores",Cervezas,473 ml,UNKNOWN,LOCAL,1.18,1.18,1.18,1.0,False,keep_imputed,no_category_detected,1.062,False,original_clean,,,878,True
151,1,Desconocido,UNKNOWN,23,cerveza,sin_categoria,True,"Cervezas, vinos y licores",Cervezas,473 ml,UNKNOWN,LOCAL,1.18,1.18,1.18,1.0,False,keep_imputed,no_category_detected,1.121,False,original_clean,,,879,True
151,1,Desconocido,UNKNOWN,23,cerveza,sin_categoria,True,"Cervezas, vinos y licores",Cervezas,473 ml,UNKNOWN,LOCAL,1.18,1.18,1.18,1.0,False,keep_imputed,no_category_detected,1.239,False,original_clean,,,880,True
151,1,Desconocido,UNKNOWN,23,cerveza,sin_categoria,True,"Cervezas, vinos y licores",Cervezas,473 ml,UNKNOWN,LOCAL,1.18,1.18,1.18,1.0,False,keep_imputed,no_category_detected,1.298,False,original_clean,,,881,True
153,4,Desconocido,US,23,cerveza,sin_categoria,True,COLA COCA COLA 2 L ORIGINAL,Comparar,2 L,US,LOCAL,1.86,1.86,1.86,1.0,False,keep_imputed,no_category_detected,1.674,False,original_clean,,,882,True
153,4,Desconocido,US,23,cerveza,sin_categoria,True,COLA COCA COLA 2 L ORIGINAL,Comparar,2 L,US,LOCAL,1.86,1.86,1.86,1.0,False,keep_imputed,no_category_detected,1.767,False,original_clean,,,883,True
153,4,Desconocido,US,23,cerveza,sin_categoria,True,COLA COCA COLA 2 L ORIGINAL,Comparar,2 L,US,LOCAL,1.86,1.86,1.86,1.0,False,keep_imputed,no_category_detected,1.953,False,original_clean,,,884,True
153,4,Desconocido,US,23,cerveza,sin_categoria,True,COLA COCA COLA 2 L ORIGINAL,Comparar,2 L,US,LOCAL,1.86,1.86,1.86,1.0,False,keep_imputed,no_category_detected,2.046,False,original_clean,,,885,True
155,4,Desconocido,US,23,cerveza,sin_categoria,True,COLA INCA KOLA 2 L,Comparar,2 L,US,LOCAL,1.18,1.18,1.18,1.0,False,keep_imputed,no_category_detected,1.062,False,original_clean,,,886,True
155,4,Desconocido,US,23,cerveza,sin_categoria,True,COLA INCA KOLA 2 L,Comparar,2 L,US,LOCAL,1.18,1.18,1.18,1.0,False,keep_imputed,no_category_detected,1.121,False,original_clean,,,887,True
155,4,Desconocido,US,23,cerveza,sin_categoria,True,COLA INCA KOLA 2 L,Comparar,2 L,US,LOCAL,1.18,1.18,1.18,1.0,False,keep_imputed,no_category_detected,1.239,False,original_clean,,,888,True
155,4,Desconocido,US,23,cerveza,sin_categoria,True,COLA INCA KOLA 2 L,Comparar,2 L,US,LOCAL,1.18,1.18,1.18,1.0,False,keep_imputed,no_category_detected,1.298,False,original_clean,,,889,True
156,4,Desconocido,US,23,cerveza,sin_categoria,True,COLA ORANGINE 3000 ML MANZANA,Comparar,3000 ML,US,LOCAL,1.55,1.55,1.55,1.0,False,keep_imputed,no_category_detected,1.395,False,original_clean,,,890,True
156,4,Desconocido,US,23,cerveza,sin_categoria,True,COLA ORANGINE 3000 ML MANZANA,Comparar,3000 ML,US,LOCAL,1.55,1.55,1.55,1.0,False,keep_imputed,no_category_detected,1.4725,False,original_clean,,,891,True
156,4,Desconocido,US,23,cerveza,sin_categoria,True,COLA ORANGINE 3000 ML MANZANA,Comparar,3000 ML,US,LOCAL,1.55,1.55,1.55,1.0,False,keep_imputed,no_category_detected,1.6275,False,original_clean,,,892,True
156,4,Desconocido,US,23,cerveza,sin_categoria,True,COLA ORANGINE 3000 ML MANZANA,Comparar,3000 ML,US,LOCAL,1.55,1.55,1.55,1.0,False,keep_imputed,no_category_detected,1.705,False,original_clean,,,893,True
157,4,Desconocido,US,23,cerveza,sin_categoria,True,COLA SPRITE 1.35 L,Comparar,1.35 L,US,LOCAL,1.09,1.09,1.09,1.0,False,keep_imputed,no_category_detected,0.981,False,original_clean,,,894,True
157,4,Desconocido,US,23,cerveza,sin_categoria,True,COLA SPRITE 1.35 L,Comparar,1.35 L,US,LOCAL,1.09,1.09,1.09,1.0,False,keep_imputed,no_category_detected,1.0355,False,original_clean,,,895,True
157,4,Desconocido,US,23,cerveza,sin_categoria,True,COLA SPRITE 1.35 L,Comparar,1.35 L,US,LOCAL,1.09,1.09,1.09,1.0,False,keep_imputed,no_category_detected,1.1445,False,original_clean,,,896,True
157,4,Desconocido,US,23,cerveza,sin_categoria,True,COLA SPRITE 1.35 L,Comparar,1.35 L,US,LOCAL,1.09,1.09,1.09,1.0,False,keep_imputed,no_category_detected,1.199,False,original_clean,,,897,True
158,6,Desconocido,PE,4,aceite vegetal,sin_categoria,True,colaborar con nuestros estudios para marketing. También puede configurarlas.,que podemos ofrecer.,5Kg,PE,LOCAL,16.92,4.7662,4.7662,3.55,False,keep_imputed,no_category_detected,4.2896,False,original_clean,,,898,True
158,6,Desconocido,PE,4,aceite vegetal,sin_categoria,True,colaborar con nuestros estudios para marketing. También puede configurarlas.,que podemos ofrecer.,5Kg,PE,LOCAL,16.92,4.7662,4.7662,3.55,False,keep_imputed,no_category_detected,4.5279,False,original_clean,,,899,True
158,6,Desconocido,PE,4,aceite vegetal,sin_categoria,True,colaborar con nuestros estudios para marketing. También puede configurarlas.,que podemos ofrecer.,5Kg,PE,LOCAL,16.92,4.7662,4.7662,3.55,False,keep_imputed,no_category_detected,5.0045,False,original_clean,,,900,True
158,6,Desconocido,PE,4,aceite vegetal,sin_categoria,True,colaborar con nuestros estudios para marketing. También puede configurarlas.,que podemos ofrecer.,5Kg,PE,LOCAL,16.92,4.7662,4.7662,3.55,False,keep_imputed,no_category_detected,5.2428,False,original_clean,,,901,True
159,6,Desconocido,PE,4,aceite vegetal,sin_categoria,True,colaborar con nuestros estudios para marketing. También puede configurarlas.,que podemos ofrecer.,5kg,PE,LOCAL,16.92,4.7662,4.7662,3.55,False,keep_imputed,no_category_detected,4.2896,False,original_clean,,,902,True
159,6,Desconocido,PE,4,aceite vegetal,sin_categoria,True,colaborar con nuestros estudios para marketing. También puede configurarlas.,que podemos ofrecer.,5kg,PE,LOCAL,16.92,4.7662,4.7662,3.55,False,keep_imputed,no_category_detected,4.5279,False,original_clean,,,903,True
159,6,Desconocido,PE,4,aceite vegetal,sin_categoria,True,colaborar con nuestros estudios para marketing. También puede configurarlas.,que podemos ofrecer.,5kg,PE,LOCAL,16.92,4.7662,4.7662,3.55,False,keep_imputed,no_category_detected,5.0045,False,original_clean,,,904,True
159,6,Desconocido,PE,4,aceite vegetal,sin_categoria,True,colaborar con nuestros estudios para marketing. También puede configurarlas.,que podemos ofrecer.,5kg,PE,LOCAL,16.92,4.7662,4.7662,3.55,False,keep_imputed,no_category_detected,5.2428,False,original_clean,,,905,True
160,6,Desconocido,PE,8,huevo,sin_categoria,True,colaborar con nuestros estudios para marketing. También puede configurarlas.,que podemos ofrecer.,780g,PE,LOCAL,16.92,4.7662,4.7662,3.55,False,keep_imputed,no_category_detected,4.2896,False,original_clean,,,906,True
160,6,Desconocido,PE,8,huevo,sin_categoria,True,colaborar con nuestros estudios para marketing. También puede configurarlas.,que podemos ofrecer.,780g,PE,LOCAL,16.92,4.7662,4.7662,3.55,False,keep_imputed,no_category_detected,4.5279,False,original_clean,,,907,True
160,6,Desconocido,PE,8,huevo,sin_categoria,True,colaborar con nuestros estudios para marketing. También puede configurarlas.,que podemos ofrecer.,780g,PE,LOCAL,16.92,4.7662,4.7662,3.55,False,keep_imputed,no_category_detected,5.0045,False,original_clean,,,908,True
160,6,Desconocido,PE,8,huevo,sin_categoria,True,colaborar con nuestros estudios para marketing. También puede configurarlas.,que podemos ofrecer.,780g,PE,LOCAL,16.92,4.7662,4.7662,3.55,False,keep_imputed,no_category_detected,5.2428,False,original_clean,,,909,True
161,6,Desconocido,PE,8,huevo,sin_categoria,True,colaborar con nuestros estudios para marketing. También puede configurarlas.,que podemos ofrecer.,1Kg,PE,LOCAL,16.92,4.7662,4.7662,3.55,False,keep_imputed,no_category_detected,4.2896,False,original_clean,,,910,True
161,6,Desconocido,PE,8,huevo,sin_categoria,True,colaborar con nuestros estudios para marketing. También puede configurarlas.,que podemos ofrecer.,1Kg,PE,LOCAL,16.92,4.7662,4.7662,3.55,False,keep_imputed,no_category_detected,4.5279,False,original_clean,,,911,True
161,6,Desconocido,PE,8,huevo,sin_categoria,True,colaborar con nuestros estudios para marketing. También puede configurarlas.,que podemos ofrecer.,1Kg,PE,LOCAL,16.92,4.7662,4.7662,3.55,False,keep_imputed,no_category_detected,5.0045,False,original_clean,,,912,True
161,6,Desconocido,PE,8,huevo,sin_categoria,True,colaborar con nuestros estudios para marketing. También puede configurarlas.,que podemos ofrecer.,1Kg,PE,LOCAL,16.92,4.7662,4.7662,3.55,False,keep_imputed,no_category_detected,5.2428,False,original_clean,,,913,True
162,6,Desconocido,PE,8,huevo,sin_categoria,True,colaborar con nuestros estudios para marketing. También puede configurarlas.,que podemos ofrecer.,200g,PE,LOCAL,16.92,4.7662,4.7662,3.55,False,keep_imputed,no_category_detected,4.2896,False,original_clean,,,914,True
162,6,Desconocido,PE,8,huevo,sin_categoria,True,colaborar con nuestros estudios para marketing. También puede configurarlas.,que podemos ofrecer.,200g,PE,LOCAL,16.92,4.7662,4.7662,3.55,False,keep_imputed,no_category_detected,4.5279,False,original_clean,,,915,True
162,6,Desconocido,PE,8,huevo,sin_categoria,True,colaborar con nuestros estudios para marketing. También puede configurarlas.,que podemos ofrecer.,200g,PE,LOCAL,16.92,4.7662,4.7662,3.55,False,keep_imputed,no_category_detected,5.0045,False,original_clean,,,916,True
162,6,Desconocido,PE,8,huevo,sin_categoria,True,colaborar con nuestros estudios para marketing. También puede configurarlas.,que podemos ofrecer.,200g,PE,LOCAL,16.92,4.7662,4.7662,3.55,False,keep_imputed,no_category_detected,5.2428,False,original_clean,,,917,True
163,6,Desconocido,PE,8,huevo,sin_categoria,True,colaborar con nuestros estudios para marketing. También puede configurarlas.,que podemos ofrecer.,170g,PE,LOCAL,16.92,4.7662,4.7662,3.55,False,keep_imputed,no_category_detected,4.2896,False,original_clean,,,918,True
163,6,Desconocido,PE,8,huevo,sin_categoria,True,colaborar con nuestros estudios para marketing. También puede configurarlas.,que podemos ofrecer.,170g,PE,LOCAL,16.92,4.7662,4.7662,3.55,False,keep_imputed,no_category_detected,4.5279,False,original_clean,,,919,True
163,6,Desconocido,PE,8,huevo,sin_categoria,True,colaborar con nuestros estudios para marketing. También puede configurarlas.,que podemos ofrecer.,170g,PE,LOCAL,16.92,4.7662,4.7662,3.55,False,keep_imputed,no_category_detected,5.0045,False,original_clean,,,920,True
163,6,Desconocido,PE,8,huevo,sin_categoria,True,colaborar con nuestros estudios para marketing. También puede configurarlas.,que podemos ofrecer.,170g,PE,LOCAL,16.92,4.7662,4.7662,3.55,False,keep_imputed,no_category_detected,5.2428,False,original_clean,,,921,True
164,6,Desconocido,PE,4,aceite vegetal,sin_categoria,True,colaborar con nuestros estudios para marketing. También puede configurarlas.,que podemos ofrecer.,900ml,PE,LOCAL,16.92,4.7662,4.7662,3.55,False,keep_imputed,no_category_detected,4.2896,False,original_clean,,,922,True
164,6,Desconocido,PE,4,aceite vegetal,sin_categoria,True,colaborar con nuestros estudios para marketing. También puede configurarlas.,que podemos ofrecer.,900ml,PE,LOCAL,16.92,4.7662,4.7662,3.55,False,keep_imputed,no_category_detected,4.5279,False,original_clean,,,923,True
164,6,Desconocido,PE,4,aceite vegetal,sin_categoria,True,colaborar con nuestros estudios para marketing. También puede configurarlas.,que podemos ofrecer.,900ml,PE,LOCAL,16.92,4.7662,4.7662,3.55,False,keep_imputed,no_category_detected,5.0045,False,original_clean,,,924,True
164,6,Desconocido,PE,4,aceite vegetal,sin_categoria,True,colaborar con nuestros estudios para marketing. También puede configurarlas.,que podemos ofrecer.,900ml,PE,LOCAL,16.92,4.7662,4.7662,3.55,False,keep_imputed,no_category_detected,5.2428,False,original_clean,,,925,True
165,6,Desconocido,PE,4,aceite vegetal,sin_categoria,True,colaborar con nuestros estudios para marketing. También puede configurarlas.,que podemos ofrecer.,1L,PE,LOCAL,16.92,4.7662,4.7662,3.55,False,keep_imputed,no_category_detected,4.2896,False,original_clean,,,926,True
165,6,Desconocido,PE,4,aceite vegetal,sin_categoria,True,colaborar con nuestros estudios para marketing. También puede configurarlas.,que podemos ofrecer.,1L,PE,LOCAL,16.92,4.7662,4.7662,3.55,False,keep_imputed,no_category_detected,4.5279,False,original_clean,,,927,True
165,6,Desconocido,PE,4,aceite vegetal,sin_categoria,True,colaborar con nuestros estudios para marketing. También puede configurarlas.,que podemos ofrecer.,1L,PE,LOCAL,16.92,4.7662,4.7662,3.55,False,keep_imputed,no_category_detected,5.0045,False,original_clean,,,928,True
165,6,Desconocido,PE,4,aceite vegetal,sin_categoria,True,colaborar con nuestros estudios para marketing. También puede configurarlas.,que podemos ofrecer.,1L,PE,LOCAL,16.92,4.7662,4.7662,3.55,False,keep_imputed,no_category_detected,5.2428,False,original_clean,,,929,True
166,6,Desconocido,PE,8,huevo,sin_categoria,True,colaborar con nuestros estudios para marketing. También puede configurarlas.,que podemos ofrecer.,800ml,PE,LOCAL,16.92,4.7662,4.7662,3.55,False,keep_imputed,no_category_detected,4.2896,False,original_clean,,,930,True
166,6,Desconocido,PE,8,huevo,sin_categoria,True,colaborar con nuestros estudios para marketing. También puede configurarlas.,que podemos ofrecer.,800ml,PE,LOCAL,16.92,4.7662,4.7662,3.55,False,keep_imputed,no_category_detected,4.5279,False,original_clean,,,931,True
166,6,Desconocido,PE,8,huevo,sin_categoria,True,colaborar con nuestros estudios para marketing. También puede configurarlas.,que podemos ofrecer.,800ml,PE,LOCAL,16.92,4.7662,4.7662,3.55,False,keep_imputed,no_category_detected,5.0045,False,original_clean,,,932,True
166,6,Desconocido,PE,8,huevo,sin_categoria,True,colaborar con nuestros estudios para marketing. También puede configurarlas.,que podemos ofrecer.,800ml,PE,LOCAL,16.92,4.7662,4.7662,3.55,False,keep_imputed,no_category_detected,5.2428,False,original_clean,,,933,True
167,6,Desconocido,PE,3,pan,sin_categoria,True,colaborar con nuestros estudios para marketing. También puede configurarlas.,que podemos ofrecer.,500g,PE,LOCAL,16.92,4.7662,4.7662,3.55,False,keep_imputed,no_category_detected,4.2896,False,original_clean,,,934,True
167,6,Desconocido,PE,3,pan,sin_categoria,True,colaborar con nuestros estudios para marketing. También puede configurarlas.,que podemos ofrecer.,500g,PE,LOCAL,16.92,4.7662,4.7662,3.55,False,keep_imputed,no_category_detected,4.5279,False,original_clean,,,935,True
167,6,Desconocido,PE,3,pan,sin_categoria,True,colaborar con nuestros estudios para marketing. También puede configurarlas.,que podemos ofrecer.,500g,PE,LOCAL,16.92,4.7662,4.7662,3.55,False,keep_imputed,no_category_detected,5.0045,False,original_clean,,,936,True
167,6,Desconocido,PE,3,pan,sin_categoria,True,colaborar con nuestros estudios para marketing. También puede configurarlas.,que podemos ofrecer.,500g,PE,LOCAL,16.92,4.7662,4.7662,3.55,False,keep_imputed,no_category_detected,5.2428,False,original_clean,,,937,True
168,6,Desconocido,PE,3,pan,sin_categoria,True,colaborar con nuestros estudios para marketing. También puede configurarlas.,que podemos ofrecer.,540g,PE,LOCAL,16.92,4.7662,4.7662,3.55,False,keep_imputed,no_category_detected,4.2896,False,original_clean,,,938,True
168,6,Desconocido,PE,3,pan,sin_categoria,True,colaborar con nuestros estudios para marketing. También puede configurarlas.,que podemos ofrecer.,540g,PE,LOCAL,16.92,4.7662,4.7662,3.55,False,keep_imputed,no_category_detected,4.5279,False,original_clean,,,939,True
168,6,Desconocido,PE,3,pan,sin_categoria,True,colaborar con nuestros estudios para marketing. También puede configurarlas.,que podemos ofrecer.,540g,PE,LOCAL,16.92,4.7662,4.7662,3.55,False,keep_imputed,no_category_detected,5.0045,False,original_clean,,,940,True
168,6,Desconocido,PE,3,pan,sin_categoria,True,colaborar con nuestros estudios para marketing. También puede configurarlas.,que podemos ofrecer.,540g,PE,LOCAL,16.92,4.7662,4.7662,3.55,False,keep_imputed,no_category_detected,5.2428,False,original_clean,,,941,True
169,6,Desconocido,PE,3,pan,sin_categoria,True,colaborar con nuestros estudios para marketing. También puede configurarlas.,que podemos ofrecer.,560g,PE,LOCAL,16.92,4.7662,4.7662,3.55,False,keep_imputed,no_category_detected,4.2896,False,original_clean,,,942,True
169,6,Desconocido,PE,3,pan,sin_categoria,True,colaborar con nuestros estudios para marketing. También puede configurarlas.,que podemos ofrecer.,560g,PE,LOCAL,16.92,4.7662,4.7662,3.55,False,keep_imputed,no_category_detected,4.5279,False,original_clean,,,943,True
169,6,Desconocido,PE,3,pan,sin_categoria,True,colaborar con nuestros estudios para marketing. También puede configurarlas.,que podemos ofrecer.,560g,PE,LOCAL,16.92,4.7662,4.7662,3.55,False,keep_imputed,no_category_detected,5.0045,False,original_clean,,,944,True
169,6,Desconocido,PE,3,pan,sin_categoria,True,colaborar con nuestros estudios para marketing. También puede configurarlas.,que podemos ofrecer.,560g,PE,LOCAL,16.92,4.7662,4.7662,3.55,False,keep_imputed,no_category_detected,5.2428,False,original_clean,,,945,True
170,6,Desconocido,PE,15,pan,pan,False,colaborar con nuestros estudios para marketing. También puede configurarlas.,que podemos ofrecer.,600g,PE,LOCAL,16.92,4.7662,4.7662,3.55,False,keep,heuristic_default,4.2896,False,original_clean,,,946,True
170,6,Desconocido,PE,15,pan,pan,False,colaborar con nuestros estudios para marketing. También puede configurarlas.,que podemos ofrecer.,600g,PE,LOCAL,16.92,4.7662,4.7662,3.55,False,keep,heuristic_default,4.5279,False,original_clean,,,947,True
170,6,Desconocido,PE,15,pan,pan,False,colaborar con nuestros estudios para marketing. También puede configurarlas.,que podemos ofrecer.,600g,PE,LOCAL,16.92,4.7662,4.7662,3.55,False,keep,heuristic_default,5.0045,False,original_clean,,,948,True
170,6,Desconocido,PE,15,pan,pan,False,colaborar con nuestros estudios para marketing. También puede configurarlas.,que podemos ofrecer.,600g,PE,LOCAL,16.92,4.7662,4.7662,3.55,False,keep,heuristic_default,5.2428,False,original_clean,,,949,True
171,6,Desconocido,PE,8,huevo,sin_categoria,True,colaborar con nuestros estudios para marketing. También puede configurarlas.,que podemos ofrecer.,950g,PE,LOCAL,16.92,4.7662,4.7662,3.55,False,keep_imputed,no_category_detected,4.2896,False,original_clean,,,950,True
171,6,Desconocido,PE,8,huevo,sin_categoria,True,colaborar con nuestros estudios para marketing. También puede configurarlas.,que podemos ofrecer.,950g,PE,LOCAL,16.92,4.7662,4.7662,3.55,False,keep_imputed,no_category_detected,4.5279,False,original_clean,,,951,True
171,6,Desconocido,PE,8,huevo,sin_categoria,True,colaborar con nuestros estudios para marketing. También puede configurarlas.,que podemos ofrecer.,950g,PE,LOCAL,16.92,4.7662,4.7662,3.55,False,keep_imputed,no_category_detected,5.0045,False,original_clean,,,952,True
171,6,Desconocido,PE,8,huevo,sin_categoria,True,colaborar con nuestros estudios para marketing. También puede configurarlas.,que podemos ofrecer.,950g,PE,LOCAL,16.92,4.7662,4.7662,3.55,False,keep_imputed,no_category_detected,5.2428,False,original_clean,,,953,True
172,6,Desconocido,PE,8,huevo,sin_categoria,True,colaborar con nuestros estudios para marketing. También puede configurarlas.,que podemos ofrecer.,900g,PE,LOCAL,16.92,4.7662,4.7662,3.55,False,keep_imputed,no_category_detected,4.2896,False,original_clean,,,954,True
172,6,Desconocido,PE,8,huevo,sin_categoria,True,colaborar con nuestros estudios para marketing. También puede configurarlas.,que podemos ofrecer.,900g,PE,LOCAL,16.92,4.7662,4.7662,3.55,False,keep_imputed,no_category_detected,4.5279,False,original_clean,,,955,True
172,6,Desconocido,PE,8,huevo,sin_categoria,True,colaborar con nuestros estudios para marketing. También puede configurarlas.,que podemos ofrecer.,900g,PE,LOCAL,16.92,4.7662,4.7662,3.55,False,keep_imputed,no_category_detected,5.0045,False,original_clean,,,956,True
172,6,Desconocido,PE,8,huevo,sin_categoria,True,colaborar con nuestros estudios para marketing. También puede configurarlas.,que podemos ofrecer.,900g,PE,LOCAL,16.92,4.7662,4.7662,3.55,False,keep_imputed,no_category_detected,5.2428,False,original_clean,,,957,True
173,6,Desconocido,PE,24,atun,atun,False,colaborar con nuestros estudios para marketing. También puede configurarlas.,que podemos ofrecer.,140g,PE,LOCAL,16.92,4.7662,4.7662,3.55,False,keep_imputed,no_category_detected,4.2896,False,original_clean,,,958,True
173,6,Desconocido,PE,24,atun,atun,False,colaborar con nuestros estudios para marketing. También puede configurarlas.,que podemos ofrecer.,140g,PE,LOCAL,16.92,4.7662,4.7662,3.55,False,keep_imputed,no_category_detected,4.5279,False,original_clean,,,959,True
173,6,Desconocido,PE,24,atun,atun,False,colaborar con nuestros estudios para marketing. También puede configurarlas.,que podemos ofrecer.,140g,PE,LOCAL,16.92,4.7662,4.7662,3.55,False,keep_imputed,no_category_detected,5.0045,False,original_clean,,,960,True
173,6,Desconocido,PE,24,atun,atun,False,colaborar con nuestros estudios para marketing. También puede configurarlas.,que podemos ofrecer.,140g,PE,LOCAL,16.92,4.7662,4.7662,3.55,False,keep_imputed,no_category_detected,5.2428,False,original_clean,,,961,True
174,6,Desconocido,PE,21,atun,sin_categoria,True,colaborar con nuestros estudios para marketing. También puede configurarlas.,que podemos ofrecer.,150g,PE,LOCAL,16.92,4.7662,4.7662,3.55,False,keep_imputed,no_category_detected,4.2896,False,original_clean,,,962,True
174,6,Desconocido,PE,21,atun,sin_categoria,True,colaborar con nuestros estudios para marketing. También puede configurarlas.,que podemos ofrecer.,150g,PE,LOCAL,16.92,4.7662,4.7662,3.55,False,keep_imputed,no_category_detected,4.5279,False,original_clean,,,963,True
174,6,Desconocido,PE,21,atun,sin_categoria,True,colaborar con nuestros estudios para marketing. También puede configurarlas.,que podemos ofrecer.,150g,PE,LOCAL,16.92,4.7662,4.7662,3.55,False,keep_imputed,no_category_detected,5.0045,False,original_clean,,,964,True
174,6,Desconocido,PE,21,atun,sin_categoria,True,colaborar con nuestros estudios para marketing. También puede configurarlas.,que podemos ofrecer.,150g,PE,LOCAL,16.92,4.7662,4.7662,3.55,False,keep_imputed,no_category_detected,5.2428,False,original_clean,,,965,True
175,6,Desconocido,PE,4,aceite vegetal,sin_categoria,True,colaborar con nuestros estudios para marketing. También puede configurarlas.,que podemos ofrecer.,150gr,PE,LOCAL,16.92,4.7662,4.7662,3.55,False,keep_imputed,no_category_detected,4.2896,False,original_clean,,,966,True
175,6,Desconocido,PE,4,aceite vegetal,sin_categoria,True,colaborar con nuestros estudios para marketing. También puede configurarlas.,que podemos ofrecer.,150gr,PE,LOCAL,16.92,4.7662,4.7662,3.55,False,keep_imputed,no_category_detected,4.5279,False,original_clean,,,967,True
175,6,Desconocido,PE,4,aceite vegetal,sin_categoria,True,colaborar con nuestros estudios para marketing. También puede configurarlas.,que podemos ofrecer.,150gr,PE,LOCAL,16.92,4.7662,4.7662,3.55,False,keep_imputed,no_category_detected,5.0045,False,original_clean,,,968,True
175,6,Desconocido,PE,4,aceite vegetal,sin_categoria,True,colaborar con nuestros estudios para marketing. También puede configurarlas.,que podemos ofrecer.,150gr,PE,LOCAL,16.92,4.7662,4.7662,3.55,False,keep_imputed,no_category_detected,5.2428,False,original_clean,,,969,True
176,1,Desconocido,UNKNOWN,16,papa,papa,False,Comida congelada,frutos del maipo,1 Kg,UNKNOWN,LOCAL,4.19,4.19,4.19,1.0,False,keep,heuristic_default,3.771,False,original_clean,,,970,True
176,1,Desconocido,UNKNOWN,16,papa,papa,False,Comida congelada,frutos del maipo,1 Kg,UNKNOWN,LOCAL,4.19,4.19,4.19,1.0,False,keep,heuristic_default,3.9805,False,original_clean,,,971,True
176,1,Desconocido,UNKNOWN,16,papa,papa,False,Comida congelada,frutos del maipo,1 Kg,UNKNOWN,LOCAL,4.19,4.19,4.19,1.0,False,keep,heuristic_default,4.3995,False,original_clean,,,972,True
176,1,Desconocido,UNKNOWN,16,papa,papa,False,Comida congelada,frutos del maipo,1 Kg,UNKNOWN,LOCAL,4.19,4.19,4.19,1.0,False,keep,heuristic_default,4.609,False,original_clean,,,973,True
177,3,Desconocido,BR,6,papa,sin_categoria,True,COMUNICADO IMPORTANTE!,"Caro cliente,",2l,BR,LOCAL,5.99,1.0995,1.0995,5.448,False,keep_imputed,no_category_detected,0.9895,False,original_clean,,,974,True
177,3,Desconocido,BR,6,papa,sin_categoria,True,COMUNICADO IMPORTANTE!,"Caro cliente,",2l,BR,LOCAL,5.99,1.0995,1.0995,5.448,False,keep_imputed,no_category_detected,1.0445,False,original_clean,,,975,True
177,3,Desconocido,BR,6,papa,sin_categoria,True,COMUNICADO IMPORTANTE!,"Caro cliente,",2l,BR,LOCAL,5.99,1.0995,1.0995,5.448,False,keep_imputed,no_category_detected,1.1545,False,original_clean,,,976,True
177,3,Desconocido,BR,6,papa,sin_categoria,True,COMUNICADO IMPORTANTE!,"Caro cliente,",2l,BR,LOCAL,5.99,1.0995,1.0995,5.448,False,keep_imputed,no_category_detected,1.2094,False,original_clean,,,977,True
178,7,Desconocido,AR,14,cafe,cafe,False,DALE VIDA A TU JARDIN,🌷🌻​🌼​,1 L,AR,LOCAL,1597.52,1.2729,1.2729,1255.0,False,keep,heuristic_default,1.1456,False,original_clean,,,978,True
178,7,Desconocido,AR,14,cafe,cafe,False,DALE VIDA A TU JARDIN,🌷🌻​🌼​,1 L,AR,LOCAL,1597.52,1.2729,1.2729,1255.0,False,keep,heuristic_default,1.2093,False,original_clean,,,979,True
178,7,Desconocido,AR,14,cafe,cafe,False,DALE VIDA A TU JARDIN,🌷🌻​🌼​,1 L,AR,LOCAL,1597.52,1.2729,1.2729,1255.0,False,keep,heuristic_default,1.3365,False,original_clean,,,980,True
178,7,Desconocido,AR,14,cafe,cafe,False,DALE VIDA A TU JARDIN,🌷🌻​🌼​,1 L,AR,LOCAL,1597.52,1.2729,1.2729,1255.0,False,keep,heuristic_default,1.4002,False,original_clean,,,981,True
181,7,Desconocido,AR,14,cafe,cafe,False,DALE VIDA A TU JARDIN,🌷🌻​🌼​,560g,AR,LOCAL,4693.39,3.7398,3.7398,1255.0,False,keep,heuristic_default,3.3658,False,original_clean,,,982,True
181,7,Desconocido,AR,14,cafe,cafe,False,DALE VIDA A TU JARDIN,🌷🌻​🌼​,560g,AR,LOCAL,4693.39,3.7398,3.7398,1255.0,False,keep,heuristic_default,3.5528,False,original_clean,,,983,True
181,7,Desconocido,AR,14,cafe,cafe,False,DALE VIDA A TU JARDIN,🌷🌻​🌼​,560g,AR,LOCAL,4693.39,3.7398,3.7398,1255.0,False,keep,heuristic_default,3.9268,False,original_clean,,,984,True
181,7,Desconocido,AR,14,cafe,cafe,False,DALE VIDA A TU JARDIN,🌷🌻​🌼​,560g,AR,LOCAL,4693.39,3.7398,3.7398,1255.0,False,keep,heuristic_default,4.1138,False,original_clean,,,985,True
182,7,Desconocido,AR,14,cafe,cafe,False,DALE VIDA A TU JARDIN,🌷🌻​🌼​,600 Gr,AR,LOCAL,2652.07,2.1132,2.1132,1255.0,False,keep,heuristic_default,1.9019,False,original_clean,,,986,True
182,7,Desconocido,AR,14,cafe,cafe,False,DALE VIDA A TU JARDIN,🌷🌻​🌼​,600 Gr,AR,LOCAL,2652.07,2.1132,2.1132,1255.0,False,keep,heuristic_default,2.0075,False,original_clean,,,987,True
182,7,Desconocido,AR,14,cafe,cafe,False,DALE VIDA A TU JARDIN,🌷🌻​🌼​,600 Gr,AR,LOCAL,2652.07,2.1132,2.1132,1255.0,False,keep,heuristic_default,2.2189,False,original_clean,,,988,True
182,7,Desconocido,AR,14,cafe,cafe,False,DALE VIDA A TU JARDIN,🌷🌻​🌼​,600 Gr,AR,LOCAL,2652.07,2.1132,2.1132,1255.0,False,keep,heuristic_default,2.3245,False,original_clean,,,989,True
183,7,Desconocido,AR,14,cafe,cafe,False,DALE VIDA A TU JARDIN,🌷🌻​🌼​,500 G,AR,LOCAL,1561.98,1.2446,1.2446,1255.0,False,keep,heuristic_default,1.1201,False,original_clean,,,990,True
183,7,Desconocido,AR,14,cafe,cafe,False,DALE VIDA A TU JARDIN,🌷🌻​🌼​,500 G,AR,LOCAL,1561.98,1.2446,1.2446,1255.0,False,keep,heuristic_default,1.1824,False,original_clean,,,991,True
183,7,Desconocido,AR,14,cafe,cafe,False,DALE VIDA A TU JARDIN,🌷🌻​🌼​,500 G,AR,LOCAL,1561.98,1.2446,1.2446,1255.0,False,keep,heuristic_default,1.3068,False,original_clean,,,992,True
183,7,Desconocido,AR,14,cafe,cafe,False,DALE VIDA A TU JARDIN,🌷🌻​🌼​,500 G,AR,LOCAL,1561.98,1.2446,1.2446,1255.0,False,keep,heuristic_default,1.3691,False,original_clean,,,993,True
184,7,Desconocido,AR,14,cafe,cafe,False,DALE VIDA A TU JARDIN,🌷🌻​🌼​,500G,AR,LOCAL,2257.92,1.7991,1.7991,1255.0,False,keep,heuristic_default,1.6192,False,original_clean,,,994,True
184,7,Desconocido,AR,14,cafe,cafe,False,DALE VIDA A TU JARDIN,🌷🌻​🌼​,500G,AR,LOCAL,2257.92,1.7991,1.7991,1255.0,False,keep,heuristic_default,1.7091,False,original_clean,,,995,True
184,7,Desconocido,AR,14,cafe,cafe,False,DALE VIDA A TU JARDIN,🌷🌻​🌼​,500G,AR,LOCAL,2257.92,1.7991,1.7991,1255.0,False,keep,heuristic_default,1.8891,False,original_clean,,,996,True
184,7,Desconocido,AR,14,cafe,cafe,False,DALE VIDA A TU JARDIN,🌷🌻​🌼​,500G,AR,LOCAL,2257.92,1.7991,1.7991,1255.0,False,keep,heuristic_default,1.979,False,original_clean,,,997,True
185,7,Desconocido,AR,14,cafe,cafe,False,DALE VIDA A TU JARDIN,🌷🌻​🌼​,500 GR,AR,LOCAL,1404.13,1.1188,1.1188,1255.0,False,keep,heuristic_default,1.0069,False,original_clean,,,998,True
185,7,Desconocido,AR,14,cafe,cafe,False,DALE VIDA A TU JARDIN,🌷🌻​🌼​,500 GR,AR,LOCAL,1404.13,1.1188,1.1188,1255.0,False,keep,heuristic_default,1.0629,False,original_clean,,,999,True
185,7,Desconocido,AR,14,cafe,cafe,False,DALE VIDA A TU JARDIN,🌷🌻​🌼​,500 GR,AR,LOCAL,1404.13,1.1188,1.1188,1255.0,False,keep,heuristic_default,1.1747,False,original_clean,,,1000,True
185,7,Desconocido,AR,14,cafe,cafe,False,DALE VIDA A TU JARDIN,🌷🌻​🌼​,500 GR,AR,LOCAL,1404.13,1.1188,1.1188,1255.0,False,keep,heuristic_default,1.2307,False,original_clean,,,1001,True
186,7,Desconocido,AR,14,cafe,cafe,False,DALE VIDA A TU JARDIN,🌷🌻​🌼​,"2,5KG",AR,LOCAL,8316.74,6.6269,6.6269,1255.0,False,keep,heuristic_default,5.9642,False,original_clean,,,1002,True
186,7,Desconocido,AR,14,cafe,cafe,False,DALE VIDA A TU JARDIN,🌷🌻​🌼​,"2,5KG",AR,LOCAL,8316.74,6.6269,6.6269,1255.0,False,keep,heuristic_default,6.2956,False,original_clean,,,1003,True
186,7,Desconocido,AR,14,cafe,cafe,False,DALE VIDA A TU JARDIN,🌷🌻​🌼​,"2,5KG",AR,LOCAL,8316.74,6.6269,6.6269,1255.0,False,keep,heuristic_default,6.9582,False,original_clean,,,1004,True
186,7,Desconocido,AR,14,cafe,cafe,False,DALE VIDA A TU JARDIN,🌷🌻​🌼​,"2,5KG",AR,LOCAL,8316.74,6.6269,6.6269,1255.0,False,keep,heuristic_default,7.2896,False,original_clean,,,1005,True
191,7,Desconocido,AR,14,cafe,cafe,False,DALE VIDA A TU JARDIN,🌷🌻​🌼​,"1,5 Lt",AR,LOCAL,2553.72,2.0348,2.0348,1255.0,False,keep,heuristic_default,1.8313,False,original_clean,,,1006,True
191,7,Desconocido,AR,14,cafe,cafe,False,DALE VIDA A TU JARDIN,🌷🌻​🌼​,"1,5 Lt",AR,LOCAL,2553.72,2.0348,2.0348,1255.0,False,keep,heuristic_default,1.9331,False,original_clean,,,1007,True
191,7,Desconocido,AR,14,cafe,cafe,False,DALE VIDA A TU JARDIN,🌷🌻​🌼​,"1,5 Lt",AR,LOCAL,2553.72,2.0348,2.0348,1255.0,False,keep,heuristic_default,2.1365,False,original_clean,,,1008,True
191,7,Desconocido,AR,14,cafe,cafe,False,DALE VIDA A TU JARDIN,🌷🌻​🌼​,"1,5 Lt",AR,LOCAL,2553.72,2.0348,2.0348,1255.0,False,keep,heuristic_default,2.2383,False,original_clean,,,1009,True
192,7,Desconocido,AR,14,cafe,cafe,False,DALE VIDA A TU JARDIN,🌷🌻​🌼​,2000CC,AR,LOCAL,2644.63,2.1073,2.1073,1255.0,False,keep,heuristic_default,1.8966,False,original_clean,,,1010,True
192,7,Desconocido,AR,14,cafe,cafe,False,DALE VIDA A TU JARDIN,🌷🌻​🌼​,2000CC,AR,LOCAL,2644.63,2.1073,2.1073,1255.0,False,keep,heuristic_default,2.0019,False,original_clean,,,1011,True
192,7,Desconocido,AR,14,cafe,cafe,False,DALE VIDA A TU JARDIN,🌷🌻​🌼​,2000CC,AR,LOCAL,2644.63,2.1073,2.1073,1255.0,False,keep,heuristic_default,2.2127,False,original_clean,,,1012,True
192,7,Desconocido,AR,14,cafe,cafe,False,DALE VIDA A TU JARDIN,🌷🌻​🌼​,2000CC,AR,LOCAL,2644.63,2.1073,2.1073,1255.0,False,keep,heuristic_default,2.318,False,original_clean,,,1013,True
193,7,Desconocido,AR,14,cafe,cafe,False,DALE VIDA A TU JARDIN,🌷🌻​🌼​,2.25 Lt,AR,LOCAL,1900.83,1.5146,1.5146,1255.0,False,keep,heuristic_default,1.3631,False,original_clean,,,1014,True
193,7,Desconocido,AR,14,cafe,cafe,False,DALE VIDA A TU JARDIN,🌷🌻​🌼​,2.25 Lt,AR,LOCAL,1900.83,1.5146,1.5146,1255.0,False,keep,heuristic_default,1.4389,False,original_clean,,,1015,True
193,7,Desconocido,AR,14,cafe,cafe,False,DALE VIDA A TU JARDIN,🌷🌻​🌼​,2.25 Lt,AR,LOCAL,1900.83,1.5146,1.5146,1255.0,False,keep,heuristic_default,1.5903,False,original_clean,,,1016,True
193,7,Desconocido,AR,14,cafe,cafe,False,DALE VIDA A TU JARDIN,🌷🌻​🌼​,2.25 Lt,AR,LOCAL,1900.83,1.5146,1.5146,1255.0,False,keep,heuristic_default,1.6661,False,original_clean,,,1017,True
194,7,Desconocido,AR,14,cafe,cafe,False,DALE VIDA A TU JARDIN,🌷🌻​🌼​,2.25 L,AR,LOCAL,1809.92,1.4422,1.4422,1255.0,False,keep,heuristic_default,1.298,False,original_clean,,,1018,True
194,7,Desconocido,AR,14,cafe,cafe,False,DALE VIDA A TU JARDIN,🌷🌻​🌼​,2.25 L,AR,LOCAL,1809.92,1.4422,1.4422,1255.0,False,keep,heuristic_default,1.3701,False,original_clean,,,1019,True
194,7,Desconocido,AR,14,cafe,cafe,False,DALE VIDA A TU JARDIN,🌷🌻​🌼​,2.25 L,AR,LOCAL,1809.92,1.4422,1.4422,1255.0,False,keep,heuristic_default,1.5143,False,original_clean,,,1020,True
194,7,Desconocido,AR,14,cafe,cafe,False,DALE VIDA A TU JARDIN,🌷🌻​🌼​,2.25 L,AR,LOCAL,1809.92,1.4422,1.4422,1255.0,False,keep,heuristic_default,1.5864,False,original_clean,,,1021,True
195,7,Desconocido,AR,14,cafe,cafe,False,DALE VIDA A TU JARDIN,🌷🌻​🌼​,600G,AR,LOCAL,6420.66,5.1161,5.1161,1255.0,False,keep,heuristic_default,4.6045,False,original_clean,,,1022,True
195,7,Desconocido,AR,14,cafe,cafe,False,DALE VIDA A TU JARDIN,🌷🌻​🌼​,600G,AR,LOCAL,6420.66,5.1161,5.1161,1255.0,False,keep,heuristic_default,4.8603,False,original_clean,,,1023,True
195,7,Desconocido,AR,14,cafe,cafe,False,DALE VIDA A TU JARDIN,🌷🌻​🌼​,600G,AR,LOCAL,6420.66,5.1161,5.1161,1255.0,False,keep,heuristic_default,5.3719,False,original_clean,,,1024,True
195,7,Desconocido,AR,14,cafe,cafe,False,DALE VIDA A TU JARDIN,🌷🌻​🌼​,600G,AR,LOCAL,6420.66,5.1161,5.1161,1255.0,False,keep,heuristic_default,5.6277,False,original_clean,,,1025,True
196,1,Desconocido,UNKNOWN,14,cafe,cafe,False,Desayuno y Dulces,Café,250 GR,UNKNOWN,LOCAL,13.2,13.2,13.2,1.0,False,keep,heuristic_default,11.88,False,original_clean,,,1026,True
196,1,Desconocido,UNKNOWN,14,cafe,cafe,False,Desayuno y Dulces,Café,250 GR,UNKNOWN,LOCAL,13.2,13.2,13.2,1.0,False,keep,heuristic_default,12.54,False,original_clean,,,1027,True
196,1,Desconocido,UNKNOWN,14,cafe,cafe,False,Desayuno y Dulces,Café,250 GR,UNKNOWN,LOCAL,13.2,13.2,13.2,1.0,False,keep,heuristic_default,13.86,False,original_clean,,,1028,True
196,1,Desconocido,UNKNOWN,14,cafe,cafe,False,Desayuno y Dulces,Café,250 GR,UNKNOWN,LOCAL,13.2,13.2,13.2,1.0,False,keep,heuristic_default,14.52,False,original_clean,,,1029,True
197,1,Desconocido,UNKNOWN,14,cafe,cafe,False,Desayuno y Dulces,Café,250 G,UNKNOWN,LOCAL,3.99,3.99,3.99,1.0,False,keep,heuristic_default,3.591,False,original_clean,,,1030,True
197,1,Desconocido,UNKNOWN,14,cafe,cafe,False,Desayuno y Dulces,Café,250 G,UNKNOWN,LOCAL,3.99,3.99,3.99,1.0,False,keep,heuristic_default,3.7905,False,original_clean,,,1031,True
197,1,Desconocido,UNKNOWN,14,cafe,cafe,False,Desayuno y Dulces,Café,250 G,UNKNOWN,LOCAL,3.99,3.99,3.99,1.0,False,keep,heuristic_default,4.1895,False,original_clean,,,1032,True
197,1,Desconocido,UNKNOWN,14,cafe,cafe,False,Desayuno y Dulces,Café,250 G,UNKNOWN,LOCAL,3.99,3.99,3.99,1.0,False,keep,heuristic_default,4.389,False,original_clean,,,1033,True
198,1,Desconocido,UNKNOWN,14,cafe,cafe,False,Desayuno y Dulces,Café,50 g,UNKNOWN,LOCAL,2.85,2.85,2.85,1.0,False,keep,heuristic_default,2.565,False,original_clean,,,1034,True
198,1,Desconocido,UNKNOWN,14,cafe,cafe,False,Desayuno y Dulces,Café,50 g,UNKNOWN,LOCAL,2.85,2.85,2.85,1.0,False,keep,heuristic_default,2.7075,False,original_clean,,,1035,True
198,1,Desconocido,UNKNOWN,14,cafe,cafe,False,Desayuno y Dulces,Café,50 g,UNKNOWN,LOCAL,2.85,2.85,2.85,1.0,False,keep,heuristic_default,2.9925,False,original_clean,,,1036,True
198,1,Desconocido,UNKNOWN,14,cafe,cafe,False,Desayuno y Dulces,Café,50 g,UNKNOWN,LOCAL,2.85,2.85,2.85,1.0,False,keep,heuristic_default,3.135,False,original_clean,,,1037,True
199,1,Desconocido,UNKNOWN,14,cafe,cafe,False,Desayuno y Dulces,Café,170 GR,UNKNOWN,LOCAL,7.49,7.49,7.49,1.0,False,keep,heuristic_default,6.741,False,original_clean,,,1038,True
199,1,Desconocido,UNKNOWN,14,cafe,cafe,False,Desayuno y Dulces,Café,170 GR,UNKNOWN,LOCAL,7.49,7.49,7.49,1.0,False,keep,heuristic_default,7.1155,False,original_clean,,,1039,True
199,1,Desconocido,UNKNOWN,14,cafe,cafe,False,Desayuno y Dulces,Café,170 GR,UNKNOWN,LOCAL,7.49,7.49,7.49,1.0,False,keep,heuristic_default,7.8645,False,original_clean,,,1040,True
199,1,Desconocido,UNKNOWN,14,cafe,cafe,False,Desayuno y Dulces,Café,170 GR,UNKNOWN,LOCAL,7.49,7.49,7.49,1.0,False,keep,heuristic_default,8.239,False,original_clean,,,1041,True
208,1,Desconocido,UNKNOWN,7,aceite vegetal,aceite vegetal,False,Devolver este producto es gratis,SUPER POLLO,500 g,UNKNOWN,LOCAL,3.99,3.99,3.99,1.0,False,keep,heuristic_default,3.591,False,original_clean,,,1042,True
208,1,Desconocido,UNKNOWN,7,aceite vegetal,aceite vegetal,False,Devolver este producto es gratis,SUPER POLLO,500 g,UNKNOWN,LOCAL,3.99,3.99,3.99,1.0,False,keep,heuristic_default,3.7905,False,original_clean,,,1043,True
208,1,Desconocido,UNKNOWN,7,aceite vegetal,aceite vegetal,False,Devolver este producto es gratis,SUPER POLLO,500 g,UNKNOWN,LOCAL,3.99,3.99,3.99,1.0,False,keep,heuristic_default,4.1895,False,original_clean,,,1044,True
208,1,Desconocido,UNKNOWN,7,aceite vegetal,aceite vegetal,False,Devolver este producto es gratis,SUPER POLLO,500 g,UNKNOWN,LOCAL,3.99,3.99,3.99,1.0,False,keep,heuristic_default,4.389,False,original_clean,,,1045,True
209,4,Desconocido,US,23,cerveza,sin_categoria,True,El almacenamiento local parece estar deshabilitado en tu navegador.,Aprende,1L,US,LOCAL,2.05,2.05,2.05,1.0,False,keep_imputed,no_category_detected,1.845,False,original_clean,,,1046,True
209,4,Desconocido,US,23,cerveza,sin_categoria,True,El almacenamiento local parece estar deshabilitado en tu navegador.,Aprende,1L,US,LOCAL,2.05,2.05,2.05,1.0,False,keep_imputed,no_category_detected,1.9475,False,original_clean,,,1047,True
209,4,Desconocido,US,23,cerveza,sin_categoria,True,El almacenamiento local parece estar deshabilitado en tu navegador.,Aprende,1L,US,LOCAL,2.05,2.05,2.05,1.0,False,keep_imputed,no_category_detected,2.1525,False,original_clean,,,1048,True
209,4,Desconocido,US,23,cerveza,sin_categoria,True,El almacenamiento local parece estar deshabilitado en tu navegador.,Aprende,1L,US,LOCAL,2.05,2.05,2.05,1.0,False,keep_imputed,no_category_detected,2.255,False,original_clean,,,1049,True
210,1,Desconocido,UNKNOWN,17,leche,leche,False,El almacenamiento local parece estar deshabilitado en tu navegador.,Aprende,1L,UNKNOWN,LOCAL,1.5,1.5,1.5,1.0,False,keep,heuristic_default,1.35,False,original_clean,,,1050,True
210,1,Desconocido,UNKNOWN,17,leche,leche,False,El almacenamiento local parece estar deshabilitado en tu navegador.,Aprende,1L,UNKNOWN,LOCAL,1.5,1.5,1.5,1.0,False,keep,heuristic_default,1.425,False,original_clean,,,1051,True
210,1,Desconocido,UNKNOWN,17,leche,leche,False,El almacenamiento local parece estar deshabilitado en tu navegador.,Aprende,1L,UNKNOWN,LOCAL,1.5,1.5,1.5,1.0,False,keep,heuristic_default,1.575,False,original_clean,,,1052,True
210,1,Desconocido,UNKNOWN,17,leche,leche,False,El almacenamiento local parece estar deshabilitado en tu navegador.,Aprende,1L,UNKNOWN,LOCAL,1.5,1.5,1.5,1.0,False,keep,heuristic_default,1.65,False,original_clean,,,1053,True
212,1,Desconocido,UNKNOWN,22,cerveza,cerveza,False,El almacenamiento local parece estar deshabilitado en tu navegador.,Aprende,330ML,UNKNOWN,LOCAL,2.2,2.2,2.2,1.0,False,keep,heuristic_default,1.98,False,original_clean,,,1054,True
212,1,Desconocido,UNKNOWN,22,cerveza,cerveza,False,El almacenamiento local parece estar deshabilitado en tu navegador.,Aprende,330ML,UNKNOWN,LOCAL,2.2,2.2,2.2,1.0,False,keep,heuristic_default,2.09,False,original_clean,,,1055,True
212,1,Desconocido,UNKNOWN,22,cerveza,cerveza,False,El almacenamiento local parece estar deshabilitado en tu navegador.,Aprende,330ML,UNKNOWN,LOCAL,2.2,2.2,2.2,1.0,False,keep,heuristic_default,2.31,False,original_clean,,,1056,True
212,1,Desconocido,UNKNOWN,22,cerveza,cerveza,False,El almacenamiento local parece estar deshabilitado en tu navegador.,Aprende,330ML,UNKNOWN,LOCAL,2.2,2.2,2.2,1.0,False,keep,heuristic_default,2.42,False,original_clean,,,1057,True
213,1,Desconocido,UNKNOWN,23,cerveza,sin_categoria,True,El almacenamiento local parece estar deshabilitado en tu navegador.,Aprende,500ML,UNKNOWN,LOCAL,3.23,3.23,3.23,1.0,False,keep_imputed,no_category_detected,2.907,False,original_clean,,,1058,True
213,1,Desconocido,UNKNOWN,23,cerveza,sin_categoria,True,El almacenamiento local parece estar deshabilitado en tu navegador.,Aprende,500ML,UNKNOWN,LOCAL,3.23,3.23,3.23,1.0,False,keep_imputed,no_category_detected,3.0685,False,original_clean,,,1059,True
213,1,Desconocido,UNKNOWN,23,cerveza,sin_categoria,True,El almacenamiento local parece estar deshabilitado en tu navegador.,Aprende,500ML,UNKNOWN,LOCAL,3.23,3.23,3.23,1.0,False,keep_imputed,no_category_detected,3.3915,False,original_clean,,,1060,True
213,1,Desconocido,UNKNOWN,23,cerveza,sin_categoria,True,El almacenamiento local parece estar deshabilitado en tu navegador.,Aprende,500ML,UNKNOWN,LOCAL,3.23,3.23,3.23,1.0,False,keep_imputed,no_category_detected,3.553,False,original_clean,,,1061,True
214,1,Desconocido,UNKNOWN,22,cerveza,cerveza,False,El almacenamiento local parece estar deshabilitado en tu navegador.,Aprende,355ML,UNKNOWN,LOCAL,6.98,6.98,6.98,1.0,False,keep,heuristic_default,6.282,False,original_clean,,,1062,True
214,1,Desconocido,UNKNOWN,22,cerveza,cerveza,False,El almacenamiento local parece estar deshabilitado en tu navegador.,Aprende,355ML,UNKNOWN,LOCAL,6.98,6.98,6.98,1.0,False,keep,heuristic_default,6.631,False,original_clean,,,1063,True
214,1,Desconocido,UNKNOWN,22,cerveza,cerveza,False,El almacenamiento local parece estar deshabilitado en tu navegador.,Aprende,355ML,UNKNOWN,LOCAL,6.98,6.98,6.98,1.0,False,keep,heuristic_default,7.329,False,original_clean,,,1064,True
214,1,Desconocido,UNKNOWN,22,cerveza,cerveza,False,El almacenamiento local parece estar deshabilitado en tu navegador.,Aprende,355ML,UNKNOWN,LOCAL,6.98,6.98,6.98,1.0,False,keep,heuristic_default,7.678,False,original_clean,,,1065,True
215,1,Desconocido,UNKNOWN,22,cerveza,cerveza,False,El almacenamiento local parece estar deshabilitado en tu navegador.,Aprende,355ml,UNKNOWN,LOCAL,5.81,5.81,5.81,1.0,False,keep,heuristic_default,5.229,False,original_clean,,,1066,True
215,1,Desconocido,UNKNOWN,22,cerveza,cerveza,False,El almacenamiento local parece estar deshabilitado en tu navegador.,Aprende,355ml,UNKNOWN,LOCAL,5.81,5.81,5.81,1.0,False,keep,heuristic_default,5.5195,False,original_clean,,,1067,True
215,1,Desconocido,UNKNOWN,22,cerveza,cerveza,False,El almacenamiento local parece estar deshabilitado en tu navegador.,Aprende,355ml,UNKNOWN,LOCAL,5.81,5.81,5.81,1.0,False,keep,heuristic_default,6.1005,False,original_clean,,,1068,True
215,1,Desconocido,UNKNOWN,22,cerveza,cerveza,False,El almacenamiento local parece estar deshabilitado en tu navegador.,Aprende,355ml,UNKNOWN,LOCAL,5.81,5.81,5.81,1.0,False,keep,heuristic_default,6.391,False,original_clean,,,1069,True
216,1,Desconocido,UNKNOWN,15,pan,pan,False,El almacenamiento local parece estar deshabilitado en tu navegador.,Aprende,550GR,UNKNOWN,LOCAL,1.21,1.21,1.21,1.0,False,keep,heuristic_default,1.089,False,original_clean,,,1070,True
216,1,Desconocido,UNKNOWN,15,pan,pan,False,El almacenamiento local parece estar deshabilitado en tu navegador.,Aprende,550GR,UNKNOWN,LOCAL,1.21,1.21,1.21,1.0,False,keep,heuristic_default,1.1495,False,original_clean,,,1071,True
216,1,Desconocido,UNKNOWN,15,pan,pan,False,El almacenamiento local parece estar deshabilitado en tu navegador.,Aprende,550GR,UNKNOWN,LOCAL,1.21,1.21,1.21,1.0,False,keep,heuristic_default,1.2705,False,original_clean,,,1072,True
216,1,Desconocido,UNKNOWN,15,pan,pan,False,El almacenamiento local parece estar deshabilitado en tu navegador.,Aprende,550GR,UNKNOWN,LOCAL,1.21,1.21,1.21,1.0,False,keep,heuristic_default,1.331,False,original_clean,,,1073,True
217,1,Desconocido,UNKNOWN,19,harina de trigo,harina de trigo,False,El almacenamiento local parece estar deshabilitado en tu navegador.,Aprende,560g,UNKNOWN,LOCAL,2.12,2.12,2.12,1.0,False,keep,heuristic_default,1.908,False,original_clean,,,1074,True
217,1,Desconocido,UNKNOWN,19,harina de trigo,harina de trigo,False,El almacenamiento local parece estar deshabilitado en tu navegador.,Aprende,560g,UNKNOWN,LOCAL,2.12,2.12,2.12,1.0,False,keep,heuristic_default,2.014,False,original_clean,,,1075,True
217,1,Desconocido,UNKNOWN,19,harina de trigo,harina de trigo,False,El almacenamiento local parece estar deshabilitado en tu navegador.,Aprende,560g,UNKNOWN,LOCAL,2.12,2.12,2.12,1.0,False,keep,heuristic_default,2.226,False,original_clean,,,1076,True
217,1,Desconocido,UNKNOWN,19,harina de trigo,harina de trigo,False,El almacenamiento local parece estar deshabilitado en tu navegador.,Aprende,560g,UNKNOWN,LOCAL,2.12,2.12,2.12,1.0,False,keep,heuristic_default,2.332,False,original_clean,,,1077,True
218,1,Desconocido,UNKNOWN,15,pan,pan,False,El almacenamiento local parece estar deshabilitado en tu navegador.,Aprende,580g,UNKNOWN,LOCAL,3.08,3.08,3.08,1.0,False,keep,heuristic_default,2.772,False,original_clean,,,1078,True
218,1,Desconocido,UNKNOWN,15,pan,pan,False,El almacenamiento local parece estar deshabilitado en tu navegador.,Aprende,580g,UNKNOWN,LOCAL,3.08,3.08,3.08,1.0,False,keep,heuristic_default,2.926,False,original_clean,,,1079,True
218,1,Desconocido,UNKNOWN,15,pan,pan,False,El almacenamiento local parece estar deshabilitado en tu navegador.,Aprende,580g,UNKNOWN,LOCAL,3.08,3.08,3.08,1.0,False,keep,heuristic_default,3.234,False,original_clean,,,1080,True
218,1,Desconocido,UNKNOWN,15,pan,pan,False,El almacenamiento local parece estar deshabilitado en tu navegador.,Aprende,580g,UNKNOWN,LOCAL,3.08,3.08,3.08,1.0,False,keep,heuristic_default,3.388,False,original_clean,,,1081,True
219,1,Desconocido,UNKNOWN,1,azucar,sin_categoria,True,El almacenamiento local parece estar deshabilitado en tu navegador.,Aprende,3785Ml,UNKNOWN,LOCAL,1.97,1.97,1.97,1.0,False,keep_imputed,no_category_detected,1.773,False,original_clean,,,1082,True
219,1,Desconocido,UNKNOWN,1,azucar,sin_categoria,True,El almacenamiento local parece estar deshabilitado en tu navegador.,Aprende,3785Ml,UNKNOWN,LOCAL,1.97,1.97,1.97,1.0,False,keep_imputed,no_category_detected,1.8715,False,original_clean,,,1083,True
219,1,Desconocido,UNKNOWN,1,azucar,sin_categoria,True,El almacenamiento local parece estar deshabilitado en tu navegador.,Aprende,3785Ml,UNKNOWN,LOCAL,1.97,1.97,1.97,1.0,False,keep_imputed,no_category_detected,2.0685,False,original_clean,,,1084,True
219,1,Desconocido,UNKNOWN,1,azucar,sin_categoria,True,El almacenamiento local parece estar deshabilitado en tu navegador.,Aprende,3785Ml,UNKNOWN,LOCAL,1.97,1.97,1.97,1.0,False,keep_imputed,no_category_detected,2.167,False,original_clean,,,1085,True
220,1,Desconocido,UNKNOWN,13,azucar,azucar,False,El almacenamiento local parece estar deshabilitado en tu navegador.,Aprende,3050 ML,UNKNOWN,LOCAL,2.99,2.99,2.99,1.0,False,keep,heuristic_default,2.691,False,original_clean,,,1086,True
220,1,Desconocido,UNKNOWN,13,azucar,azucar,False,El almacenamiento local parece estar deshabilitado en tu navegador.,Aprende,3050 ML,UNKNOWN,LOCAL,2.99,2.99,2.99,1.0,False,keep,heuristic_default,2.8405,False,original_clean,,,1087,True
220,1,Desconocido,UNKNOWN,13,azucar,azucar,False,El almacenamiento local parece estar deshabilitado en tu navegador.,Aprende,3050 ML,UNKNOWN,LOCAL,2.99,2.99,2.99,1.0,False,keep,heuristic_default,3.1395,False,original_clean,,,1088,True
220,1,Desconocido,UNKNOWN,13,azucar,azucar,False,El almacenamiento local parece estar deshabilitado en tu navegador.,Aprende,3050 ML,UNKNOWN,LOCAL,2.99,2.99,2.99,1.0,False,keep,heuristic_default,3.289,False,original_clean,,,1089,True
221,1,Desconocido,UNKNOWN,13,azucar,azucar,False,El almacenamiento local parece estar deshabilitado en tu navegador.,Aprende,3L,UNKNOWN,LOCAL,2.92,2.92,2.92,1.0,False,keep,heuristic_default,2.628,False,original_clean,,,1090,True
221,1,Desconocido,UNKNOWN,13,azucar,azucar,False,El almacenamiento local parece estar deshabilitado en tu navegador.,Aprende,3L,UNKNOWN,LOCAL,2.92,2.92,2.92,1.0,False,keep,heuristic_default,2.774,False,original_clean,,,1091,True
221,1,Desconocido,UNKNOWN,13,azucar,azucar,False,El almacenamiento local parece estar deshabilitado en tu navegador.,Aprende,3L,UNKNOWN,LOCAL,2.92,2.92,2.92,1.0,False,keep,heuristic_default,3.066,False,original_clean,,,1092,True
221,1,Desconocido,UNKNOWN,13,azucar,azucar,False,El almacenamiento local parece estar deshabilitado en tu navegador.,Aprende,3L,UNKNOWN,LOCAL,2.92,2.92,2.92,1.0,False,keep,heuristic_default,3.212,False,original_clean,,,1093,True
223,1,Desconocido,UNKNOWN,23,cerveza,sin_categoria,True,El almacenamiento local parece estar deshabilitado en tu navegador.,Aprende,,UNKNOWN,LOCAL,3.41,3.41,3.41,1.0,False,keep_imputed,no_category_detected,3.069,False,original_clean,,,1094,True
223,1,Desconocido,UNKNOWN,23,cerveza,sin_categoria,True,El almacenamiento local parece estar deshabilitado en tu navegador.,Aprende,,UNKNOWN,LOCAL,3.41,3.41,3.41,1.0,False,keep_imputed,no_category_detected,3.2395,False,original_clean,,,1095,True
223,1,Desconocido,UNKNOWN,23,cerveza,sin_categoria,True,El almacenamiento local parece estar deshabilitado en tu navegador.,Aprende,,UNKNOWN,LOCAL,3.41,3.41,3.41,1.0,False,keep_imputed,no_category_detected,3.5805,False,original_clean,,,1096,True
223,1,Desconocido,UNKNOWN,23,cerveza,sin_categoria,True,El almacenamiento local parece estar deshabilitado en tu navegador.,Aprende,,UNKNOWN,LOCAL,3.41,3.41,3.41,1.0,False,keep_imputed,no_category_detected,3.751,False,original_clean,,,1097,True
224,1,Desconocido,UNKNOWN,23,cerveza,sin_categoria,True,El almacenamiento local parece estar deshabilitado en tu navegador.,Aprende,4Lb,UNKNOWN,LOCAL,2.25,2.25,2.25,1.0,False,keep_imputed,no_category_detected,2.025,False,original_clean,,,1098,True
224,1,Desconocido,UNKNOWN,23,cerveza,sin_categoria,True,El almacenamiento local parece estar deshabilitado en tu navegador.,Aprende,4Lb,UNKNOWN,LOCAL,2.25,2.25,2.25,1.0,False,keep_imputed,no_category_detected,2.1375,False,original_clean,,,1099,True
224,1,Desconocido,UNKNOWN,23,cerveza,sin_categoria,True,El almacenamiento local parece estar deshabilitado en tu navegador.,Aprende,4Lb,UNKNOWN,LOCAL,2.25,2.25,2.25,1.0,False,keep_imputed,no_category_detected,2.3625,False,original_clean,,,1100,True
224,1,Desconocido,UNKNOWN,23,cerveza,sin_categoria,True,El almacenamiento local parece estar deshabilitado en tu navegador.,Aprende,4Lb,UNKNOWN,LOCAL,2.25,2.25,2.25,1.0,False,keep_imputed,no_category_detected,2.475,False,original_clean,,,1101,True
225,1,Desconocido,UNKNOWN,1,azucar,sin_categoria,True,El almacenamiento local parece estar deshabilitado en tu navegador.,Aprende,500G,UNKNOWN,LOCAL,1.75,1.75,1.75,1.0,False,keep_imputed,no_category_detected,1.575,False,original_clean,,,1102,True
225,1,Desconocido,UNKNOWN,1,azucar,sin_categoria,True,El almacenamiento local parece estar deshabilitado en tu navegador.,Aprende,500G,UNKNOWN,LOCAL,1.75,1.75,1.75,1.0,False,keep_imputed,no_category_detected,1.6625,False,original_clean,,,1103,True
225,1,Desconocido,UNKNOWN,1,azucar,sin_categoria,True,El almacenamiento local parece estar deshabilitado en tu navegador.,Aprende,500G,UNKNOWN,LOCAL,1.75,1.75,1.75,1.0,False,keep_imputed,no_category_detected,1.8375,False,original_clean,,,1104,True
225,1,Desconocido,UNKNOWN,1,azucar,sin_categoria,True,El almacenamiento local parece estar deshabilitado en tu navegador.,Aprende,500G,UNKNOWN,LOCAL,1.75,1.75,1.75,1.0,False,keep_imputed,no_category_detected,1.925,False,original_clean,,,1105,True
227,1,Desconocido,UNKNOWN,13,azucar,azucar,False,El almacenamiento local parece estar deshabilitado en tu navegador.,Aprende,1Kg,UNKNOWN,LOCAL,1.12,1.12,1.12,1.0,False,keep_imputed,no_category_detected,1.008,False,original_clean,,,1106,True
227,1,Desconocido,UNKNOWN,13,azucar,azucar,False,El almacenamiento local parece estar deshabilitado en tu navegador.,Aprende,1Kg,UNKNOWN,LOCAL,1.12,1.12,1.12,1.0,False,keep_imputed,no_category_detected,1.064,False,original_clean,,,1107,True
227,1,Desconocido,UNKNOWN,13,azucar,azucar,False,El almacenamiento local parece estar deshabilitado en tu navegador.,Aprende,1Kg,UNKNOWN,LOCAL,1.12,1.12,1.12,1.0,False,keep_imputed,no_category_detected,1.176,False,original_clean,,,1108,True
227,1,Desconocido,UNKNOWN,13,azucar,azucar,False,El almacenamiento local parece estar deshabilitado en tu navegador.,Aprende,1Kg,UNKNOWN,LOCAL,1.12,1.12,1.12,1.0,False,keep_imputed,no_category_detected,1.232,False,original_clean,,,1109,True
239,1,Desconocido,UNKNOWN,14,cafe,cafe,False,Elige un método de entrega,Unimarc,170 g,UNKNOWN,LOCAL,6.2,6.2,6.2,1.0,False,keep,heuristic_default,5.58,False,original_clean,,,1110,True
239,1,Desconocido,UNKNOWN,14,cafe,cafe,False,Elige un método de entrega,Unimarc,170 g,UNKNOWN,LOCAL,6.2,6.2,6.2,1.0,False,keep,heuristic_default,5.89,False,original_clean,,,1111,True
239,1,Desconocido,UNKNOWN,14,cafe,cafe,False,Elige un método de entrega,Unimarc,170 g,UNKNOWN,LOCAL,6.2,6.2,6.2,1.0,False,keep,heuristic_default,6.51,False,original_clean,,,1112,True
239,1,Desconocido,UNKNOWN,14,cafe,cafe,False,Elige un método de entrega,Unimarc,170 g,UNKNOWN,LOCAL,6.2,6.2,6.2,1.0,False,keep,heuristic_default,6.82,False,original_clean,,,1113,True
240,1,Desconocido,UNKNOWN,14,cafe,cafe,False,Elige un método de entrega,Unimarc,227 g,UNKNOWN,LOCAL,14.19,14.19,14.19,1.0,False,keep,heuristic_default,12.771,False,original_clean,,,1114,True
240,1,Desconocido,UNKNOWN,14,cafe,cafe,False,Elige un método de entrega,Unimarc,227 g,UNKNOWN,LOCAL,14.19,14.19,14.19,1.0,False,keep,heuristic_default,13.4805,False,original_clean,,,1115,True
240,1,Desconocido,UNKNOWN,14,cafe,cafe,False,Elige un método de entrega,Unimarc,227 g,UNKNOWN,LOCAL,14.19,14.19,14.19,1.0,False,keep,heuristic_default,14.8995,False,original_clean,,,1116,True
240,1,Desconocido,UNKNOWN,14,cafe,cafe,False,Elige un método de entrega,Unimarc,227 g,UNKNOWN,LOCAL,14.19,14.19,14.19,1.0,False,keep,heuristic_default,15.609,False,original_clean,,,1117,True
241,1,Desconocido,UNKNOWN,14,cafe,cafe,False,Elige un método de entrega,Unimarc,250 g,UNKNOWN,LOCAL,1.25,1.25,1.25,1.0,False,keep_imputed,no_category_detected,1.125,False,original_clean,,,1118,True
241,1,Desconocido,UNKNOWN,14,cafe,cafe,False,Elige un método de entrega,Unimarc,250 g,UNKNOWN,LOCAL,1.25,1.25,1.25,1.0,False,keep_imputed,no_category_detected,1.1875,False,original_clean,,,1119,True
241,1,Desconocido,UNKNOWN,14,cafe,cafe,False,Elige un método de entrega,Unimarc,250 g,UNKNOWN,LOCAL,1.25,1.25,1.25,1.0,False,keep_imputed,no_category_detected,1.3125,False,original_clean,,,1120,True
241,1,Desconocido,UNKNOWN,14,cafe,cafe,False,Elige un método de entrega,Unimarc,250 g,UNKNOWN,LOCAL,1.25,1.25,1.25,1.0,False,keep_imputed,no_category_detected,1.375,False,original_clean,,,1121,True
242,1,Desconocido,UNKNOWN,16,papa,papa,False,Elige un método de entrega,Unimarc,2 Kg,UNKNOWN,LOCAL,2.39,2.39,2.39,1.0,False,keep,heuristic_default,2.151,False,original_clean,,,1122,True
242,1,Desconocido,UNKNOWN,16,papa,papa,False,Elige un método de entrega,Unimarc,2 Kg,UNKNOWN,LOCAL,2.39,2.39,2.39,1.0,False,keep,heuristic_default,2.2705,False,original_clean,,,1123,True
242,1,Desconocido,UNKNOWN,16,papa,papa,False,Elige un método de entrega,Unimarc,2 Kg,UNKNOWN,LOCAL,2.39,2.39,2.39,1.0,False,keep,heuristic_default,2.5095,False,original_clean,,,1124,True
242,1,Desconocido,UNKNOWN,16,papa,papa,False,Elige un método de entrega,Unimarc,2 Kg,UNKNOWN,LOCAL,2.39,2.39,2.39,1.0,False,keep,heuristic_default,2.629,False,original_clean,,,1125,True
243,1,Desconocido,UNKNOWN,16,papa,papa,False,Elige un método de entrega,Unimarc,1.3 Kg,UNKNOWN,LOCAL,1.79,1.79,1.79,1.0,False,keep,heuristic_default,1.611,False,original_clean,,,1126,True
243,1,Desconocido,UNKNOWN,16,papa,papa,False,Elige un método de entrega,Unimarc,1.3 Kg,UNKNOWN,LOCAL,1.79,1.79,1.79,1.0,False,keep,heuristic_default,1.7005,False,original_clean,,,1127,True
243,1,Desconocido,UNKNOWN,16,papa,papa,False,Elige un método de entrega,Unimarc,1.3 Kg,UNKNOWN,LOCAL,1.79,1.79,1.79,1.0,False,keep,heuristic_default,1.8795,False,original_clean,,,1128,True
243,1,Desconocido,UNKNOWN,16,papa,papa,False,Elige un método de entrega,Unimarc,1.3 Kg,UNKNOWN,LOCAL,1.79,1.79,1.79,1.0,False,keep,heuristic_default,1.969,False,original_clean,,,1129,True
244,1,Desconocido,UNKNOWN,16,papa,papa,False,Elige un método de entrega,Unimarc,500 g,UNKNOWN,LOCAL,1.29,1.29,1.29,1.0,False,keep_imputed,no_category_detected,1.161,False,original_clean,,,1130,True
244,1,Desconocido,UNKNOWN,16,papa,papa,False,Elige un método de entrega,Unimarc,500 g,UNKNOWN,LOCAL,1.29,1.29,1.29,1.0,False,keep_imputed,no_category_detected,1.2255,False,original_clean,,,1131,True
244,1,Desconocido,UNKNOWN,16,papa,papa,False,Elige un método de entrega,Unimarc,500 g,UNKNOWN,LOCAL,1.29,1.29,1.29,1.0,False,keep_imputed,no_category_detected,1.3545,False,original_clean,,,1132,True
244,1,Desconocido,UNKNOWN,16,papa,papa,False,Elige un método de entrega,Unimarc,500 g,UNKNOWN,LOCAL,1.29,1.29,1.29,1.0,False,keep_imputed,no_category_detected,1.419,False,original_clean,,,1133,True
245,1,Desconocido,UNKNOWN,15,pan,pan,False,Elige un método de entrega,Unimarc,750 g,UNKNOWN,LOCAL,2.51,2.51,2.51,1.0,False,keep,heuristic_default,2.259,False,original_clean,,,1134,True
245,1,Desconocido,UNKNOWN,15,pan,pan,False,Elige un método de entrega,Unimarc,750 g,UNKNOWN,LOCAL,2.51,2.51,2.51,1.0,False,keep,heuristic_default,2.3845,False,original_clean,,,1135,True
245,1,Desconocido,UNKNOWN,15,pan,pan,False,Elige un método de entrega,Unimarc,750 g,UNKNOWN,LOCAL,2.51,2.51,2.51,1.0,False,keep,heuristic_default,2.6355,False,original_clean,,,1136,True
245,1,Desconocido,UNKNOWN,15,pan,pan,False,Elige un método de entrega,Unimarc,750 g,UNKNOWN,LOCAL,2.51,2.51,2.51,1.0,False,keep,heuristic_default,2.761,False,original_clean,,,1137,True
246,1,Desconocido,UNKNOWN,25,refresco de cola,refresco de cola,False,Elige un método de entrega,Unimarc,1.5 L,UNKNOWN,LOCAL,2.0,2.0,2.0,1.0,False,keep_imputed,no_category_detected,1.8,False,original_clean,,,1138,True
246,1,Desconocido,UNKNOWN,25,refresco de cola,refresco de cola,False,Elige un método de entrega,Unimarc,1.5 L,UNKNOWN,LOCAL,2.0,2.0,2.0,1.0,False,keep_imputed,no_category_detected,1.9,False,original_clean,,,1139,True
246,1,Desconocido,UNKNOWN,25,refresco de cola,refresco de cola,False,Elige un método de entrega,Unimarc,1.5 L,UNKNOWN,LOCAL,2.0,2.0,2.0,1.0,False,keep_imputed,no_category_detected,2.1,False,original_clean,,,1140,True
246,1,Desconocido,UNKNOWN,25,refresco de cola,refresco de cola,False,Elige un método de entrega,Unimarc,1.5 L,UNKNOWN,LOCAL,2.0,2.0,2.0,1.0,False,keep_imputed,no_category_detected,2.2,False,original_clean,,,1141,True
247,1,Desconocido,UNKNOWN,2,cafe,sin_categoria,True,Elige un método de entrega,Unimarc,650 g,UNKNOWN,LOCAL,2.53,2.53,2.53,1.0,False,keep_imputed,no_category_detected,2.277,False,original_clean,,,1142,True
247,1,Desconocido,UNKNOWN,2,cafe,sin_categoria,True,Elige un método de entrega,Unimarc,650 g,UNKNOWN,LOCAL,2.53,2.53,2.53,1.0,False,keep_imputed,no_category_detected,2.4035,False,original_clean,,,1143,True
247,1,Desconocido,UNKNOWN,2,cafe,sin_categoria,True,Elige un método de entrega,Unimarc,650 g,UNKNOWN,LOCAL,2.53,2.53,2.53,1.0,False,keep_imputed,no_category_detected,2.6565,False,original_clean,,,1144,True
247,1,Desconocido,UNKNOWN,2,cafe,sin_categoria,True,Elige un método de entrega,Unimarc,650 g,UNKNOWN,LOCAL,2.53,2.53,2.53,1.0,False,keep_imputed,no_category_detected,2.783,False,original_clean,,,1145,True
248,1,Desconocido,UNKNOWN,2,cafe,sin_categoria,True,Elige un método de entrega,Unimarc,300 g,UNKNOWN,LOCAL,1.99,1.99,1.99,1.0,False,keep_imputed,no_category_detected,1.791,False,original_clean,,,1146,True
248,1,Desconocido,UNKNOWN,2,cafe,sin_categoria,True,Elige un método de entrega,Unimarc,300 g,UNKNOWN,LOCAL,1.99,1.99,1.99,1.0,False,keep_imputed,no_category_detected,1.8905,False,original_clean,,,1147,True
248,1,Desconocido,UNKNOWN,2,cafe,sin_categoria,True,Elige un método de entrega,Unimarc,300 g,UNKNOWN,LOCAL,1.99,1.99,1.99,1.0,False,keep_imputed,no_category_detected,2.0895,False,original_clean,,,1148,True
248,1,Desconocido,UNKNOWN,2,cafe,sin_categoria,True,Elige un método de entrega,Unimarc,300 g,UNKNOWN,LOCAL,1.99,1.99,1.99,1.0,False,keep_imputed,no_category_detected,2.189,False,original_clean,,,1149,True
249,1,Desconocido,UNKNOWN,6,papa,sin_categoria,True,Elige un método de entrega,Unimarc,1 Kg,UNKNOWN,LOCAL,1.8,1.8,1.8,1.0,False,keep_imputed,no_category_detected,1.62,False,original_clean,,,1150,True
249,1,Desconocido,UNKNOWN,6,papa,sin_categoria,True,Elige un método de entrega,Unimarc,1 Kg,UNKNOWN,LOCAL,1.8,1.8,1.8,1.0,False,keep_imputed,no_category_detected,1.71,False,original_clean,,,1151,True
249,1,Desconocido,UNKNOWN,6,papa,sin_categoria,True,Elige un método de entrega,Unimarc,1 Kg,UNKNOWN,LOCAL,1.8,1.8,1.8,1.0,False,keep_imputed,no_category_detected,1.89,False,original_clean,,,1152,True
249,1,Desconocido,UNKNOWN,6,papa,sin_categoria,True,Elige un método de entrega,Unimarc,1 Kg,UNKNOWN,LOCAL,1.8,1.8,1.8,1.0,False,keep_imputed,no_category_detected,1.98,False,original_clean,,,1153,True
250,1,Desconocido,UNKNOWN,18,huevo,huevo,False,Elige un método de entrega,Unimarc,12 unidad,UNKNOWN,LOCAL,5.19,5.19,5.19,1.0,False,keep_imputed,heuristic_default,4.671,False,original_clean,,,1154,True
250,1,Desconocido,UNKNOWN,18,huevo,huevo,False,Elige un método de entrega,Unimarc,12 unidad,UNKNOWN,LOCAL,5.19,5.19,5.19,1.0,False,keep_imputed,heuristic_default,4.9305,False,original_clean,,,1155,True
250,1,Desconocido,UNKNOWN,18,huevo,huevo,False,Elige un método de entrega,Unimarc,12 unidad,UNKNOWN,LOCAL,5.19,5.19,5.19,1.0,False,keep_imputed,heuristic_default,5.4495,False,original_clean,,,1156,True
250,1,Desconocido,UNKNOWN,18,huevo,huevo,False,Elige un método de entrega,Unimarc,12 unidad,UNKNOWN,LOCAL,5.19,5.19,5.19,1.0,False,keep_imputed,heuristic_default,5.709,False,original_clean,,,1157,True
251,1,Desconocido,UNKNOWN,6,papa,sin_categoria,True,Elige un método de entrega,Unimarc,2 L,UNKNOWN,LOCAL,2.0,2.0,2.0,1.0,False,keep_imputed,no_category_detected,1.8,False,original_clean,,,1158,True
251,1,Desconocido,UNKNOWN,6,papa,sin_categoria,True,Elige un método de entrega,Unimarc,2 L,UNKNOWN,LOCAL,2.0,2.0,2.0,1.0,False,keep_imputed,no_category_detected,1.9,False,original_clean,,,1159,True
251,1,Desconocido,UNKNOWN,6,papa,sin_categoria,True,Elige un método de entrega,Unimarc,2 L,UNKNOWN,LOCAL,2.0,2.0,2.0,1.0,False,keep_imputed,no_category_detected,2.1,False,original_clean,,,1160,True
251,1,Desconocido,UNKNOWN,6,papa,sin_categoria,True,Elige un método de entrega,Unimarc,2 L,UNKNOWN,LOCAL,2.0,2.0,2.0,1.0,False,keep_imputed,no_category_detected,2.2,False,original_clean,,,1161,True
252,1,Desconocido,UNKNOWN,8,huevo,sin_categoria,True,Elige un método de entrega,Unimarc,20 unidad,UNKNOWN,LOCAL,6.59,6.59,6.59,1.0,False,keep_imputed,no_category_detected,5.931,False,original_clean,,,1162,True
252,1,Desconocido,UNKNOWN,8,huevo,sin_categoria,True,Elige un método de entrega,Unimarc,20 unidad,UNKNOWN,LOCAL,6.59,6.59,6.59,1.0,False,keep_imputed,no_category_detected,6.2605,False,original_clean,,,1163,True
252,1,Desconocido,UNKNOWN,8,huevo,sin_categoria,True,Elige un método de entrega,Unimarc,20 unidad,UNKNOWN,LOCAL,6.59,6.59,6.59,1.0,False,keep_imputed,no_category_detected,6.9195,False,original_clean,,,1164,True
252,1,Desconocido,UNKNOWN,8,huevo,sin_categoria,True,Elige un método de entrega,Unimarc,20 unidad,UNKNOWN,LOCAL,6.59,6.59,6.59,1.0,False,keep_imputed,no_category_detected,7.249,False,original_clean,,,1165,True
254,1,Desconocido,UNKNOWN,6,papa,sin_categoria,True,Elige un método de entrega,Unimarc,3 Kg,UNKNOWN,LOCAL,11.97,11.97,11.97,1.0,False,keep_imputed,no_category_detected,10.773,False,original_clean,,,1166,True
254,1,Desconocido,UNKNOWN,6,papa,sin_categoria,True,Elige un método de entrega,Unimarc,3 Kg,UNKNOWN,LOCAL,11.97,11.97,11.97,1.0,False,keep_imputed,no_category_detected,11.3715,False,original_clean,,,1167,True
254,1,Desconocido,UNKNOWN,6,papa,sin_categoria,True,Elige un método de entrega,Unimarc,3 Kg,UNKNOWN,LOCAL,11.97,11.97,11.97,1.0,False,keep_imputed,no_category_detected,12.5685,False,original_clean,,,1168,True
254,1,Desconocido,UNKNOWN,6,papa,sin_categoria,True,Elige un método de entrega,Unimarc,3 Kg,UNKNOWN,LOCAL,11.97,11.97,11.97,1.0,False,keep_imputed,no_category_detected,13.167,False,original_clean,,,1169,True
256,1,Desconocido,UNKNOWN,13,azucar,azucar,False,Fiambres y Huevos,Huevos,12Unidades,UNKNOWN,LOCAL,3.85,3.85,3.85,1.0,False,keep,heuristic_default,3.465,False,original_clean,,,1170,True
256,1,Desconocido,UNKNOWN,13,azucar,azucar,False,Fiambres y Huevos,Huevos,12Unidades,UNKNOWN,LOCAL,3.85,3.85,3.85,1.0,False,keep,heuristic_default,3.6575,False,original_clean,,,1171,True
256,1,Desconocido,UNKNOWN,13,azucar,azucar,False,Fiambres y Huevos,Huevos,12Unidades,UNKNOWN,LOCAL,3.85,3.85,3.85,1.0,False,keep,heuristic_default,4.0425,False,original_clean,,,1172,True
256,1,Desconocido,UNKNOWN,13,azucar,azucar,False,Fiambres y Huevos,Huevos,12Unidades,UNKNOWN,LOCAL,3.85,3.85,3.85,1.0,False,keep,heuristic_default,4.235,False,original_clean,,,1173,True
257,1,Desconocido,UNKNOWN,13,azucar,azucar,False,Fiambres y Huevos,Huevos,648g,UNKNOWN,LOCAL,4.1,4.1,4.1,1.0,False,keep,heuristic_default,3.69,False,original_clean,,,1174,True
257,1,Desconocido,UNKNOWN,13,azucar,azucar,False,Fiambres y Huevos,Huevos,648g,UNKNOWN,LOCAL,4.1,4.1,4.1,1.0,False,keep,heuristic_default,3.895,False,original_clean,,,1175,True
257,1,Desconocido,UNKNOWN,13,azucar,azucar,False,Fiambres y Huevos,Huevos,648g,UNKNOWN,LOCAL,4.1,4.1,4.1,1.0,False,keep,heuristic_default,4.305,False,original_clean,,,1176,True
257,1,Desconocido,UNKNOWN,13,azucar,azucar,False,Fiambres y Huevos,Huevos,648g,UNKNOWN,LOCAL,4.1,4.1,4.1,1.0,False,keep,heuristic_default,4.51,False,original_clean,,,1177,True
258,1,Desconocido,UNKNOWN,13,azucar,azucar,False,Fiambres y Huevos,Huevos,732g,UNKNOWN,LOCAL,4.69,4.69,4.69,1.0,False,keep,heuristic_default,4.221,False,original_clean,,,1178,True
258,1,Desconocido,UNKNOWN,13,azucar,azucar,False,Fiambres y Huevos,Huevos,732g,UNKNOWN,LOCAL,4.69,4.69,4.69,1.0,False,keep,heuristic_default,4.4555,False,original_clean,,,1179,True
258,1,Desconocido,UNKNOWN,13,azucar,azucar,False,Fiambres y Huevos,Huevos,732g,UNKNOWN,LOCAL,4.69,4.69,4.69,1.0,False,keep,heuristic_default,4.9245,False,original_clean,,,1180,True
258,1,Desconocido,UNKNOWN,13,azucar,azucar,False,Fiambres y Huevos,Huevos,732g,UNKNOWN,LOCAL,4.69,4.69,4.69,1.0,False,keep,heuristic_default,5.159,False,original_clean,,,1181,True
259,1,Desconocido,UNKNOWN,18,huevo,huevo,False,Fiambres y Huevos,Huevos,648 G,UNKNOWN,LOCAL,5.9,5.9,5.9,1.0,False,keep_imputed,heuristic_default,5.31,False,original_clean,,,1182,True
259,1,Desconocido,UNKNOWN,18,huevo,huevo,False,Fiambres y Huevos,Huevos,648 G,UNKNOWN,LOCAL,5.9,5.9,5.9,1.0,False,keep_imputed,heuristic_default,5.605,False,original_clean,,,1183,True
259,1,Desconocido,UNKNOWN,18,huevo,huevo,False,Fiambres y Huevos,Huevos,648 G,UNKNOWN,LOCAL,5.9,5.9,5.9,1.0,False,keep_imputed,heuristic_default,6.195,False,original_clean,,,1184,True
259,1,Desconocido,UNKNOWN,18,huevo,huevo,False,Fiambres y Huevos,Huevos,648 G,UNKNOWN,LOCAL,5.9,5.9,5.9,1.0,False,keep_imputed,heuristic_default,6.49,False,original_clean,,,1185,True
260,1,Desconocido,UNKNOWN,12,cebolla,cebolla,False,Frutas y Verduras,Verduras,500 g,UNKNOWN,LOCAL,1.69,1.69,1.69,1.0,False,keep,heuristic_default,1.521,False,original_clean,,,1186,True
260,1,Desconocido,UNKNOWN,12,cebolla,cebolla,False,Frutas y Verduras,Verduras,500 g,UNKNOWN,LOCAL,1.69,1.69,1.69,1.0,False,keep,heuristic_default,1.6055,False,original_clean,,,1187,True
260,1,Desconocido,UNKNOWN,12,cebolla,cebolla,False,Frutas y Verduras,Verduras,500 g,UNKNOWN,LOCAL,1.69,1.69,1.69,1.0,False,keep,heuristic_default,1.7745,False,original_clean,,,1188,True
260,1,Desconocido,UNKNOWN,12,cebolla,cebolla,False,Frutas y Verduras,Verduras,500 g,UNKNOWN,LOCAL,1.69,1.69,1.69,1.0,False,keep,heuristic_default,1.859,False,original_clean,,,1189,True
261,1,Desconocido,UNKNOWN,12,cebolla,cebolla,False,Frutas y Verduras,Verduras,1 Kg,UNKNOWN,LOCAL,2.19,2.19,2.19,1.0,False,keep,heuristic_default,1.971,False,original_clean,,,1190,True
261,1,Desconocido,UNKNOWN,12,cebolla,cebolla,False,Frutas y Verduras,Verduras,1 Kg,UNKNOWN,LOCAL,2.19,2.19,2.19,1.0,False,keep,heuristic_default,2.0805,False,original_clean,,,1191,True
261,1,Desconocido,UNKNOWN,12,cebolla,cebolla,False,Frutas y Verduras,Verduras,1 Kg,UNKNOWN,LOCAL,2.19,2.19,2.19,1.0,False,keep,heuristic_default,2.2995,False,original_clean,,,1192,True
261,1,Desconocido,UNKNOWN,12,cebolla,cebolla,False,Frutas y Verduras,Verduras,1 Kg,UNKNOWN,LOCAL,2.19,2.19,2.19,1.0,False,keep,heuristic_default,2.409,False,original_clean,,,1193,True
262,1,Desconocido,UNKNOWN,26,tomates,tomates,False,Frutas y Verduras,Verduras,250 g,UNKNOWN,LOCAL,1.92,1.92,1.92,1.0,False,keep,heuristic_default,1.728,False,original_clean,,,1194,True
262,1,Desconocido,UNKNOWN,26,tomates,tomates,False,Frutas y Verduras,Verduras,250 g,UNKNOWN,LOCAL,1.92,1.92,1.92,1.0,False,keep,heuristic_default,1.824,False,original_clean,,,1195,True
262,1,Desconocido,UNKNOWN,26,tomates,tomates,False,Frutas y Verduras,Verduras,250 g,UNKNOWN,LOCAL,1.92,1.92,1.92,1.0,False,keep,heuristic_default,2.016,False,original_clean,,,1196,True
262,1,Desconocido,UNKNOWN,26,tomates,tomates,False,Frutas y Verduras,Verduras,250 g,UNKNOWN,LOCAL,1.92,1.92,1.92,1.0,False,keep,heuristic_default,2.112,False,original_clean,,,1197,True
282,1,Desconocido,UNKNOWN,18,huevo,huevo,False,Huevos blanco grande,12 un,,UNKNOWN,LOCAL,4.11,4.11,4.11,1.0,False,keep_imputed,heuristic_default,3.699,False,original_clean,,,1198,True
282,1,Desconocido,UNKNOWN,18,huevo,huevo,False,Huevos blanco grande,12 un,,UNKNOWN,LOCAL,4.11,4.11,4.11,1.0,False,keep_imputed,heuristic_default,3.9045,False,original_clean,,,1199,True
282,1,Desconocido,UNKNOWN,18,huevo,huevo,False,Huevos blanco grande,12 un,,UNKNOWN,LOCAL,4.11,4.11,4.11,1.0,False,keep_imputed,heuristic_default,4.3155,False,original_clean,,,1200,True
282,1,Desconocido,UNKNOWN,18,huevo,huevo,False,Huevos blanco grande,12 un,,UNKNOWN,LOCAL,4.11,4.11,4.11,1.0,False,keep_imputed,heuristic_default,4.521,False,original_clean,,,1201,True
284,1,Desconocido,UNKNOWN,6,papa,sin_categoria,True,kem piña,Bebida desechable,1.5 Litro,UNKNOWN,LOCAL,1.39,1.39,1.39,1.0,False,keep_imputed,no_category_detected,1.251,False,original_clean,,,1202,True
284,1,Desconocido,UNKNOWN,6,papa,sin_categoria,True,kem piña,Bebida desechable,1.5 Litro,UNKNOWN,LOCAL,1.39,1.39,1.39,1.0,False,keep_imputed,no_category_detected,1.3205,False,original_clean,,,1203,True
284,1,Desconocido,UNKNOWN,6,papa,sin_categoria,True,kem piña,Bebida desechable,1.5 Litro,UNKNOWN,LOCAL,1.39,1.39,1.39,1.0,False,keep_imputed,no_category_detected,1.4595,False,original_clean,,,1204,True
284,1,Desconocido,UNKNOWN,6,papa,sin_categoria,True,kem piña,Bebida desechable,1.5 Litro,UNKNOWN,LOCAL,1.39,1.39,1.39,1.0,False,keep_imputed,no_category_detected,1.529,False,original_clean,,,1205,True
286,2,Chedraui,MX,17,leche,leche,False,Lacteos y huevo,Leche,1L,MX,LOCAL,37.0,1.9871,1.9871,18.62,False,keep,heuristic_default,1.7884,False,original_clean,,,1206,True
286,2,Chedraui,MX,17,leche,leche,False,Lacteos y huevo,Leche,1L,MX,LOCAL,37.0,1.9871,1.9871,18.62,False,keep,heuristic_default,1.8877,False,original_clean,,,1207,True
286,2,Chedraui,MX,17,leche,leche,False,Lacteos y huevo,Leche,1L,MX,LOCAL,37.0,1.9871,1.9871,18.62,False,keep,heuristic_default,2.0865,False,original_clean,,,1208,True
286,2,Chedraui,MX,17,leche,leche,False,Lacteos y huevo,Leche,1L,MX,LOCAL,37.0,1.9871,1.9871,18.62,False,keep,heuristic_default,2.1858,False,original_clean,,,1209,True
287,2,Chedraui,MX,17,leche,leche,False,Lacteos y huevo,Leche,946ml,MX,LOCAL,39.0,2.0945,2.0945,18.62,False,keep,heuristic_default,1.8851,False,original_clean,,,1210,True
287,2,Chedraui,MX,17,leche,leche,False,Lacteos y huevo,Leche,946ml,MX,LOCAL,39.0,2.0945,2.0945,18.62,False,keep,heuristic_default,1.9898,False,original_clean,,,1211,True
287,2,Chedraui,MX,17,leche,leche,False,Lacteos y huevo,Leche,946ml,MX,LOCAL,39.0,2.0945,2.0945,18.62,False,keep,heuristic_default,2.1992,False,original_clean,,,1212,True
287,2,Chedraui,MX,17,leche,leche,False,Lacteos y huevo,Leche,946ml,MX,LOCAL,39.0,2.0945,2.0945,18.62,False,keep,heuristic_default,2.304,False,original_clean,,,1213,True
288,2,Chedraui,MX,18,huevo,huevo,False,Lacteos y huevo,Huevos,30 piezas,MX,LOCAL,106.0,5.6928,5.6928,18.62,False,keep_imputed,heuristic_default,5.1235,False,original_clean,,,1214,True
288,2,Chedraui,MX,18,huevo,huevo,False,Lacteos y huevo,Huevos,30 piezas,MX,LOCAL,106.0,5.6928,5.6928,18.62,False,keep_imputed,heuristic_default,5.4082,False,original_clean,,,1215,True
288,2,Chedraui,MX,18,huevo,huevo,False,Lacteos y huevo,Huevos,30 piezas,MX,LOCAL,106.0,5.6928,5.6928,18.62,False,keep_imputed,heuristic_default,5.9774,False,original_clean,,,1216,True
288,2,Chedraui,MX,18,huevo,huevo,False,Lacteos y huevo,Huevos,30 piezas,MX,LOCAL,106.0,5.6928,5.6928,18.62,False,keep_imputed,heuristic_default,6.2621,False,original_clean,,,1217,True
291,4,Desconocido,US,17,leche,leche,False,LECHE LA LECHERA TETRABRIK 1 L ENTERA,Comparar,1 L,US,LOCAL,1.39,1.39,1.39,1.0,False,keep,heuristic_default,1.251,False,original_clean,,,1218,True
291,4,Desconocido,US,17,leche,leche,False,LECHE LA LECHERA TETRABRIK 1 L ENTERA,Comparar,1 L,US,LOCAL,1.39,1.39,1.39,1.0,False,keep,heuristic_default,1.3205,False,original_clean,,,1219,True
291,4,Desconocido,US,17,leche,leche,False,LECHE LA LECHERA TETRABRIK 1 L ENTERA,Comparar,1 L,US,LOCAL,1.39,1.39,1.39,1.0,False,keep,heuristic_default,1.4595,False,original_clean,,,1220,True
291,4,Desconocido,US,17,leche,leche,False,LECHE LA LECHERA TETRABRIK 1 L ENTERA,Comparar,1 L,US,LOCAL,1.39,1.39,1.39,1.0,False,keep,heuristic_default,1.529,False,original_clean,,,1221,True
293,4,Desconocido,US,17,leche,leche,False,LECHE TONI TETRABRIK 1 L ENTERA,Comparar,1 L,US,LOCAL,1.45,1.45,1.45,1.0,False,keep,heuristic_default,1.305,False,original_clean,,,1222,True
293,4,Desconocido,US,17,leche,leche,False,LECHE TONI TETRABRIK 1 L ENTERA,Comparar,1 L,US,LOCAL,1.45,1.45,1.45,1.0,False,keep,heuristic_default,1.3775,False,original_clean,,,1223,True
293,4,Desconocido,US,17,leche,leche,False,LECHE TONI TETRABRIK 1 L ENTERA,Comparar,1 L,US,LOCAL,1.45,1.45,1.45,1.0,False,keep,heuristic_default,1.5225,False,original_clean,,,1224,True
293,4,Desconocido,US,17,leche,leche,False,LECHE TONI TETRABRIK 1 L ENTERA,Comparar,1 L,US,LOCAL,1.45,1.45,1.45,1.0,False,keep,heuristic_default,1.595,False,original_clean,,,1225,True
296,1,Desconocido,UNKNOWN,17,leche,leche,False,Lácteos y Quesos,Leches,1 LT,UNKNOWN,LOCAL,1.05,1.05,1.05,1.0,False,keep,heuristic_default,0.945,False,original_clean,,,1226,True
296,1,Desconocido,UNKNOWN,17,leche,leche,False,Lácteos y Quesos,Leches,1 LT,UNKNOWN,LOCAL,1.05,1.05,1.05,1.0,False,keep,heuristic_default,0.9975,False,original_clean,,,1227,True
296,1,Desconocido,UNKNOWN,17,leche,leche,False,Lácteos y Quesos,Leches,1 LT,UNKNOWN,LOCAL,1.05,1.05,1.05,1.0,False,keep,heuristic_default,1.1025,False,original_clean,,,1228,True
296,1,Desconocido,UNKNOWN,17,leche,leche,False,Lácteos y Quesos,Leches,1 LT,UNKNOWN,LOCAL,1.05,1.05,1.05,1.0,False,keep,heuristic_default,1.155,False,original_clean,,,1229,True
298,3,Desconocido,BR,27,pasta seca,pasta seca,False,Macarrão Italiano Spaghetti La Campofilone 500 G,Descripción,500 G,BR,LOCAL,15.99,2.935,2.935,5.448,False,keep,heuristic_default,2.6415,False,original_clean,,,1230,True
298,3,Desconocido,BR,27,pasta seca,pasta seca,False,Macarrão Italiano Spaghetti La Campofilone 500 G,Descripción,500 G,BR,LOCAL,15.99,2.935,2.935,5.448,False,keep,heuristic_default,2.7883,False,original_clean,,,1231,True
298,3,Desconocido,BR,27,pasta seca,pasta seca,False,Macarrão Italiano Spaghetti La Campofilone 500 G,Descripción,500 G,BR,LOCAL,15.99,2.935,2.935,5.448,False,keep,heuristic_default,3.0817,False,original_clean,,,1232,True
298,3,Desconocido,BR,27,pasta seca,pasta seca,False,Macarrão Italiano Spaghetti La Campofilone 500 G,Descripción,500 G,BR,LOCAL,15.99,2.935,2.935,5.448,False,keep,heuristic_default,3.2285,False,original_clean,,,1233,True
299,3,Desconocido,BR,8,huevo,sin_categoria,True,Massa Italiana Integral Spaghetti La Molisana 500 G,Descripción,500 G,BR,LOCAL,15.99,2.935,2.935,5.448,False,keep_imputed,no_category_detected,2.6415,False,original_clean,,,1234,True
299,3,Desconocido,BR,8,huevo,sin_categoria,True,Massa Italiana Integral Spaghetti La Molisana 500 G,Descripción,500 G,BR,LOCAL,15.99,2.935,2.935,5.448,False,keep_imputed,no_category_detected,2.7883,False,original_clean,,,1235,True
299,3,Desconocido,BR,8,huevo,sin_categoria,True,Massa Italiana Integral Spaghetti La Molisana 500 G,Descripción,500 G,BR,LOCAL,15.99,2.935,2.935,5.448,False,keep_imputed,no_category_detected,3.0817,False,original_clean,,,1236,True
299,3,Desconocido,BR,8,huevo,sin_categoria,True,Massa Italiana Integral Spaghetti La Molisana 500 G,Descripción,500 G,BR,LOCAL,15.99,2.935,2.935,5.448,False,keep_imputed,no_category_detected,3.2285,False,original_clean,,,1237,True
302,3,Desconocido,BR,15,pan,pan,False,Meu Desconto,Blog do Pão,1kg,BR,LOCAL,6.99,1.283,1.283,5.448,False,keep,heuristic_default,1.1547,False,original_clean,,,1238,True
302,3,Desconocido,BR,15,pan,pan,False,Meu Desconto,Blog do Pão,1kg,BR,LOCAL,6.99,1.283,1.283,5.448,False,keep,heuristic_default,1.2188,False,original_clean,,,1239,True
302,3,Desconocido,BR,15,pan,pan,False,Meu Desconto,Blog do Pão,1kg,BR,LOCAL,6.99,1.283,1.283,5.448,False,keep,heuristic_default,1.3472,False,original_clean,,,1240,True
302,3,Desconocido,BR,15,pan,pan,False,Meu Desconto,Blog do Pão,1kg,BR,LOCAL,6.99,1.283,1.283,5.448,False,keep,heuristic_default,1.4113,False,original_clean,,,1241,True
303,3,Desconocido,BR,15,pan,pan,False,Meu Desconto,Blog do Pão,5kg,BR,LOCAL,23.99,4.4035,4.4035,5.448,False,keep,heuristic_default,3.9632,False,original_clean,,,1242,True
303,3,Desconocido,BR,15,pan,pan,False,Meu Desconto,Blog do Pão,5kg,BR,LOCAL,23.99,4.4035,4.4035,5.448,False,keep,heuristic_default,4.1833,False,original_clean,,,1243,True
303,3,Desconocido,BR,15,pan,pan,False,Meu Desconto,Blog do Pão,5kg,BR,LOCAL,23.99,4.4035,4.4035,5.448,False,keep,heuristic_default,4.6237,False,original_clean,,,1244,True
303,3,Desconocido,BR,15,pan,pan,False,Meu Desconto,Blog do Pão,5kg,BR,LOCAL,23.99,4.4035,4.4035,5.448,False,keep,heuristic_default,4.8439,False,original_clean,,,1245,True
305,1,Desconocido,UNKNOWN,15,pan,pan,False,Meu Desconto,Blog do Pão,5kg,UNKNOWN,LOCAL,1.0,1.0,1.0,1.0,False,keep,heuristic_default,0.9,False,original_clean,,,1246,True
305,1,Desconocido,UNKNOWN,15,pan,pan,False,Meu Desconto,Blog do Pão,5kg,UNKNOWN,LOCAL,1.0,1.0,1.0,1.0,False,keep,heuristic_default,0.95,False,original_clean,,,1247,True
305,1,Desconocido,UNKNOWN,15,pan,pan,False,Meu Desconto,Blog do Pão,5kg,UNKNOWN,LOCAL,1.0,1.0,1.0,1.0,False,keep,heuristic_default,1.05,False,original_clean,,,1248,True
305,1,Desconocido,UNKNOWN,15,pan,pan,False,Meu Desconto,Blog do Pão,5kg,UNKNOWN,LOCAL,1.0,1.0,1.0,1.0,False,keep,heuristic_default,1.1,False,original_clean,,,1249,True
307,3,Desconocido,BR,15,pan,pan,False,Meu Desconto,Blog do Pão,250g,BR,LOCAL,27.99,5.1377,5.1377,5.448,False,keep,heuristic_default,4.6239,False,original_clean,,,1250,True
307,3,Desconocido,BR,15,pan,pan,False,Meu Desconto,Blog do Pão,250g,BR,LOCAL,27.99,5.1377,5.1377,5.448,False,keep,heuristic_default,4.8808,False,original_clean,,,1251,True
307,3,Desconocido,BR,15,pan,pan,False,Meu Desconto,Blog do Pão,250g,BR,LOCAL,27.99,5.1377,5.1377,5.448,False,keep,heuristic_default,5.3946,False,original_clean,,,1252,True
307,3,Desconocido,BR,15,pan,pan,False,Meu Desconto,Blog do Pão,250g,BR,LOCAL,27.99,5.1377,5.1377,5.448,False,keep,heuristic_default,5.6515,False,original_clean,,,1253,True
308,3,Desconocido,BR,15,pan,pan,False,Meu Desconto,Blog do Pão,480g,BR,LOCAL,9.99,1.8337,1.8337,5.448,False,keep,heuristic_default,1.6503,False,original_clean,,,1254,True
308,3,Desconocido,BR,15,pan,pan,False,Meu Desconto,Blog do Pão,480g,BR,LOCAL,9.99,1.8337,1.8337,5.448,False,keep,heuristic_default,1.742,False,original_clean,,,1255,True
308,3,Desconocido,BR,15,pan,pan,False,Meu Desconto,Blog do Pão,480g,BR,LOCAL,9.99,1.8337,1.8337,5.448,False,keep,heuristic_default,1.9254,False,original_clean,,,1256,True
308,3,Desconocido,BR,15,pan,pan,False,Meu Desconto,Blog do Pão,480g,BR,LOCAL,9.99,1.8337,1.8337,5.448,False,keep,heuristic_default,2.0171,False,original_clean,,,1257,True
309,3,Desconocido,BR,15,pan,pan,False,Meu Desconto,Blog do Pão,450g,BR,LOCAL,8.59,1.5767,1.5767,5.448,False,keep,heuristic_default,1.419,False,original_clean,,,1258,True
309,3,Desconocido,BR,15,pan,pan,False,Meu Desconto,Blog do Pão,450g,BR,LOCAL,8.59,1.5767,1.5767,5.448,False,keep,heuristic_default,1.4979,False,original_clean,,,1259,True
309,3,Desconocido,BR,15,pan,pan,False,Meu Desconto,Blog do Pão,450g,BR,LOCAL,8.59,1.5767,1.5767,5.448,False,keep,heuristic_default,1.6555,False,original_clean,,,1260,True
309,3,Desconocido,BR,15,pan,pan,False,Meu Desconto,Blog do Pão,450g,BR,LOCAL,8.59,1.5767,1.5767,5.448,False,keep,heuristic_default,1.7344,False,original_clean,,,1261,True
311,3,Desconocido,BR,15,pan,pan,False,Meu Desconto,Blog do Pão,"1,5l",BR,LOCAL,8.59,1.5767,1.5767,5.448,False,keep,heuristic_default,1.419,False,original_clean,,,1262,True
311,3,Desconocido,BR,15,pan,pan,False,Meu Desconto,Blog do Pão,"1,5l",BR,LOCAL,8.59,1.5767,1.5767,5.448,False,keep,heuristic_default,1.4979,False,original_clean,,,1263,True
311,3,Desconocido,BR,15,pan,pan,False,Meu Desconto,Blog do Pão,"1,5l",BR,LOCAL,8.59,1.5767,1.5767,5.448,False,keep,heuristic_default,1.6555,False,original_clean,,,1264,True
311,3,Desconocido,BR,15,pan,pan,False,Meu Desconto,Blog do Pão,"1,5l",BR,LOCAL,8.59,1.5767,1.5767,5.448,False,keep,heuristic_default,1.7344,False,original_clean,,,1265,True
313,3,Desconocido,BR,15,pan,pan,False,Meu Desconto,Blog do Pão,"1,5 Litros",BR,LOCAL,7.89,1.4482,1.4482,5.448,False,keep,heuristic_default,1.3034,False,original_clean,,,1266,True
313,3,Desconocido,BR,15,pan,pan,False,Meu Desconto,Blog do Pão,"1,5 Litros",BR,LOCAL,7.89,1.4482,1.4482,5.448,False,keep,heuristic_default,1.3758,False,original_clean,,,1267,True
313,3,Desconocido,BR,15,pan,pan,False,Meu Desconto,Blog do Pão,"1,5 Litros",BR,LOCAL,7.89,1.4482,1.4482,5.448,False,keep,heuristic_default,1.5206,False,original_clean,,,1268,True
313,3,Desconocido,BR,15,pan,pan,False,Meu Desconto,Blog do Pão,"1,5 Litros",BR,LOCAL,7.89,1.4482,1.4482,5.448,False,keep,heuristic_default,1.593,False,original_clean,,,1269,True
314,3,Desconocido,BR,15,pan,pan,False,Meu Desconto,Blog do Pão,1L,BR,LOCAL,7.99,1.4666,1.4666,5.448,False,keep,heuristic_default,1.3199,False,original_clean,,,1270,True
314,3,Desconocido,BR,15,pan,pan,False,Meu Desconto,Blog do Pão,1L,BR,LOCAL,7.99,1.4666,1.4666,5.448,False,keep,heuristic_default,1.3933,False,original_clean,,,1271,True
314,3,Desconocido,BR,15,pan,pan,False,Meu Desconto,Blog do Pão,1L,BR,LOCAL,7.99,1.4666,1.4666,5.448,False,keep,heuristic_default,1.5399,False,original_clean,,,1272,True
314,3,Desconocido,BR,15,pan,pan,False,Meu Desconto,Blog do Pão,1L,BR,LOCAL,7.99,1.4666,1.4666,5.448,False,keep,heuristic_default,1.6133,False,original_clean,,,1273,True
315,1,Desconocido,UNKNOWN,15,pan,pan,False,Meu Desconto,Blog do Pão,1 Litro,UNKNOWN,LOCAL,18.0,18.0,18.0,1.0,False,keep,heuristic_default,16.2,False,original_clean,,,1274,True
315,1,Desconocido,UNKNOWN,15,pan,pan,False,Meu Desconto,Blog do Pão,1 Litro,UNKNOWN,LOCAL,18.0,18.0,18.0,1.0,False,keep,heuristic_default,17.1,False,original_clean,,,1275,True
315,1,Desconocido,UNKNOWN,15,pan,pan,False,Meu Desconto,Blog do Pão,1 Litro,UNKNOWN,LOCAL,18.0,18.0,18.0,1.0,False,keep,heuristic_default,18.9,False,original_clean,,,1276,True
315,1,Desconocido,UNKNOWN,15,pan,pan,False,Meu Desconto,Blog do Pão,1 Litro,UNKNOWN,LOCAL,18.0,18.0,18.0,1.0,False,keep,heuristic_default,19.8,False,original_clean,,,1277,True
316,3,Desconocido,BR,15,pan,pan,False,Meu Desconto,Blog do Pão,1 Litro,BR,LOCAL,5.99,1.0995,1.0995,5.448,False,keep,heuristic_default,0.9895,False,original_clean,,,1278,True
316,3,Desconocido,BR,15,pan,pan,False,Meu Desconto,Blog do Pão,1 Litro,BR,LOCAL,5.99,1.0995,1.0995,5.448,False,keep,heuristic_default,1.0445,False,original_clean,,,1279,True
316,3,Desconocido,BR,15,pan,pan,False,Meu Desconto,Blog do Pão,1 Litro,BR,LOCAL,5.99,1.0995,1.0995,5.448,False,keep,heuristic_default,1.1545,False,original_clean,,,1280,True
316,3,Desconocido,BR,15,pan,pan,False,Meu Desconto,Blog do Pão,1 Litro,BR,LOCAL,5.99,1.0995,1.0995,5.448,False,keep,heuristic_default,1.2094,False,original_clean,,,1281,True
317,3,Desconocido,BR,15,pan,pan,False,Meu Desconto,Blog do Pão,330ml,BR,LOCAL,6.59,1.2096,1.2096,5.448,False,keep,heuristic_default,1.0886,False,original_clean,,,1282,True
317,3,Desconocido,BR,15,pan,pan,False,Meu Desconto,Blog do Pão,330ml,BR,LOCAL,6.59,1.2096,1.2096,5.448,False,keep,heuristic_default,1.1491,False,original_clean,,,1283,True
317,3,Desconocido,BR,15,pan,pan,False,Meu Desconto,Blog do Pão,330ml,BR,LOCAL,6.59,1.2096,1.2096,5.448,False,keep,heuristic_default,1.2701,False,original_clean,,,1284,True
317,3,Desconocido,BR,15,pan,pan,False,Meu Desconto,Blog do Pão,330ml,BR,LOCAL,6.59,1.2096,1.2096,5.448,False,keep,heuristic_default,1.3306,False,original_clean,,,1285,True
321,3,Desconocido,BR,3,pan,sin_categoria,True,Meu Desconto,Minha Lista,5kg,BR,LOCAL,28.99,5.3212,5.3212,5.448,False,keep_imputed,no_category_detected,4.7891,False,original_clean,,,1286,True
321,3,Desconocido,BR,3,pan,sin_categoria,True,Meu Desconto,Minha Lista,5kg,BR,LOCAL,28.99,5.3212,5.3212,5.448,False,keep_imputed,no_category_detected,5.0551,False,original_clean,,,1287,True
321,3,Desconocido,BR,3,pan,sin_categoria,True,Meu Desconto,Minha Lista,5kg,BR,LOCAL,28.99,5.3212,5.3212,5.448,False,keep_imputed,no_category_detected,5.5873,False,original_clean,,,1288,True
321,3,Desconocido,BR,3,pan,sin_categoria,True,Meu Desconto,Minha Lista,5kg,BR,LOCAL,28.99,5.3212,5.3212,5.448,False,keep_imputed,no_category_detected,5.8533,False,original_clean,,,1289,True
322,1,Desconocido,UNKNOWN,3,pan,sin_categoria,True,Meu Desconto,Minha Lista,5kg,UNKNOWN,LOCAL,1.0,1.0,1.0,1.0,False,keep_imputed,no_category_detected,0.9,False,original_clean,,,1290,True
322,1,Desconocido,UNKNOWN,3,pan,sin_categoria,True,Meu Desconto,Minha Lista,5kg,UNKNOWN,LOCAL,1.0,1.0,1.0,1.0,False,keep_imputed,no_category_detected,0.95,False,original_clean,,,1291,True
322,1,Desconocido,UNKNOWN,3,pan,sin_categoria,True,Meu Desconto,Minha Lista,5kg,UNKNOWN,LOCAL,1.0,1.0,1.0,1.0,False,keep_imputed,no_category_detected,1.05,False,original_clean,,,1292,True
322,1,Desconocido,UNKNOWN,3,pan,sin_categoria,True,Meu Desconto,Minha Lista,5kg,UNKNOWN,LOCAL,1.0,1.0,1.0,1.0,False,keep_imputed,no_category_detected,1.1,False,original_clean,,,1293,True
323,3,Desconocido,BR,3,pan,sin_categoria,True,Meu Desconto,Minha Lista,500g,BR,LOCAL,5.59,1.0261,1.0261,5.448,False,keep_imputed,no_category_detected,0.9235,False,original_clean,,,1294,True
323,3,Desconocido,BR,3,pan,sin_categoria,True,Meu Desconto,Minha Lista,500g,BR,LOCAL,5.59,1.0261,1.0261,5.448,False,keep_imputed,no_category_detected,0.9748,False,original_clean,,,1295,True
323,3,Desconocido,BR,3,pan,sin_categoria,True,Meu Desconto,Minha Lista,500g,BR,LOCAL,5.59,1.0261,1.0261,5.448,False,keep_imputed,no_category_detected,1.0774,False,original_clean,,,1296,True
323,3,Desconocido,BR,3,pan,sin_categoria,True,Meu Desconto,Minha Lista,500g,BR,LOCAL,5.59,1.0261,1.0261,5.448,False,keep_imputed,no_category_detected,1.1287,False,original_clean,,,1297,True
324,3,Desconocido,BR,3,pan,sin_categoria,True,Meu Desconto,Minha Lista,250g,BR,LOCAL,12.29,2.2559,2.2559,5.448,False,keep_imputed,no_category_detected,2.0303,False,original_clean,,,1298,True
324,3,Desconocido,BR,3,pan,sin_categoria,True,Meu Desconto,Minha Lista,250g,BR,LOCAL,12.29,2.2559,2.2559,5.448,False,keep_imputed,no_category_detected,2.1431,False,original_clean,,,1299,True
324,3,Desconocido,BR,3,pan,sin_categoria,True,Meu Desconto,Minha Lista,250g,BR,LOCAL,12.29,2.2559,2.2559,5.448,False,keep_imputed,no_category_detected,2.3687,False,original_clean,,,1300,True
324,3,Desconocido,BR,3,pan,sin_categoria,True,Meu Desconto,Minha Lista,250g,BR,LOCAL,12.29,2.2559,2.2559,5.448,False,keep_imputed,no_category_detected,2.4815,False,original_clean,,,1301,True
325,3,Desconocido,BR,3,pan,sin_categoria,True,Meu Desconto,Minha Lista,480g,BR,LOCAL,9.99,1.8337,1.8337,5.448,False,keep_imputed,no_category_detected,1.6503,False,original_clean,,,1302,True
325,3,Desconocido,BR,3,pan,sin_categoria,True,Meu Desconto,Minha Lista,480g,BR,LOCAL,9.99,1.8337,1.8337,5.448,False,keep_imputed,no_category_detected,1.742,False,original_clean,,,1303,True
325,3,Desconocido,BR,3,pan,sin_categoria,True,Meu Desconto,Minha Lista,480g,BR,LOCAL,9.99,1.8337,1.8337,5.448,False,keep_imputed,no_category_detected,1.9254,False,original_clean,,,1304,True
325,3,Desconocido,BR,3,pan,sin_categoria,True,Meu Desconto,Minha Lista,480g,BR,LOCAL,9.99,1.8337,1.8337,5.448,False,keep_imputed,no_category_detected,2.0171,False,original_clean,,,1305,True
326,3,Desconocido,BR,3,pan,sin_categoria,True,Meu Desconto,Minha Lista,450g,BR,LOCAL,6.99,1.283,1.283,5.448,False,keep_imputed,no_category_detected,1.1547,False,original_clean,,,1306,True
326,3,Desconocido,BR,3,pan,sin_categoria,True,Meu Desconto,Minha Lista,450g,BR,LOCAL,6.99,1.283,1.283,5.448,False,keep_imputed,no_category_detected,1.2188,False,original_clean,,,1307,True
326,3,Desconocido,BR,3,pan,sin_categoria,True,Meu Desconto,Minha Lista,450g,BR,LOCAL,6.99,1.283,1.283,5.448,False,keep_imputed,no_category_detected,1.3472,False,original_clean,,,1308,True
326,3,Desconocido,BR,3,pan,sin_categoria,True,Meu Desconto,Minha Lista,450g,BR,LOCAL,6.99,1.283,1.283,5.448,False,keep_imputed,no_category_detected,1.4113,False,original_clean,,,1309,True
328,3,Desconocido,BR,3,pan,sin_categoria,True,Meu Desconto,Minha Lista,"1,5l",BR,LOCAL,7.29,1.3381,1.3381,5.448,False,keep_imputed,no_category_detected,1.2043,False,original_clean,,,1310,True
328,3,Desconocido,BR,3,pan,sin_categoria,True,Meu Desconto,Minha Lista,"1,5l",BR,LOCAL,7.29,1.3381,1.3381,5.448,False,keep_imputed,no_category_detected,1.2712,False,original_clean,,,1311,True
328,3,Desconocido,BR,3,pan,sin_categoria,True,Meu Desconto,Minha Lista,"1,5l",BR,LOCAL,7.29,1.3381,1.3381,5.448,False,keep_imputed,no_category_detected,1.405,False,original_clean,,,1312,True
328,3,Desconocido,BR,3,pan,sin_categoria,True,Meu Desconto,Minha Lista,"1,5l",BR,LOCAL,7.29,1.3381,1.3381,5.448,False,keep_imputed,no_category_detected,1.4719,False,original_clean,,,1313,True
330,1,Desconocido,UNKNOWN,3,pan,sin_categoria,True,Meu Desconto,Minha Lista,1 Litro,UNKNOWN,LOCAL,1.0,1.0,1.0,1.0,False,keep_imputed,no_category_detected,0.9,False,original_clean,,,1314,True
330,1,Desconocido,UNKNOWN,3,pan,sin_categoria,True,Meu Desconto,Minha Lista,1 Litro,UNKNOWN,LOCAL,1.0,1.0,1.0,1.0,False,keep_imputed,no_category_detected,0.95,False,original_clean,,,1315,True
330,1,Desconocido,UNKNOWN,3,pan,sin_categoria,True,Meu Desconto,Minha Lista,1 Litro,UNKNOWN,LOCAL,1.0,1.0,1.0,1.0,False,keep_imputed,no_category_detected,1.05,False,original_clean,,,1316,True
330,1,Desconocido,UNKNOWN,3,pan,sin_categoria,True,Meu Desconto,Minha Lista,1 Litro,UNKNOWN,LOCAL,1.0,1.0,1.0,1.0,False,keep_imputed,no_category_detected,1.1,False,original_clean,,,1317,True
334,3,Desconocido,BR,3,pan,sin_categoria,True,Meu Desconto,Minha Lista,330ml,BR,LOCAL,6.79,1.2463,1.2463,5.448,False,keep_imputed,no_category_detected,1.1217,False,original_clean,,,1318,True
334,3,Desconocido,BR,3,pan,sin_categoria,True,Meu Desconto,Minha Lista,330ml,BR,LOCAL,6.79,1.2463,1.2463,5.448,False,keep_imputed,no_category_detected,1.184,False,original_clean,,,1319,True
334,3,Desconocido,BR,3,pan,sin_categoria,True,Meu Desconto,Minha Lista,330ml,BR,LOCAL,6.79,1.2463,1.2463,5.448,False,keep_imputed,no_category_detected,1.3086,False,original_clean,,,1320,True
334,3,Desconocido,BR,3,pan,sin_categoria,True,Meu Desconto,Minha Lista,330ml,BR,LOCAL,6.79,1.2463,1.2463,5.448,False,keep_imputed,no_category_detected,1.3709,False,original_clean,,,1321,True
336,1,Desconocido,UNKNOWN,3,pan,sin_categoria,True,Meu Desconto,Minha Lista,,UNKNOWN,LOCAL,18.0,18.0,18.0,1.0,False,keep_imputed,no_category_detected,16.2,False,original_clean,,,1322,True
336,1,Desconocido,UNKNOWN,3,pan,sin_categoria,True,Meu Desconto,Minha Lista,,UNKNOWN,LOCAL,18.0,18.0,18.0,1.0,False,keep_imputed,no_category_detected,17.1,False,original_clean,,,1323,True
336,1,Desconocido,UNKNOWN,3,pan,sin_categoria,True,Meu Desconto,Minha Lista,,UNKNOWN,LOCAL,18.0,18.0,18.0,1.0,False,keep_imputed,no_category_detected,18.9,False,original_clean,,,1324,True
336,1,Desconocido,UNKNOWN,3,pan,sin_categoria,True,Meu Desconto,Minha Lista,,UNKNOWN,LOCAL,18.0,18.0,18.0,1.0,False,keep_imputed,no_category_detected,19.8,False,original_clean,,,1325,True
337,3,Desconocido,BR,3,pan,sin_categoria,True,Meu Desconto,Minha Lista,800g,BR,LOCAL,21.9,4.0198,4.0198,5.448,False,keep_imputed,no_category_detected,3.6178,False,original_clean,,,1326,True
337,3,Desconocido,BR,3,pan,sin_categoria,True,Meu Desconto,Minha Lista,800g,BR,LOCAL,21.9,4.0198,4.0198,5.448,False,keep_imputed,no_category_detected,3.8188,False,original_clean,,,1327,True
337,3,Desconocido,BR,3,pan,sin_categoria,True,Meu Desconto,Minha Lista,800g,BR,LOCAL,21.9,4.0198,4.0198,5.448,False,keep_imputed,no_category_detected,4.2208,False,original_clean,,,1328,True
337,3,Desconocido,BR,3,pan,sin_categoria,True,Meu Desconto,Minha Lista,800g,BR,LOCAL,21.9,4.0198,4.0198,5.448,False,keep_imputed,no_category_detected,4.4218,False,original_clean,,,1329,True
338,3,Desconocido,BR,3,pan,sin_categoria,True,Meu Desconto,Minha Lista,"2,2Kg",BR,LOCAL,28.99,5.3212,5.3212,5.448,False,keep_imputed,no_category_detected,4.7891,False,original_clean,,,1330,True
338,3,Desconocido,BR,3,pan,sin_categoria,True,Meu Desconto,Minha Lista,"2,2Kg",BR,LOCAL,28.99,5.3212,5.3212,5.448,False,keep_imputed,no_category_detected,5.0551,False,original_clean,,,1331,True
338,3,Desconocido,BR,3,pan,sin_categoria,True,Meu Desconto,Minha Lista,"2,2Kg",BR,LOCAL,28.99,5.3212,5.3212,5.448,False,keep_imputed,no_category_detected,5.5873,False,original_clean,,,1332,True
338,3,Desconocido,BR,3,pan,sin_categoria,True,Meu Desconto,Minha Lista,"2,2Kg",BR,LOCAL,28.99,5.3212,5.3212,5.448,False,keep_imputed,no_category_detected,5.8533,False,original_clean,,,1333,True
339,3,Desconocido,BR,3,pan,sin_categoria,True,Meu Desconto,Minha Lista,700g,BR,LOCAL,33.99,6.239,6.239,5.448,False,keep_imputed,no_category_detected,5.6151,False,original_clean,,,1334,True
339,3,Desconocido,BR,3,pan,sin_categoria,True,Meu Desconto,Minha Lista,700g,BR,LOCAL,33.99,6.239,6.239,5.448,False,keep_imputed,no_category_detected,5.927,False,original_clean,,,1335,True
339,3,Desconocido,BR,3,pan,sin_categoria,True,Meu Desconto,Minha Lista,700g,BR,LOCAL,33.99,6.239,6.239,5.448,False,keep_imputed,no_category_detected,6.551,False,original_clean,,,1336,True
339,3,Desconocido,BR,3,pan,sin_categoria,True,Meu Desconto,Minha Lista,700g,BR,LOCAL,33.99,6.239,6.239,5.448,False,keep_imputed,no_category_detected,6.8629,False,original_clean,,,1337,True
340,3,Desconocido,BR,3,pan,sin_categoria,True,Meu Desconto,Minha Lista,400g,BR,LOCAL,5.99,1.0995,1.0995,5.448,False,keep_imputed,no_category_detected,0.9895,False,original_clean,,,1338,True
340,3,Desconocido,BR,3,pan,sin_categoria,True,Meu Desconto,Minha Lista,400g,BR,LOCAL,5.99,1.0995,1.0995,5.448,False,keep_imputed,no_category_detected,1.0445,False,original_clean,,,1339,True
340,3,Desconocido,BR,3,pan,sin_categoria,True,Meu Desconto,Minha Lista,400g,BR,LOCAL,5.99,1.0995,1.0995,5.448,False,keep_imputed,no_category_detected,1.1545,False,original_clean,,,1340,True
340,3,Desconocido,BR,3,pan,sin_categoria,True,Meu Desconto,Minha Lista,400g,BR,LOCAL,5.99,1.0995,1.0995,5.448,False,keep_imputed,no_category_detected,1.2094,False,original_clean,,,1341,True
341,3,Desconocido,BR,3,pan,sin_categoria,True,Meu Desconto,Minha Lista,2l,BR,LOCAL,7.99,1.4666,1.4666,5.448,False,keep_imputed,no_category_detected,1.3199,False,original_clean,,,1342,True
341,3,Desconocido,BR,3,pan,sin_categoria,True,Meu Desconto,Minha Lista,2l,BR,LOCAL,7.99,1.4666,1.4666,5.448,False,keep_imputed,no_category_detected,1.3933,False,original_clean,,,1343,True
341,3,Desconocido,BR,3,pan,sin_categoria,True,Meu Desconto,Minha Lista,2l,BR,LOCAL,7.99,1.4666,1.4666,5.448,False,keep_imputed,no_category_detected,1.5399,False,original_clean,,,1344,True
341,3,Desconocido,BR,3,pan,sin_categoria,True,Meu Desconto,Minha Lista,2l,BR,LOCAL,7.99,1.4666,1.4666,5.448,False,keep_imputed,no_category_detected,1.6133,False,original_clean,,,1345,True
343,1,Desconocido,UNKNOWN,3,pan,sin_categoria,True,Meu Desconto,Minha Lista,500g,UNKNOWN,LOCAL,2.0,2.0,2.0,1.0,False,keep_imputed,no_category_detected,1.8,False,original_clean,,,1346,True
343,1,Desconocido,UNKNOWN,3,pan,sin_categoria,True,Meu Desconto,Minha Lista,500g,UNKNOWN,LOCAL,2.0,2.0,2.0,1.0,False,keep_imputed,no_category_detected,1.9,False,original_clean,,,1347,True
343,1,Desconocido,UNKNOWN,3,pan,sin_categoria,True,Meu Desconto,Minha Lista,500g,UNKNOWN,LOCAL,2.0,2.0,2.0,1.0,False,keep_imputed,no_category_detected,2.1,False,original_clean,,,1348,True
343,1,Desconocido,UNKNOWN,3,pan,sin_categoria,True,Meu Desconto,Minha Lista,500g,UNKNOWN,LOCAL,2.0,2.0,2.0,1.0,False,keep_imputed,no_category_detected,2.2,False,original_clean,,,1349,True
344,1,Desconocido,UNKNOWN,3,pan,sin_categoria,True,Meu Desconto,Minha Lista,1l,UNKNOWN,LOCAL,1.0,1.0,1.0,1.0,False,keep_imputed,no_category_detected,0.9,False,original_clean,,,1350,True
344,1,Desconocido,UNKNOWN,3,pan,sin_categoria,True,Meu Desconto,Minha Lista,1l,UNKNOWN,LOCAL,1.0,1.0,1.0,1.0,False,keep_imputed,no_category_detected,0.95,False,original_clean,,,1351,True
344,1,Desconocido,UNKNOWN,3,pan,sin_categoria,True,Meu Desconto,Minha Lista,1l,UNKNOWN,LOCAL,1.0,1.0,1.0,1.0,False,keep_imputed,no_category_detected,1.05,False,original_clean,,,1352,True
344,1,Desconocido,UNKNOWN,3,pan,sin_categoria,True,Meu Desconto,Minha Lista,1l,UNKNOWN,LOCAL,1.0,1.0,1.0,1.0,False,keep_imputed,no_category_detected,1.1,False,original_clean,,,1353,True
346,1,Desconocido,UNKNOWN,3,pan,sin_categoria,True,Meu Desconto,Minha Lista,1kg,UNKNOWN,LOCAL,1.0,1.0,1.0,1.0,False,keep_imputed,no_category_detected,0.9,False,original_clean,,,1354,True
346,1,Desconocido,UNKNOWN,3,pan,sin_categoria,True,Meu Desconto,Minha Lista,1kg,UNKNOWN,LOCAL,1.0,1.0,1.0,1.0,False,keep_imputed,no_category_detected,0.95,False,original_clean,,,1355,True
346,1,Desconocido,UNKNOWN,3,pan,sin_categoria,True,Meu Desconto,Minha Lista,1kg,UNKNOWN,LOCAL,1.0,1.0,1.0,1.0,False,keep_imputed,no_category_detected,1.05,False,original_clean,,,1356,True
346,1,Desconocido,UNKNOWN,3,pan,sin_categoria,True,Meu Desconto,Minha Lista,1kg,UNKNOWN,LOCAL,1.0,1.0,1.0,1.0,False,keep_imputed,no_category_detected,1.1,False,original_clean,,,1357,True
347,1,Desconocido,UNKNOWN,3,pan,sin_categoria,True,Meu Desconto,Minha Lista,1Kg,UNKNOWN,LOCAL,1.0,1.0,1.0,1.0,False,keep_imputed,no_category_detected,0.9,False,original_clean,,,1358,True
347,1,Desconocido,UNKNOWN,3,pan,sin_categoria,True,Meu Desconto,Minha Lista,1Kg,UNKNOWN,LOCAL,1.0,1.0,1.0,1.0,False,keep_imputed,no_category_detected,0.95,False,original_clean,,,1359,True
347,1,Desconocido,UNKNOWN,3,pan,sin_categoria,True,Meu Desconto,Minha Lista,1Kg,UNKNOWN,LOCAL,1.0,1.0,1.0,1.0,False,keep_imputed,no_category_detected,1.05,False,original_clean,,,1360,True
347,1,Desconocido,UNKNOWN,3,pan,sin_categoria,True,Meu Desconto,Minha Lista,1Kg,UNKNOWN,LOCAL,1.0,1.0,1.0,1.0,False,keep_imputed,no_category_detected,1.1,False,original_clean,,,1361,True
348,3,Desconocido,BR,3,pan,sin_categoria,True,Meu Desconto,Minha Lista,1Kg,BR,LOCAL,6.39,1.1729,1.1729,5.448,False,keep_imputed,no_category_detected,1.0556,False,original_clean,,,1362,True
348,3,Desconocido,BR,3,pan,sin_categoria,True,Meu Desconto,Minha Lista,1Kg,BR,LOCAL,6.39,1.1729,1.1729,5.448,False,keep_imputed,no_category_detected,1.1143,False,original_clean,,,1363,True
348,3,Desconocido,BR,3,pan,sin_categoria,True,Meu Desconto,Minha Lista,1Kg,BR,LOCAL,6.39,1.1729,1.1729,5.448,False,keep_imputed,no_category_detected,1.2315,False,original_clean,,,1364,True
348,3,Desconocido,BR,3,pan,sin_categoria,True,Meu Desconto,Minha Lista,1Kg,BR,LOCAL,6.39,1.1729,1.1729,5.448,False,keep_imputed,no_category_detected,1.2902,False,original_clean,,,1365,True
349,1,Desconocido,UNKNOWN,16,papa,papa,False,Multi Marca,"Papa Malla, 2 Kg",2 Kg,UNKNOWN,LOCAL,2.69,2.69,2.69,1.0,False,keep,heuristic_default,2.421,False,original_clean,,,1366,True
349,1,Desconocido,UNKNOWN,16,papa,papa,False,Multi Marca,"Papa Malla, 2 Kg",2 Kg,UNKNOWN,LOCAL,2.69,2.69,2.69,1.0,False,keep,heuristic_default,2.5555,False,original_clean,,,1367,True
349,1,Desconocido,UNKNOWN,16,papa,papa,False,Multi Marca,"Papa Malla, 2 Kg",2 Kg,UNKNOWN,LOCAL,2.69,2.69,2.69,1.0,False,keep,heuristic_default,2.8245,False,original_clean,,,1368,True
349,1,Desconocido,UNKNOWN,16,papa,papa,False,Multi Marca,"Papa Malla, 2 Kg",2 Kg,UNKNOWN,LOCAL,2.69,2.69,2.69,1.0,False,keep,heuristic_default,2.959,False,original_clean,,,1369,True
350,1,Desconocido,UNKNOWN,10,arroz,arroz,False,nuestra cocina,1 Kg,1 Kg,UNKNOWN,LOCAL,1.59,1.59,1.59,1.0,False,keep,heuristic_default,1.431,False,original_clean,,,1370,True
350,1,Desconocido,UNKNOWN,10,arroz,arroz,False,nuestra cocina,1 Kg,1 Kg,UNKNOWN,LOCAL,1.59,1.59,1.59,1.0,False,keep,heuristic_default,1.5105,False,original_clean,,,1371,True
350,1,Desconocido,UNKNOWN,10,arroz,arroz,False,nuestra cocina,1 Kg,1 Kg,UNKNOWN,LOCAL,1.59,1.59,1.59,1.0,False,keep,heuristic_default,1.6695,False,original_clean,,,1372,True
350,1,Desconocido,UNKNOWN,10,arroz,arroz,False,nuestra cocina,1 Kg,1 Kg,UNKNOWN,LOCAL,1.59,1.59,1.59,1.0,False,keep,heuristic_default,1.749,False,original_clean,,,1373,True
351,3,Desconocido,BR,15,pan,pan,False,Padaria e Matinais,Panes y Torradas,500g,BR,LOCAL,9.49,1.7419,1.7419,5.448,False,keep,heuristic_default,1.5677,False,original_clean,,,1374,True
351,3,Desconocido,BR,15,pan,pan,False,Padaria e Matinais,Panes y Torradas,500g,BR,LOCAL,9.49,1.7419,1.7419,5.448,False,keep,heuristic_default,1.6548,False,original_clean,,,1375,True
351,3,Desconocido,BR,15,pan,pan,False,Padaria e Matinais,Panes y Torradas,500g,BR,LOCAL,9.49,1.7419,1.7419,5.448,False,keep,heuristic_default,1.829,False,original_clean,,,1376,True
351,3,Desconocido,BR,15,pan,pan,False,Padaria e Matinais,Panes y Torradas,500g,BR,LOCAL,9.49,1.7419,1.7419,5.448,False,keep,heuristic_default,1.9161,False,original_clean,,,1377,True
352,3,Desconocido,BR,15,pan,pan,False,Padaria e Matinais,Panes y Torradas,450g,BR,LOCAL,6.19,1.1362,1.1362,5.448,False,keep,heuristic_default,1.0226,False,original_clean,,,1378,True
352,3,Desconocido,BR,15,pan,pan,False,Padaria e Matinais,Panes y Torradas,450g,BR,LOCAL,6.19,1.1362,1.1362,5.448,False,keep,heuristic_default,1.0794,False,original_clean,,,1379,True
352,3,Desconocido,BR,15,pan,pan,False,Padaria e Matinais,Panes y Torradas,450g,BR,LOCAL,6.19,1.1362,1.1362,5.448,False,keep,heuristic_default,1.193,False,original_clean,,,1380,True
352,3,Desconocido,BR,15,pan,pan,False,Padaria e Matinais,Panes y Torradas,450g,BR,LOCAL,6.19,1.1362,1.1362,5.448,False,keep,heuristic_default,1.2498,False,original_clean,,,1381,True
353,3,Desconocido,BR,15,pan,pan,False,Padaria e Matinais,Panes y Torradas,400g,BR,LOCAL,9.69,1.7786,1.7786,5.448,False,keep,heuristic_default,1.6007,False,original_clean,,,1382,True
353,3,Desconocido,BR,15,pan,pan,False,Padaria e Matinais,Panes y Torradas,400g,BR,LOCAL,9.69,1.7786,1.7786,5.448,False,keep,heuristic_default,1.6897,False,original_clean,,,1383,True
353,3,Desconocido,BR,15,pan,pan,False,Padaria e Matinais,Panes y Torradas,400g,BR,LOCAL,9.69,1.7786,1.7786,5.448,False,keep,heuristic_default,1.8675,False,original_clean,,,1384,True
353,3,Desconocido,BR,15,pan,pan,False,Padaria e Matinais,Panes y Torradas,400g,BR,LOCAL,9.69,1.7786,1.7786,5.448,False,keep,heuristic_default,1.9565,False,original_clean,,,1385,True
355,3,Desconocido,BR,3,pan,sin_categoria,True,Padaria e Matinais,Leites,1L,BR,LOCAL,6.09,1.1178,1.1178,5.448,False,keep_imputed,no_category_detected,1.006,False,original_clean,,,1386,True
355,3,Desconocido,BR,3,pan,sin_categoria,True,Padaria e Matinais,Leites,1L,BR,LOCAL,6.09,1.1178,1.1178,5.448,False,keep_imputed,no_category_detected,1.0619,False,original_clean,,,1387,True
355,3,Desconocido,BR,3,pan,sin_categoria,True,Padaria e Matinais,Leites,1L,BR,LOCAL,6.09,1.1178,1.1178,5.448,False,keep_imputed,no_category_detected,1.1737,False,original_clean,,,1388,True
355,3,Desconocido,BR,3,pan,sin_categoria,True,Padaria e Matinais,Leites,1L,BR,LOCAL,6.09,1.1178,1.1178,5.448,False,keep_imputed,no_category_detected,1.2296,False,original_clean,,,1389,True
361,4,Desconocido,US,15,pan,pan,False,PAN MOLDE BLANCO FLOR DE ORO 550 G,Comparar,550 G,US,LOCAL,1.05,1.05,1.05,1.0,False,keep,heuristic_default,0.945,False,original_clean,,,1390,True
361,4,Desconocido,US,15,pan,pan,False,PAN MOLDE BLANCO FLOR DE ORO 550 G,Comparar,550 G,US,LOCAL,1.05,1.05,1.05,1.0,False,keep,heuristic_default,0.9975,False,original_clean,,,1391,True
361,4,Desconocido,US,15,pan,pan,False,PAN MOLDE BLANCO FLOR DE ORO 550 G,Comparar,550 G,US,LOCAL,1.05,1.05,1.05,1.0,False,keep,heuristic_default,1.1025,False,original_clean,,,1392,True
361,4,Desconocido,US,15,pan,pan,False,PAN MOLDE BLANCO FLOR DE ORO 550 G,Comparar,550 G,US,LOCAL,1.05,1.05,1.05,1.0,False,keep,heuristic_default,1.155,False,original_clean,,,1393,True
362,4,Desconocido,US,15,pan,pan,False,PAN MOLDE BLANCO MODERNA 550 G,Comparar,550 G,US,LOCAL,1.59,1.59,1.59,1.0,False,keep,heuristic_default,1.431,False,original_clean,,,1394,True
362,4,Desconocido,US,15,pan,pan,False,PAN MOLDE BLANCO MODERNA 550 G,Comparar,550 G,US,LOCAL,1.59,1.59,1.59,1.0,False,keep,heuristic_default,1.5105,False,original_clean,,,1395,True
362,4,Desconocido,US,15,pan,pan,False,PAN MOLDE BLANCO MODERNA 550 G,Comparar,550 G,US,LOCAL,1.59,1.59,1.59,1.0,False,keep,heuristic_default,1.6695,False,original_clean,,,1396,True
362,4,Desconocido,US,15,pan,pan,False,PAN MOLDE BLANCO MODERNA 550 G,Comparar,550 G,US,LOCAL,1.59,1.59,1.59,1.0,False,keep,heuristic_default,1.749,False,original_clean,,,1397,True
363,4,Desconocido,US,15,pan,pan,False,PAN MOLDE BLANCO SUPAN 550 G,Comparar,550 G,US,LOCAL,1.56,1.56,1.56,1.0,False,keep,heuristic_default,1.404,False,original_clean,,,1398,True
363,4,Desconocido,US,15,pan,pan,False,PAN MOLDE BLANCO SUPAN 550 G,Comparar,550 G,US,LOCAL,1.56,1.56,1.56,1.0,False,keep,heuristic_default,1.482,False,original_clean,,,1399,True
363,4,Desconocido,US,15,pan,pan,False,PAN MOLDE BLANCO SUPAN 550 G,Comparar,550 G,US,LOCAL,1.56,1.56,1.56,1.0,False,keep,heuristic_default,1.638,False,original_clean,,,1400,True
363,4,Desconocido,US,15,pan,pan,False,PAN MOLDE BLANCO SUPAN 550 G,Comparar,550 G,US,LOCAL,1.56,1.56,1.56,1.0,False,keep,heuristic_default,1.716,False,original_clean,,,1401,True
369,1,Desconocido,UNKNOWN,15,pan,pan,False,Panadería y Pastelería,Panadería,570 GR,UNKNOWN,LOCAL,2.49,2.49,2.49,1.0,False,keep,heuristic_default,2.241,False,original_clean,,,1402,True
369,1,Desconocido,UNKNOWN,15,pan,pan,False,Panadería y Pastelería,Panadería,570 GR,UNKNOWN,LOCAL,2.49,2.49,2.49,1.0,False,keep,heuristic_default,2.3655,False,original_clean,,,1403,True
369,1,Desconocido,UNKNOWN,15,pan,pan,False,Panadería y Pastelería,Panadería,570 GR,UNKNOWN,LOCAL,2.49,2.49,2.49,1.0,False,keep,heuristic_default,2.6145,False,original_clean,,,1404,True
369,1,Desconocido,UNKNOWN,15,pan,pan,False,Panadería y Pastelería,Panadería,570 GR,UNKNOWN,LOCAL,2.49,2.49,2.49,1.0,False,keep,heuristic_default,2.739,False,original_clean,,,1405,True
370,1,Desconocido,UNKNOWN,15,pan,pan,False,Panadería y Pastelería,Panadería,580 GR,UNKNOWN,LOCAL,2.69,2.69,2.69,1.0,False,keep,heuristic_default,2.421,False,original_clean,,,1406,True
370,1,Desconocido,UNKNOWN,15,pan,pan,False,Panadería y Pastelería,Panadería,580 GR,UNKNOWN,LOCAL,2.69,2.69,2.69,1.0,False,keep,heuristic_default,2.5555,False,original_clean,,,1407,True
370,1,Desconocido,UNKNOWN,15,pan,pan,False,Panadería y Pastelería,Panadería,580 GR,UNKNOWN,LOCAL,2.69,2.69,2.69,1.0,False,keep,heuristic_default,2.8245,False,original_clean,,,1408,True
370,1,Desconocido,UNKNOWN,15,pan,pan,False,Panadería y Pastelería,Panadería,580 GR,UNKNOWN,LOCAL,2.69,2.69,2.69,1.0,False,keep,heuristic_default,2.959,False,original_clean,,,1409,True
371,1,Desconocido,UNKNOWN,15,pan,pan,False,Panadería y Pastelería,Panadería,740 g,UNKNOWN,LOCAL,2.59,2.59,2.59,1.0,False,keep,heuristic_default,2.331,False,original_clean,,,1410,True
371,1,Desconocido,UNKNOWN,15,pan,pan,False,Panadería y Pastelería,Panadería,740 g,UNKNOWN,LOCAL,2.59,2.59,2.59,1.0,False,keep,heuristic_default,2.4605,False,original_clean,,,1411,True
371,1,Desconocido,UNKNOWN,15,pan,pan,False,Panadería y Pastelería,Panadería,740 g,UNKNOWN,LOCAL,2.59,2.59,2.59,1.0,False,keep,heuristic_default,2.7195,False,original_clean,,,1412,True
371,1,Desconocido,UNKNOWN,15,pan,pan,False,Panadería y Pastelería,Panadería,740 g,UNKNOWN,LOCAL,2.59,2.59,2.59,1.0,False,keep,heuristic_default,2.849,False,original_clean,,,1413,True
372,1,Desconocido,UNKNOWN,15,pan,pan,False,Panadería y Pastelería,Panadería,580 g,UNKNOWN,LOCAL,2.59,2.59,2.59,1.0,False,keep,heuristic_default,2.331,False,original_clean,,,1414,True
372,1,Desconocido,UNKNOWN,15,pan,pan,False,Panadería y Pastelería,Panadería,580 g,UNKNOWN,LOCAL,2.59,2.59,2.59,1.0,False,keep,heuristic_default,2.4605,False,original_clean,,,1415,True
372,1,Desconocido,UNKNOWN,15,pan,pan,False,Panadería y Pastelería,Panadería,580 g,UNKNOWN,LOCAL,2.59,2.59,2.59,1.0,False,keep,heuristic_default,2.7195,False,original_clean,,,1416,True
372,1,Desconocido,UNKNOWN,15,pan,pan,False,Panadería y Pastelería,Panadería,580 g,UNKNOWN,LOCAL,2.59,2.59,2.59,1.0,False,keep,heuristic_default,2.849,False,original_clean,,,1417,True
373,1,Desconocido,UNKNOWN,15,pan,pan,False,Panadería y repostería,Pan,500 g,UNKNOWN,LOCAL,1.95,1.95,1.95,1.0,False,keep,heuristic_default,1.755,False,original_clean,,,1418,True
373,1,Desconocido,UNKNOWN,15,pan,pan,False,Panadería y repostería,Pan,500 g,UNKNOWN,LOCAL,1.95,1.95,1.95,1.0,False,keep,heuristic_default,1.8525,False,original_clean,,,1419,True
373,1,Desconocido,UNKNOWN,15,pan,pan,False,Panadería y repostería,Pan,500 g,UNKNOWN,LOCAL,1.95,1.95,1.95,1.0,False,keep,heuristic_default,2.0475,False,original_clean,,,1420,True
373,1,Desconocido,UNKNOWN,15,pan,pan,False,Panadería y repostería,Pan,500 g,UNKNOWN,LOCAL,1.95,1.95,1.95,1.0,False,keep,heuristic_default,2.145,False,original_clean,,,1421,True
374,1,Desconocido,UNKNOWN,15,pan,pan,False,Panadería y repostería,Pan,750 g,UNKNOWN,LOCAL,2.54,2.54,2.54,1.0,False,keep,heuristic_default,2.286,False,original_clean,,,1422,True
374,1,Desconocido,UNKNOWN,15,pan,pan,False,Panadería y repostería,Pan,750 g,UNKNOWN,LOCAL,2.54,2.54,2.54,1.0,False,keep,heuristic_default,2.413,False,original_clean,,,1423,True
374,1,Desconocido,UNKNOWN,15,pan,pan,False,Panadería y repostería,Pan,750 g,UNKNOWN,LOCAL,2.54,2.54,2.54,1.0,False,keep,heuristic_default,2.667,False,original_clean,,,1424,True
374,1,Desconocido,UNKNOWN,15,pan,pan,False,Panadería y repostería,Pan,750 g,UNKNOWN,LOCAL,2.54,2.54,2.54,1.0,False,keep,heuristic_default,2.794,False,original_clean,,,1425,True
375,1,Desconocido,UNKNOWN,15,pan,pan,False,Panadería y repostería,Pan,740 g,UNKNOWN,LOCAL,2.19,2.19,2.19,1.0,False,keep,heuristic_default,1.971,False,original_clean,,,1426,True
375,1,Desconocido,UNKNOWN,15,pan,pan,False,Panadería y repostería,Pan,740 g,UNKNOWN,LOCAL,2.19,2.19,2.19,1.0,False,keep,heuristic_default,2.0805,False,original_clean,,,1427,True
375,1,Desconocido,UNKNOWN,15,pan,pan,False,Panadería y repostería,Pan,740 g,UNKNOWN,LOCAL,2.19,2.19,2.19,1.0,False,keep,heuristic_default,2.2995,False,original_clean,,,1428,True
375,1,Desconocido,UNKNOWN,15,pan,pan,False,Panadería y repostería,Pan,740 g,UNKNOWN,LOCAL,2.19,2.19,2.19,1.0,False,keep,heuristic_default,2.409,False,original_clean,,,1429,True
377,1,Desconocido,UNKNOWN,15,pan,pan,False,Panadería y repostería,Pan,,UNKNOWN,LOCAL,1.76,1.76,1.76,1.0,False,keep,heuristic_default,1.584,False,original_clean,,,1430,True
377,1,Desconocido,UNKNOWN,15,pan,pan,False,Panadería y repostería,Pan,,UNKNOWN,LOCAL,1.76,1.76,1.76,1.0,False,keep,heuristic_default,1.672,False,original_clean,,,1431,True
377,1,Desconocido,UNKNOWN,15,pan,pan,False,Panadería y repostería,Pan,,UNKNOWN,LOCAL,1.76,1.76,1.76,1.0,False,keep,heuristic_default,1.848,False,original_clean,,,1432,True
377,1,Desconocido,UNKNOWN,15,pan,pan,False,Panadería y repostería,Pan,,UNKNOWN,LOCAL,1.76,1.76,1.76,1.0,False,keep,heuristic_default,1.936,False,original_clean,,,1433,True
385,1,Desconocido,UNKNOWN,18,huevo,huevo,False,Pasta spaghetti n°5 al huevo,400 g,400 g,UNKNOWN,LOCAL,1.22,1.22,1.22,1.0,False,keep_imputed,heuristic_default,1.098,False,original_clean,,,1434,True
385,1,Desconocido,UNKNOWN,18,huevo,huevo,False,Pasta spaghetti n°5 al huevo,400 g,400 g,UNKNOWN,LOCAL,1.22,1.22,1.22,1.0,False,keep_imputed,heuristic_default,1.159,False,original_clean,,,1435,True
385,1,Desconocido,UNKNOWN,18,huevo,huevo,False,Pasta spaghetti n°5 al huevo,400 g,400 g,UNKNOWN,LOCAL,1.22,1.22,1.22,1.0,False,keep_imputed,heuristic_default,1.281,False,original_clean,,,1436,True
385,1,Desconocido,UNKNOWN,18,huevo,huevo,False,Pasta spaghetti n°5 al huevo,400 g,400 g,UNKNOWN,LOCAL,1.22,1.22,1.22,1.0,False,keep_imputed,heuristic_default,1.342,False,original_clean,,,1437,True
387,3,Desconocido,BR,29,pasta seca,sin_categoria,True,Pratos Prontos e Massas Frescas,Massas Frescas,500g,BR,LOCAL,10.79,1.9805,1.9805,5.448,False,keep_imputed,no_category_detected,1.7824,False,original_clean,,,1438,True
387,3,Desconocido,BR,29,pasta seca,sin_categoria,True,Pratos Prontos e Massas Frescas,Massas Frescas,500g,BR,LOCAL,10.79,1.9805,1.9805,5.448,False,keep_imputed,no_category_detected,1.8815,False,original_clean,,,1439,True
387,3,Desconocido,BR,29,pasta seca,sin_categoria,True,Pratos Prontos e Massas Frescas,Massas Frescas,500g,BR,LOCAL,10.79,1.9805,1.9805,5.448,False,keep_imputed,no_category_detected,2.0795,False,original_clean,,,1440,True
387,3,Desconocido,BR,29,pasta seca,sin_categoria,True,Pratos Prontos e Massas Frescas,Massas Frescas,500g,BR,LOCAL,10.79,1.9805,1.9805,5.448,False,keep_imputed,no_category_detected,2.1785,False,original_clean,,,1441,True
388,3,Desconocido,BR,29,pasta seca,sin_categoria,True,Preços no Site e App podem ser diferentes das Lojas Físicas.,Shipping,500 G,BR,LOCAL,15.99,2.935,2.935,5.448,False,keep_imputed,no_category_detected,2.6415,False,original_clean,,,1442,True
388,3,Desconocido,BR,29,pasta seca,sin_categoria,True,Preços no Site e App podem ser diferentes das Lojas Físicas.,Shipping,500 G,BR,LOCAL,15.99,2.935,2.935,5.448,False,keep_imputed,no_category_detected,2.7883,False,original_clean,,,1443,True
388,3,Desconocido,BR,29,pasta seca,sin_categoria,True,Preços no Site e App podem ser diferentes das Lojas Físicas.,Shipping,500 G,BR,LOCAL,15.99,2.935,2.935,5.448,False,keep_imputed,no_category_detected,3.0817,False,original_clean,,,1444,True
388,3,Desconocido,BR,29,pasta seca,sin_categoria,True,Preços no Site e App podem ser diferentes das Lojas Físicas.,Shipping,500 G,BR,LOCAL,15.99,2.935,2.935,5.448,False,keep_imputed,no_category_detected,3.2285,False,original_clean,,,1445,True
389,3,Desconocido,BR,23,cerveza,sin_categoria,True,Preços no Site e App podem ser diferentes das Lojas Físicas.,Shipping,255 Ml,BR,LOCAL,29.99,5.5048,5.5048,5.448,False,keep_imputed,no_category_detected,4.9543,False,original_clean,,,1446,True
389,3,Desconocido,BR,23,cerveza,sin_categoria,True,Preços no Site e App podem ser diferentes das Lojas Físicas.,Shipping,255 Ml,BR,LOCAL,29.99,5.5048,5.5048,5.448,False,keep_imputed,no_category_detected,5.2296,False,original_clean,,,1447,True
389,3,Desconocido,BR,23,cerveza,sin_categoria,True,Preços no Site e App podem ser diferentes das Lojas Físicas.,Shipping,255 Ml,BR,LOCAL,29.99,5.5048,5.5048,5.448,False,keep_imputed,no_category_detected,5.78,False,original_clean,,,1448,True
389,3,Desconocido,BR,23,cerveza,sin_categoria,True,Preços no Site e App podem ser diferentes das Lojas Físicas.,Shipping,255 Ml,BR,LOCAL,29.99,5.5048,5.5048,5.448,False,keep_imputed,no_category_detected,6.0553,False,original_clean,,,1449,True
390,3,Desconocido,BR,23,cerveza,sin_categoria,True,Preços no Site e App podem ser diferentes das Lojas Físicas.,Shipping,600 Ml,BR,LOCAL,24.99,4.587,4.587,5.448,False,keep_imputed,no_category_detected,4.1283,False,original_clean,,,1450,True
390,3,Desconocido,BR,23,cerveza,sin_categoria,True,Preços no Site e App podem ser diferentes das Lojas Físicas.,Shipping,600 Ml,BR,LOCAL,24.99,4.587,4.587,5.448,False,keep_imputed,no_category_detected,4.3576,False,original_clean,,,1451,True
390,3,Desconocido,BR,23,cerveza,sin_categoria,True,Preços no Site e App podem ser diferentes das Lojas Físicas.,Shipping,600 Ml,BR,LOCAL,24.99,4.587,4.587,5.448,False,keep_imputed,no_category_detected,4.8163,False,original_clean,,,1452,True
390,3,Desconocido,BR,23,cerveza,sin_categoria,True,Preços no Site e App podem ser diferentes das Lojas Físicas.,Shipping,600 Ml,BR,LOCAL,24.99,4.587,4.587,5.448,False,keep_imputed,no_category_detected,5.0457,False,original_clean,,,1453,True
391,3,Desconocido,BR,23,cerveza,sin_categoria,True,Preços no Site e App podem ser diferentes das Lojas Físicas.,Shipping,350 Ml,BR,LOCAL,24.99,4.587,4.587,5.448,False,keep_imputed,no_category_detected,4.1283,False,original_clean,,,1454,True
391,3,Desconocido,BR,23,cerveza,sin_categoria,True,Preços no Site e App podem ser diferentes das Lojas Físicas.,Shipping,350 Ml,BR,LOCAL,24.99,4.587,4.587,5.448,False,keep_imputed,no_category_detected,4.3576,False,original_clean,,,1455,True
391,3,Desconocido,BR,23,cerveza,sin_categoria,True,Preços no Site e App podem ser diferentes das Lojas Físicas.,Shipping,350 Ml,BR,LOCAL,24.99,4.587,4.587,5.448,False,keep_imputed,no_category_detected,4.8163,False,original_clean,,,1456,True
391,3,Desconocido,BR,23,cerveza,sin_categoria,True,Preços no Site e App podem ser diferentes das Lojas Físicas.,Shipping,350 Ml,BR,LOCAL,24.99,4.587,4.587,5.448,False,keep_imputed,no_category_detected,5.0457,False,original_clean,,,1457,True
392,3,Desconocido,BR,29,pasta seca,sin_categoria,True,Preços no Site e App podem ser diferentes das Lojas Físicas.,Shipping,1kg,BR,LOCAL,15.99,2.935,2.935,5.448,False,keep_imputed,no_category_detected,2.6415,False,original_clean,,,1458,True
392,3,Desconocido,BR,29,pasta seca,sin_categoria,True,Preços no Site e App podem ser diferentes das Lojas Físicas.,Shipping,1kg,BR,LOCAL,15.99,2.935,2.935,5.448,False,keep_imputed,no_category_detected,2.7883,False,original_clean,,,1459,True
392,3,Desconocido,BR,29,pasta seca,sin_categoria,True,Preços no Site e App podem ser diferentes das Lojas Físicas.,Shipping,1kg,BR,LOCAL,15.99,2.935,2.935,5.448,False,keep_imputed,no_category_detected,3.0817,False,original_clean,,,1460,True
392,3,Desconocido,BR,29,pasta seca,sin_categoria,True,Preços no Site e App podem ser diferentes das Lojas Físicas.,Shipping,1kg,BR,LOCAL,15.99,2.935,2.935,5.448,False,keep_imputed,no_category_detected,3.2285,False,original_clean,,,1461,True
397,1,Desconocido,UNKNOWN,1,azucar,sin_categoria,True,Queso Semiduro,Danbo,1kg,UNKNOWN,LOCAL,1.0,1.0,1.0,1.0,False,keep_imputed,no_category_detected,0.9,False,original_clean,,,1462,True
397,1,Desconocido,UNKNOWN,1,azucar,sin_categoria,True,Queso Semiduro,Danbo,1kg,UNKNOWN,LOCAL,1.0,1.0,1.0,1.0,False,keep_imputed,no_category_detected,0.95,False,original_clean,,,1463,True
397,1,Desconocido,UNKNOWN,1,azucar,sin_categoria,True,Queso Semiduro,Danbo,1kg,UNKNOWN,LOCAL,1.0,1.0,1.0,1.0,False,keep_imputed,no_category_detected,1.05,False,original_clean,,,1464,True
397,1,Desconocido,UNKNOWN,1,azucar,sin_categoria,True,Queso Semiduro,Danbo,1kg,UNKNOWN,LOCAL,1.0,1.0,1.0,1.0,False,keep_imputed,no_category_detected,1.1,False,original_clean,,,1465,True
401,3,Desconocido,BR,6,papa,sin_categoria,True,Refrigerante Coca-Cola Garrafa 2 L,"R$ 10,99",2 L,BR,LOCAL,10.99,2.0173,2.0173,5.448,False,keep_imputed,no_category_detected,1.8156,False,original_clean,,,1466,True
401,3,Desconocido,BR,6,papa,sin_categoria,True,Refrigerante Coca-Cola Garrafa 2 L,"R$ 10,99",2 L,BR,LOCAL,10.99,2.0173,2.0173,5.448,False,keep_imputed,no_category_detected,1.9164,False,original_clean,,,1467,True
401,3,Desconocido,BR,6,papa,sin_categoria,True,Refrigerante Coca-Cola Garrafa 2 L,"R$ 10,99",2 L,BR,LOCAL,10.99,2.0173,2.0173,5.448,False,keep_imputed,no_category_detected,2.1182,False,original_clean,,,1468,True
401,3,Desconocido,BR,6,papa,sin_categoria,True,Refrigerante Coca-Cola Garrafa 2 L,"R$ 10,99",2 L,BR,LOCAL,10.99,2.0173,2.0173,5.448,False,keep_imputed,no_category_detected,2.219,False,original_clean,,,1469,True
402,3,Desconocido,BR,6,papa,sin_categoria,True,Refrigerante Coca-Cola Garrafa 2 L,"R$ 11,49",2 L,BR,LOCAL,11.49,2.109,2.109,5.448,False,keep_imputed,no_category_detected,1.8981,False,original_clean,,,1470,True
402,3,Desconocido,BR,6,papa,sin_categoria,True,Refrigerante Coca-Cola Garrafa 2 L,"R$ 11,49",2 L,BR,LOCAL,11.49,2.109,2.109,5.448,False,keep_imputed,no_category_detected,2.0035,False,original_clean,,,1471,True
402,3,Desconocido,BR,6,papa,sin_categoria,True,Refrigerante Coca-Cola Garrafa 2 L,"R$ 11,49",2 L,BR,LOCAL,11.49,2.109,2.109,5.448,False,keep_imputed,no_category_detected,2.2145,False,original_clean,,,1472,True
402,3,Desconocido,BR,6,papa,sin_categoria,True,Refrigerante Coca-Cola Garrafa 2 L,"R$ 11,49",2 L,BR,LOCAL,11.49,2.109,2.109,5.448,False,keep_imputed,no_category_detected,2.3199,False,original_clean,,,1473,True
404,1,Desconocido,UNKNOWN,15,pan,pan,False,Resultados de búsqueda para: 'pan molde ta riko 450 g n 259628000',Ver como,450 g,UNKNOWN,LOCAL,1.45,1.45,1.45,1.0,False,keep,heuristic_default,1.305,False,original_clean,,,1474,True
404,1,Desconocido,UNKNOWN,15,pan,pan,False,Resultados de búsqueda para: 'pan molde ta riko 450 g n 259628000',Ver como,450 g,UNKNOWN,LOCAL,1.45,1.45,1.45,1.0,False,keep,heuristic_default,1.3775,False,original_clean,,,1475,True
404,1,Desconocido,UNKNOWN,15,pan,pan,False,Resultados de búsqueda para: 'pan molde ta riko 450 g n 259628000',Ver como,450 g,UNKNOWN,LOCAL,1.45,1.45,1.45,1.0,False,keep,heuristic_default,1.5225,False,original_clean,,,1476,True
404,1,Desconocido,UNKNOWN,15,pan,pan,False,Resultados de búsqueda para: 'pan molde ta riko 450 g n 259628000',Ver como,450 g,UNKNOWN,LOCAL,1.45,1.45,1.45,1.0,False,keep,heuristic_default,1.595,False,original_clean,,,1477,True
406,1,Desconocido,UNKNOWN,14,cafe,cafe,False,Saltar menú Cenco,Monterrey,230 g,UNKNOWN,LOCAL,5.59,5.59,5.59,1.0,False,keep,heuristic_default,5.031,False,original_clean,,,1478,True
406,1,Desconocido,UNKNOWN,14,cafe,cafe,False,Saltar menú Cenco,Monterrey,230 g,UNKNOWN,LOCAL,5.59,5.59,5.59,1.0,False,keep,heuristic_default,5.3105,False,original_clean,,,1479,True
406,1,Desconocido,UNKNOWN,14,cafe,cafe,False,Saltar menú Cenco,Monterrey,230 g,UNKNOWN,LOCAL,5.59,5.59,5.59,1.0,False,keep,heuristic_default,5.8695,False,original_clean,,,1480,True
406,1,Desconocido,UNKNOWN,14,cafe,cafe,False,Saltar menú Cenco,Monterrey,230 g,UNKNOWN,LOCAL,5.59,5.59,5.59,1.0,False,keep,heuristic_default,6.149,False,original_clean,,,1481,True
407,1,Desconocido,UNKNOWN,14,cafe,cafe,False,Saltar menú Cenco,Exclusivo online,100 g,UNKNOWN,LOCAL,6.89,6.89,6.89,1.0,False,keep,heuristic_default,6.201,False,original_clean,,,1482,True
407,1,Desconocido,UNKNOWN,14,cafe,cafe,False,Saltar menú Cenco,Exclusivo online,100 g,UNKNOWN,LOCAL,6.89,6.89,6.89,1.0,False,keep,heuristic_default,6.5455,False,original_clean,,,1483,True
407,1,Desconocido,UNKNOWN,14,cafe,cafe,False,Saltar menú Cenco,Exclusivo online,100 g,UNKNOWN,LOCAL,6.89,6.89,6.89,1.0,False,keep,heuristic_default,7.2345,False,original_clean,,,1484,True
407,1,Desconocido,UNKNOWN,14,cafe,cafe,False,Saltar menú Cenco,Exclusivo online,100 g,UNKNOWN,LOCAL,6.89,6.89,6.89,1.0,False,keep,heuristic_default,7.579,False,original_clean,,,1485,True
408,1,Desconocido,UNKNOWN,14,cafe,cafe,False,Saltar menú Cenco,Cruzeiro,250 g,UNKNOWN,LOCAL,5.95,5.95,5.95,1.0,False,keep,heuristic_default,5.355,False,original_clean,,,1486,True
408,1,Desconocido,UNKNOWN,14,cafe,cafe,False,Saltar menú Cenco,Cruzeiro,250 g,UNKNOWN,LOCAL,5.95,5.95,5.95,1.0,False,keep,heuristic_default,5.6525,False,original_clean,,,1487,True
408,1,Desconocido,UNKNOWN,14,cafe,cafe,False,Saltar menú Cenco,Cruzeiro,250 g,UNKNOWN,LOCAL,5.95,5.95,5.95,1.0,False,keep,heuristic_default,6.2475,False,original_clean,,,1488,True
408,1,Desconocido,UNKNOWN,14,cafe,cafe,False,Saltar menú Cenco,Cruzeiro,250 g,UNKNOWN,LOCAL,5.95,5.95,5.95,1.0,False,keep,heuristic_default,6.545,False,original_clean,,,1489,True
410,1,Desconocido,UNKNOWN,16,papa,papa,False,Saltar menú Cenco,Huertos del Ranco,1 kg,UNKNOWN,LOCAL,2.59,2.59,2.59,1.0,False,keep,heuristic_default,2.331,False,original_clean,,,1490,True
410,1,Desconocido,UNKNOWN,16,papa,papa,False,Saltar menú Cenco,Huertos del Ranco,1 kg,UNKNOWN,LOCAL,2.59,2.59,2.59,1.0,False,keep,heuristic_default,2.4605,False,original_clean,,,1491,True
410,1,Desconocido,UNKNOWN,16,papa,papa,False,Saltar menú Cenco,Huertos del Ranco,1 kg,UNKNOWN,LOCAL,2.59,2.59,2.59,1.0,False,keep,heuristic_default,2.7195,False,original_clean,,,1492,True
410,1,Desconocido,UNKNOWN,16,papa,papa,False,Saltar menú Cenco,Huertos del Ranco,1 kg,UNKNOWN,LOCAL,2.59,2.59,2.59,1.0,False,keep,heuristic_default,2.849,False,original_clean,,,1493,True
412,1,Desconocido,UNKNOWN,15,pan,pan,False,Saltar menú Cenco,Oferta,750 g,UNKNOWN,LOCAL,2.39,2.39,2.39,1.0,False,keep,heuristic_default,2.151,False,original_clean,,,1494,True
412,1,Desconocido,UNKNOWN,15,pan,pan,False,Saltar menú Cenco,Oferta,750 g,UNKNOWN,LOCAL,2.39,2.39,2.39,1.0,False,keep,heuristic_default,2.2705,False,original_clean,,,1495,True
412,1,Desconocido,UNKNOWN,15,pan,pan,False,Saltar menú Cenco,Oferta,750 g,UNKNOWN,LOCAL,2.39,2.39,2.39,1.0,False,keep,heuristic_default,2.5095,False,original_clean,,,1496,True
412,1,Desconocido,UNKNOWN,15,pan,pan,False,Saltar menú Cenco,Oferta,750 g,UNKNOWN,LOCAL,2.39,2.39,2.39,1.0,False,keep,heuristic_default,2.629,False,original_clean,,,1497,True
413,1,Desconocido,UNKNOWN,15,pan,pan,False,Saltar menú Cenco,Oferta,600 g,UNKNOWN,LOCAL,2.49,2.49,2.49,1.0,False,keep,heuristic_default,2.241,False,original_clean,,,1498,True
413,1,Desconocido,UNKNOWN,15,pan,pan,False,Saltar menú Cenco,Oferta,600 g,UNKNOWN,LOCAL,2.49,2.49,2.49,1.0,False,keep,heuristic_default,2.3655,False,original_clean,,,1499,True
413,1,Desconocido,UNKNOWN,15,pan,pan,False,Saltar menú Cenco,Oferta,600 g,UNKNOWN,LOCAL,2.49,2.49,2.49,1.0,False,keep,heuristic_default,2.6145,False,original_clean,,,1500,True
413,1,Desconocido,UNKNOWN,15,pan,pan,False,Saltar menú Cenco,Oferta,600 g,UNKNOWN,LOCAL,2.49,2.49,2.49,1.0,False,keep,heuristic_default,2.739,False,original_clean,,,1501,True
414,1,Desconocido,UNKNOWN,15,pan,pan,False,Saltar menú Cenco,Castaño,770 g,UNKNOWN,LOCAL,2.99,2.99,2.99,1.0,False,keep,heuristic_default,2.691,False,original_clean,,,1502,True
414,1,Desconocido,UNKNOWN,15,pan,pan,False,Saltar menú Cenco,Castaño,770 g,UNKNOWN,LOCAL,2.99,2.99,2.99,1.0,False,keep,heuristic_default,2.8405,False,original_clean,,,1503,True
414,1,Desconocido,UNKNOWN,15,pan,pan,False,Saltar menú Cenco,Castaño,770 g,UNKNOWN,LOCAL,2.99,2.99,2.99,1.0,False,keep,heuristic_default,3.1395,False,original_clean,,,1504,True
414,1,Desconocido,UNKNOWN,15,pan,pan,False,Saltar menú Cenco,Castaño,770 g,UNKNOWN,LOCAL,2.99,2.99,2.99,1.0,False,keep,heuristic_default,3.289,False,original_clean,,,1505,True
416,1,Desconocido,UNKNOWN,18,huevo,huevo,False,Saltar menú Cenco,Cintazul,12 unidades,UNKNOWN,LOCAL,4.19,4.19,4.19,1.0,False,keep_imputed,heuristic_default,3.771,False,original_clean,,,1506,True
416,1,Desconocido,UNKNOWN,18,huevo,huevo,False,Saltar menú Cenco,Cintazul,12 unidades,UNKNOWN,LOCAL,4.19,4.19,4.19,1.0,False,keep_imputed,heuristic_default,3.9805,False,original_clean,,,1507,True
416,1,Desconocido,UNKNOWN,18,huevo,huevo,False,Saltar menú Cenco,Cintazul,12 unidades,UNKNOWN,LOCAL,4.19,4.19,4.19,1.0,False,keep_imputed,heuristic_default,4.3995,False,original_clean,,,1508,True
416,1,Desconocido,UNKNOWN,18,huevo,huevo,False,Saltar menú Cenco,Cintazul,12 unidades,UNKNOWN,LOCAL,4.19,4.19,4.19,1.0,False,keep_imputed,heuristic_default,4.609,False,original_clean,,,1509,True
417,1,Desconocido,UNKNOWN,18,huevo,huevo,False,Saltar menú Cenco,Coliumo,,UNKNOWN,LOCAL,3.99,3.99,3.99,1.0,False,keep_imputed,heuristic_default,3.591,False,original_clean,,,1510,True
417,1,Desconocido,UNKNOWN,18,huevo,huevo,False,Saltar menú Cenco,Coliumo,,UNKNOWN,LOCAL,3.99,3.99,3.99,1.0,False,keep_imputed,heuristic_default,3.7905,False,original_clean,,,1511,True
417,1,Desconocido,UNKNOWN,18,huevo,huevo,False,Saltar menú Cenco,Coliumo,,UNKNOWN,LOCAL,3.99,3.99,3.99,1.0,False,keep_imputed,heuristic_default,4.1895,False,original_clean,,,1512,True
417,1,Desconocido,UNKNOWN,18,huevo,huevo,False,Saltar menú Cenco,Coliumo,,UNKNOWN,LOCAL,3.99,3.99,3.99,1.0,False,keep_imputed,heuristic_default,4.389,False,original_clean,,,1513,True
418,1,Desconocido,UNKNOWN,18,huevo,huevo,False,Saltar menú Cenco,Ecoterra,,UNKNOWN,LOCAL,5.89,5.89,5.89,1.0,False,keep_imputed,heuristic_default,5.301,False,original_clean,,,1514,True
418,1,Desconocido,UNKNOWN,18,huevo,huevo,False,Saltar menú Cenco,Ecoterra,,UNKNOWN,LOCAL,5.89,5.89,5.89,1.0,False,keep_imputed,heuristic_default,5.5955,False,original_clean,,,1515,True
418,1,Desconocido,UNKNOWN,18,huevo,huevo,False,Saltar menú Cenco,Ecoterra,,UNKNOWN,LOCAL,5.89,5.89,5.89,1.0,False,keep_imputed,heuristic_default,6.1845,False,original_clean,,,1516,True
418,1,Desconocido,UNKNOWN,18,huevo,huevo,False,Saltar menú Cenco,Ecoterra,,UNKNOWN,LOCAL,5.89,5.89,5.89,1.0,False,keep_imputed,heuristic_default,6.479,False,original_clean,,,1517,True
419,1,Desconocido,UNKNOWN,16,papa,papa,False,Saltar menú Cenco,Ariztía,480 g,UNKNOWN,LOCAL,8.78,8.78,8.78,1.0,False,keep,heuristic_default,7.902,False,original_clean,,,1518,True
419,1,Desconocido,UNKNOWN,16,papa,papa,False,Saltar menú Cenco,Ariztía,480 g,UNKNOWN,LOCAL,8.78,8.78,8.78,1.0,False,keep,heuristic_default,8.341,False,original_clean,,,1519,True
419,1,Desconocido,UNKNOWN,16,papa,papa,False,Saltar menú Cenco,Ariztía,480 g,UNKNOWN,LOCAL,8.78,8.78,8.78,1.0,False,keep,heuristic_default,9.219,False,original_clean,,,1520,True
419,1,Desconocido,UNKNOWN,16,papa,papa,False,Saltar menú Cenco,Ariztía,480 g,UNKNOWN,LOCAL,8.78,8.78,8.78,1.0,False,keep,heuristic_default,9.658,False,original_clean,,,1521,True
420,1,Desconocido,UNKNOWN,32,pollo entero,pollo entero,False,Saltar menú Cenco,Agotado,2.3 kg,UNKNOWN,LOCAL,8.78,8.78,8.78,1.0,False,keep,heuristic_default,7.902,False,original_clean,,,1522,True
420,1,Desconocido,UNKNOWN,32,pollo entero,pollo entero,False,Saltar menú Cenco,Agotado,2.3 kg,UNKNOWN,LOCAL,8.78,8.78,8.78,1.0,False,keep,heuristic_default,8.341,False,original_clean,,,1523,True
420,1,Desconocido,UNKNOWN,32,pollo entero,pollo entero,False,Saltar menú Cenco,Agotado,2.3 kg,UNKNOWN,LOCAL,8.78,8.78,8.78,1.0,False,keep,heuristic_default,9.219,False,original_clean,,,1524,True
420,1,Desconocido,UNKNOWN,32,pollo entero,pollo entero,False,Saltar menú Cenco,Agotado,2.3 kg,UNKNOWN,LOCAL,8.78,8.78,8.78,1.0,False,keep,heuristic_default,9.658,False,original_clean,,,1525,True
421,1,Desconocido,UNKNOWN,16,papa,papa,False,Saltar menú Cenco,Agotado,380 g,UNKNOWN,LOCAL,5.75,5.75,5.75,1.0,False,keep,heuristic_default,5.175,False,original_clean,,,1526,True
421,1,Desconocido,UNKNOWN,16,papa,papa,False,Saltar menú Cenco,Agotado,380 g,UNKNOWN,LOCAL,5.75,5.75,5.75,1.0,False,keep,heuristic_default,5.4625,False,original_clean,,,1527,True
421,1,Desconocido,UNKNOWN,16,papa,papa,False,Saltar menú Cenco,Agotado,380 g,UNKNOWN,LOCAL,5.75,5.75,5.75,1.0,False,keep,heuristic_default,6.0375,False,original_clean,,,1528,True
421,1,Desconocido,UNKNOWN,16,papa,papa,False,Saltar menú Cenco,Agotado,380 g,UNKNOWN,LOCAL,5.75,5.75,5.75,1.0,False,keep,heuristic_default,6.325,False,original_clean,,,1529,True
422,1,Desconocido,UNKNOWN,16,papa,papa,False,Saltar menú Cenco,Canto del Gallo,550 g,UNKNOWN,LOCAL,8.98,8.98,8.98,1.0,False,keep,heuristic_default,8.082,False,original_clean,,,1530,True
422,1,Desconocido,UNKNOWN,16,papa,papa,False,Saltar menú Cenco,Canto del Gallo,550 g,UNKNOWN,LOCAL,8.98,8.98,8.98,1.0,False,keep,heuristic_default,8.531,False,original_clean,,,1531,True
422,1,Desconocido,UNKNOWN,16,papa,papa,False,Saltar menú Cenco,Canto del Gallo,550 g,UNKNOWN,LOCAL,8.98,8.98,8.98,1.0,False,keep,heuristic_default,9.429,False,original_clean,,,1532,True
422,1,Desconocido,UNKNOWN,16,papa,papa,False,Saltar menú Cenco,Canto del Gallo,550 g,UNKNOWN,LOCAL,8.98,8.98,8.98,1.0,False,keep,heuristic_default,9.878,False,original_clean,,,1533,True
423,1,Desconocido,UNKNOWN,17,leche,leche,False,Saltar menú Cenco,Cuisine & Co,1 L,UNKNOWN,LOCAL,1.11,1.11,1.11,1.0,False,keep,heuristic_default,0.999,False,original_clean,,,1534,True
423,1,Desconocido,UNKNOWN,17,leche,leche,False,Saltar menú Cenco,Cuisine & Co,1 L,UNKNOWN,LOCAL,1.11,1.11,1.11,1.0,False,keep,heuristic_default,1.0545,False,original_clean,,,1535,True
423,1,Desconocido,UNKNOWN,17,leche,leche,False,Saltar menú Cenco,Cuisine & Co,1 L,UNKNOWN,LOCAL,1.11,1.11,1.11,1.0,False,keep,heuristic_default,1.1655,False,original_clean,,,1536,True
423,1,Desconocido,UNKNOWN,17,leche,leche,False,Saltar menú Cenco,Cuisine & Co,1 L,UNKNOWN,LOCAL,1.11,1.11,1.11,1.0,False,keep,heuristic_default,1.221,False,original_clean,,,1537,True
424,1,Desconocido,UNKNOWN,31,banano,banano,False,Saltar menú Cenco,Frutas y Verduras Propias,1 kg,UNKNOWN,LOCAL,1.29,1.29,1.29,1.0,False,keep,heuristic_default,1.161,False,original_clean,,,1538,True
424,1,Desconocido,UNKNOWN,31,banano,banano,False,Saltar menú Cenco,Frutas y Verduras Propias,1 kg,UNKNOWN,LOCAL,1.29,1.29,1.29,1.0,False,keep,heuristic_default,1.2255,False,original_clean,,,1539,True
424,1,Desconocido,UNKNOWN,31,banano,banano,False,Saltar menú Cenco,Frutas y Verduras Propias,1 kg,UNKNOWN,LOCAL,1.29,1.29,1.29,1.0,False,keep,heuristic_default,1.3545,False,original_clean,,,1540,True
424,1,Desconocido,UNKNOWN,31,banano,banano,False,Saltar menú Cenco,Frutas y Verduras Propias,1 kg,UNKNOWN,LOCAL,1.29,1.29,1.29,1.0,False,keep,heuristic_default,1.419,False,original_clean,,,1541,True
426,6,Desconocido,PE,8,huevo,sin_categoria,True,Seja Bem Vindo à Plaza Vea,Abarrotes,10Kg,PE,LOCAL,43.0,12.1127,12.1127,3.55,False,keep_imputed,no_category_detected,10.9014,False,original_clean,,,1542,True
426,6,Desconocido,PE,8,huevo,sin_categoria,True,Seja Bem Vindo à Plaza Vea,Abarrotes,10Kg,PE,LOCAL,43.0,12.1127,12.1127,3.55,False,keep_imputed,no_category_detected,11.5071,False,original_clean,,,1543,True
426,6,Desconocido,PE,8,huevo,sin_categoria,True,Seja Bem Vindo à Plaza Vea,Abarrotes,10Kg,PE,LOCAL,43.0,12.1127,12.1127,3.55,False,keep_imputed,no_category_detected,12.7183,False,original_clean,,,1544,True
426,6,Desconocido,PE,8,huevo,sin_categoria,True,Seja Bem Vindo à Plaza Vea,Abarrotes,10Kg,PE,LOCAL,43.0,12.1127,12.1127,3.55,False,keep_imputed,no_category_detected,13.324,False,original_clean,,,1545,True
427,6,Desconocido,PE,8,huevo,sin_categoria,True,Seja Bem Vindo à Plaza Vea,Abarrotes,5Kg,PE,LOCAL,21.0,5.9155,5.9155,3.55,False,keep_imputed,no_category_detected,5.3239,False,original_clean,,,1546,True
427,6,Desconocido,PE,8,huevo,sin_categoria,True,Seja Bem Vindo à Plaza Vea,Abarrotes,5Kg,PE,LOCAL,21.0,5.9155,5.9155,3.55,False,keep_imputed,no_category_detected,5.6197,False,original_clean,,,1547,True
427,6,Desconocido,PE,8,huevo,sin_categoria,True,Seja Bem Vindo à Plaza Vea,Abarrotes,5Kg,PE,LOCAL,21.0,5.9155,5.9155,3.55,False,keep_imputed,no_category_detected,6.2113,False,original_clean,,,1548,True
427,6,Desconocido,PE,8,huevo,sin_categoria,True,Seja Bem Vindo à Plaza Vea,Abarrotes,5Kg,PE,LOCAL,21.0,5.9155,5.9155,3.55,False,keep_imputed,no_category_detected,6.5071,False,original_clean,,,1549,True
430,6,Desconocido,PE,8,huevo,sin_categoria,True,Seja Bem Vindo à Plaza Vea,"Carnes, Aves y Pescados",1.5Kg,PE,LOCAL,14.0,3.9437,3.9437,3.55,False,keep_imputed,no_category_detected,3.5493,False,original_clean,,,1550,True
430,6,Desconocido,PE,8,huevo,sin_categoria,True,Seja Bem Vindo à Plaza Vea,"Carnes, Aves y Pescados",1.5Kg,PE,LOCAL,14.0,3.9437,3.9437,3.55,False,keep_imputed,no_category_detected,3.7465,False,original_clean,,,1551,True
430,6,Desconocido,PE,8,huevo,sin_categoria,True,Seja Bem Vindo à Plaza Vea,"Carnes, Aves y Pescados",1.5Kg,PE,LOCAL,14.0,3.9437,3.9437,3.55,False,keep_imputed,no_category_detected,4.1409,False,original_clean,,,1552,True
430,6,Desconocido,PE,8,huevo,sin_categoria,True,Seja Bem Vindo à Plaza Vea,"Carnes, Aves y Pescados",1.5Kg,PE,LOCAL,14.0,3.9437,3.9437,3.55,False,keep_imputed,no_category_detected,4.3381,False,original_clean,,,1553,True
431,6,Desconocido,PE,8,huevo,sin_categoria,True,Seja Bem Vindo à Plaza Vea,"Carnes, Aves y Pescados",1.3Kg,PE,LOCAL,7.0,1.9718,1.9718,3.55,False,keep_imputed,no_category_detected,1.7746,False,original_clean,,,1554,True
431,6,Desconocido,PE,8,huevo,sin_categoria,True,Seja Bem Vindo à Plaza Vea,"Carnes, Aves y Pescados",1.3Kg,PE,LOCAL,7.0,1.9718,1.9718,3.55,False,keep_imputed,no_category_detected,1.8732,False,original_clean,,,1555,True
431,6,Desconocido,PE,8,huevo,sin_categoria,True,Seja Bem Vindo à Plaza Vea,"Carnes, Aves y Pescados",1.3Kg,PE,LOCAL,7.0,1.9718,1.9718,3.55,False,keep_imputed,no_category_detected,2.0704,False,original_clean,,,1556,True
431,6,Desconocido,PE,8,huevo,sin_categoria,True,Seja Bem Vindo à Plaza Vea,"Carnes, Aves y Pescados",1.3Kg,PE,LOCAL,7.0,1.9718,1.9718,3.55,False,keep_imputed,no_category_detected,2.169,False,original_clean,,,1557,True
432,6,Desconocido,PE,8,huevo,sin_categoria,True,Seja Bem Vindo à Plaza Vea,"Carnes, Aves y Pescados",1Kg,PE,LOCAL,12.0,3.3803,3.3803,3.55,False,keep_imputed,no_category_detected,3.0423,False,original_clean,,,1558,True
432,6,Desconocido,PE,8,huevo,sin_categoria,True,Seja Bem Vindo à Plaza Vea,"Carnes, Aves y Pescados",1Kg,PE,LOCAL,12.0,3.3803,3.3803,3.55,False,keep_imputed,no_category_detected,3.2113,False,original_clean,,,1559,True
432,6,Desconocido,PE,8,huevo,sin_categoria,True,Seja Bem Vindo à Plaza Vea,"Carnes, Aves y Pescados",1Kg,PE,LOCAL,12.0,3.3803,3.3803,3.55,False,keep_imputed,no_category_detected,3.5493,False,original_clean,,,1560,True
432,6,Desconocido,PE,8,huevo,sin_categoria,True,Seja Bem Vindo à Plaza Vea,"Carnes, Aves y Pescados",1Kg,PE,LOCAL,12.0,3.3803,3.3803,3.55,False,keep_imputed,no_category_detected,3.7183,False,original_clean,,,1561,True
433,6,Desconocido,PE,2,cafe,sin_categoria,True,Seja Bem Vindo à Plaza Vea,Desayunos,500g,PE,LOCAL,58.0,16.338,16.338,3.55,False,keep_imputed,no_category_detected,14.7042,False,original_clean,,,1562,True
433,6,Desconocido,PE,2,cafe,sin_categoria,True,Seja Bem Vindo à Plaza Vea,Desayunos,500g,PE,LOCAL,58.0,16.338,16.338,3.55,False,keep_imputed,no_category_detected,15.5211,False,original_clean,,,1563,True
433,6,Desconocido,PE,2,cafe,sin_categoria,True,Seja Bem Vindo à Plaza Vea,Desayunos,500g,PE,LOCAL,58.0,16.338,16.338,3.55,False,keep_imputed,no_category_detected,17.1549,False,original_clean,,,1564,True
433,6,Desconocido,PE,2,cafe,sin_categoria,True,Seja Bem Vindo à Plaza Vea,Desayunos,500g,PE,LOCAL,58.0,16.338,16.338,3.55,False,keep_imputed,no_category_detected,17.9718,False,original_clean,,,1565,True
434,6,Desconocido,PE,2,cafe,sin_categoria,True,Seja Bem Vindo à Plaza Vea,Desayunos,150g,PE,LOCAL,26.0,7.3239,7.3239,3.55,False,keep_imputed,no_category_detected,6.5915,False,original_clean,,,1566,True
434,6,Desconocido,PE,2,cafe,sin_categoria,True,Seja Bem Vindo à Plaza Vea,Desayunos,150g,PE,LOCAL,26.0,7.3239,7.3239,3.55,False,keep_imputed,no_category_detected,6.9577,False,original_clean,,,1567,True
434,6,Desconocido,PE,2,cafe,sin_categoria,True,Seja Bem Vindo à Plaza Vea,Desayunos,150g,PE,LOCAL,26.0,7.3239,7.3239,3.55,False,keep_imputed,no_category_detected,7.6901,False,original_clean,,,1568,True
434,6,Desconocido,PE,2,cafe,sin_categoria,True,Seja Bem Vindo à Plaza Vea,Desayunos,150g,PE,LOCAL,26.0,7.3239,7.3239,3.55,False,keep_imputed,no_category_detected,8.0563,False,original_clean,,,1569,True
435,6,Desconocido,PE,4,aceite vegetal,sin_categoria,True,Seja Bem Vindo à Plaza Vea,Abarrotes,3L,PE,LOCAL,20.0,5.6338,5.6338,3.55,False,keep_imputed,no_category_detected,5.0704,False,original_clean,,,1570,True
435,6,Desconocido,PE,4,aceite vegetal,sin_categoria,True,Seja Bem Vindo à Plaza Vea,Abarrotes,3L,PE,LOCAL,20.0,5.6338,5.6338,3.55,False,keep_imputed,no_category_detected,5.3521,False,original_clean,,,1571,True
435,6,Desconocido,PE,4,aceite vegetal,sin_categoria,True,Seja Bem Vindo à Plaza Vea,Abarrotes,3L,PE,LOCAL,20.0,5.6338,5.6338,3.55,False,keep_imputed,no_category_detected,5.9155,False,original_clean,,,1572,True
435,6,Desconocido,PE,4,aceite vegetal,sin_categoria,True,Seja Bem Vindo à Plaza Vea,Abarrotes,3L,PE,LOCAL,20.0,5.6338,5.6338,3.55,False,keep_imputed,no_category_detected,6.1972,False,original_clean,,,1573,True
436,6,Desconocido,PE,4,aceite vegetal,sin_categoria,True,Seja Bem Vindo à Plaza Vea,Abarrotes,900ml,PE,LOCAL,6.0,1.6901,1.6901,3.55,False,keep_imputed,no_category_detected,1.5211,False,original_clean,,,1574,True
436,6,Desconocido,PE,4,aceite vegetal,sin_categoria,True,Seja Bem Vindo à Plaza Vea,Abarrotes,900ml,PE,LOCAL,6.0,1.6901,1.6901,3.55,False,keep_imputed,no_category_detected,1.6056,False,original_clean,,,1575,True
436,6,Desconocido,PE,4,aceite vegetal,sin_categoria,True,Seja Bem Vindo à Plaza Vea,Abarrotes,900ml,PE,LOCAL,6.0,1.6901,1.6901,3.55,False,keep_imputed,no_category_detected,1.7746,False,original_clean,,,1576,True
436,6,Desconocido,PE,4,aceite vegetal,sin_categoria,True,Seja Bem Vindo à Plaza Vea,Abarrotes,900ml,PE,LOCAL,6.0,1.6901,1.6901,3.55,False,keep_imputed,no_category_detected,1.8591,False,original_clean,,,1577,True
437,6,Desconocido,PE,4,aceite vegetal,sin_categoria,True,Seja Bem Vindo à Plaza Vea,Abarrotes,5L,PE,LOCAL,34.0,9.5775,9.5775,3.55,False,keep_imputed,no_category_detected,8.6198,False,original_clean,,,1578,True
437,6,Desconocido,PE,4,aceite vegetal,sin_categoria,True,Seja Bem Vindo à Plaza Vea,Abarrotes,5L,PE,LOCAL,34.0,9.5775,9.5775,3.55,False,keep_imputed,no_category_detected,9.0986,False,original_clean,,,1579,True
437,6,Desconocido,PE,4,aceite vegetal,sin_categoria,True,Seja Bem Vindo à Plaza Vea,Abarrotes,5L,PE,LOCAL,34.0,9.5775,9.5775,3.55,False,keep_imputed,no_category_detected,10.0564,False,original_clean,,,1580,True
437,6,Desconocido,PE,4,aceite vegetal,sin_categoria,True,Seja Bem Vindo à Plaza Vea,Abarrotes,5L,PE,LOCAL,34.0,9.5775,9.5775,3.55,False,keep_imputed,no_category_detected,10.5353,False,original_clean,,,1581,True
438,6,Desconocido,PE,17,leche,leche,False,Seja Bem Vindo à Plaza Vea,Makro,1L,PE,LOCAL,16.92,4.7662,4.7662,3.55,False,keep,heuristic_default,4.2896,False,original_clean,,,1582,True
438,6,Desconocido,PE,17,leche,leche,False,Seja Bem Vindo à Plaza Vea,Makro,1L,PE,LOCAL,16.92,4.7662,4.7662,3.55,False,keep,heuristic_default,4.5279,False,original_clean,,,1583,True
438,6,Desconocido,PE,17,leche,leche,False,Seja Bem Vindo à Plaza Vea,Makro,1L,PE,LOCAL,16.92,4.7662,4.7662,3.55,False,keep,heuristic_default,5.0045,False,original_clean,,,1584,True
438,6,Desconocido,PE,17,leche,leche,False,Seja Bem Vindo à Plaza Vea,Makro,1L,PE,LOCAL,16.92,4.7662,4.7662,3.55,False,keep,heuristic_default,5.2428,False,original_clean,,,1585,True
439,6,Desconocido,PE,18,huevo,huevo,False,Seja Bem Vindo à Plaza Vea,Lácteos y Huevos,800ml,PE,LOCAL,4.0,1.1268,1.1268,3.55,False,keep_imputed,heuristic_default,1.0141,False,original_clean,,,1586,True
439,6,Desconocido,PE,18,huevo,huevo,False,Seja Bem Vindo à Plaza Vea,Lácteos y Huevos,800ml,PE,LOCAL,4.0,1.1268,1.1268,3.55,False,keep_imputed,heuristic_default,1.0705,False,original_clean,,,1587,True
439,6,Desconocido,PE,18,huevo,huevo,False,Seja Bem Vindo à Plaza Vea,Lácteos y Huevos,800ml,PE,LOCAL,4.0,1.1268,1.1268,3.55,False,keep_imputed,heuristic_default,1.1831,False,original_clean,,,1588,True
439,6,Desconocido,PE,18,huevo,huevo,False,Seja Bem Vindo à Plaza Vea,Lácteos y Huevos,800ml,PE,LOCAL,4.0,1.1268,1.1268,3.55,False,keep_imputed,heuristic_default,1.2395,False,original_clean,,,1589,True
440,6,Desconocido,PE,18,huevo,huevo,False,Seja Bem Vindo à Plaza Vea,Lácteos y Huevos,900ml,PE,LOCAL,7.0,1.9718,1.9718,3.55,False,keep_imputed,heuristic_default,1.7746,False,original_clean,,,1590,True
440,6,Desconocido,PE,18,huevo,huevo,False,Seja Bem Vindo à Plaza Vea,Lácteos y Huevos,900ml,PE,LOCAL,7.0,1.9718,1.9718,3.55,False,keep_imputed,heuristic_default,1.8732,False,original_clean,,,1591,True
440,6,Desconocido,PE,18,huevo,huevo,False,Seja Bem Vindo à Plaza Vea,Lácteos y Huevos,900ml,PE,LOCAL,7.0,1.9718,1.9718,3.55,False,keep_imputed,heuristic_default,2.0704,False,original_clean,,,1592,True
440,6,Desconocido,PE,18,huevo,huevo,False,Seja Bem Vindo à Plaza Vea,Lácteos y Huevos,900ml,PE,LOCAL,7.0,1.9718,1.9718,3.55,False,keep_imputed,heuristic_default,2.169,False,original_clean,,,1593,True
441,6,Desconocido,PE,18,huevo,huevo,False,Seja Bem Vindo à Plaza Vea,Lácteos y Huevos,1Kg,PE,LOCAL,13.0,3.662,3.662,3.55,False,keep_imputed,heuristic_default,3.2958,False,original_clean,,,1594,True
441,6,Desconocido,PE,18,huevo,huevo,False,Seja Bem Vindo à Plaza Vea,Lácteos y Huevos,1Kg,PE,LOCAL,13.0,3.662,3.662,3.55,False,keep_imputed,heuristic_default,3.4789,False,original_clean,,,1595,True
441,6,Desconocido,PE,18,huevo,huevo,False,Seja Bem Vindo à Plaza Vea,Lácteos y Huevos,1Kg,PE,LOCAL,13.0,3.662,3.662,3.55,False,keep_imputed,heuristic_default,3.8451,False,original_clean,,,1596,True
441,6,Desconocido,PE,18,huevo,huevo,False,Seja Bem Vindo à Plaza Vea,Lácteos y Huevos,1Kg,PE,LOCAL,13.0,3.662,3.662,3.55,False,keep_imputed,heuristic_default,4.0282,False,original_clean,,,1597,True
442,6,Desconocido,PE,8,huevo,sin_categoria,True,Seja Bem Vindo à Plaza Vea,Abarrotes,1Kg,PE,LOCAL,4.0,1.1268,1.1268,3.55,False,keep_imputed,no_category_detected,1.0141,False,original_clean,,,1598,True
442,6,Desconocido,PE,8,huevo,sin_categoria,True,Seja Bem Vindo à Plaza Vea,Abarrotes,1Kg,PE,LOCAL,4.0,1.1268,1.1268,3.55,False,keep_imputed,no_category_detected,1.0705,False,original_clean,,,1599,True
442,6,Desconocido,PE,8,huevo,sin_categoria,True,Seja Bem Vindo à Plaza Vea,Abarrotes,1Kg,PE,LOCAL,4.0,1.1268,1.1268,3.55,False,keep_imputed,no_category_detected,1.1831,False,original_clean,,,1600,True
442,6,Desconocido,PE,8,huevo,sin_categoria,True,Seja Bem Vindo à Plaza Vea,Abarrotes,1Kg,PE,LOCAL,4.0,1.1268,1.1268,3.55,False,keep_imputed,no_category_detected,1.2395,False,original_clean,,,1601,True
443,6,Desconocido,PE,3,pan,sin_categoria,True,Seja Bem Vindo à Plaza Vea,Panadería y Pastelería,600g,PE,LOCAL,8.0,2.2535,2.2535,3.55,False,keep_imputed,no_category_detected,2.0282,False,original_clean,,,1602,True
443,6,Desconocido,PE,3,pan,sin_categoria,True,Seja Bem Vindo à Plaza Vea,Panadería y Pastelería,600g,PE,LOCAL,8.0,2.2535,2.2535,3.55,False,keep_imputed,no_category_detected,2.1408,False,original_clean,,,1603,True
443,6,Desconocido,PE,3,pan,sin_categoria,True,Seja Bem Vindo à Plaza Vea,Panadería y Pastelería,600g,PE,LOCAL,8.0,2.2535,2.2535,3.55,False,keep_imputed,no_category_detected,2.3662,False,original_clean,,,1604,True
443,6,Desconocido,PE,3,pan,sin_categoria,True,Seja Bem Vindo à Plaza Vea,Panadería y Pastelería,600g,PE,LOCAL,8.0,2.2535,2.2535,3.55,False,keep_imputed,no_category_detected,2.4788,False,original_clean,,,1605,True
444,6,Desconocido,PE,3,pan,sin_categoria,True,Seja Bem Vindo à Plaza Vea,Panadería y Pastelería,495g,PE,LOCAL,11.0,3.0986,3.0986,3.55,False,keep_imputed,no_category_detected,2.7887,False,original_clean,,,1606,True
444,6,Desconocido,PE,3,pan,sin_categoria,True,Seja Bem Vindo à Plaza Vea,Panadería y Pastelería,495g,PE,LOCAL,11.0,3.0986,3.0986,3.55,False,keep_imputed,no_category_detected,2.9437,False,original_clean,,,1607,True
444,6,Desconocido,PE,3,pan,sin_categoria,True,Seja Bem Vindo à Plaza Vea,Panadería y Pastelería,495g,PE,LOCAL,11.0,3.0986,3.0986,3.55,False,keep_imputed,no_category_detected,3.2535,False,original_clean,,,1608,True
444,6,Desconocido,PE,3,pan,sin_categoria,True,Seja Bem Vindo à Plaza Vea,Panadería y Pastelería,495g,PE,LOCAL,11.0,3.0986,3.0986,3.55,False,keep_imputed,no_category_detected,3.4085,False,original_clean,,,1609,True
445,6,Desconocido,PE,3,pan,sin_categoria,True,Seja Bem Vindo à Plaza Vea,Panadería y Pastelería,500g,PE,LOCAL,6.0,1.6901,1.6901,3.55,False,keep_imputed,no_category_detected,1.5211,False,original_clean,,,1610,True
445,6,Desconocido,PE,3,pan,sin_categoria,True,Seja Bem Vindo à Plaza Vea,Panadería y Pastelería,500g,PE,LOCAL,6.0,1.6901,1.6901,3.55,False,keep_imputed,no_category_detected,1.6056,False,original_clean,,,1611,True
445,6,Desconocido,PE,3,pan,sin_categoria,True,Seja Bem Vindo à Plaza Vea,Panadería y Pastelería,500g,PE,LOCAL,6.0,1.6901,1.6901,3.55,False,keep_imputed,no_category_detected,1.7746,False,original_clean,,,1612,True
445,6,Desconocido,PE,3,pan,sin_categoria,True,Seja Bem Vindo à Plaza Vea,Panadería y Pastelería,500g,PE,LOCAL,6.0,1.6901,1.6901,3.55,False,keep_imputed,no_category_detected,1.8591,False,original_clean,,,1613,True
446,6,Desconocido,PE,3,pan,sin_categoria,True,Seja Bem Vindo à Plaza Vea,Panadería y Pastelería,810g,PE,LOCAL,11.0,3.0986,3.0986,3.55,False,keep_imputed,no_category_detected,2.7887,False,original_clean,,,1614,True
446,6,Desconocido,PE,3,pan,sin_categoria,True,Seja Bem Vindo à Plaza Vea,Panadería y Pastelería,810g,PE,LOCAL,11.0,3.0986,3.0986,3.55,False,keep_imputed,no_category_detected,2.9437,False,original_clean,,,1615,True
446,6,Desconocido,PE,3,pan,sin_categoria,True,Seja Bem Vindo à Plaza Vea,Panadería y Pastelería,810g,PE,LOCAL,11.0,3.0986,3.0986,3.55,False,keep_imputed,no_category_detected,3.2535,False,original_clean,,,1616,True
446,6,Desconocido,PE,3,pan,sin_categoria,True,Seja Bem Vindo à Plaza Vea,Panadería y Pastelería,810g,PE,LOCAL,11.0,3.0986,3.0986,3.55,False,keep_imputed,no_category_detected,3.4085,False,original_clean,,,1617,True
447,6,Desconocido,PE,8,huevo,sin_categoria,True,Seja Bem Vindo à Plaza Vea,Abarrotes,500g,PE,LOCAL,11.0,3.0986,3.0986,3.55,False,keep_imputed,no_category_detected,2.7887,False,original_clean,,,1618,True
447,6,Desconocido,PE,8,huevo,sin_categoria,True,Seja Bem Vindo à Plaza Vea,Abarrotes,500g,PE,LOCAL,11.0,3.0986,3.0986,3.55,False,keep_imputed,no_category_detected,2.9437,False,original_clean,,,1619,True
447,6,Desconocido,PE,8,huevo,sin_categoria,True,Seja Bem Vindo à Plaza Vea,Abarrotes,500g,PE,LOCAL,11.0,3.0986,3.0986,3.55,False,keep_imputed,no_category_detected,3.2535,False,original_clean,,,1620,True
447,6,Desconocido,PE,8,huevo,sin_categoria,True,Seja Bem Vindo à Plaza Vea,Abarrotes,500g,PE,LOCAL,11.0,3.0986,3.0986,3.55,False,keep_imputed,no_category_detected,3.4085,False,original_clean,,,1621,True
448,6,Desconocido,PE,8,huevo,sin_categoria,True,Seja Bem Vindo à Plaza Vea,Abarrotes,950g,PE,LOCAL,5.0,1.4085,1.4085,3.55,False,keep_imputed,no_category_detected,1.2677,False,original_clean,,,1622,True
448,6,Desconocido,PE,8,huevo,sin_categoria,True,Seja Bem Vindo à Plaza Vea,Abarrotes,950g,PE,LOCAL,5.0,1.4085,1.4085,3.55,False,keep_imputed,no_category_detected,1.3381,False,original_clean,,,1623,True
448,6,Desconocido,PE,8,huevo,sin_categoria,True,Seja Bem Vindo à Plaza Vea,Abarrotes,950g,PE,LOCAL,5.0,1.4085,1.4085,3.55,False,keep_imputed,no_category_detected,1.4789,False,original_clean,,,1624,True
448,6,Desconocido,PE,8,huevo,sin_categoria,True,Seja Bem Vindo à Plaza Vea,Abarrotes,950g,PE,LOCAL,5.0,1.4085,1.4085,3.55,False,keep_imputed,no_category_detected,1.5494,False,original_clean,,,1625,True
449,6,Desconocido,PE,21,atun,sin_categoria,True,Seja Bem Vindo à Plaza Vea,Abarrotes,160g,PE,LOCAL,19.0,5.3521,5.3521,3.55,False,keep_imputed,no_category_detected,4.8169,False,original_clean,,,1626,True
449,6,Desconocido,PE,21,atun,sin_categoria,True,Seja Bem Vindo à Plaza Vea,Abarrotes,160g,PE,LOCAL,19.0,5.3521,5.3521,3.55,False,keep_imputed,no_category_detected,5.0845,False,original_clean,,,1627,True
449,6,Desconocido,PE,21,atun,sin_categoria,True,Seja Bem Vindo à Plaza Vea,Abarrotes,160g,PE,LOCAL,19.0,5.3521,5.3521,3.55,False,keep_imputed,no_category_detected,5.6197,False,original_clean,,,1628,True
449,6,Desconocido,PE,21,atun,sin_categoria,True,Seja Bem Vindo à Plaza Vea,Abarrotes,160g,PE,LOCAL,19.0,5.3521,5.3521,3.55,False,keep_imputed,no_category_detected,5.8873,False,original_clean,,,1629,True
450,6,Desconocido,PE,21,atun,sin_categoria,True,Seja Bem Vindo à Plaza Vea,Abarrotes,170g,PE,LOCAL,25.0,7.0423,7.0423,3.55,False,keep_imputed,no_category_detected,6.3381,False,original_clean,,,1630,True
450,6,Desconocido,PE,21,atun,sin_categoria,True,Seja Bem Vindo à Plaza Vea,Abarrotes,170g,PE,LOCAL,25.0,7.0423,7.0423,3.55,False,keep_imputed,no_category_detected,6.6902,False,original_clean,,,1631,True
450,6,Desconocido,PE,21,atun,sin_categoria,True,Seja Bem Vindo à Plaza Vea,Abarrotes,170g,PE,LOCAL,25.0,7.0423,7.0423,3.55,False,keep_imputed,no_category_detected,7.3944,False,original_clean,,,1632,True
450,6,Desconocido,PE,21,atun,sin_categoria,True,Seja Bem Vindo à Plaza Vea,Abarrotes,170g,PE,LOCAL,25.0,7.0423,7.0423,3.55,False,keep_imputed,no_category_detected,7.7465,False,original_clean,,,1633,True
474,4,Desconocido,US,2,cafe,sin_categoria,True,Selecciona un local,X,000 Ml,US,LOCAL,12.0,12.0,12.0,1.0,False,keep_imputed,no_category_detected,10.8,False,original_clean,,,1634,True
474,4,Desconocido,US,2,cafe,sin_categoria,True,Selecciona un local,X,000 Ml,US,LOCAL,12.0,12.0,12.0,1.0,False,keep_imputed,no_category_detected,11.4,False,original_clean,,,1635,True
474,4,Desconocido,US,2,cafe,sin_categoria,True,Selecciona un local,X,000 Ml,US,LOCAL,12.0,12.0,12.0,1.0,False,keep_imputed,no_category_detected,12.6,False,original_clean,,,1636,True
474,4,Desconocido,US,2,cafe,sin_categoria,True,Selecciona un local,X,000 Ml,US,LOCAL,12.0,12.0,12.0,1.0,False,keep_imputed,no_category_detected,13.2,False,original_clean,,,1637,True
475,4,Desconocido,US,2,cafe,sin_categoria,True,Selecciona un local,X,1000 Ml,US,LOCAL,12.0,12.0,12.0,1.0,False,keep_imputed,no_category_detected,10.8,False,original_clean,,,1638,True
475,4,Desconocido,US,2,cafe,sin_categoria,True,Selecciona un local,X,1000 Ml,US,LOCAL,12.0,12.0,12.0,1.0,False,keep_imputed,no_category_detected,11.4,False,original_clean,,,1639,True
475,4,Desconocido,US,2,cafe,sin_categoria,True,Selecciona un local,X,1000 Ml,US,LOCAL,12.0,12.0,12.0,1.0,False,keep_imputed,no_category_detected,12.6,False,original_clean,,,1640,True
475,4,Desconocido,US,2,cafe,sin_categoria,True,Selecciona un local,X,1000 Ml,US,LOCAL,12.0,12.0,12.0,1.0,False,keep_imputed,no_category_detected,13.2,False,original_clean,,,1641,True
476,4,Desconocido,US,2,cafe,sin_categoria,True,Selecciona un local,X,,US,LOCAL,12.0,12.0,12.0,1.0,False,keep_imputed,no_category_detected,10.8,False,original_clean,,,1642,True
476,4,Desconocido,US,2,cafe,sin_categoria,True,Selecciona un local,X,,US,LOCAL,12.0,12.0,12.0,1.0,False,keep_imputed,no_category_detected,11.4,False,original_clean,,,1643,True
476,4,Desconocido,US,2,cafe,sin_categoria,True,Selecciona un local,X,,US,LOCAL,12.0,12.0,12.0,1.0,False,keep_imputed,no_category_detected,12.6,False,original_clean,,,1644,True
476,4,Desconocido,US,2,cafe,sin_categoria,True,Selecciona un local,X,,US,LOCAL,12.0,12.0,12.0,1.0,False,keep_imputed,no_category_detected,13.2,False,original_clean,,,1645,True
477,1,Desconocido,UNKNOWN,2,cafe,sin_categoria,True,Selecciona un local,X,,UNKNOWN,LOCAL,12.0,12.0,12.0,1.0,False,keep_imputed,no_category_detected,10.8,False,original_clean,,,1646,True
477,1,Desconocido,UNKNOWN,2,cafe,sin_categoria,True,Selecciona un local,X,,UNKNOWN,LOCAL,12.0,12.0,12.0,1.0,False,keep_imputed,no_category_detected,11.4,False,original_clean,,,1647,True
477,1,Desconocido,UNKNOWN,2,cafe,sin_categoria,True,Selecciona un local,X,,UNKNOWN,LOCAL,12.0,12.0,12.0,1.0,False,keep_imputed,no_category_detected,12.6,False,original_clean,,,1648,True
477,1,Desconocido,UNKNOWN,2,cafe,sin_categoria,True,Selecciona un local,X,,UNKNOWN,LOCAL,12.0,12.0,12.0,1.0,False,keep_imputed,no_category_detected,13.2,False,original_clean,,,1649,True
478,4,Desconocido,US,2,cafe,sin_categoria,True,Selecciona un local,X,250 Ml,US,LOCAL,12.0,12.0,12.0,1.0,False,keep_imputed,no_category_detected,10.8,False,original_clean,,,1650,True
478,4,Desconocido,US,2,cafe,sin_categoria,True,Selecciona un local,X,250 Ml,US,LOCAL,12.0,12.0,12.0,1.0,False,keep_imputed,no_category_detected,11.4,False,original_clean,,,1651,True
478,4,Desconocido,US,2,cafe,sin_categoria,True,Selecciona un local,X,250 Ml,US,LOCAL,12.0,12.0,12.0,1.0,False,keep_imputed,no_category_detected,12.6,False,original_clean,,,1652,True
478,4,Desconocido,US,2,cafe,sin_categoria,True,Selecciona un local,X,250 Ml,US,LOCAL,12.0,12.0,12.0,1.0,False,keep_imputed,no_category_detected,13.2,False,original_clean,,,1653,True
479,4,Desconocido,US,2,cafe,sin_categoria,True,Selecciona un local,X,355 ML,US,LOCAL,12.0,12.0,12.0,1.0,False,keep_imputed,no_category_detected,10.8,False,original_clean,,,1654,True
479,4,Desconocido,US,2,cafe,sin_categoria,True,Selecciona un local,X,355 ML,US,LOCAL,12.0,12.0,12.0,1.0,False,keep_imputed,no_category_detected,11.4,False,original_clean,,,1655,True
479,4,Desconocido,US,2,cafe,sin_categoria,True,Selecciona un local,X,355 ML,US,LOCAL,12.0,12.0,12.0,1.0,False,keep_imputed,no_category_detected,12.6,False,original_clean,,,1656,True
479,4,Desconocido,US,2,cafe,sin_categoria,True,Selecciona un local,X,355 ML,US,LOCAL,12.0,12.0,12.0,1.0,False,keep_imputed,no_category_detected,13.2,False,original_clean,,,1657,True
480,4,Desconocido,US,1,azucar,sin_categoria,True,Selecciona un local,X,330 ML,US,LOCAL,12.0,12.0,12.0,1.0,False,keep_imputed,no_category_detected,10.8,False,original_clean,,,1658,True
480,4,Desconocido,US,1,azucar,sin_categoria,True,Selecciona un local,X,330 ML,US,LOCAL,12.0,12.0,12.0,1.0,False,keep_imputed,no_category_detected,11.4,False,original_clean,,,1659,True
480,4,Desconocido,US,1,azucar,sin_categoria,True,Selecciona un local,X,330 ML,US,LOCAL,12.0,12.0,12.0,1.0,False,keep_imputed,no_category_detected,12.6,False,original_clean,,,1660,True
480,4,Desconocido,US,1,azucar,sin_categoria,True,Selecciona un local,X,330 ML,US,LOCAL,12.0,12.0,12.0,1.0,False,keep_imputed,no_category_detected,13.2,False,original_clean,,,1661,True
481,4,Desconocido,US,2,cafe,sin_categoria,True,Selecciona un local,X,550 G,US,LOCAL,12.0,12.0,12.0,1.0,False,keep_imputed,no_category_detected,10.8,False,original_clean,,,1662,True
481,4,Desconocido,US,2,cafe,sin_categoria,True,Selecciona un local,X,550 G,US,LOCAL,12.0,12.0,12.0,1.0,False,keep_imputed,no_category_detected,11.4,False,original_clean,,,1663,True
481,4,Desconocido,US,2,cafe,sin_categoria,True,Selecciona un local,X,550 G,US,LOCAL,12.0,12.0,12.0,1.0,False,keep_imputed,no_category_detected,12.6,False,original_clean,,,1664,True
481,4,Desconocido,US,2,cafe,sin_categoria,True,Selecciona un local,X,550 G,US,LOCAL,12.0,12.0,12.0,1.0,False,keep_imputed,no_category_detected,13.2,False,original_clean,,,1665,True
482,1,Desconocido,UNKNOWN,2,cafe,sin_categoria,True,Selecciona un local,X,3 L,UNKNOWN,LOCAL,12.0,12.0,12.0,1.0,False,keep_imputed,no_category_detected,10.8,False,original_clean,,,1666,True
482,1,Desconocido,UNKNOWN,2,cafe,sin_categoria,True,Selecciona un local,X,3 L,UNKNOWN,LOCAL,12.0,12.0,12.0,1.0,False,keep_imputed,no_category_detected,11.4,False,original_clean,,,1667,True
482,1,Desconocido,UNKNOWN,2,cafe,sin_categoria,True,Selecciona un local,X,3 L,UNKNOWN,LOCAL,12.0,12.0,12.0,1.0,False,keep_imputed,no_category_detected,12.6,False,original_clean,,,1668,True
482,1,Desconocido,UNKNOWN,2,cafe,sin_categoria,True,Selecciona un local,X,3 L,UNKNOWN,LOCAL,12.0,12.0,12.0,1.0,False,keep_imputed,no_category_detected,13.2,False,original_clean,,,1669,True
483,4,Desconocido,US,2,cafe,sin_categoria,True,Selecciona un local,X,500 G,US,LOCAL,12.0,12.0,12.0,1.0,False,keep_imputed,no_category_detected,10.8,False,original_clean,,,1670,True
483,4,Desconocido,US,2,cafe,sin_categoria,True,Selecciona un local,X,500 G,US,LOCAL,12.0,12.0,12.0,1.0,False,keep_imputed,no_category_detected,11.4,False,original_clean,,,1671,True
483,4,Desconocido,US,2,cafe,sin_categoria,True,Selecciona un local,X,500 G,US,LOCAL,12.0,12.0,12.0,1.0,False,keep_imputed,no_category_detected,12.6,False,original_clean,,,1672,True
483,4,Desconocido,US,2,cafe,sin_categoria,True,Selecciona un local,X,500 G,US,LOCAL,12.0,12.0,12.0,1.0,False,keep_imputed,no_category_detected,13.2,False,original_clean,,,1673,True
484,1,Desconocido,UNKNOWN,2,cafe,sin_categoria,True,Selecciona un local,X,"1,25 L",UNKNOWN,LOCAL,12.0,12.0,12.0,1.0,False,keep_imputed,no_category_detected,10.8,False,original_clean,,,1674,True
484,1,Desconocido,UNKNOWN,2,cafe,sin_categoria,True,Selecciona un local,X,"1,25 L",UNKNOWN,LOCAL,12.0,12.0,12.0,1.0,False,keep_imputed,no_category_detected,11.4,False,original_clean,,,1675,True
484,1,Desconocido,UNKNOWN,2,cafe,sin_categoria,True,Selecciona un local,X,"1,25 L",UNKNOWN,LOCAL,12.0,12.0,12.0,1.0,False,keep_imputed,no_category_detected,12.6,False,original_clean,,,1676,True
484,1,Desconocido,UNKNOWN,2,cafe,sin_categoria,True,Selecciona un local,X,"1,25 L",UNKNOWN,LOCAL,12.0,12.0,12.0,1.0,False,keep_imputed,no_category_detected,13.2,False,original_clean,,,1677,True
485,4,Desconocido,US,2,cafe,sin_categoria,True,Selecciona un local,X,500 Ml,US,LOCAL,12.0,12.0,12.0,1.0,False,keep_imputed,no_category_detected,10.8,False,original_clean,,,1678,True
485,4,Desconocido,US,2,cafe,sin_categoria,True,Selecciona un local,X,500 Ml,US,LOCAL,12.0,12.0,12.0,1.0,False,keep_imputed,no_category_detected,11.4,False,original_clean,,,1679,True
485,4,Desconocido,US,2,cafe,sin_categoria,True,Selecciona un local,X,500 Ml,US,LOCAL,12.0,12.0,12.0,1.0,False,keep_imputed,no_category_detected,12.6,False,original_clean,,,1680,True
485,4,Desconocido,US,2,cafe,sin_categoria,True,Selecciona un local,X,500 Ml,US,LOCAL,12.0,12.0,12.0,1.0,False,keep_imputed,no_category_detected,13.2,False,original_clean,,,1681,True
486,4,Desconocido,US,2,cafe,sin_categoria,True,Selecciona un local,X,355 Ml,US,LOCAL,12.0,12.0,12.0,1.0,False,keep_imputed,no_category_detected,10.8,False,original_clean,,,1682,True
486,4,Desconocido,US,2,cafe,sin_categoria,True,Selecciona un local,X,355 Ml,US,LOCAL,12.0,12.0,12.0,1.0,False,keep_imputed,no_category_detected,11.4,False,original_clean,,,1683,True
486,4,Desconocido,US,2,cafe,sin_categoria,True,Selecciona un local,X,355 Ml,US,LOCAL,12.0,12.0,12.0,1.0,False,keep_imputed,no_category_detected,12.6,False,original_clean,,,1684,True
486,4,Desconocido,US,2,cafe,sin_categoria,True,Selecciona un local,X,355 Ml,US,LOCAL,12.0,12.0,12.0,1.0,False,keep_imputed,no_category_detected,13.2,False,original_clean,,,1685,True
487,4,Desconocido,US,2,cafe,sin_categoria,True,Selecciona un local,X,400 G,US,LOCAL,12.0,12.0,12.0,1.0,False,keep_imputed,no_category_detected,10.8,False,original_clean,,,1686,True
487,4,Desconocido,US,2,cafe,sin_categoria,True,Selecciona un local,X,400 G,US,LOCAL,12.0,12.0,12.0,1.0,False,keep_imputed,no_category_detected,11.4,False,original_clean,,,1687,True
487,4,Desconocido,US,2,cafe,sin_categoria,True,Selecciona un local,X,400 G,US,LOCAL,12.0,12.0,12.0,1.0,False,keep_imputed,no_category_detected,12.6,False,original_clean,,,1688,True
487,4,Desconocido,US,2,cafe,sin_categoria,True,Selecciona un local,X,400 G,US,LOCAL,12.0,12.0,12.0,1.0,False,keep_imputed,no_category_detected,13.2,False,original_clean,,,1689,True
488,4,Desconocido,US,2,cafe,sin_categoria,True,Selecciona un local,X,1 kg,US,LOCAL,12.0,12.0,12.0,1.0,False,keep_imputed,no_category_detected,10.8,False,original_clean,,,1690,True
488,4,Desconocido,US,2,cafe,sin_categoria,True,Selecciona un local,X,1 kg,US,LOCAL,12.0,12.0,12.0,1.0,False,keep_imputed,no_category_detected,11.4,False,original_clean,,,1691,True
488,4,Desconocido,US,2,cafe,sin_categoria,True,Selecciona un local,X,1 kg,US,LOCAL,12.0,12.0,12.0,1.0,False,keep_imputed,no_category_detected,12.6,False,original_clean,,,1692,True
488,4,Desconocido,US,2,cafe,sin_categoria,True,Selecciona un local,X,1 kg,US,LOCAL,12.0,12.0,12.0,1.0,False,keep_imputed,no_category_detected,13.2,False,original_clean,,,1693,True
489,4,Desconocido,US,2,cafe,sin_categoria,True,Selecciona un local,X,250 G,US,LOCAL,12.0,12.0,12.0,1.0,False,keep_imputed,no_category_detected,10.8,False,original_clean,,,1694,True
489,4,Desconocido,US,2,cafe,sin_categoria,True,Selecciona un local,X,250 G,US,LOCAL,12.0,12.0,12.0,1.0,False,keep_imputed,no_category_detected,11.4,False,original_clean,,,1695,True
489,4,Desconocido,US,2,cafe,sin_categoria,True,Selecciona un local,X,250 G,US,LOCAL,12.0,12.0,12.0,1.0,False,keep_imputed,no_category_detected,12.6,False,original_clean,,,1696,True
489,4,Desconocido,US,2,cafe,sin_categoria,True,Selecciona un local,X,250 G,US,LOCAL,12.0,12.0,12.0,1.0,False,keep_imputed,no_category_detected,13.2,False,original_clean,,,1697,True
490,4,Desconocido,US,2,cafe,sin_categoria,True,Selecciona un local,X,5000 g,US,LOCAL,12.0,12.0,12.0,1.0,False,keep_imputed,no_category_detected,10.8,False,original_clean,,,1698,True
490,4,Desconocido,US,2,cafe,sin_categoria,True,Selecciona un local,X,5000 g,US,LOCAL,12.0,12.0,12.0,1.0,False,keep_imputed,no_category_detected,11.4,False,original_clean,,,1699,True
490,4,Desconocido,US,2,cafe,sin_categoria,True,Selecciona un local,X,5000 g,US,LOCAL,12.0,12.0,12.0,1.0,False,keep_imputed,no_category_detected,12.6,False,original_clean,,,1700,True
490,4,Desconocido,US,2,cafe,sin_categoria,True,Selecciona un local,X,5000 g,US,LOCAL,12.0,12.0,12.0,1.0,False,keep_imputed,no_category_detected,13.2,False,original_clean,,,1701,True
491,1,Desconocido,UNKNOWN,2,cafe,sin_categoria,True,Selecciona un local,X,750 ML,UNKNOWN,LOCAL,12.0,12.0,12.0,1.0,False,keep_imputed,no_category_detected,10.8,False,original_clean,,,1702,True
491,1,Desconocido,UNKNOWN,2,cafe,sin_categoria,True,Selecciona un local,X,750 ML,UNKNOWN,LOCAL,12.0,12.0,12.0,1.0,False,keep_imputed,no_category_detected,11.4,False,original_clean,,,1703,True
491,1,Desconocido,UNKNOWN,2,cafe,sin_categoria,True,Selecciona un local,X,750 ML,UNKNOWN,LOCAL,12.0,12.0,12.0,1.0,False,keep_imputed,no_category_detected,12.6,False,original_clean,,,1704,True
491,1,Desconocido,UNKNOWN,2,cafe,sin_categoria,True,Selecciona un local,X,750 ML,UNKNOWN,LOCAL,12.0,12.0,12.0,1.0,False,keep_imputed,no_category_detected,13.2,False,original_clean,,,1705,True
492,4,Desconocido,US,2,cafe,sin_categoria,True,Selecciona un local,X,1000 G,US,LOCAL,12.0,12.0,12.0,1.0,False,keep_imputed,no_category_detected,10.8,False,original_clean,,,1706,True
492,4,Desconocido,US,2,cafe,sin_categoria,True,Selecciona un local,X,1000 G,US,LOCAL,12.0,12.0,12.0,1.0,False,keep_imputed,no_category_detected,11.4,False,original_clean,,,1707,True
492,4,Desconocido,US,2,cafe,sin_categoria,True,Selecciona un local,X,1000 G,US,LOCAL,12.0,12.0,12.0,1.0,False,keep_imputed,no_category_detected,12.6,False,original_clean,,,1708,True
492,4,Desconocido,US,2,cafe,sin_categoria,True,Selecciona un local,X,1000 G,US,LOCAL,12.0,12.0,12.0,1.0,False,keep_imputed,no_category_detected,13.2,False,original_clean,,,1709,True
493,4,Desconocido,US,2,cafe,sin_categoria,True,Selecciona un local,X,5000 G,US,LOCAL,12.0,12.0,12.0,1.0,False,keep_imputed,no_category_detected,10.8,False,original_clean,,,1710,True
493,4,Desconocido,US,2,cafe,sin_categoria,True,Selecciona un local,X,5000 G,US,LOCAL,12.0,12.0,12.0,1.0,False,keep_imputed,no_category_detected,11.4,False,original_clean,,,1711,True
493,4,Desconocido,US,2,cafe,sin_categoria,True,Selecciona un local,X,5000 G,US,LOCAL,12.0,12.0,12.0,1.0,False,keep_imputed,no_category_detected,12.6,False,original_clean,,,1712,True
493,4,Desconocido,US,2,cafe,sin_categoria,True,Selecciona un local,X,5000 G,US,LOCAL,12.0,12.0,12.0,1.0,False,keep_imputed,no_category_detected,13.2,False,original_clean,,,1713,True
494,3,Desconocido,BR,13,azucar,azucar,False,Sem Açúcar,"R$ 9,49",2L,BR,LOCAL,9.49,1.7419,1.7419,5.448,False,keep,heuristic_default,1.5677,False,original_clean,,,1714,True
494,3,Desconocido,BR,13,azucar,azucar,False,Sem Açúcar,"R$ 9,49",2L,BR,LOCAL,9.49,1.7419,1.7419,5.448,False,keep,heuristic_default,1.6548,False,original_clean,,,1715,True
494,3,Desconocido,BR,13,azucar,azucar,False,Sem Açúcar,"R$ 9,49",2L,BR,LOCAL,9.49,1.7419,1.7419,5.448,False,keep,heuristic_default,1.829,False,original_clean,,,1716,True
494,3,Desconocido,BR,13,azucar,azucar,False,Sem Açúcar,"R$ 9,49",2L,BR,LOCAL,9.49,1.7419,1.7419,5.448,False,keep,heuristic_default,1.9161,False,original_clean,,,1717,True
495,3,Desconocido,BR,13,azucar,azucar,False,Sem Açúcar,"R$ 8,49",2L,BR,LOCAL,8.49,1.5584,1.5584,5.448,False,keep,heuristic_default,1.4026,False,original_clean,,,1718,True
495,3,Desconocido,BR,13,azucar,azucar,False,Sem Açúcar,"R$ 8,49",2L,BR,LOCAL,8.49,1.5584,1.5584,5.448,False,keep,heuristic_default,1.4805,False,original_clean,,,1719,True
495,3,Desconocido,BR,13,azucar,azucar,False,Sem Açúcar,"R$ 8,49",2L,BR,LOCAL,8.49,1.5584,1.5584,5.448,False,keep,heuristic_default,1.6363,False,original_clean,,,1720,True
495,3,Desconocido,BR,13,azucar,azucar,False,Sem Açúcar,"R$ 8,49",2L,BR,LOCAL,8.49,1.5584,1.5584,5.448,False,keep,heuristic_default,1.7142,False,original_clean,,,1721,True
496,3,Desconocido,BR,1,azucar,sin_categoria,True,SEM GLÚTEN,1,200 G,BR,LOCAL,24.99,4.587,4.587,5.448,False,keep_imputed,no_category_detected,4.1283,False,original_clean,,,1722,True
496,3,Desconocido,BR,1,azucar,sin_categoria,True,SEM GLÚTEN,1,200 G,BR,LOCAL,24.99,4.587,4.587,5.448,False,keep_imputed,no_category_detected,4.3576,False,original_clean,,,1723,True
496,3,Desconocido,BR,1,azucar,sin_categoria,True,SEM GLÚTEN,1,200 G,BR,LOCAL,24.99,4.587,4.587,5.448,False,keep_imputed,no_category_detected,4.8163,False,original_clean,,,1724,True
496,3,Desconocido,BR,1,azucar,sin_categoria,True,SEM GLÚTEN,1,200 G,BR,LOCAL,24.99,4.587,4.587,5.448,False,keep_imputed,no_category_detected,5.0457,False,original_clean,,,1725,True
497,3,Desconocido,BR,23,cerveza,sin_categoria,True,SEM GLÚTEN,1,275 Ml,BR,LOCAL,24.99,4.587,4.587,5.448,False,keep_imputed,no_category_detected,4.1283,False,original_clean,,,1726,True
497,3,Desconocido,BR,23,cerveza,sin_categoria,True,SEM GLÚTEN,1,275 Ml,BR,LOCAL,24.99,4.587,4.587,5.448,False,keep_imputed,no_category_detected,4.3576,False,original_clean,,,1727,True
497,3,Desconocido,BR,23,cerveza,sin_categoria,True,SEM GLÚTEN,1,275 Ml,BR,LOCAL,24.99,4.587,4.587,5.448,False,keep_imputed,no_category_detected,4.8163,False,original_clean,,,1728,True
497,3,Desconocido,BR,23,cerveza,sin_categoria,True,SEM GLÚTEN,1,275 Ml,BR,LOCAL,24.99,4.587,4.587,5.448,False,keep_imputed,no_category_detected,5.0457,False,original_clean,,,1729,True
498,1,Desconocido,UNKNOWN,31,banano,banano,False,SOL NACIENTE,Unidades disponibles,12 unidades,UNKNOWN,LOCAL,1.0,1.0,1.0,1.0,False,keep,heuristic_default,0.9,False,original_clean,,,1730,True
498,1,Desconocido,UNKNOWN,31,banano,banano,False,SOL NACIENTE,Unidades disponibles,12 unidades,UNKNOWN,LOCAL,1.0,1.0,1.0,1.0,False,keep,heuristic_default,0.95,False,original_clean,,,1731,True
498,1,Desconocido,UNKNOWN,31,banano,banano,False,SOL NACIENTE,Unidades disponibles,12 unidades,UNKNOWN,LOCAL,1.0,1.0,1.0,1.0,False,keep,heuristic_default,1.05,False,original_clean,,,1732,True
498,1,Desconocido,UNKNOWN,31,banano,banano,False,SOL NACIENTE,Unidades disponibles,12 unidades,UNKNOWN,LOCAL,1.0,1.0,1.0,1.0,False,keep,heuristic_default,1.1,False,original_clean,,,1733,True
499,1,Desconocido,UNKNOWN,13,azucar,azucar,False,This app could not find url /acucar-cristal-organico-itaja-1-kg-100002544/p,Preferências,,UNKNOWN,LOCAL,1.0,1.0,1.0,1.0,False,keep,heuristic_default,0.9,False,original_clean,,,1734,True
499,1,Desconocido,UNKNOWN,13,azucar,azucar,False,This app could not find url /acucar-cristal-organico-itaja-1-kg-100002544/p,Preferências,,UNKNOWN,LOCAL,1.0,1.0,1.0,1.0,False,keep,heuristic_default,0.95,False,original_clean,,,1735,True
499,1,Desconocido,UNKNOWN,13,azucar,azucar,False,This app could not find url /acucar-cristal-organico-itaja-1-kg-100002544/p,Preferências,,UNKNOWN,LOCAL,1.0,1.0,1.0,1.0,False,keep,heuristic_default,1.05,False,original_clean,,,1736,True
499,1,Desconocido,UNKNOWN,13,azucar,azucar,False,This app could not find url /acucar-cristal-organico-itaja-1-kg-100002544/p,Preferências,,UNKNOWN,LOCAL,1.0,1.0,1.0,1.0,False,keep,heuristic_default,1.1,False,original_clean,,,1737,True
500,1,Desconocido,UNKNOWN,13,azucar,azucar,False,This app could not find url /acucar-extra-fino-mais-doce-1-kg-3783/p,Preferências,,UNKNOWN,LOCAL,1.0,1.0,1.0,1.0,False,keep,heuristic_default,0.9,False,original_clean,,,1738,True
500,1,Desconocido,UNKNOWN,13,azucar,azucar,False,This app could not find url /acucar-extra-fino-mais-doce-1-kg-3783/p,Preferências,,UNKNOWN,LOCAL,1.0,1.0,1.0,1.0,False,keep,heuristic_default,0.95,False,original_clean,,,1739,True
500,1,Desconocido,UNKNOWN,13,azucar,azucar,False,This app could not find url /acucar-extra-fino-mais-doce-1-kg-3783/p,Preferências,,UNKNOWN,LOCAL,1.0,1.0,1.0,1.0,False,keep,heuristic_default,1.05,False,original_clean,,,1740,True
500,1,Desconocido,UNKNOWN,13,azucar,azucar,False,This app could not find url /acucar-extra-fino-mais-doce-1-kg-3783/p,Preferências,,UNKNOWN,LOCAL,1.0,1.0,1.0,1.0,False,keep,heuristic_default,1.1,False,original_clean,,,1741,True
501,1,Desconocido,UNKNOWN,10,arroz,arroz,False,This app could not find url /arroz-camil-1-kg-100004793/p,Preferências,,UNKNOWN,LOCAL,1.0,1.0,1.0,1.0,False,keep,heuristic_default,0.9,False,original_clean,,,1742,True
501,1,Desconocido,UNKNOWN,10,arroz,arroz,False,This app could not find url /arroz-camil-1-kg-100004793/p,Preferências,,UNKNOWN,LOCAL,1.0,1.0,1.0,1.0,False,keep,heuristic_default,0.95,False,original_clean,,,1743,True
501,1,Desconocido,UNKNOWN,10,arroz,arroz,False,This app could not find url /arroz-camil-1-kg-100004793/p,Preferências,,UNKNOWN,LOCAL,1.0,1.0,1.0,1.0,False,keep,heuristic_default,1.05,False,original_clean,,,1744,True
501,1,Desconocido,UNKNOWN,10,arroz,arroz,False,This app could not find url /arroz-camil-1-kg-100004793/p,Preferências,,UNKNOWN,LOCAL,1.0,1.0,1.0,1.0,False,keep,heuristic_default,1.1,False,original_clean,,,1745,True
502,1,Desconocido,UNKNOWN,22,cerveza,cerveza,False,This app could not find url /cerveja-pure-gold-long-neck-stella-artois-sem-gluten-330-ml-100008859/p,Preferências,,UNKNOWN,LOCAL,1.0,1.0,1.0,1.0,False,keep,heuristic_default,0.9,False,original_clean,,,1746,True
502,1,Desconocido,UNKNOWN,22,cerveza,cerveza,False,This app could not find url /cerveja-pure-gold-long-neck-stella-artois-sem-gluten-330-ml-100008859/p,Preferências,,UNKNOWN,LOCAL,1.0,1.0,1.0,1.0,False,keep,heuristic_default,0.95,False,original_clean,,,1747,True
502,1,Desconocido,UNKNOWN,22,cerveza,cerveza,False,This app could not find url /cerveja-pure-gold-long-neck-stella-artois-sem-gluten-330-ml-100008859/p,Preferências,,UNKNOWN,LOCAL,1.0,1.0,1.0,1.0,False,keep,heuristic_default,1.05,False,original_clean,,,1748,True
502,1,Desconocido,UNKNOWN,22,cerveza,cerveza,False,This app could not find url /cerveja-pure-gold-long-neck-stella-artois-sem-gluten-330-ml-100008859/p,Preferências,,UNKNOWN,LOCAL,1.0,1.0,1.0,1.0,False,keep,heuristic_default,1.1,False,original_clean,,,1749,True
505,2,Chedraui,MX,15,pan,pan,False,Tortilleria y pan empacados,Natures Own,624g,MX,LOCAL,72.0,3.8668,3.8668,18.62,False,keep,heuristic_default,3.4801,False,original_clean,,,1750,True
505,2,Chedraui,MX,15,pan,pan,False,Tortilleria y pan empacados,Natures Own,624g,MX,LOCAL,72.0,3.8668,3.8668,18.62,False,keep,heuristic_default,3.6735,False,original_clean,,,1751,True
505,2,Chedraui,MX,15,pan,pan,False,Tortilleria y pan empacados,Natures Own,624g,MX,LOCAL,72.0,3.8668,3.8668,18.62,False,keep,heuristic_default,4.0601,False,original_clean,,,1752,True
505,2,Chedraui,MX,15,pan,pan,False,Tortilleria y pan empacados,Natures Own,624g,MX,LOCAL,72.0,3.8668,3.8668,18.62,False,keep,heuristic_default,4.2535,False,original_clean,,,1753,True
508,1,Desconocido,UNKNOWN,22,cerveza,cerveza,False,Valoramos tu privacidad,Personalizar,330ml,UNKNOWN,LOCAL,5.8,5.8,5.8,1.0,False,keep,heuristic_default,5.22,False,original_clean,,,1754,True
508,1,Desconocido,UNKNOWN,22,cerveza,cerveza,False,Valoramos tu privacidad,Personalizar,330ml,UNKNOWN,LOCAL,5.8,5.8,5.8,1.0,False,keep,heuristic_default,5.51,False,original_clean,,,1755,True
508,1,Desconocido,UNKNOWN,22,cerveza,cerveza,False,Valoramos tu privacidad,Personalizar,330ml,UNKNOWN,LOCAL,5.8,5.8,5.8,1.0,False,keep,heuristic_default,6.09,False,original_clean,,,1756,True
508,1,Desconocido,UNKNOWN,22,cerveza,cerveza,False,Valoramos tu privacidad,Personalizar,330ml,UNKNOWN,LOCAL,5.8,5.8,5.8,1.0,False,keep,heuristic_default,6.38,False,original_clean,,,1757,True
510,1,Desconocido,UNKNOWN,15,pan,pan,False,Valoramos tu privacidad,Personalizar,750g,UNKNOWN,LOCAL,1.89,1.89,1.89,1.0,False,keep,heuristic_default,1.701,False,original_clean,,,1758,True
510,1,Desconocido,UNKNOWN,15,pan,pan,False,Valoramos tu privacidad,Personalizar,750g,UNKNOWN,LOCAL,1.89,1.89,1.89,1.0,False,keep,heuristic_default,1.7955,False,original_clean,,,1759,True
510,1,Desconocido,UNKNOWN,15,pan,pan,False,Valoramos tu privacidad,Personalizar,750g,UNKNOWN,LOCAL,1.89,1.89,1.89,1.0,False,keep,heuristic_default,1.9845,False,original_clean,,,1760,True
510,1,Desconocido,UNKNOWN,15,pan,pan,False,Valoramos tu privacidad,Personalizar,750g,UNKNOWN,LOCAL,1.89,1.89,1.89,1.0,False,keep,heuristic_default,2.079,False,original_clean,,,1761,True
511,1,Desconocido,UNKNOWN,15,pan,pan,False,Valoramos tu privacidad,Personalizar,550g,UNKNOWN,LOCAL,1.54,1.54,1.54,1.0,False,keep,heuristic_default,1.386,False,original_clean,,,1762,True
511,1,Desconocido,UNKNOWN,15,pan,pan,False,Valoramos tu privacidad,Personalizar,550g,UNKNOWN,LOCAL,1.54,1.54,1.54,1.0,False,keep,heuristic_default,1.463,False,original_clean,,,1763,True
511,1,Desconocido,UNKNOWN,15,pan,pan,False,Valoramos tu privacidad,Personalizar,550g,UNKNOWN,LOCAL,1.54,1.54,1.54,1.0,False,keep,heuristic_default,1.617,False,original_clean,,,1764,True
511,1,Desconocido,UNKNOWN,15,pan,pan,False,Valoramos tu privacidad,Personalizar,550g,UNKNOWN,LOCAL,1.54,1.54,1.54,1.0,False,keep,heuristic_default,1.694,False,original_clean,,,1765,True
512,1,Desconocido,UNKNOWN,15,pan,pan,False,Valoramos tu privacidad,Personalizar,580g,UNKNOWN,LOCAL,1.99,1.99,1.99,1.0,False,keep,heuristic_default,1.791,False,original_clean,,,1766,True
512,1,Desconocido,UNKNOWN,15,pan,pan,False,Valoramos tu privacidad,Personalizar,580g,UNKNOWN,LOCAL,1.99,1.99,1.99,1.0,False,keep,heuristic_default,1.8905,False,original_clean,,,1767,True
512,1,Desconocido,UNKNOWN,15,pan,pan,False,Valoramos tu privacidad,Personalizar,580g,UNKNOWN,LOCAL,1.99,1.99,1.99,1.0,False,keep,heuristic_default,2.0895,False,original_clean,,,1768,True
512,1,Desconocido,UNKNOWN,15,pan,pan,False,Valoramos tu privacidad,Personalizar,580g,UNKNOWN,LOCAL,1.99,1.99,1.99,1.0,False,keep,heuristic_default,2.189,False,original_clean,,,1769,True
513,1,Desconocido,UNKNOWN,13,azucar,azucar,False,Valoramos tu privacidad,Personalizar,3.05 L,UNKNOWN,LOCAL,2.62,2.62,2.62,1.0,False,keep,heuristic_default,2.358,False,original_clean,,,1770,True
513,1,Desconocido,UNKNOWN,13,azucar,azucar,False,Valoramos tu privacidad,Personalizar,3.05 L,UNKNOWN,LOCAL,2.62,2.62,2.62,1.0,False,keep,heuristic_default,2.489,False,original_clean,,,1771,True
513,1,Desconocido,UNKNOWN,13,azucar,azucar,False,Valoramos tu privacidad,Personalizar,3.05 L,UNKNOWN,LOCAL,2.62,2.62,2.62,1.0,False,keep,heuristic_default,2.751,False,original_clean,,,1772,True
513,1,Desconocido,UNKNOWN,13,azucar,azucar,False,Valoramos tu privacidad,Personalizar,3.05 L,UNKNOWN,LOCAL,2.62,2.62,2.62,1.0,False,keep,heuristic_default,2.882,False,original_clean,,,1773,True
518,1,Desconocido,UNKNOWN,10,arroz,arroz,False,Valoramos tu privacidad,Personalizar,10Kg,UNKNOWN,LOCAL,10.45,10.45,10.45,1.0,False,keep,heuristic_default,9.405,False,original_clean,,,1774,True
518,1,Desconocido,UNKNOWN,10,arroz,arroz,False,Valoramos tu privacidad,Personalizar,10Kg,UNKNOWN,LOCAL,10.45,10.45,10.45,1.0,False,keep,heuristic_default,9.9275,False,original_clean,,,1775,True
518,1,Desconocido,UNKNOWN,10,arroz,arroz,False,Valoramos tu privacidad,Personalizar,10Kg,UNKNOWN,LOCAL,10.45,10.45,10.45,1.0,False,keep,heuristic_default,10.9725,False,original_clean,,,1776,True
518,1,Desconocido,UNKNOWN,10,arroz,arroz,False,Valoramos tu privacidad,Personalizar,10Kg,UNKNOWN,LOCAL,10.45,10.45,10.45,1.0,False,keep,heuristic_default,11.495,False,original_clean,,,1777,True
519,1,Desconocido,UNKNOWN,10,arroz,arroz,False,Valoramos tu privacidad,Personalizar,5kg,UNKNOWN,LOCAL,6.45,6.45,6.45,1.0,False,keep,heuristic_default,5.805,False,original_clean,,,1778,True
519,1,Desconocido,UNKNOWN,10,arroz,arroz,False,Valoramos tu privacidad,Personalizar,5kg,UNKNOWN,LOCAL,6.45,6.45,6.45,1.0,False,keep,heuristic_default,6.1275,False,original_clean,,,1779,True
519,1,Desconocido,UNKNOWN,10,arroz,arroz,False,Valoramos tu privacidad,Personalizar,5kg,UNKNOWN,LOCAL,6.45,6.45,6.45,1.0,False,keep,heuristic_default,6.7725,False,original_clean,,,1780,True
519,1,Desconocido,UNKNOWN,10,arroz,arroz,False,Valoramos tu privacidad,Personalizar,5kg,UNKNOWN,LOCAL,6.45,6.45,6.45,1.0,False,keep,heuristic_default,7.095,False,original_clean,,,1781,True
520,1,Desconocido,UNKNOWN,10,arroz,arroz,False,Valoramos tu privacidad,Personalizar,400g,UNKNOWN,LOCAL,1.14,1.14,1.14,1.0,False,keep,heuristic_default,1.026,False,original_clean,,,1782,True
520,1,Desconocido,UNKNOWN,10,arroz,arroz,False,Valoramos tu privacidad,Personalizar,400g,UNKNOWN,LOCAL,1.14,1.14,1.14,1.0,False,keep,heuristic_default,1.083,False,original_clean,,,1783,True
520,1,Desconocido,UNKNOWN,10,arroz,arroz,False,Valoramos tu privacidad,Personalizar,400g,UNKNOWN,LOCAL,1.14,1.14,1.14,1.0,False,keep,heuristic_default,1.197,False,original_clean,,,1784,True
520,1,Desconocido,UNKNOWN,10,arroz,arroz,False,Valoramos tu privacidad,Personalizar,400g,UNKNOWN,LOCAL,1.14,1.14,1.14,1.0,False,keep,heuristic_default,1.254,False,original_clean,,,1785,True
521,1,Desconocido,UNKNOWN,10,arroz,arroz,False,Valoramos tu privacidad,Personalizar,500g,UNKNOWN,LOCAL,2.25,2.25,2.25,1.0,False,keep,heuristic_default,2.025,False,original_clean,,,1786,True
521,1,Desconocido,UNKNOWN,10,arroz,arroz,False,Valoramos tu privacidad,Personalizar,500g,UNKNOWN,LOCAL,2.25,2.25,2.25,1.0,False,keep,heuristic_default,2.1375,False,original_clean,,,1787,True
521,1,Desconocido,UNKNOWN,10,arroz,arroz,False,Valoramos tu privacidad,Personalizar,500g,UNKNOWN,LOCAL,2.25,2.25,2.25,1.0,False,keep,heuristic_default,2.3625,False,original_clean,,,1788,True
521,1,Desconocido,UNKNOWN,10,arroz,arroz,False,Valoramos tu privacidad,Personalizar,500g,UNKNOWN,LOCAL,2.25,2.25,2.25,1.0,False,keep,heuristic_default,2.475,False,original_clean,,,1789,True
522,1,Desconocido,UNKNOWN,13,azucar,azucar,False,Valoramos tu privacidad,Personalizar,2 kg,UNKNOWN,LOCAL,1.89,1.89,1.89,1.0,False,keep,heuristic_default,1.701,False,original_clean,,,1790,True
522,1,Desconocido,UNKNOWN,13,azucar,azucar,False,Valoramos tu privacidad,Personalizar,2 kg,UNKNOWN,LOCAL,1.89,1.89,1.89,1.0,False,keep,heuristic_default,1.7955,False,original_clean,,,1791,True
522,1,Desconocido,UNKNOWN,13,azucar,azucar,False,Valoramos tu privacidad,Personalizar,2 kg,UNKNOWN,LOCAL,1.89,1.89,1.89,1.0,False,keep,heuristic_default,1.9845,False,original_clean,,,1792,True
522,1,Desconocido,UNKNOWN,13,azucar,azucar,False,Valoramos tu privacidad,Personalizar,2 kg,UNKNOWN,LOCAL,1.89,1.89,1.89,1.0,False,keep,heuristic_default,2.079,False,original_clean,,,1793,True
524,1,Desconocido,UNKNOWN,16,papa,papa,False,Verduras Congeladas,FRUTOS DEL MAIPO,1 Kg,UNKNOWN,LOCAL,3.99,3.99,3.99,1.0,False,keep,heuristic_default,3.591,False,original_clean,,,1794,True
524,1,Desconocido,UNKNOWN,16,papa,papa,False,Verduras Congeladas,FRUTOS DEL MAIPO,1 Kg,UNKNOWN,LOCAL,3.99,3.99,3.99,1.0,False,keep,heuristic_default,3.7905,False,original_clean,,,1795,True
524,1,Desconocido,UNKNOWN,16,papa,papa,False,Verduras Congeladas,FRUTOS DEL MAIPO,1 Kg,UNKNOWN,LOCAL,3.99,3.99,3.99,1.0,False,keep,heuristic_default,4.1895,False,original_clean,,,1796,True
524,1,Desconocido,UNKNOWN,16,papa,papa,False,Verduras Congeladas,FRUTOS DEL MAIPO,1 Kg,UNKNOWN,LOCAL,3.99,3.99,3.99,1.0,False,keep,heuristic_default,4.389,False,original_clean,,,1797,True
576,8,Desconocido,MX,8,huevo,sin_categoria,True,¡Nueva tarjeta de crédito HEB Afirme!,Consigue la tuya aquí,900 g,MX,LOCAL,21.0,1.1278,1.1278,18.62,False,keep_imputed,no_category_detected,1.015,False,original_clean,,,1798,True
576,8,Desconocido,MX,8,huevo,sin_categoria,True,¡Nueva tarjeta de crédito HEB Afirme!,Consigue la tuya aquí,900 g,MX,LOCAL,21.0,1.1278,1.1278,18.62,False,keep_imputed,no_category_detected,1.0714,False,original_clean,,,1799,True
576,8,Desconocido,MX,8,huevo,sin_categoria,True,¡Nueva tarjeta de crédito HEB Afirme!,Consigue la tuya aquí,900 g,MX,LOCAL,21.0,1.1278,1.1278,18.62,False,keep_imputed,no_category_detected,1.1842,False,original_clean,,,1800,True
576,8,Desconocido,MX,8,huevo,sin_categoria,True,¡Nueva tarjeta de crédito HEB Afirme!,Consigue la tuya aquí,900 g,MX,LOCAL,21.0,1.1278,1.1278,18.62,False,keep_imputed,no_category_detected,1.2406,False,original_clean,,,1801,True
577,8,Desconocido,MX,1,azucar,sin_categoria,True,¡Nueva tarjeta de crédito HEB Afirme!,Consigue la tuya aquí,1 kg,MX,LOCAL,24.0,1.2889,1.2889,18.62,False,keep_imputed,no_category_detected,1.16,False,original_clean,,,1802,True
577,8,Desconocido,MX,1,azucar,sin_categoria,True,¡Nueva tarjeta de crédito HEB Afirme!,Consigue la tuya aquí,1 kg,MX,LOCAL,24.0,1.2889,1.2889,18.62,False,keep_imputed,no_category_detected,1.2245,False,original_clean,,,1803,True
577,8,Desconocido,MX,1,azucar,sin_categoria,True,¡Nueva tarjeta de crédito HEB Afirme!,Consigue la tuya aquí,1 kg,MX,LOCAL,24.0,1.2889,1.2889,18.62,False,keep_imputed,no_category_detected,1.3533,False,original_clean,,,1804,True
577,8,Desconocido,MX,1,azucar,sin_categoria,True,¡Nueva tarjeta de crédito HEB Afirme!,Consigue la tuya aquí,1 kg,MX,LOCAL,24.0,1.2889,1.2889,18.62,False,keep_imputed,no_category_detected,1.4178,False,original_clean,,,1805,True
578,8,Desconocido,MX,8,huevo,sin_categoria,True,¡Nueva tarjeta de crédito HEB Afirme!,Consigue la tuya aquí,1 L,MX,LOCAL,37.0,1.9871,1.9871,18.62,False,keep_imputed,no_category_detected,1.7884,False,original_clean,,,1806,True
578,8,Desconocido,MX,8,huevo,sin_categoria,True,¡Nueva tarjeta de crédito HEB Afirme!,Consigue la tuya aquí,1 L,MX,LOCAL,37.0,1.9871,1.9871,18.62,False,keep_imputed,no_category_detected,1.8877,False,original_clean,,,1807,True
578,8,Desconocido,MX,8,huevo,sin_categoria,True,¡Nueva tarjeta de crédito HEB Afirme!,Consigue la tuya aquí,1 L,MX,LOCAL,37.0,1.9871,1.9871,18.62,False,keep_imputed,no_category_detected,2.0865,False,original_clean,,,1808,True
578,8,Desconocido,MX,8,huevo,sin_categoria,True,¡Nueva tarjeta de crédito HEB Afirme!,Consigue la tuya aquí,1 L,MX,LOCAL,37.0,1.9871,1.9871,18.62,False,keep_imputed,no_category_detected,2.1858,False,original_clean,,,1809,True
579,8,Desconocido,MX,7,aceite vegetal,aceite vegetal,False,¡Nueva tarjeta de crédito HEB Afirme!,Consigue la tuya aquí,900 Ml,MX,LOCAL,34.9,1.8743,1.8743,18.62,False,keep,heuristic_default,1.6869,False,original_clean,,,1810,True
579,8,Desconocido,MX,7,aceite vegetal,aceite vegetal,False,¡Nueva tarjeta de crédito HEB Afirme!,Consigue la tuya aquí,900 Ml,MX,LOCAL,34.9,1.8743,1.8743,18.62,False,keep,heuristic_default,1.7806,False,original_clean,,,1811,True
579,8,Desconocido,MX,7,aceite vegetal,aceite vegetal,False,¡Nueva tarjeta de crédito HEB Afirme!,Consigue la tuya aquí,900 Ml,MX,LOCAL,34.9,1.8743,1.8743,18.62,False,keep,heuristic_default,1.968,False,original_clean,,,1812,True
579,8,Desconocido,MX,7,aceite vegetal,aceite vegetal,False,¡Nueva tarjeta de crédito HEB Afirme!,Consigue la tuya aquí,900 Ml,MX,LOCAL,34.9,1.8743,1.8743,18.62,False,keep,heuristic_default,2.0617,False,original_clean,,,1813,True
580,8,Desconocido,MX,2,cafe,sin_categoria,True,¡Nueva tarjeta de crédito HEB Afirme!,Consigue la tuya aquí,,MX,LOCAL,84.5,4.5381,4.5381,18.62,False,keep_imputed,no_category_detected,4.0843,False,original_clean,,,1814,True
580,8,Desconocido,MX,2,cafe,sin_categoria,True,¡Nueva tarjeta de crédito HEB Afirme!,Consigue la tuya aquí,,MX,LOCAL,84.5,4.5381,4.5381,18.62,False,keep_imputed,no_category_detected,4.3112,False,original_clean,,,1815,True
580,8,Desconocido,MX,2,cafe,sin_categoria,True,¡Nueva tarjeta de crédito HEB Afirme!,Consigue la tuya aquí,,MX,LOCAL,84.5,4.5381,4.5381,18.62,False,keep_imputed,no_category_detected,4.765,False,original_clean,,,1816,True
580,8,Desconocido,MX,2,cafe,sin_categoria,True,¡Nueva tarjeta de crédito HEB Afirme!,Consigue la tuya aquí,,MX,LOCAL,84.5,4.5381,4.5381,18.62,False,keep_imputed,no_category_detected,4.9919,False,original_clean,,,1817,True
581,8,Desconocido,MX,1,azucar,sin_categoria,True,¡Nueva tarjeta de crédito HEB Afirme!,Consigue la tuya aquí,680 g,MX,LOCAL,35.0,1.8797,1.8797,18.62,False,keep_imputed,no_category_detected,1.6917,False,original_clean,,,1818,True
581,8,Desconocido,MX,1,azucar,sin_categoria,True,¡Nueva tarjeta de crédito HEB Afirme!,Consigue la tuya aquí,680 g,MX,LOCAL,35.0,1.8797,1.8797,18.62,False,keep_imputed,no_category_detected,1.7857,False,original_clean,,,1819,True
581,8,Desconocido,MX,1,azucar,sin_categoria,True,¡Nueva tarjeta de crédito HEB Afirme!,Consigue la tuya aquí,680 g,MX,LOCAL,35.0,1.8797,1.8797,18.62,False,keep_imputed,no_category_detected,1.9737,False,original_clean,,,1820,True
581,8,Desconocido,MX,1,azucar,sin_categoria,True,¡Nueva tarjeta de crédito HEB Afirme!,Consigue la tuya aquí,680 g,MX,LOCAL,35.0,1.8797,1.8797,18.62,False,keep_imputed,no_category_detected,2.0677,False,original_clean,,,1821,True
582,8,Desconocido,MX,13,azucar,azucar,False,¡Nueva tarjeta de crédito HEB Afirme!,Consigue la tuya aquí,425 g,MX,LOCAL,65.0,3.4909,3.4909,18.62,False,keep,heuristic_default,3.1418,False,original_clean,,,1822,True
582,8,Desconocido,MX,13,azucar,azucar,False,¡Nueva tarjeta de crédito HEB Afirme!,Consigue la tuya aquí,425 g,MX,LOCAL,65.0,3.4909,3.4909,18.62,False,keep,heuristic_default,3.3164,False,original_clean,,,1823,True
582,8,Desconocido,MX,13,azucar,azucar,False,¡Nueva tarjeta de crédito HEB Afirme!,Consigue la tuya aquí,425 g,MX,LOCAL,65.0,3.4909,3.4909,18.62,False,keep,heuristic_default,3.6654,False,original_clean,,,1824,True
582,8,Desconocido,MX,13,azucar,azucar,False,¡Nueva tarjeta de crédito HEB Afirme!,Consigue la tuya aquí,425 g,MX,LOCAL,65.0,3.4909,3.4909,18.62,False,keep,heuristic_default,3.84,False,original_clean,,,1825,True
583,8,Desconocido,MX,13,azucar,azucar,False,¡Nueva tarjeta de crédito HEB Afirme!,Consigue la tuya aquí,750 g,MX,LOCAL,20.5,1.101,1.101,18.62,False,keep,heuristic_default,0.9909,False,original_clean,,,1826,True
583,8,Desconocido,MX,13,azucar,azucar,False,¡Nueva tarjeta de crédito HEB Afirme!,Consigue la tuya aquí,750 g,MX,LOCAL,20.5,1.101,1.101,18.62,False,keep,heuristic_default,1.0459,False,original_clean,,,1827,True
583,8,Desconocido,MX,13,azucar,azucar,False,¡Nueva tarjeta de crédito HEB Afirme!,Consigue la tuya aquí,750 g,MX,LOCAL,20.5,1.101,1.101,18.62,False,keep,heuristic_default,1.1561,False,original_clean,,,1828,True
583,8,Desconocido,MX,13,azucar,azucar,False,¡Nueva tarjeta de crédito HEB Afirme!,Consigue la tuya aquí,750 g,MX,LOCAL,20.5,1.101,1.101,18.62,False,keep,heuristic_default,1.2111,False,original_clean,,,1829,True
584,8,Desconocido,MX,8,huevo,sin_categoria,True,¡Nueva tarjeta de crédito HEB Afirme!,Consigue la tuya aquí,907 g,MX,LOCAL,46.0,2.4705,2.4705,18.62,False,keep_imputed,no_category_detected,2.2235,False,original_clean,,,1830,True
584,8,Desconocido,MX,8,huevo,sin_categoria,True,¡Nueva tarjeta de crédito HEB Afirme!,Consigue la tuya aquí,907 g,MX,LOCAL,46.0,2.4705,2.4705,18.62,False,keep_imputed,no_category_detected,2.347,False,original_clean,,,1831,True
584,8,Desconocido,MX,8,huevo,sin_categoria,True,¡Nueva tarjeta de crédito HEB Afirme!,Consigue la tuya aquí,907 g,MX,LOCAL,46.0,2.4705,2.4705,18.62,False,keep_imputed,no_category_detected,2.594,False,original_clean,,,1832,True
584,8,Desconocido,MX,8,huevo,sin_categoria,True,¡Nueva tarjeta de crédito HEB Afirme!,Consigue la tuya aquí,907 g,MX,LOCAL,46.0,2.4705,2.4705,18.62,False,keep_imputed,no_category_detected,2.7176,False,original_clean,,,1833,True
585,8,Desconocido,MX,14,cafe,cafe,False,¡Nueva tarjeta de crédito HEB Afirme!,Consigue la tuya aquí,120 g,MX,LOCAL,98.0,5.2632,5.2632,18.62,False,keep,heuristic_default,4.7369,False,original_clean,,,1834,True
585,8,Desconocido,MX,14,cafe,cafe,False,¡Nueva tarjeta de crédito HEB Afirme!,Consigue la tuya aquí,120 g,MX,LOCAL,98.0,5.2632,5.2632,18.62,False,keep,heuristic_default,5.0,False,original_clean,,,1835,True
585,8,Desconocido,MX,14,cafe,cafe,False,¡Nueva tarjeta de crédito HEB Afirme!,Consigue la tuya aquí,120 g,MX,LOCAL,98.0,5.2632,5.2632,18.62,False,keep,heuristic_default,5.5264,False,original_clean,,,1836,True
585,8,Desconocido,MX,14,cafe,cafe,False,¡Nueva tarjeta de crédito HEB Afirme!,Consigue la tuya aquí,120 g,MX,LOCAL,98.0,5.2632,5.2632,18.62,False,keep,heuristic_default,5.7895,False,original_clean,,,1837,True
586,8,Desconocido,MX,14,cafe,cafe,False,¡Nueva tarjeta de crédito HEB Afirme!,Consigue la tuya aquí,90 g,MX,LOCAL,51.9,2.7873,2.7873,18.62,False,keep,heuristic_default,2.5086,False,original_clean,,,1838,True
586,8,Desconocido,MX,14,cafe,cafe,False,¡Nueva tarjeta de crédito HEB Afirme!,Consigue la tuya aquí,90 g,MX,LOCAL,51.9,2.7873,2.7873,18.62,False,keep,heuristic_default,2.6479,False,original_clean,,,1839,True
586,8,Desconocido,MX,14,cafe,cafe,False,¡Nueva tarjeta de crédito HEB Afirme!,Consigue la tuya aquí,90 g,MX,LOCAL,51.9,2.7873,2.7873,18.62,False,keep,heuristic_default,2.9267,False,original_clean,,,1840,True
586,8,Desconocido,MX,14,cafe,cafe,False,¡Nueva tarjeta de crédito HEB Afirme!,Consigue la tuya aquí,90 g,MX,LOCAL,51.9,2.7873,2.7873,18.62,False,keep,heuristic_default,3.066,False,original_clean,,,1841,True
587,8,Desconocido,MX,2,cafe,sin_categoria,True,¡Nueva tarjeta de crédito HEB Afirme!,Consigue la tuya aquí,100 g,MX,LOCAL,71.0,3.8131,3.8131,18.62,False,keep_imputed,no_category_detected,3.4318,False,original_clean,,,1842,True
587,8,Desconocido,MX,2,cafe,sin_categoria,True,¡Nueva tarjeta de crédito HEB Afirme!,Consigue la tuya aquí,100 g,MX,LOCAL,71.0,3.8131,3.8131,18.62,False,keep_imputed,no_category_detected,3.6224,False,original_clean,,,1843,True
587,8,Desconocido,MX,2,cafe,sin_categoria,True,¡Nueva tarjeta de crédito HEB Afirme!,Consigue la tuya aquí,100 g,MX,LOCAL,71.0,3.8131,3.8131,18.62,False,keep_imputed,no_category_detected,4.0038,False,original_clean,,,1844,True
587,8,Desconocido,MX,2,cafe,sin_categoria,True,¡Nueva tarjeta de crédito HEB Afirme!,Consigue la tuya aquí,100 g,MX,LOCAL,71.0,3.8131,3.8131,18.62,False,keep_imputed,no_category_detected,4.1944,False,original_clean,,,1845,True
588,8,Desconocido,MX,2,cafe,sin_categoria,True,¡Nueva tarjeta de crédito HEB Afirme!,Consigue la tuya aquí,180 Gr,MX,LOCAL,140.0,7.5188,7.5188,18.62,False,keep_imputed,no_category_detected,6.7669,False,original_clean,,,1846,True
588,8,Desconocido,MX,2,cafe,sin_categoria,True,¡Nueva tarjeta de crédito HEB Afirme!,Consigue la tuya aquí,180 Gr,MX,LOCAL,140.0,7.5188,7.5188,18.62,False,keep_imputed,no_category_detected,7.1429,False,original_clean,,,1847,True
588,8,Desconocido,MX,2,cafe,sin_categoria,True,¡Nueva tarjeta de crédito HEB Afirme!,Consigue la tuya aquí,180 Gr,MX,LOCAL,140.0,7.5188,7.5188,18.62,False,keep_imputed,no_category_detected,7.8947,False,original_clean,,,1848,True
588,8,Desconocido,MX,2,cafe,sin_categoria,True,¡Nueva tarjeta de crédito HEB Afirme!,Consigue la tuya aquí,180 Gr,MX,LOCAL,140.0,7.5188,7.5188,18.62,False,keep_imputed,no_category_detected,8.2707,False,original_clean,,,1849,True
589,8,Desconocido,MX,18,huevo,huevo,False,¡Nueva tarjeta de crédito HEB Afirme!,Consigue la tuya aquí,60 g,MX,LOCAL,79.9,4.2911,4.2911,18.62,False,keep_imputed,heuristic_default,3.862,False,original_clean,,,1850,True
589,8,Desconocido,MX,18,huevo,huevo,False,¡Nueva tarjeta de crédito HEB Afirme!,Consigue la tuya aquí,60 g,MX,LOCAL,79.9,4.2911,4.2911,18.62,False,keep_imputed,heuristic_default,4.0765,False,original_clean,,,1851,True
589,8,Desconocido,MX,18,huevo,huevo,False,¡Nueva tarjeta de crédito HEB Afirme!,Consigue la tuya aquí,60 g,MX,LOCAL,79.9,4.2911,4.2911,18.62,False,keep_imputed,heuristic_default,4.5057,False,original_clean,,,1852,True
589,8,Desconocido,MX,18,huevo,huevo,False,¡Nueva tarjeta de crédito HEB Afirme!,Consigue la tuya aquí,60 g,MX,LOCAL,79.9,4.2911,4.2911,18.62,False,keep_imputed,heuristic_default,4.7202,False,original_clean,,,1853,True
590,8,Desconocido,MX,8,huevo,sin_categoria,True,¡Nueva tarjeta de crédito HEB Afirme!,Consigue la tuya aquí,30 piezas,MX,LOCAL,94.0,5.0483,5.0483,18.62,False,keep_imputed,no_category_detected,4.5435,False,original_clean,,,1854,True
590,8,Desconocido,MX,8,huevo,sin_categoria,True,¡Nueva tarjeta de crédito HEB Afirme!,Consigue la tuya aquí,30 piezas,MX,LOCAL,94.0,5.0483,5.0483,18.62,False,keep_imputed,no_category_detected,4.7959,False,original_clean,,,1855,True
590,8,Desconocido,MX,8,huevo,sin_categoria,True,¡Nueva tarjeta de crédito HEB Afirme!,Consigue la tuya aquí,30 piezas,MX,LOCAL,94.0,5.0483,5.0483,18.62,False,keep_imputed,no_category_detected,5.3007,False,original_clean,,,1856,True
590,8,Desconocido,MX,8,huevo,sin_categoria,True,¡Nueva tarjeta de crédito HEB Afirme!,Consigue la tuya aquí,30 piezas,MX,LOCAL,94.0,5.0483,5.0483,18.62,False,keep_imputed,no_category_detected,5.5531,False,original_clean,,,1857,True
592,1,Desconocido,UNKNOWN,7,aceite vegetal,aceite vegetal,False,¡Qué mal! Justo se agotó,ARIZTIA,1 Kg,UNKNOWN,LOCAL,3.99,3.99,3.99,1.0,False,keep,heuristic_default,3.591,False,original_clean,,,1858,True
592,1,Desconocido,UNKNOWN,7,aceite vegetal,aceite vegetal,False,¡Qué mal! Justo se agotó,ARIZTIA,1 Kg,UNKNOWN,LOCAL,3.99,3.99,3.99,1.0,False,keep,heuristic_default,3.7905,False,original_clean,,,1859,True
592,1,Desconocido,UNKNOWN,7,aceite vegetal,aceite vegetal,False,¡Qué mal! Justo se agotó,ARIZTIA,1 Kg,UNKNOWN,LOCAL,3.99,3.99,3.99,1.0,False,keep,heuristic_default,4.1895,False,original_clean,,,1860,True
592,1,Desconocido,UNKNOWN,7,aceite vegetal,aceite vegetal,False,¡Qué mal! Justo se agotó,ARIZTIA,1 Kg,UNKNOWN,LOCAL,3.99,3.99,3.99,1.0,False,keep,heuristic_default,4.389,False,original_clean,,,1861,True
597,6,Desconocido,PE,14,cafe,cafe,False,¿Que buscas hoy?,Elegir,170g,PE,LOCAL,37.0,10.4225,10.4225,3.55,False,keep,heuristic_default,9.3803,False,original_clean,,,1862,True
597,6,Desconocido,PE,14,cafe,cafe,False,¿Que buscas hoy?,Elegir,170g,PE,LOCAL,37.0,10.4225,10.4225,3.55,False,keep,heuristic_default,9.9014,False,original_clean,,,1863,True
597,6,Desconocido,PE,14,cafe,cafe,False,¿Que buscas hoy?,Elegir,170g,PE,LOCAL,37.0,10.4225,10.4225,3.55,False,keep,heuristic_default,10.9436,False,original_clean,,,1864,True
597,6,Desconocido,PE,14,cafe,cafe,False,¿Que buscas hoy?,Elegir,170g,PE,LOCAL,37.0,10.4225,10.4225,3.55,False,keep,heuristic_default,11.4648,False,original_clean,,,1865,True
598,6,Desconocido,PE,14,cafe,cafe,False,¿Que buscas hoy?,Elegir,454g,PE,LOCAL,45.0,12.6761,12.6761,3.55,False,keep,heuristic_default,11.4085,False,original_clean,,,1866,True
598,6,Desconocido,PE,14,cafe,cafe,False,¿Que buscas hoy?,Elegir,454g,PE,LOCAL,45.0,12.6761,12.6761,3.55,False,keep,heuristic_default,12.0423,False,original_clean,,,1867,True
598,6,Desconocido,PE,14,cafe,cafe,False,¿Que buscas hoy?,Elegir,454g,PE,LOCAL,45.0,12.6761,12.6761,3.55,False,keep,heuristic_default,13.3099,False,original_clean,,,1868,True
598,6,Desconocido,PE,14,cafe,cafe,False,¿Que buscas hoy?,Elegir,454g,PE,LOCAL,45.0,12.6761,12.6761,3.55,False,keep,heuristic_default,13.9437,False,original_clean,,,1869,True
599,6,Desconocido,PE,14,cafe,cafe,False,¿Que buscas hoy?,Elegir,200g,PE,LOCAL,27.9,7.8592,7.8592,3.55,False,keep,heuristic_default,7.0733,False,original_clean,,,1870,True
599,6,Desconocido,PE,14,cafe,cafe,False,¿Que buscas hoy?,Elegir,200g,PE,LOCAL,27.9,7.8592,7.8592,3.55,False,keep,heuristic_default,7.4662,False,original_clean,,,1871,True
599,6,Desconocido,PE,14,cafe,cafe,False,¿Que buscas hoy?,Elegir,200g,PE,LOCAL,27.9,7.8592,7.8592,3.55,False,keep,heuristic_default,8.2522,False,original_clean,,,1872,True
599,6,Desconocido,PE,14,cafe,cafe,False,¿Que buscas hoy?,Elegir,200g,PE,LOCAL,27.9,7.8592,7.8592,3.55,False,keep,heuristic_default,8.6451,False,original_clean,,,1873,True
601,6,Desconocido,PE,14,cafe,cafe,False,¿Que buscas hoy?,Elegir,500g,PE,LOCAL,6.1,1.7183,1.7183,3.55,False,keep,heuristic_default,1.5465,False,original_clean,,,1874,True
601,6,Desconocido,PE,14,cafe,cafe,False,¿Que buscas hoy?,Elegir,500g,PE,LOCAL,6.1,1.7183,1.7183,3.55,False,keep,heuristic_default,1.6324,False,original_clean,,,1875,True
601,6,Desconocido,PE,14,cafe,cafe,False,¿Que buscas hoy?,Elegir,500g,PE,LOCAL,6.1,1.7183,1.7183,3.55,False,keep,heuristic_default,1.8042,False,original_clean,,,1876,True
601,6,Desconocido,PE,14,cafe,cafe,False,¿Que buscas hoy?,Elegir,500g,PE,LOCAL,6.1,1.7183,1.7183,3.55,False,keep,heuristic_default,1.8901,False,original_clean,,,1877,True
604,6,Desconocido,PE,17,leche,leche,False,¿Que buscas hoy?,Elegir,800ml,PE,LOCAL,5.5,1.5493,1.5493,3.55,False,keep,heuristic_default,1.3944,False,original_clean,,,1878,True
604,6,Desconocido,PE,17,leche,leche,False,¿Que buscas hoy?,Elegir,800ml,PE,LOCAL,5.5,1.5493,1.5493,3.55,False,keep,heuristic_default,1.4718,False,original_clean,,,1879,True
604,6,Desconocido,PE,17,leche,leche,False,¿Que buscas hoy?,Elegir,800ml,PE,LOCAL,5.5,1.5493,1.5493,3.55,False,keep,heuristic_default,1.6268,False,original_clean,,,1880,True
604,6,Desconocido,PE,17,leche,leche,False,¿Que buscas hoy?,Elegir,800ml,PE,LOCAL,5.5,1.5493,1.5493,3.55,False,keep,heuristic_default,1.7042,False,original_clean,,,1881,True
605,6,Desconocido,PE,13,azucar,azucar,False,¿Que buscas hoy?,Elegir,1L,PE,LOCAL,11.9,3.3521,3.3521,3.55,False,keep,heuristic_default,3.0169,False,original_clean,,,1882,True
605,6,Desconocido,PE,13,azucar,azucar,False,¿Que buscas hoy?,Elegir,1L,PE,LOCAL,11.9,3.3521,3.3521,3.55,False,keep,heuristic_default,3.1845,False,original_clean,,,1883,True
605,6,Desconocido,PE,13,azucar,azucar,False,¿Que buscas hoy?,Elegir,1L,PE,LOCAL,11.9,3.3521,3.3521,3.55,False,keep,heuristic_default,3.5197,False,original_clean,,,1884,True
605,6,Desconocido,PE,13,azucar,azucar,False,¿Que buscas hoy?,Elegir,1L,PE,LOCAL,11.9,3.3521,3.3521,3.55,False,keep,heuristic_default,3.6873,False,original_clean,,,1885,True
606,6,Desconocido,PE,18,huevo,huevo,False,¿Que buscas hoy?,Elegir,30 unidades,PE,LOCAL,16.5,4.6479,4.6479,3.55,False,keep_imputed,heuristic_default,4.1831,False,original_clean,,,1886,True
606,6,Desconocido,PE,18,huevo,huevo,False,¿Que buscas hoy?,Elegir,30 unidades,PE,LOCAL,16.5,4.6479,4.6479,3.55,False,keep_imputed,heuristic_default,4.4155,False,original_clean,,,1887,True
606,6,Desconocido,PE,18,huevo,huevo,False,¿Que buscas hoy?,Elegir,30 unidades,PE,LOCAL,16.5,4.6479,4.6479,3.55,False,keep_imputed,heuristic_default,4.8803,False,original_clean,,,1888,True
606,6,Desconocido,PE,18,huevo,huevo,False,¿Que buscas hoy?,Elegir,30 unidades,PE,LOCAL,16.5,4.6479,4.6479,3.55,False,keep_imputed,heuristic_default,5.1127,False,original_clean,,,1889,True
607,6,Desconocido,PE,18,huevo,huevo,False,¿Que buscas hoy?,Elegir,30 Unidades,PE,LOCAL,20.9,5.8873,5.8873,3.55,False,keep_imputed,heuristic_default,5.2986,False,original_clean,,,1890,True
607,6,Desconocido,PE,18,huevo,huevo,False,¿Que buscas hoy?,Elegir,30 Unidades,PE,LOCAL,20.9,5.8873,5.8873,3.55,False,keep_imputed,heuristic_default,5.5929,False,original_clean,,,1891,True
607,6,Desconocido,PE,18,huevo,huevo,False,¿Que buscas hoy?,Elegir,30 Unidades,PE,LOCAL,20.9,5.8873,5.8873,3.55,False,keep_imputed,heuristic_default,6.1817,False,original_clean,,,1892,True
607,6,Desconocido,PE,18,huevo,huevo,False,¿Que buscas hoy?,Elegir,30 Unidades,PE,LOCAL,20.9,5.8873,5.8873,3.55,False,keep_imputed,heuristic_default,6.476,False,original_clean,,,1893,True
608,6,Desconocido,PE,18,huevo,huevo,False,¿Que buscas hoy?,Elegir,15 unidades,PE,LOCAL,16.5,4.6479,4.6479,3.55,False,keep_imputed,heuristic_default,4.1831,False,original_clean,,,1894,True
608,6,Desconocido,PE,18,huevo,huevo,False,¿Que buscas hoy?,Elegir,15 unidades,PE,LOCAL,16.5,4.6479,4.6479,3.55,False,keep_imputed,heuristic_default,4.4155,False,original_clean,,,1895,True
608,6,Desconocido,PE,18,huevo,huevo,False,¿Que buscas hoy?,Elegir,15 unidades,PE,LOCAL,16.5,4.6479,4.6479,3.55,False,keep_imputed,heuristic_default,4.8803,False,original_clean,,,1896,True
608,6,Desconocido,PE,18,huevo,huevo,False,¿Que buscas hoy?,Elegir,15 unidades,PE,LOCAL,16.5,4.6479,4.6479,3.55,False,keep_imputed,heuristic_default,5.1127,False,original_clean,,,1897,True
609,6,Desconocido,PE,15,pan,pan,False,¿Que buscas hoy?,Elegir,770g,PE,LOCAL,16.5,4.6479,4.6479,3.55,False,keep,heuristic_default,4.1831,False,original_clean,,,1898,True
609,6,Desconocido,PE,15,pan,pan,False,¿Que buscas hoy?,Elegir,770g,PE,LOCAL,16.5,4.6479,4.6479,3.55,False,keep,heuristic_default,4.4155,False,original_clean,,,1899,True
609,6,Desconocido,PE,15,pan,pan,False,¿Que buscas hoy?,Elegir,770g,PE,LOCAL,16.5,4.6479,4.6479,3.55,False,keep,heuristic_default,4.8803,False,original_clean,,,1900,True
609,6,Desconocido,PE,15,pan,pan,False,¿Que buscas hoy?,Elegir,770g,PE,LOCAL,16.5,4.6479,4.6479,3.55,False,keep,heuristic_default,5.1127,False,original_clean,,,1901,True
611,6,Desconocido,PE,15,pan,pan,False,¿Que buscas hoy?,Elegir,560 g,PE,LOCAL,10.9,3.0704,3.0704,3.55,False,keep,heuristic_default,2.7634,False,original_clean,,,1902,True
611,6,Desconocido,PE,15,pan,pan,False,¿Que buscas hoy?,Elegir,560 g,PE,LOCAL,10.9,3.0704,3.0704,3.55,False,keep,heuristic_default,2.9169,False,original_clean,,,1903,True
611,6,Desconocido,PE,15,pan,pan,False,¿Que buscas hoy?,Elegir,560 g,PE,LOCAL,10.9,3.0704,3.0704,3.55,False,keep,heuristic_default,3.2239,False,original_clean,,,1904,True
611,6,Desconocido,PE,15,pan,pan,False,¿Que buscas hoy?,Elegir,560 g,PE,LOCAL,10.9,3.0704,3.0704,3.55,False,keep,heuristic_default,3.3774,False,original_clean,,,1905,True
612,6,Desconocido,PE,17,leche,leche,False,¿Que buscas hoy?,Elegir,540g,PE,LOCAL,10.9,3.0704,3.0704,3.55,False,keep,heuristic_default,2.7634,False,original_clean,,,1906,True
612,6,Desconocido,PE,17,leche,leche,False,¿Que buscas hoy?,Elegir,540g,PE,LOCAL,10.9,3.0704,3.0704,3.55,False,keep,heuristic_default,2.9169,False,original_clean,,,1907,True
612,6,Desconocido,PE,17,leche,leche,False,¿Que buscas hoy?,Elegir,540g,PE,LOCAL,10.9,3.0704,3.0704,3.55,False,keep,heuristic_default,3.2239,False,original_clean,,,1908,True
612,6,Desconocido,PE,17,leche,leche,False,¿Que buscas hoy?,Elegir,540g,PE,LOCAL,10.9,3.0704,3.0704,3.55,False,keep,heuristic_default,3.3774,False,original_clean,,,1909,True
615,6,Desconocido,PE,24,atun,atun,False,¿Que buscas hoy?,Elegir,150g,PE,LOCAL,4.6,1.2958,1.2958,3.55,False,keep,heuristic_default,1.1662,False,original_clean,,,1910,True
615,6,Desconocido,PE,24,atun,atun,False,¿Que buscas hoy?,Elegir,150g,PE,LOCAL,4.6,1.2958,1.2958,3.55,False,keep,heuristic_default,1.231,False,original_clean,,,1911,True
615,6,Desconocido,PE,24,atun,atun,False,¿Que buscas hoy?,Elegir,150g,PE,LOCAL,4.6,1.2958,1.2958,3.55,False,keep,heuristic_default,1.3606,False,original_clean,,,1912,True
615,6,Desconocido,PE,24,atun,atun,False,¿Que buscas hoy?,Elegir,150g,PE,LOCAL,4.6,1.2958,1.2958,3.55,False,keep,heuristic_default,1.4254,False,original_clean,,,1913,True
616,6,Desconocido,PE,24,atun,atun,False,¿Que buscas hoy?,Elegir,140g,PE,LOCAL,6.4,1.8028,1.8028,3.55,False,keep,heuristic_default,1.6225,False,original_clean,,,1914,True
616,6,Desconocido,PE,24,atun,atun,False,¿Que buscas hoy?,Elegir,140g,PE,LOCAL,6.4,1.8028,1.8028,3.55,False,keep,heuristic_default,1.7127,False,original_clean,,,1915,True
616,6,Desconocido,PE,24,atun,atun,False,¿Que buscas hoy?,Elegir,140g,PE,LOCAL,6.4,1.8028,1.8028,3.55,False,keep,heuristic_default,1.8929,False,original_clean,,,1916,True
616,6,Desconocido,PE,24,atun,atun,False,¿Que buscas hoy?,Elegir,140g,PE,LOCAL,6.4,1.8028,1.8028,3.55,False,keep,heuristic_default,1.9831,False,original_clean,,,1917,True
624,1,Desconocido,UNKNOWN,14,cafe,cafe,False,‎ ‎ ‎ ‎ ‎ ‎ ‎ ‎ ‎ ‎ ‎ ‎ ‎ ‎ ‎ ‎ ‎ ‎ ‎ ‎ ‎ ‎ ‎ ‎ ‎ ‎ ‎ ‎ ‎ ‎ ‎ ‎ ‎ ‎ ‎ ‎ ‎ ‎ ‎ ‎ ‎ ‎ ‎ ‎ ‎ ‎ ‎ ‎ ‎ ‎ ‎ ‎ ‎ ‎ ‎ ‎ ‎ ‎ ‎ ‎ ‎ ‎ ‎ ‎ ‎ ‎ ‎ ‎ ‎ ‎ Hazte Socio Diamante para disfrutar de ofertas y beneficios exclusivos.,📍,170 g,UNKNOWN,LOCAL,7.99,7.99,7.99,1.0,False,keep,heuristic_default,7.191,False,original_clean,,,1918,True
624,1,Desconocido,UNKNOWN,14,cafe,cafe,False,‎ ‎ ‎ ‎ ‎ ‎ ‎ ‎ ‎ ‎ ‎ ‎ ‎ ‎ ‎ ‎ ‎ ‎ ‎ ‎ ‎ ‎ ‎ ‎ ‎ ‎ ‎ ‎ ‎ ‎ ‎ ‎ ‎ ‎ ‎ ‎ ‎ ‎ ‎ ‎ ‎ ‎ ‎ ‎ ‎ ‎ ‎ ‎ ‎ ‎ ‎ ‎ ‎ ‎ ‎ ‎ ‎ ‎ ‎ ‎ ‎ ‎ ‎ ‎ ‎ ‎ ‎ ‎ ‎ ‎ Hazte Socio Diamante para disfrutar de ofertas y beneficios exclusivos.,📍,170 g,UNKNOWN,LOCAL,7.99,7.99,7.99,1.0,False,keep,heuristic_default,7.5905,False,original_clean,,,1919,True
624,1,Desconocido,UNKNOWN,14,cafe,cafe,False,‎ ‎ ‎ ‎ ‎ ‎ ‎ ‎ ‎ ‎ ‎ ‎ ‎ ‎ ‎ ‎ ‎ ‎ ‎ ‎ ‎ ‎ ‎ ‎ ‎ ‎ ‎ ‎ ‎ ‎ ‎ ‎ ‎ ‎ ‎ ‎ ‎ ‎ ‎ ‎ ‎ ‎ ‎ ‎ ‎ ‎ ‎ ‎ ‎ ‎ ‎ ‎ ‎ ‎ ‎ ‎ ‎ ‎ ‎ ‎ ‎ ‎ ‎ ‎ ‎ ‎ ‎ ‎ ‎ ‎ Hazte Socio Diamante para disfrutar de ofertas y beneficios exclusivos.,📍,170 g,UNKNOWN,LOCAL,7.99,7.99,7.99,1.0,False,keep,heuristic_default,8.3895,False,original_clean,,,1920,True
624,1,Desconocido,UNKNOWN,14,cafe,cafe,False,‎ ‎ ‎ ‎ ‎ ‎ ‎ ‎ ‎ ‎ ‎ ‎ ‎ ‎ ‎ ‎ ‎ ‎ ‎ ‎ ‎ ‎ ‎ ‎ ‎ ‎ ‎ ‎ ‎ ‎ ‎ ‎ ‎ ‎ ‎ ‎ ‎ ‎ ‎ ‎ ‎ ‎ ‎ ‎ ‎ ‎ ‎ ‎ ‎ ‎ ‎ ‎ ‎ ‎ ‎ ‎ ‎ ‎ ‎ ‎ ‎ ‎ ‎ ‎ ‎ ‎ ‎ ‎ ‎ ‎ Hazte Socio Diamante para disfrutar de ofertas y beneficios exclusivos.,📍,170 g,UNKNOWN,LOCAL,7.99,7.99,7.99,1.0,False,keep,heuristic_default,8.789,False,original_clean,,,1921,True
625,1,Desconocido,UNKNOWN,14,cafe,cafe,False,‎ ‎ ‎ ‎ ‎ ‎ ‎ ‎ ‎ ‎ ‎ ‎ ‎ ‎ ‎ ‎ ‎ ‎ ‎ ‎ ‎ ‎ ‎ ‎ ‎ ‎ ‎ ‎ ‎ ‎ ‎ ‎ ‎ ‎ ‎ ‎ ‎ ‎ ‎ ‎ ‎ ‎ ‎ ‎ ‎ ‎ ‎ ‎ ‎ ‎ ‎ ‎ ‎ ‎ ‎ ‎ ‎ ‎ ‎ ‎ ‎ ‎ ‎ ‎ ‎ ‎ ‎ ‎ ‎ ‎ Hazte Socio Diamante para disfrutar de ofertas y beneficios exclusivos.,📍,227 g,UNKNOWN,LOCAL,14.59,14.59,14.59,1.0,False,keep,heuristic_default,13.131,False,original_clean,,,1922,True
625,1,Desconocido,UNKNOWN,14,cafe,cafe,False,‎ ‎ ‎ ‎ ‎ ‎ ‎ ‎ ‎ ‎ ‎ ‎ ‎ ‎ ‎ ‎ ‎ ‎ ‎ ‎ ‎ ‎ ‎ ‎ ‎ ‎ ‎ ‎ ‎ ‎ ‎ ‎ ‎ ‎ ‎ ‎ ‎ ‎ ‎ ‎ ‎ ‎ ‎ ‎ ‎ ‎ ‎ ‎ ‎ ‎ ‎ ‎ ‎ ‎ ‎ ‎ ‎ ‎ ‎ ‎ ‎ ‎ ‎ ‎ ‎ ‎ ‎ ‎ ‎ ‎ Hazte Socio Diamante para disfrutar de ofertas y beneficios exclusivos.,📍,227 g,UNKNOWN,LOCAL,14.59,14.59,14.59,1.0,False,keep,heuristic_default,13.8605,False,original_clean,,,1923,True
625,1,Desconocido,UNKNOWN,14,cafe,cafe,False,‎ ‎ ‎ ‎ ‎ ‎ ‎ ‎ ‎ ‎ ‎ ‎ ‎ ‎ ‎ ‎ ‎ ‎ ‎ ‎ ‎ ‎ ‎ ‎ ‎ ‎ ‎ ‎ ‎ ‎ ‎ ‎ ‎ ‎ ‎ ‎ ‎ ‎ ‎ ‎ ‎ ‎ ‎ ‎ ‎ ‎ ‎ ‎ ‎ ‎ ‎ ‎ ‎ ‎ ‎ ‎ ‎ ‎ ‎ ‎ ‎ ‎ ‎ ‎ ‎ ‎ ‎ ‎ ‎ ‎ Hazte Socio Diamante para disfrutar de ofertas y beneficios exclusivos.,📍,227 g,UNKNOWN,LOCAL,14.59,14.59,14.59,1.0,False,keep,heuristic_default,15.3195,False,original_clean,,,1924,True
625,1,Desconocido,UNKNOWN,14,cafe,cafe,False,‎ ‎ ‎ ‎ ‎ ‎ ‎ ‎ ‎ ‎ ‎ ‎ ‎ ‎ ‎ ‎ ‎ ‎ ‎ ‎ ‎ ‎ ‎ ‎ ‎ ‎ ‎ ‎ ‎ ‎ ‎ ‎ ‎ ‎ ‎ ‎ ‎ ‎ ‎ ‎ ‎ ‎ ‎ ‎ ‎ ‎ ‎ ‎ ‎ ‎ ‎ ‎ ‎ ‎ ‎ ‎ ‎ ‎ ‎ ‎ ‎ ‎ ‎ ‎ ‎ ‎ ‎ ‎ ‎ ‎ Hazte Socio Diamante para disfrutar de ofertas y beneficios exclusivos.,📍,227 g,UNKNOWN,LOCAL,14.59,14.59,14.59,1.0,False,keep,heuristic_default,16.049,False,original_clean,,,1925,True
626,1,Desconocido,UNKNOWN,14,cafe,cafe,False,‎ ‎ ‎ ‎ ‎ ‎ ‎ ‎ ‎ ‎ ‎ ‎ ‎ ‎ ‎ ‎ ‎ ‎ ‎ ‎ ‎ ‎ ‎ ‎ ‎ ‎ ‎ ‎ ‎ ‎ ‎ ‎ ‎ ‎ ‎ ‎ ‎ ‎ ‎ ‎ ‎ ‎ ‎ ‎ ‎ ‎ ‎ ‎ ‎ ‎ ‎ ‎ ‎ ‎ ‎ ‎ ‎ ‎ ‎ ‎ ‎ ‎ ‎ ‎ ‎ ‎ ‎ ‎ ‎ ‎ Hazte Socio Diamante para disfrutar de ofertas y beneficios exclusivos.,📍,250 g,UNKNOWN,LOCAL,1.25,1.25,1.25,1.0,False,keep,heuristic_default,1.125,False,original_clean,,,1926,True
626,1,Desconocido,UNKNOWN,14,cafe,cafe,False,‎ ‎ ‎ ‎ ‎ ‎ ‎ ‎ ‎ ‎ ‎ ‎ ‎ ‎ ‎ ‎ ‎ ‎ ‎ ‎ ‎ ‎ ‎ ‎ ‎ ‎ ‎ ‎ ‎ ‎ ‎ ‎ ‎ ‎ ‎ ‎ ‎ ‎ ‎ ‎ ‎ ‎ ‎ ‎ ‎ ‎ ‎ ‎ ‎ ‎ ‎ ‎ ‎ ‎ ‎ ‎ ‎ ‎ ‎ ‎ ‎ ‎ ‎ ‎ ‎ ‎ ‎ ‎ ‎ ‎ Hazte Socio Diamante para disfrutar de ofertas y beneficios exclusivos.,📍,250 g,UNKNOWN,LOCAL,1.25,1.25,1.25,1.0,False,keep,heuristic_default,1.1875,False,original_clean,,,1927,True
626,1,Desconocido,UNKNOWN,14,cafe,cafe,False,‎ ‎ ‎ ‎ ‎ ‎ ‎ ‎ ‎ ‎ ‎ ‎ ‎ ‎ ‎ ‎ ‎ ‎ ‎ ‎ ‎ ‎ ‎ ‎ ‎ ‎ ‎ ‎ ‎ ‎ ‎ ‎ ‎ ‎ ‎ ‎ ‎ ‎ ‎ ‎ ‎ ‎ ‎ ‎ ‎ ‎ ‎ ‎ ‎ ‎ ‎ ‎ ‎ ‎ ‎ ‎ ‎ ‎ ‎ ‎ ‎ ‎ ‎ ‎ ‎ ‎ ‎ ‎ ‎ ‎ Hazte Socio Diamante para disfrutar de ofertas y beneficios exclusivos.,📍,250 g,UNKNOWN,LOCAL,1.25,1.25,1.25,1.0,False,keep,heuristic_default,1.3125,False,original_clean,,,1928,True
626,1,Desconocido,UNKNOWN,14,cafe,cafe,False,‎ ‎ ‎ ‎ ‎ ‎ ‎ ‎ ‎ ‎ ‎ ‎ ‎ ‎ ‎ ‎ ‎ ‎ ‎ ‎ ‎ ‎ ‎ ‎ ‎ ‎ ‎ ‎ ‎ ‎ ‎ ‎ ‎ ‎ ‎ ‎ ‎ ‎ ‎ ‎ ‎ ‎ ‎ ‎ ‎ ‎ ‎ ‎ ‎ ‎ ‎ ‎ ‎ ‎ ‎ ‎ ‎ ‎ ‎ ‎ ‎ ‎ ‎ ‎ ‎ ‎ ‎ ‎ ‎ ‎ Hazte Socio Diamante para disfrutar de ofertas y beneficios exclusivos.,📍,250 g,UNKNOWN,LOCAL,1.25,1.25,1.25,1.0,False,keep,heuristic_default,1.375,False,original_clean,,,1929,True
627,1,Desconocido,UNKNOWN,16,papa,papa,False,‎ ‎ ‎ ‎ ‎ ‎ ‎ ‎ ‎ ‎ ‎ ‎ ‎ ‎ ‎ ‎ ‎ ‎ ‎ ‎ ‎ ‎ ‎ ‎ ‎ ‎ ‎ ‎ ‎ ‎ ‎ ‎ ‎ ‎ ‎ ‎ ‎ ‎ ‎ ‎ ‎ ‎ ‎ ‎ ‎ ‎ ‎ ‎ ‎ ‎ ‎ ‎ ‎ ‎ ‎ ‎ ‎ ‎ ‎ ‎ ‎ ‎ ‎ ‎ ‎ ‎ ‎ ‎ ‎ ‎ Hazte Socio Diamante para disfrutar de ofertas y beneficios exclusivos.,📍,2 Kg,UNKNOWN,LOCAL,1.99,1.99,1.99,1.0,False,keep,heuristic_default,1.791,False,original_clean,,,1930,True
627,1,Desconocido,UNKNOWN,16,papa,papa,False,‎ ‎ ‎ ‎ ‎ ‎ ‎ ‎ ‎ ‎ ‎ ‎ ‎ ‎ ‎ ‎ ‎ ‎ ‎ ‎ ‎ ‎ ‎ ‎ ‎ ‎ ‎ ‎ ‎ ‎ ‎ ‎ ‎ ‎ ‎ ‎ ‎ ‎ ‎ ‎ ‎ ‎ ‎ ‎ ‎ ‎ ‎ ‎ ‎ ‎ ‎ ‎ ‎ ‎ ‎ ‎ ‎ ‎ ‎ ‎ ‎ ‎ ‎ ‎ ‎ ‎ ‎ ‎ ‎ ‎ Hazte Socio Diamante para disfrutar de ofertas y beneficios exclusivos.,📍,2 Kg,UNKNOWN,LOCAL,1.99,1.99,1.99,1.0,False,keep,heuristic_default,1.8905,False,original_clean,,,1931,True
627,1,Desconocido,UNKNOWN,16,papa,papa,False,‎ ‎ ‎ ‎ ‎ ‎ ‎ ‎ ‎ ‎ ‎ ‎ ‎ ‎ ‎ ‎ ‎ ‎ ‎ ‎ ‎ ‎ ‎ ‎ ‎ ‎ ‎ ‎ ‎ ‎ ‎ ‎ ‎ ‎ ‎ ‎ ‎ ‎ ‎ ‎ ‎ ‎ ‎ ‎ ‎ ‎ ‎ ‎ ‎ ‎ ‎ ‎ ‎ ‎ ‎ ‎ ‎ ‎ ‎ ‎ ‎ ‎ ‎ ‎ ‎ ‎ ‎ ‎ ‎ ‎ Hazte Socio Diamante para disfrutar de ofertas y beneficios exclusivos.,📍,2 Kg,UNKNOWN,LOCAL,1.99,1.99,1.99,1.0,False,keep,heuristic_default,2.0895,False,original_clean,,,1932,True
627,1,Desconocido,UNKNOWN,16,papa,papa,False,‎ ‎ ‎ ‎ ‎ ‎ ‎ ‎ ‎ ‎ ‎ ‎ ‎ ‎ ‎ ‎ ‎ ‎ ‎ ‎ ‎ ‎ ‎ ‎ ‎ ‎ ‎ ‎ ‎ ‎ ‎ ‎ ‎ ‎ ‎ ‎ ‎ ‎ ‎ ‎ ‎ ‎ ‎ ‎ ‎ ‎ ‎ ‎ ‎ ‎ ‎ ‎ ‎ ‎ ‎ ‎ ‎ ‎ ‎ ‎ ‎ ‎ ‎ ‎ ‎ ‎ ‎ ‎ ‎ ‎ Hazte Socio Diamante para disfrutar de ofertas y beneficios exclusivos.,📍,2 Kg,UNKNOWN,LOCAL,1.99,1.99,1.99,1.0,False,keep,heuristic_default,2.189,False,original_clean,,,1933,True
629,1,Desconocido,UNKNOWN,16,papa,papa,False,‎ ‎ ‎ ‎ ‎ ‎ ‎ ‎ ‎ ‎ ‎ ‎ ‎ ‎ ‎ ‎ ‎ ‎ ‎ ‎ ‎ ‎ ‎ ‎ ‎ ‎ ‎ ‎ ‎ ‎ ‎ ‎ ‎ ‎ ‎ ‎ ‎ ‎ ‎ ‎ ‎ ‎ ‎ ‎ ‎ ‎ ‎ ‎ ‎ ‎ ‎ ‎ ‎ ‎ ‎ ‎ ‎ ‎ ‎ ‎ ‎ ‎ ‎ ‎ ‎ ‎ ‎ ‎ ‎ ‎ Hazte Socio Diamante para disfrutar de ofertas y beneficios exclusivos.,📍,1.3 Kg,UNKNOWN,LOCAL,1.35,1.35,1.35,1.0,False,keep,heuristic_default,1.215,False,original_clean,,,1934,True
629,1,Desconocido,UNKNOWN,16,papa,papa,False,‎ ‎ ‎ ‎ ‎ ‎ ‎ ‎ ‎ ‎ ‎ ‎ ‎ ‎ ‎ ‎ ‎ ‎ ‎ ‎ ‎ ‎ ‎ ‎ ‎ ‎ ‎ ‎ ‎ ‎ ‎ ‎ ‎ ‎ ‎ ‎ ‎ ‎ ‎ ‎ ‎ ‎ ‎ ‎ ‎ ‎ ‎ ‎ ‎ ‎ ‎ ‎ ‎ ‎ ‎ ‎ ‎ ‎ ‎ ‎ ‎ ‎ ‎ ‎ ‎ ‎ ‎ ‎ ‎ ‎ Hazte Socio Diamante para disfrutar de ofertas y beneficios exclusivos.,📍,1.3 Kg,UNKNOWN,LOCAL,1.35,1.35,1.35,1.0,False,keep,heuristic_default,1.2825,False,original_clean,,,1935,True
629,1,Desconocido,UNKNOWN,16,papa,papa,False,‎ ‎ ‎ ‎ ‎ ‎ ‎ ‎ ‎ ‎ ‎ ‎ ‎ ‎ ‎ ‎ ‎ ‎ ‎ ‎ ‎ ‎ ‎ ‎ ‎ ‎ ‎ ‎ ‎ ‎ ‎ ‎ ‎ ‎ ‎ ‎ ‎ ‎ ‎ ‎ ‎ ‎ ‎ ‎ ‎ ‎ ‎ ‎ ‎ ‎ ‎ ‎ ‎ ‎ ‎ ‎ ‎ ‎ ‎ ‎ ‎ ‎ ‎ ‎ ‎ ‎ ‎ ‎ ‎ ‎ Hazte Socio Diamante para disfrutar de ofertas y beneficios exclusivos.,📍,1.3 Kg,UNKNOWN,LOCAL,1.35,1.35,1.35,1.0,False,keep,heuristic_default,1.4175,False,original_clean,,,1936,True
629,1,Desconocido,UNKNOWN,16,papa,papa,False,‎ ‎ ‎ ‎ ‎ ‎ ‎ ‎ ‎ ‎ ‎ ‎ ‎ ‎ ‎ ‎ ‎ ‎ ‎ ‎ ‎ ‎ ‎ ‎ ‎ ‎ ‎ ‎ ‎ ‎ ‎ ‎ ‎ ‎ ‎ ‎ ‎ ‎ ‎ ‎ ‎ ‎ ‎ ‎ ‎ ‎ ‎ ‎ ‎ ‎ ‎ ‎ ‎ ‎ ‎ ‎ ‎ ‎ ‎ ‎ ‎ ‎ ‎ ‎ ‎ ‎ ‎ ‎ ‎ ‎ Hazte Socio Diamante para disfrutar de ofertas y beneficios exclusivos.,📍,1.3 Kg,UNKNOWN,LOCAL,1.35,1.35,1.35,1.0,False,keep,heuristic_default,1.485,False,original_clean,,,1937,True
630,1,Desconocido,UNKNOWN,15,pan,pan,False,‎ ‎ ‎ ‎ ‎ ‎ ‎ ‎ ‎ ‎ ‎ ‎ ‎ ‎ ‎ ‎ ‎ ‎ ‎ ‎ ‎ ‎ ‎ ‎ ‎ ‎ ‎ ‎ ‎ ‎ ‎ ‎ ‎ ‎ ‎ ‎ ‎ ‎ ‎ ‎ ‎ ‎ ‎ ‎ ‎ ‎ ‎ ‎ ‎ ‎ ‎ ‎ ‎ ‎ ‎ ‎ ‎ ‎ ‎ ‎ ‎ ‎ ‎ ‎ ‎ ‎ ‎ ‎ ‎ ‎ Hazte Socio Diamante para disfrutar de ofertas y beneficios exclusivos.,📍,750 g,UNKNOWN,LOCAL,2.55,2.55,2.55,1.0,False,keep,heuristic_default,2.295,False,original_clean,,,1938,True
630,1,Desconocido,UNKNOWN,15,pan,pan,False,‎ ‎ ‎ ‎ ‎ ‎ ‎ ‎ ‎ ‎ ‎ ‎ ‎ ‎ ‎ ‎ ‎ ‎ ‎ ‎ ‎ ‎ ‎ ‎ ‎ ‎ ‎ ‎ ‎ ‎ ‎ ‎ ‎ ‎ ‎ ‎ ‎ ‎ ‎ ‎ ‎ ‎ ‎ ‎ ‎ ‎ ‎ ‎ ‎ ‎ ‎ ‎ ‎ ‎ ‎ ‎ ‎ ‎ ‎ ‎ ‎ ‎ ‎ ‎ ‎ ‎ ‎ ‎ ‎ ‎ Hazte Socio Diamante para disfrutar de ofertas y beneficios exclusivos.,📍,750 g,UNKNOWN,LOCAL,2.55,2.55,2.55,1.0,False,keep,heuristic_default,2.4225,False,original_clean,,,1939,True
630,1,Desconocido,UNKNOWN,15,pan,pan,False,‎ ‎ ‎ ‎ ‎ ‎ ‎ ‎ ‎ ‎ ‎ ‎ ‎ ‎ ‎ ‎ ‎ ‎ ‎ ‎ ‎ ‎ ‎ ‎ ‎ ‎ ‎ ‎ ‎ ‎ ‎ ‎ ‎ ‎ ‎ ‎ ‎ ‎ ‎ ‎ ‎ ‎ ‎ ‎ ‎ ‎ ‎ ‎ ‎ ‎ ‎ ‎ ‎ ‎ ‎ ‎ ‎ ‎ ‎ ‎ ‎ ‎ ‎ ‎ ‎ ‎ ‎ ‎ ‎ ‎ Hazte Socio Diamante para disfrutar de ofertas y beneficios exclusivos.,📍,750 g,UNKNOWN,LOCAL,2.55,2.55,2.55,1.0,False,keep,heuristic_default,2.6775,False,original_clean,,,1940,True
630,1,Desconocido,UNKNOWN,15,pan,pan,False,‎ ‎ ‎ ‎ ‎ ‎ ‎ ‎ ‎ ‎ ‎ ‎ ‎ ‎ ‎ ‎ ‎ ‎ ‎ ‎ ‎ ‎ ‎ ‎ ‎ ‎ ‎ ‎ ‎ ‎ ‎ ‎ ‎ ‎ ‎ ‎ ‎ ‎ ‎ ‎ ‎ ‎ ‎ ‎ ‎ ‎ ‎ ‎ ‎ ‎ ‎ ‎ ‎ ‎ ‎ ‎ ‎ ‎ ‎ ‎ ‎ ‎ ‎ ‎ ‎ ‎ ‎ ‎ ‎ ‎ Hazte Socio Diamante para disfrutar de ofertas y beneficios exclusivos.,📍,750 g,UNKNOWN,LOCAL,2.55,2.55,2.55,1.0,False,keep,heuristic_default,2.805,False,original_clean,,,1941,True
631,1,Desconocido,UNKNOWN,15,pan,pan,False,‎ ‎ ‎ ‎ ‎ ‎ ‎ ‎ ‎ ‎ ‎ ‎ ‎ ‎ ‎ ‎ ‎ ‎ ‎ ‎ ‎ ‎ ‎ ‎ ‎ ‎ ‎ ‎ ‎ ‎ ‎ ‎ ‎ ‎ ‎ ‎ ‎ ‎ ‎ ‎ ‎ ‎ ‎ ‎ ‎ ‎ ‎ ‎ ‎ ‎ ‎ ‎ ‎ ‎ ‎ ‎ ‎ ‎ ‎ ‎ ‎ ‎ ‎ ‎ ‎ ‎ ‎ ‎ ‎ ‎ Hazte Socio Diamante para disfrutar de ofertas y beneficios exclusivos.,📍,650 g,UNKNOWN,LOCAL,3.15,3.15,3.15,1.0,False,keep,heuristic_default,2.835,False,original_clean,,,1942,True
631,1,Desconocido,UNKNOWN,15,pan,pan,False,‎ ‎ ‎ ‎ ‎ ‎ ‎ ‎ ‎ ‎ ‎ ‎ ‎ ‎ ‎ ‎ ‎ ‎ ‎ ‎ ‎ ‎ ‎ ‎ ‎ ‎ ‎ ‎ ‎ ‎ ‎ ‎ ‎ ‎ ‎ ‎ ‎ ‎ ‎ ‎ ‎ ‎ ‎ ‎ ‎ ‎ ‎ ‎ ‎ ‎ ‎ ‎ ‎ ‎ ‎ ‎ ‎ ‎ ‎ ‎ ‎ ‎ ‎ ‎ ‎ ‎ ‎ ‎ ‎ ‎ Hazte Socio Diamante para disfrutar de ofertas y beneficios exclusivos.,📍,650 g,UNKNOWN,LOCAL,3.15,3.15,3.15,1.0,False,keep,heuristic_default,2.9925,False,original_clean,,,1943,True
631,1,Desconocido,UNKNOWN,15,pan,pan,False,‎ ‎ ‎ ‎ ‎ ‎ ‎ ‎ ‎ ‎ ‎ ‎ ‎ ‎ ‎ ‎ ‎ ‎ ‎ ‎ ‎ ‎ ‎ ‎ ‎ ‎ ‎ ‎ ‎ ‎ ‎ ‎ ‎ ‎ ‎ ‎ ‎ ‎ ‎ ‎ ‎ ‎ ‎ ‎ ‎ ‎ ‎ ‎ ‎ ‎ ‎ ‎ ‎ ‎ ‎ ‎ ‎ ‎ ‎ ‎ ‎ ‎ ‎ ‎ ‎ ‎ ‎ ‎ ‎ ‎ Hazte Socio Diamante para disfrutar de ofertas y beneficios exclusivos.,📍,650 g,UNKNOWN,LOCAL,3.15,3.15,3.15,1.0,False,keep,heuristic_default,3.3075,False,original_clean,,,1944,True
631,1,Desconocido,UNKNOWN,15,pan,pan,False,‎ ‎ ‎ ‎ ‎ ‎ ‎ ‎ ‎ ‎ ‎ ‎ ‎ ‎ ‎ ‎ ‎ ‎ ‎ ‎ ‎ ‎ ‎ ‎ ‎ ‎ ‎ ‎ ‎ ‎ ‎ ‎ ‎ ‎ ‎ ‎ ‎ ‎ ‎ ‎ ‎ ‎ ‎ ‎ ‎ ‎ ‎ ‎ ‎ ‎ ‎ ‎ ‎ ‎ ‎ ‎ ‎ ‎ ‎ ‎ ‎ ‎ ‎ ‎ ‎ ‎ ‎ ‎ ‎ ‎ Hazte Socio Diamante para disfrutar de ofertas y beneficios exclusivos.,📍,650 g,UNKNOWN,LOCAL,3.15,3.15,3.15,1.0,False,keep,heuristic_default,3.465,False,original_clean,,,1945,True
632,1,Desconocido,UNKNOWN,25,refresco de cola,refresco de cola,False,‎ ‎ ‎ ‎ ‎ ‎ ‎ ‎ ‎ ‎ ‎ ‎ ‎ ‎ ‎ ‎ ‎ ‎ ‎ ‎ ‎ ‎ ‎ ‎ ‎ ‎ ‎ ‎ ‎ ‎ ‎ ‎ ‎ ‎ ‎ ‎ ‎ ‎ ‎ ‎ ‎ ‎ ‎ ‎ ‎ ‎ ‎ ‎ ‎ ‎ ‎ ‎ ‎ ‎ ‎ ‎ ‎ ‎ ‎ ‎ ‎ ‎ ‎ ‎ ‎ ‎ ‎ ‎ ‎ ‎ Hazte Socio Diamante para disfrutar de ofertas y beneficios exclusivos.,📍,1.5 L,UNKNOWN,LOCAL,2.15,2.15,2.15,1.0,False,keep_imputed,no_category_detected,1.935,False,original_clean,,,1946,True
632,1,Desconocido,UNKNOWN,25,refresco de cola,refresco de cola,False,‎ ‎ ‎ ‎ ‎ ‎ ‎ ‎ ‎ ‎ ‎ ‎ ‎ ‎ ‎ ‎ ‎ ‎ ‎ ‎ ‎ ‎ ‎ ‎ ‎ ‎ ‎ ‎ ‎ ‎ ‎ ‎ ‎ ‎ ‎ ‎ ‎ ‎ ‎ ‎ ‎ ‎ ‎ ‎ ‎ ‎ ‎ ‎ ‎ ‎ ‎ ‎ ‎ ‎ ‎ ‎ ‎ ‎ ‎ ‎ ‎ ‎ ‎ ‎ ‎ ‎ ‎ ‎ ‎ ‎ Hazte Socio Diamante para disfrutar de ofertas y beneficios exclusivos.,📍,1.5 L,UNKNOWN,LOCAL,2.15,2.15,2.15,1.0,False,keep_imputed,no_category_detected,2.0425,False,original_clean,,,1947,True
632,1,Desconocido,UNKNOWN,25,refresco de cola,refresco de cola,False,‎ ‎ ‎ ‎ ‎ ‎ ‎ ‎ ‎ ‎ ‎ ‎ ‎ ‎ ‎ ‎ ‎ ‎ ‎ ‎ ‎ ‎ ‎ ‎ ‎ ‎ ‎ ‎ ‎ ‎ ‎ ‎ ‎ ‎ ‎ ‎ ‎ ‎ ‎ ‎ ‎ ‎ ‎ ‎ ‎ ‎ ‎ ‎ ‎ ‎ ‎ ‎ ‎ ‎ ‎ ‎ ‎ ‎ ‎ ‎ ‎ ‎ ‎ ‎ ‎ ‎ ‎ ‎ ‎ ‎ Hazte Socio Diamante para disfrutar de ofertas y beneficios exclusivos.,📍,1.5 L,UNKNOWN,LOCAL,2.15,2.15,2.15,1.0,False,keep_imputed,no_category_detected,2.2575,False,original_clean,,,1948,True
632,1,Desconocido,UNKNOWN,25,refresco de cola,refresco de cola,False,‎ ‎ ‎ ‎ ‎ ‎ ‎ ‎ ‎ ‎ ‎ ‎ ‎ ‎ ‎ ‎ ‎ ‎ ‎ ‎ ‎ ‎ ‎ ‎ ‎ ‎ ‎ ‎ ‎ ‎ ‎ ‎ ‎ ‎ ‎ ‎ ‎ ‎ ‎ ‎ ‎ ‎ ‎ ‎ ‎ ‎ ‎ ‎ ‎ ‎ ‎ ‎ ‎ ‎ ‎ ‎ ‎ ‎ ‎ ‎ ‎ ‎ ‎ ‎ ‎ ‎ ‎ ‎ ‎ ‎ Hazte Socio Diamante para disfrutar de ofertas y beneficios exclusivos.,📍,1.5 L,UNKNOWN,LOCAL,2.15,2.15,2.15,1.0,False,keep_imputed,no_category_detected,2.365,False,original_clean,,,1949,True
633,1,Desconocido,UNKNOWN,16,papa,papa,False,‎ ‎ ‎ ‎ ‎ ‎ ‎ ‎ ‎ ‎ ‎ ‎ ‎ ‎ ‎ ‎ ‎ ‎ ‎ ‎ ‎ ‎ ‎ ‎ ‎ ‎ ‎ ‎ ‎ ‎ ‎ ‎ ‎ ‎ ‎ ‎ ‎ ‎ ‎ ‎ ‎ ‎ ‎ ‎ ‎ ‎ ‎ ‎ ‎ ‎ ‎ ‎ ‎ ‎ ‎ ‎ ‎ ‎ ‎ ‎ ‎ ‎ ‎ ‎ ‎ ‎ ‎ ‎ ‎ ‎ Hazte Socio Diamante para disfrutar de ofertas y beneficios exclusivos.,📍,1 Kg,UNKNOWN,LOCAL,1.99,1.99,1.99,1.0,False,keep,heuristic_default,1.791,False,original_clean,,,1950,True
633,1,Desconocido,UNKNOWN,16,papa,papa,False,‎ ‎ ‎ ‎ ‎ ‎ ‎ ‎ ‎ ‎ ‎ ‎ ‎ ‎ ‎ ‎ ‎ ‎ ‎ ‎ ‎ ‎ ‎ ‎ ‎ ‎ ‎ ‎ ‎ ‎ ‎ ‎ ‎ ‎ ‎ ‎ ‎ ‎ ‎ ‎ ‎ ‎ ‎ ‎ ‎ ‎ ‎ ‎ ‎ ‎ ‎ ‎ ‎ ‎ ‎ ‎ ‎ ‎ ‎ ‎ ‎ ‎ ‎ ‎ ‎ ‎ ‎ ‎ ‎ ‎ Hazte Socio Diamante para disfrutar de ofertas y beneficios exclusivos.,📍,1 Kg,UNKNOWN,LOCAL,1.99,1.99,1.99,1.0,False,keep,heuristic_default,1.8905,False,original_clean,,,1951,True
633,1,Desconocido,UNKNOWN,16,papa,papa,False,‎ ‎ ‎ ‎ ‎ ‎ ‎ ‎ ‎ ‎ ‎ ‎ ‎ ‎ ‎ ‎ ‎ ‎ ‎ ‎ ‎ ‎ ‎ ‎ ‎ ‎ ‎ ‎ ‎ ‎ ‎ ‎ ‎ ‎ ‎ ‎ ‎ ‎ ‎ ‎ ‎ ‎ ‎ ‎ ‎ ‎ ‎ ‎ ‎ ‎ ‎ ‎ ‎ ‎ ‎ ‎ ‎ ‎ ‎ ‎ ‎ ‎ ‎ ‎ ‎ ‎ ‎ ‎ ‎ ‎ Hazte Socio Diamante para disfrutar de ofertas y beneficios exclusivos.,📍,1 Kg,UNKNOWN,LOCAL,1.99,1.99,1.99,1.0,False,keep,heuristic_default,2.0895,False,original_clean,,,1952,True
633,1,Desconocido,UNKNOWN,16,papa,papa,False,‎ ‎ ‎ ‎ ‎ ‎ ‎ ‎ ‎ ‎ ‎ ‎ ‎ ‎ ‎ ‎ ‎ ‎ ‎ ‎ ‎ ‎ ‎ ‎ ‎ ‎ ‎ ‎ ‎ ‎ ‎ ‎ ‎ ‎ ‎ ‎ ‎ ‎ ‎ ‎ ‎ ‎ ‎ ‎ ‎ ‎ ‎ ‎ ‎ ‎ ‎ ‎ ‎ ‎ ‎ ‎ ‎ ‎ ‎ ‎ ‎ ‎ ‎ ‎ ‎ ‎ ‎ ‎ ‎ ‎ Hazte Socio Diamante para disfrutar de ofertas y beneficios exclusivos.,📍,1 Kg,UNKNOWN,LOCAL,1.99,1.99,1.99,1.0,False,keep,heuristic_default,2.189,False,original_clean,,,1953,True
634,1,Desconocido,UNKNOWN,16,papa,papa,False,‎ ‎ ‎ ‎ ‎ ‎ ‎ ‎ ‎ ‎ ‎ ‎ ‎ ‎ ‎ ‎ ‎ ‎ ‎ ‎ ‎ ‎ ‎ ‎ ‎ ‎ ‎ ‎ ‎ ‎ ‎ ‎ ‎ ‎ ‎ ‎ ‎ ‎ ‎ ‎ ‎ ‎ ‎ ‎ ‎ ‎ ‎ ‎ ‎ ‎ ‎ ‎ ‎ ‎ ‎ ‎ ‎ ‎ ‎ ‎ ‎ ‎ ‎ ‎ ‎ ‎ ‎ ‎ ‎ ‎ Hazte Socio Diamante para disfrutar de ofertas y beneficios exclusivos.,📍,300 g,UNKNOWN,LOCAL,1.99,1.99,1.99,1.0,False,keep,heuristic_default,1.791,False,original_clean,,,1954,True
634,1,Desconocido,UNKNOWN,16,papa,papa,False,‎ ‎ ‎ ‎ ‎ ‎ ‎ ‎ ‎ ‎ ‎ ‎ ‎ ‎ ‎ ‎ ‎ ‎ ‎ ‎ ‎ ‎ ‎ ‎ ‎ ‎ ‎ ‎ ‎ ‎ ‎ ‎ ‎ ‎ ‎ ‎ ‎ ‎ ‎ ‎ ‎ ‎ ‎ ‎ ‎ ‎ ‎ ‎ ‎ ‎ ‎ ‎ ‎ ‎ ‎ ‎ ‎ ‎ ‎ ‎ ‎ ‎ ‎ ‎ ‎ ‎ ‎ ‎ ‎ ‎ Hazte Socio Diamante para disfrutar de ofertas y beneficios exclusivos.,📍,300 g,UNKNOWN,LOCAL,1.99,1.99,1.99,1.0,False,keep,heuristic_default,1.8905,False,original_clean,,,1955,True
634,1,Desconocido,UNKNOWN,16,papa,papa,False,‎ ‎ ‎ ‎ ‎ ‎ ‎ ‎ ‎ ‎ ‎ ‎ ‎ ‎ ‎ ‎ ‎ ‎ ‎ ‎ ‎ ‎ ‎ ‎ ‎ ‎ ‎ ‎ ‎ ‎ ‎ ‎ ‎ ‎ ‎ ‎ ‎ ‎ ‎ ‎ ‎ ‎ ‎ ‎ ‎ ‎ ‎ ‎ ‎ ‎ ‎ ‎ ‎ ‎ ‎ ‎ ‎ ‎ ‎ ‎ ‎ ‎ ‎ ‎ ‎ ‎ ‎ ‎ ‎ ‎ Hazte Socio Diamante para disfrutar de ofertas y beneficios exclusivos.,📍,300 g,UNKNOWN,LOCAL,1.99,1.99,1.99,1.0,False,keep,heuristic_default,2.0895,False,original_clean,,,1956,True
634,1,Desconocido,UNKNOWN,16,papa,papa,False,‎ ‎ ‎ ‎ ‎ ‎ ‎ ‎ ‎ ‎ ‎ ‎ ‎ ‎ ‎ ‎ ‎ ‎ ‎ ‎ ‎ ‎ ‎ ‎ ‎ ‎ ‎ ‎ ‎ ‎ ‎ ‎ ‎ ‎ ‎ ‎ ‎ ‎ ‎ ‎ ‎ ‎ ‎ ‎ ‎ ‎ ‎ ‎ ‎ ‎ ‎ ‎ ‎ ‎ ‎ ‎ ‎ ‎ ‎ ‎ ‎ ‎ ‎ ‎ ‎ ‎ ‎ ‎ ‎ ‎ Hazte Socio Diamante para disfrutar de ofertas y beneficios exclusivos.,📍,300 g,UNKNOWN,LOCAL,1.99,1.99,1.99,1.0,False,keep,heuristic_default,2.189,False,original_clean,,,1957,True
635,1,Desconocido,UNKNOWN,18,huevo,huevo,False,‎ ‎ ‎ ‎ ‎ ‎ ‎ ‎ ‎ ‎ ‎ ‎ ‎ ‎ ‎ ‎ ‎ ‎ ‎ ‎ ‎ ‎ ‎ ‎ ‎ ‎ ‎ ‎ ‎ ‎ ‎ ‎ ‎ ‎ ‎ ‎ ‎ ‎ ‎ ‎ ‎ ‎ ‎ ‎ ‎ ‎ ‎ ‎ ‎ ‎ ‎ ‎ ‎ ‎ ‎ ‎ ‎ ‎ ‎ ‎ ‎ ‎ ‎ ‎ ‎ ‎ ‎ ‎ ‎ ‎ Hazte Socio Diamante para disfrutar de ofertas y beneficios exclusivos.,📍,12 unidad,UNKNOWN,LOCAL,5.55,5.55,5.55,1.0,False,keep_imputed,heuristic_default,4.995,False,original_clean,,,1958,True
635,1,Desconocido,UNKNOWN,18,huevo,huevo,False,‎ ‎ ‎ ‎ ‎ ‎ ‎ ‎ ‎ ‎ ‎ ‎ ‎ ‎ ‎ ‎ ‎ ‎ ‎ ‎ ‎ ‎ ‎ ‎ ‎ ‎ ‎ ‎ ‎ ‎ ‎ ‎ ‎ ‎ ‎ ‎ ‎ ‎ ‎ ‎ ‎ ‎ ‎ ‎ ‎ ‎ ‎ ‎ ‎ ‎ ‎ ‎ ‎ ‎ ‎ ‎ ‎ ‎ ‎ ‎ ‎ ‎ ‎ ‎ ‎ ‎ ‎ ‎ ‎ ‎ Hazte Socio Diamante para disfrutar de ofertas y beneficios exclusivos.,📍,12 unidad,UNKNOWN,LOCAL,5.55,5.55,5.55,1.0,False,keep_imputed,heuristic_default,5.2725,False,original_clean,,,1959,True
635,1,Desconocido,UNKNOWN,18,huevo,huevo,False,‎ ‎ ‎ ‎ ‎ ‎ ‎ ‎ ‎ ‎ ‎ ‎ ‎ ‎ ‎ ‎ ‎ ‎ ‎ ‎ ‎ ‎ ‎ ‎ ‎ ‎ ‎ ‎ ‎ ‎ ‎ ‎ ‎ ‎ ‎ ‎ ‎ ‎ ‎ ‎ ‎ ‎ ‎ ‎ ‎ ‎ ‎ ‎ ‎ ‎ ‎ ‎ ‎ ‎ ‎ ‎ ‎ ‎ ‎ ‎ ‎ ‎ ‎ ‎ ‎ ‎ ‎ ‎ ‎ ‎ Hazte Socio Diamante para disfrutar de ofertas y beneficios exclusivos.,📍,12 unidad,UNKNOWN,LOCAL,5.55,5.55,5.55,1.0,False,keep_imputed,heuristic_default,5.8275,False,original_clean,,,1960,True
635,1,Desconocido,UNKNOWN,18,huevo,huevo,False,‎ ‎ ‎ ‎ ‎ ‎ ‎ ‎ ‎ ‎ ‎ ‎ ‎ ‎ ‎ ‎ ‎ ‎ ‎ ‎ ‎ ‎ ‎ ‎ ‎ ‎ ‎ ‎ ‎ ‎ ‎ ‎ ‎ ‎ ‎ ‎ ‎ ‎ ‎ ‎ ‎ ‎ ‎ ‎ ‎ ‎ ‎ ‎ ‎ ‎ ‎ ‎ ‎ ‎ ‎ ‎ ‎ ‎ ‎ ‎ ‎ ‎ ‎ ‎ ‎ ‎ ‎ ‎ ‎ ‎ Hazte Socio Diamante para disfrutar de ofertas y beneficios exclusivos.,📍,12 unidad,UNKNOWN,LOCAL,5.55,5.55,5.55,1.0,False,keep_imputed,heuristic_default,6.105,False,original_clean,,,1961,True
636,1,Desconocido,UNKNOWN,18,huevo,huevo,False,‎ ‎ ‎ ‎ ‎ ‎ ‎ ‎ ‎ ‎ ‎ ‎ ‎ ‎ ‎ ‎ ‎ ‎ ‎ ‎ ‎ ‎ ‎ ‎ ‎ ‎ ‎ ‎ ‎ ‎ ‎ ‎ ‎ ‎ ‎ ‎ ‎ ‎ ‎ ‎ ‎ ‎ ‎ ‎ ‎ ‎ ‎ ‎ ‎ ‎ ‎ ‎ ‎ ‎ ‎ ‎ ‎ ‎ ‎ ‎ ‎ ‎ ‎ ‎ ‎ ‎ ‎ ‎ ‎ ‎ Hazte Socio Diamante para disfrutar de ofertas y beneficios exclusivos.,📍,20 unidad,UNKNOWN,LOCAL,7.39,7.39,7.39,1.0,False,keep_imputed,heuristic_default,6.651,False,original_clean,,,1962,True
636,1,Desconocido,UNKNOWN,18,huevo,huevo,False,‎ ‎ ‎ ‎ ‎ ‎ ‎ ‎ ‎ ‎ ‎ ‎ ‎ ‎ ‎ ‎ ‎ ‎ ‎ ‎ ‎ ‎ ‎ ‎ ‎ ‎ ‎ ‎ ‎ ‎ ‎ ‎ ‎ ‎ ‎ ‎ ‎ ‎ ‎ ‎ ‎ ‎ ‎ ‎ ‎ ‎ ‎ ‎ ‎ ‎ ‎ ‎ ‎ ‎ ‎ ‎ ‎ ‎ ‎ ‎ ‎ ‎ ‎ ‎ ‎ ‎ ‎ ‎ ‎ ‎ Hazte Socio Diamante para disfrutar de ofertas y beneficios exclusivos.,📍,20 unidad,UNKNOWN,LOCAL,7.39,7.39,7.39,1.0,False,keep_imputed,heuristic_default,7.0205,False,original_clean,,,1963,True
636,1,Desconocido,UNKNOWN,18,huevo,huevo,False,‎ ‎ ‎ ‎ ‎ ‎ ‎ ‎ ‎ ‎ ‎ ‎ ‎ ‎ ‎ ‎ ‎ ‎ ‎ ‎ ‎ ‎ ‎ ‎ ‎ ‎ ‎ ‎ ‎ ‎ ‎ ‎ ‎ ‎ ‎ ‎ ‎ ‎ ‎ ‎ ‎ ‎ ‎ ‎ ‎ ‎ ‎ ‎ ‎ ‎ ‎ ‎ ‎ ‎ ‎ ‎ ‎ ‎ ‎ ‎ ‎ ‎ ‎ ‎ ‎ ‎ ‎ ‎ ‎ ‎ Hazte Socio Diamante para disfrutar de ofertas y beneficios exclusivos.,📍,20 unidad,UNKNOWN,LOCAL,7.39,7.39,7.39,1.0,False,keep_imputed,heuristic_default,7.7595,False,original_clean,,,1964,True
636,1,Desconocido,UNKNOWN,18,huevo,huevo,False,‎ ‎ ‎ ‎ ‎ ‎ ‎ ‎ ‎ ‎ ‎ ‎ ‎ ‎ ‎ ‎ ‎ ‎ ‎ ‎ ‎ ‎ ‎ ‎ ‎ ‎ ‎ ‎ ‎ ‎ ‎ ‎ ‎ ‎ ‎ ‎ ‎ ‎ ‎ ‎ ‎ ‎ ‎ ‎ ‎ ‎ ‎ ‎ ‎ ‎ ‎ ‎ ‎ ‎ ‎ ‎ ‎ ‎ ‎ ‎ ‎ ‎ ‎ ‎ ‎ ‎ ‎ ‎ ‎ ‎ Hazte Socio Diamante para disfrutar de ofertas y beneficios exclusivos.,📍,20 unidad,UNKNOWN,LOCAL,7.39,7.39,7.39,1.0,False,keep_imputed,heuristic_default,8.129,False,original_clean,,,1965,True
8,1,Desconocido,UNKNOWN,3,pan,sin_categoria,True,(Gr a $ 21),$ 10.550,,UNKNOWN,LOCAL,21.0,21.0,,1.0,True,keep_imputed,no_category_detected [precio_usd fuera de rango 1–20],3.3345,False,median_category_country,3.705,3.705,1966,True
8,1,Desconocido,UNKNOWN,3,pan,sin_categoria,True,(Gr a $ 21),$ 10.550,,UNKNOWN,LOCAL,21.0,21.0,,1.0,True,keep_imputed,no_category_detected [precio_usd fuera de rango 1–20],3.5197,False,median_category_country,3.705,3.705,1967,True
8,1,Desconocido,UNKNOWN,3,pan,sin_categoria,True,(Gr a $ 21),$ 10.550,,UNKNOWN,LOCAL,21.0,21.0,,1.0,True,keep_imputed,no_category_detected [precio_usd fuera de rango 1–20],3.8903,False,median_category_country,3.705,3.705,1968,True
8,1,Desconocido,UNKNOWN,3,pan,sin_categoria,True,(Gr a $ 21),$ 10.550,,UNKNOWN,LOCAL,21.0,21.0,,1.0,True,keep_imputed,no_category_detected [precio_usd fuera de rango 1–20],4.0755,False,median_category_country,3.705,3.705,1969,True
9,1,Desconocido,UNKNOWN,3,pan,sin_categoria,True,(Gr a $ 21),20,,UNKNOWN,LOCAL,21.0,21.0,,1.0,True,keep_imputed,no_category_detected [precio_usd fuera de rango 1–20],3.3345,False,median_category_country,3.705,3.705,1970,True
9,1,Desconocido,UNKNOWN,3,pan,sin_categoria,True,(Gr a $ 21),20,,UNKNOWN,LOCAL,21.0,21.0,,1.0,True,keep_imputed,no_category_detected [precio_usd fuera de rango 1–20],3.5197,False,median_category_country,3.705,3.705,1971,True
9,1,Desconocido,UNKNOWN,3,pan,sin_categoria,True,(Gr a $ 21),20,,UNKNOWN,LOCAL,21.0,21.0,,1.0,True,keep_imputed,no_category_detected [precio_usd fuera de rango 1–20],3.8903,False,median_category_country,3.705,3.705,1972,True
9,1,Desconocido,UNKNOWN,3,pan,sin_categoria,True,(Gr a $ 21),20,,UNKNOWN,LOCAL,21.0,21.0,,1.0,True,keep_imputed,no_category_detected [precio_usd fuera de rango 1–20],4.0755,False,median_category_country,3.705,3.705,1973,True
10,1,Desconocido,UNKNOWN,3,pan,sin_categoria,True,(Gr a $ 23),$ 11.600,,UNKNOWN,LOCAL,23.0,23.0,,1.0,True,keep_imputed,no_category_detected [precio_usd fuera de rango 1–20],3.3345,False,median_category_country,3.705,3.705,1974,True
10,1,Desconocido,UNKNOWN,3,pan,sin_categoria,True,(Gr a $ 23),$ 11.600,,UNKNOWN,LOCAL,23.0,23.0,,1.0,True,keep_imputed,no_category_detected [precio_usd fuera de rango 1–20],3.5197,False,median_category_country,3.705,3.705,1975,True
10,1,Desconocido,UNKNOWN,3,pan,sin_categoria,True,(Gr a $ 23),$ 11.600,,UNKNOWN,LOCAL,23.0,23.0,,1.0,True,keep_imputed,no_category_detected [precio_usd fuera de rango 1–20],3.8903,False,median_category_country,3.705,3.705,1976,True
10,1,Desconocido,UNKNOWN,3,pan,sin_categoria,True,(Gr a $ 23),$ 11.600,,UNKNOWN,LOCAL,23.0,23.0,,1.0,True,keep_imputed,no_category_detected [precio_usd fuera de rango 1–20],4.0755,False,median_category_country,3.705,3.705,1977,True
11,1,Desconocido,UNKNOWN,2,cafe,sin_categoria,True,(Gr a $ 29),$ 13.450,,UNKNOWN,LOCAL,29.0,29.0,,1.0,True,keep_imputed,no_category_detected [precio_usd fuera de rango 1–20],3.3345,False,median_category_country,3.705,3.705,1978,True
11,1,Desconocido,UNKNOWN,2,cafe,sin_categoria,True,(Gr a $ 29),$ 13.450,,UNKNOWN,LOCAL,29.0,29.0,,1.0,True,keep_imputed,no_category_detected [precio_usd fuera de rango 1–20],3.5197,False,median_category_country,3.705,3.705,1979,True
11,1,Desconocido,UNKNOWN,2,cafe,sin_categoria,True,(Gr a $ 29),$ 13.450,,UNKNOWN,LOCAL,29.0,29.0,,1.0,True,keep_imputed,no_category_detected [precio_usd fuera de rango 1–20],3.8903,False,median_category_country,3.705,3.705,1980,True
11,1,Desconocido,UNKNOWN,2,cafe,sin_categoria,True,(Gr a $ 29),$ 13.450,,UNKNOWN,LOCAL,29.0,29.0,,1.0,True,keep_imputed,no_category_detected [precio_usd fuera de rango 1–20],4.0755,False,median_category_country,3.705,3.705,1981,True
12,1,Desconocido,UNKNOWN,3,pan,sin_categoria,True,(Gr a $ 34),$ 15.700,,UNKNOWN,LOCAL,34.0,34.0,,1.0,True,keep_imputed,no_category_detected [precio_usd fuera de rango 1–20],3.3345,False,median_category_country,3.705,3.705,1982,True
12,1,Desconocido,UNKNOWN,3,pan,sin_categoria,True,(Gr a $ 34),$ 15.700,,UNKNOWN,LOCAL,34.0,34.0,,1.0,True,keep_imputed,no_category_detected [precio_usd fuera de rango 1–20],3.5197,False,median_category_country,3.705,3.705,1983,True
12,1,Desconocido,UNKNOWN,3,pan,sin_categoria,True,(Gr a $ 34),$ 15.700,,UNKNOWN,LOCAL,34.0,34.0,,1.0,True,keep_imputed,no_category_detected [precio_usd fuera de rango 1–20],3.8903,False,median_category_country,3.705,3.705,1984,True
12,1,Desconocido,UNKNOWN,3,pan,sin_categoria,True,(Gr a $ 34),$ 15.700,,UNKNOWN,LOCAL,34.0,34.0,,1.0,True,keep_imputed,no_category_detected [precio_usd fuera de rango 1–20],4.0755,False,median_category_country,3.705,3.705,1985,True
18,1,Desconocido,UNKNOWN,3,pan,sin_categoria,True,(Gr a $ 45),20,,UNKNOWN,LOCAL,45.0,45.0,,1.0,True,keep_imputed,no_category_detected [precio_usd fuera de rango 1–20],3.3345,False,median_category_country,3.705,3.705,1986,True
18,1,Desconocido,UNKNOWN,3,pan,sin_categoria,True,(Gr a $ 45),20,,UNKNOWN,LOCAL,45.0,45.0,,1.0,True,keep_imputed,no_category_detected [precio_usd fuera de rango 1–20],3.5197,False,median_category_country,3.705,3.705,1987,True
18,1,Desconocido,UNKNOWN,3,pan,sin_categoria,True,(Gr a $ 45),20,,UNKNOWN,LOCAL,45.0,45.0,,1.0,True,keep_imputed,no_category_detected [precio_usd fuera de rango 1–20],3.8903,False,median_category_country,3.705,3.705,1988,True
18,1,Desconocido,UNKNOWN,3,pan,sin_categoria,True,(Gr a $ 45),20,,UNKNOWN,LOCAL,45.0,45.0,,1.0,True,keep_imputed,no_category_detected [precio_usd fuera de rango 1–20],4.0755,False,median_category_country,3.705,3.705,1989,True
19,1,Desconocido,UNKNOWN,2,cafe,sin_categoria,True,(Gr a $ 46),$ 7.635,,UNKNOWN,LOCAL,46.0,46.0,,1.0,True,keep_imputed,no_category_detected [precio_usd fuera de rango 1–20],3.3345,False,median_category_country,3.705,3.705,1990,True
19,1,Desconocido,UNKNOWN,2,cafe,sin_categoria,True,(Gr a $ 46),$ 7.635,,UNKNOWN,LOCAL,46.0,46.0,,1.0,True,keep_imputed,no_category_detected [precio_usd fuera de rango 1–20],3.5197,False,median_category_country,3.705,3.705,1991,True
19,1,Desconocido,UNKNOWN,2,cafe,sin_categoria,True,(Gr a $ 46),$ 7.635,,UNKNOWN,LOCAL,46.0,46.0,,1.0,True,keep_imputed,no_category_detected [precio_usd fuera de rango 1–20],3.8903,False,median_category_country,3.705,3.705,1992,True
19,1,Desconocido,UNKNOWN,2,cafe,sin_categoria,True,(Gr a $ 46),$ 7.635,,UNKNOWN,LOCAL,46.0,46.0,,1.0,True,keep_imputed,no_category_detected [precio_usd fuera de rango 1–20],4.0755,False,median_category_country,3.705,3.705,1993,True
20,1,Desconocido,UNKNOWN,3,pan,sin_categoria,True,(Gr a $ 47),20,,UNKNOWN,LOCAL,47.0,47.0,,1.0,True,keep_imputed,no_category_detected [precio_usd fuera de rango 1–20],3.3345,False,median_category_country,3.705,3.705,1994,True
20,1,Desconocido,UNKNOWN,3,pan,sin_categoria,True,(Gr a $ 47),20,,UNKNOWN,LOCAL,47.0,47.0,,1.0,True,keep_imputed,no_category_detected [precio_usd fuera de rango 1–20],3.5197,False,median_category_country,3.705,3.705,1995,True
20,1,Desconocido,UNKNOWN,3,pan,sin_categoria,True,(Gr a $ 47),20,,UNKNOWN,LOCAL,47.0,47.0,,1.0,True,keep_imputed,no_category_detected [precio_usd fuera de rango 1–20],3.8903,False,median_category_country,3.705,3.705,1996,True
20,1,Desconocido,UNKNOWN,3,pan,sin_categoria,True,(Gr a $ 47),20,,UNKNOWN,LOCAL,47.0,47.0,,1.0,True,keep_imputed,no_category_detected [precio_usd fuera de rango 1–20],4.0755,False,median_category_country,3.705,3.705,1997,True
21,1,Desconocido,UNKNOWN,2,cafe,sin_categoria,True,(Gr a $ 65),$ 18.100,,UNKNOWN,LOCAL,65.0,65.0,,1.0,True,keep_imputed,no_category_detected [precio_usd fuera de rango 1–20],3.3345,False,median_category_country,3.705,3.705,1998,True
21,1,Desconocido,UNKNOWN,2,cafe,sin_categoria,True,(Gr a $ 65),$ 18.100,,UNKNOWN,LOCAL,65.0,65.0,,1.0,True,keep_imputed,no_category_detected [precio_usd fuera de rango 1–20],3.5197,False,median_category_country,3.705,3.705,1999,True
21,1,Desconocido,UNKNOWN,2,cafe,sin_categoria,True,(Gr a $ 65),$ 18.100,,UNKNOWN,LOCAL,65.0,65.0,,1.0,True,keep_imputed,no_category_detected [precio_usd fuera de rango 1–20],3.8903,False,median_category_country,3.705,3.705,2000,True
21,1,Desconocido,UNKNOWN,2,cafe,sin_categoria,True,(Gr a $ 65),$ 18.100,,UNKNOWN,LOCAL,65.0,65.0,,1.0,True,keep_imputed,no_category_detected [precio_usd fuera de rango 1–20],4.0755,False,median_category_country,3.705,3.705,2001,True
22,1,Desconocido,UNKNOWN,2,cafe,sin_categoria,True,(Gr a $ 68),$ 14.400,,UNKNOWN,LOCAL,68.0,68.0,,1.0,True,keep_imputed,no_category_detected [precio_usd fuera de rango 1–20],3.3345,False,median_category_country,3.705,3.705,2002,True
22,1,Desconocido,UNKNOWN,2,cafe,sin_categoria,True,(Gr a $ 68),$ 14.400,,UNKNOWN,LOCAL,68.0,68.0,,1.0,True,keep_imputed,no_category_detected [precio_usd fuera de rango 1–20],3.5197,False,median_category_country,3.705,3.705,2003,True
22,1,Desconocido,UNKNOWN,2,cafe,sin_categoria,True,(Gr a $ 68),$ 14.400,,UNKNOWN,LOCAL,68.0,68.0,,1.0,True,keep_imputed,no_category_detected [precio_usd fuera de rango 1–20],3.8903,False,median_category_country,3.705,3.705,2004,True
22,1,Desconocido,UNKNOWN,2,cafe,sin_categoria,True,(Gr a $ 68),$ 14.400,,UNKNOWN,LOCAL,68.0,68.0,,1.0,True,keep_imputed,no_category_detected [precio_usd fuera de rango 1–20],4.0755,False,median_category_country,3.705,3.705,2005,True
24,1,Desconocido,UNKNOWN,3,pan,sin_categoria,True,(Gr a $ 90),$ 21.600,,UNKNOWN,LOCAL,90.0,90.0,,1.0,True,keep_imputed,no_category_detected [precio_usd fuera de rango 1–20],3.3345,False,median_category_country,3.705,3.705,2006,True
24,1,Desconocido,UNKNOWN,3,pan,sin_categoria,True,(Gr a $ 90),$ 21.600,,UNKNOWN,LOCAL,90.0,90.0,,1.0,True,keep_imputed,no_category_detected [precio_usd fuera de rango 1–20],3.5197,False,median_category_country,3.705,3.705,2007,True
24,1,Desconocido,UNKNOWN,3,pan,sin_categoria,True,(Gr a $ 90),$ 21.600,,UNKNOWN,LOCAL,90.0,90.0,,1.0,True,keep_imputed,no_category_detected [precio_usd fuera de rango 1–20],3.8903,False,median_category_country,3.705,3.705,2008,True
24,1,Desconocido,UNKNOWN,3,pan,sin_categoria,True,(Gr a $ 90),$ 21.600,,UNKNOWN,LOCAL,90.0,90.0,,1.0,True,keep_imputed,no_category_detected [precio_usd fuera de rango 1–20],4.0755,False,median_category_country,3.705,3.705,2009,True
30,1,Desconocido,UNKNOWN,1,azucar,sin_categoria,True,(Und a $ 544),20,,UNKNOWN,LOCAL,544.0,544.0,,1.0,True,keep_imputed,no_category_detected [precio_usd fuera de rango 1–20],3.3345,False,median_category_country,3.705,3.705,2010,True
30,1,Desconocido,UNKNOWN,1,azucar,sin_categoria,True,(Und a $ 544),20,,UNKNOWN,LOCAL,544.0,544.0,,1.0,True,keep_imputed,no_category_detected [precio_usd fuera de rango 1–20],3.5197,False,median_category_country,3.705,3.705,2011,True
30,1,Desconocido,UNKNOWN,1,azucar,sin_categoria,True,(Und a $ 544),20,,UNKNOWN,LOCAL,544.0,544.0,,1.0,True,keep_imputed,no_category_detected [precio_usd fuera de rango 1–20],3.8903,False,median_category_country,3.705,3.705,2012,True
30,1,Desconocido,UNKNOWN,1,azucar,sin_categoria,True,(Und a $ 544),20,,UNKNOWN,LOCAL,544.0,544.0,,1.0,True,keep_imputed,no_category_detected [precio_usd fuera de rango 1–20],4.0755,False,median_category_country,3.705,3.705,2013,True
31,1,Desconocido,UNKNOWN,3,pan,sin_categoria,True,(Und a $ 750),$ 24.500,,UNKNOWN,LOCAL,750.0,750.0,,1.0,True,keep_imputed,no_category_detected [precio_usd fuera de rango 1–20],3.3345,False,median_category_country,3.705,3.705,2014,True
31,1,Desconocido,UNKNOWN,3,pan,sin_categoria,True,(Und a $ 750),$ 24.500,,UNKNOWN,LOCAL,750.0,750.0,,1.0,True,keep_imputed,no_category_detected [precio_usd fuera de rango 1–20],3.5197,False,median_category_country,3.705,3.705,2015,True
31,1,Desconocido,UNKNOWN,3,pan,sin_categoria,True,(Und a $ 750),$ 24.500,,UNKNOWN,LOCAL,750.0,750.0,,1.0,True,keep_imputed,no_category_detected [precio_usd fuera de rango 1–20],3.8903,False,median_category_country,3.705,3.705,2016,True
31,1,Desconocido,UNKNOWN,3,pan,sin_categoria,True,(Und a $ 750),$ 24.500,,UNKNOWN,LOCAL,750.0,750.0,,1.0,True,keep_imputed,no_category_detected [precio_usd fuera de rango 1–20],4.0755,False,median_category_country,3.705,3.705,2017,True
32,1,Desconocido,UNKNOWN,3,pan,sin_categoria,True,+595994 874276,Selecciona método de entrega,580 GR,UNKNOWN,LOCAL,234.19,234.1938,,1.0,True,keep_imputed,no_category_detected;price_parse_failed [precio_usd fuera de rango 1–20],3.3345,False,median_category_country,3.705,3.705,2018,True
32,1,Desconocido,UNKNOWN,3,pan,sin_categoria,True,+595994 874276,Selecciona método de entrega,580 GR,UNKNOWN,LOCAL,234.19,234.1938,,1.0,True,keep_imputed,no_category_detected;price_parse_failed [precio_usd fuera de rango 1–20],3.5197,False,median_category_country,3.705,3.705,2019,True
32,1,Desconocido,UNKNOWN,3,pan,sin_categoria,True,+595994 874276,Selecciona método de entrega,580 GR,UNKNOWN,LOCAL,234.19,234.1938,,1.0,True,keep_imputed,no_category_detected;price_parse_failed [precio_usd fuera de rango 1–20],3.8903,False,median_category_country,3.705,3.705,2020,True
32,1,Desconocido,UNKNOWN,3,pan,sin_categoria,True,+595994 874276,Selecciona método de entrega,580 GR,UNKNOWN,LOCAL,234.19,234.1938,,1.0,True,keep_imputed,no_category_detected;price_parse_failed [precio_usd fuera de rango 1–20],4.0755,False,median_category_country,3.705,3.705,2021,True
33,1,Desconocido,UNKNOWN,3,pan,sin_categoria,True,+595994 874276,Selecciona método de entrega,700 GR,UNKNOWN,LOCAL,234.19,234.1938,,1.0,True,keep_imputed,no_category_detected;price_parse_failed [precio_usd fuera de rango 1–20],3.3345,False,median_category_country,3.705,3.705,2022,True
33,1,Desconocido,UNKNOWN,3,pan,sin_categoria,True,+595994 874276,Selecciona método de entrega,700 GR,UNKNOWN,LOCAL,234.19,234.1938,,1.0,True,keep_imputed,no_category_detected;price_parse_failed [precio_usd fuera de rango 1–20],3.5197,False,median_category_country,3.705,3.705,2023,True
33,1,Desconocido,UNKNOWN,3,pan,sin_categoria,True,+595994 874276,Selecciona método de entrega,700 GR,UNKNOWN,LOCAL,234.19,234.1938,,1.0,True,keep_imputed,no_category_detected;price_parse_failed [precio_usd fuera de rango 1–20],3.8903,False,median_category_country,3.705,3.705,2024,True
33,1,Desconocido,UNKNOWN,3,pan,sin_categoria,True,+595994 874276,Selecciona método de entrega,700 GR,UNKNOWN,LOCAL,234.19,234.1938,,1.0,True,keep_imputed,no_category_detected;price_parse_failed [precio_usd fuera de rango 1–20],4.0755,False,median_category_country,3.705,3.705,2025,True
34,1,Desconocido,UNKNOWN,2,cafe,sin_categoria,True,+595994 874276,Selecciona método de entrega,400 GR,UNKNOWN,LOCAL,400.0,400.0,,1.0,True,keep_imputed,no_category_detected [precio_usd fuera de rango 1–20],3.3345,False,median_category_country,3.705,3.705,2026,True
34,1,Desconocido,UNKNOWN,2,cafe,sin_categoria,True,+595994 874276,Selecciona método de entrega,400 GR,UNKNOWN,LOCAL,400.0,400.0,,1.0,True,keep_imputed,no_category_detected [precio_usd fuera de rango 1–20],3.5197,False,median_category_country,3.705,3.705,2027,True
34,1,Desconocido,UNKNOWN,2,cafe,sin_categoria,True,+595994 874276,Selecciona método de entrega,400 GR,UNKNOWN,LOCAL,400.0,400.0,,1.0,True,keep_imputed,no_category_detected [precio_usd fuera de rango 1–20],3.8903,False,median_category_country,3.705,3.705,2028,True
34,1,Desconocido,UNKNOWN,2,cafe,sin_categoria,True,+595994 874276,Selecciona método de entrega,400 GR,UNKNOWN,LOCAL,400.0,400.0,,1.0,True,keep_imputed,no_category_detected [precio_usd fuera de rango 1–20],4.0755,False,median_category_country,3.705,3.705,2029,True
35,1,Desconocido,UNKNOWN,6,papa,sin_categoria,True,+595994 874276,Selecciona método de entrega,1 LT,UNKNOWN,LOCAL,234.19,234.1938,,1.0,True,keep_imputed,no_category_detected;price_parse_failed [precio_usd fuera de rango 1–20],3.3345,False,median_category_country,3.705,3.705,2030,True
35,1,Desconocido,UNKNOWN,6,papa,sin_categoria,True,+595994 874276,Selecciona método de entrega,1 LT,UNKNOWN,LOCAL,234.19,234.1938,,1.0,True,keep_imputed,no_category_detected;price_parse_failed [precio_usd fuera de rango 1–20],3.5197,False,median_category_country,3.705,3.705,2031,True
35,1,Desconocido,UNKNOWN,6,papa,sin_categoria,True,+595994 874276,Selecciona método de entrega,1 LT,UNKNOWN,LOCAL,234.19,234.1938,,1.0,True,keep_imputed,no_category_detected;price_parse_failed [precio_usd fuera de rango 1–20],3.8903,False,median_category_country,3.705,3.705,2032,True
35,1,Desconocido,UNKNOWN,6,papa,sin_categoria,True,+595994 874276,Selecciona método de entrega,1 LT,UNKNOWN,LOCAL,234.19,234.1938,,1.0,True,keep_imputed,no_category_detected;price_parse_failed [precio_usd fuera de rango 1–20],4.0755,False,median_category_country,3.705,3.705,2033,True
37,1,Desconocido,UNKNOWN,2,cafe,sin_categoria,True,+595994 874276,Selecciona método de entrega,250 GR,UNKNOWN,LOCAL,234.19,234.1938,,1.0,True,keep_imputed,no_category_detected;price_parse_failed [precio_usd fuera de rango 1–20],3.3345,False,median_category_country,3.705,3.705,2034,True
37,1,Desconocido,UNKNOWN,2,cafe,sin_categoria,True,+595994 874276,Selecciona método de entrega,250 GR,UNKNOWN,LOCAL,234.19,234.1938,,1.0,True,keep_imputed,no_category_detected;price_parse_failed [precio_usd fuera de rango 1–20],3.5197,False,median_category_country,3.705,3.705,2035,True
37,1,Desconocido,UNKNOWN,2,cafe,sin_categoria,True,+595994 874276,Selecciona método de entrega,250 GR,UNKNOWN,LOCAL,234.19,234.1938,,1.0,True,keep_imputed,no_category_detected;price_parse_failed [precio_usd fuera de rango 1–20],3.8903,False,median_category_country,3.705,3.705,2036,True
37,1,Desconocido,UNKNOWN,2,cafe,sin_categoria,True,+595994 874276,Selecciona método de entrega,250 GR,UNKNOWN,LOCAL,234.19,234.1938,,1.0,True,keep_imputed,no_category_detected;price_parse_failed [precio_usd fuera de rango 1–20],4.0755,False,median_category_country,3.705,3.705,2037,True
38,1,Desconocido,UNKNOWN,2,cafe,sin_categoria,True,+595994 874276,Selecciona método de entrega,120 GR,UNKNOWN,LOCAL,234.19,234.1938,,1.0,True,keep_imputed,no_category_detected;price_parse_failed [precio_usd fuera de rango 1–20],3.3345,False,median_category_country,3.705,3.705,2038,True
38,1,Desconocido,UNKNOWN,2,cafe,sin_categoria,True,+595994 874276,Selecciona método de entrega,120 GR,UNKNOWN,LOCAL,234.19,234.1938,,1.0,True,keep_imputed,no_category_detected;price_parse_failed [precio_usd fuera de rango 1–20],3.5197,False,median_category_country,3.705,3.705,2039,True
38,1,Desconocido,UNKNOWN,2,cafe,sin_categoria,True,+595994 874276,Selecciona método de entrega,120 GR,UNKNOWN,LOCAL,234.19,234.1938,,1.0,True,keep_imputed,no_category_detected;price_parse_failed [precio_usd fuera de rango 1–20],3.8903,False,median_category_country,3.705,3.705,2040,True
38,1,Desconocido,UNKNOWN,2,cafe,sin_categoria,True,+595994 874276,Selecciona método de entrega,120 GR,UNKNOWN,LOCAL,234.19,234.1938,,1.0,True,keep_imputed,no_category_detected;price_parse_failed [precio_usd fuera de rango 1–20],4.0755,False,median_category_country,3.705,3.705,2041,True
40,2,Chedraui,MX,7,aceite vegetal,aceite vegetal,False,Aceites y vinagres,Nutrioli,700ml,MX,LOCAL,33.3,1.7884,1.7884,18.62,True,keep_imputed,price_parse_failed;price<=0,1.6096,False,median_category_country,1.8743,1.7884,2042,True
40,2,Chedraui,MX,7,aceite vegetal,aceite vegetal,False,Aceites y vinagres,Nutrioli,700ml,MX,LOCAL,33.3,1.7884,1.7884,18.62,True,keep_imputed,price_parse_failed;price<=0,1.699,False,median_category_country,1.8743,1.7884,2043,True
40,2,Chedraui,MX,7,aceite vegetal,aceite vegetal,False,Aceites y vinagres,Nutrioli,700ml,MX,LOCAL,33.3,1.7884,1.7884,18.62,True,keep_imputed,price_parse_failed;price<=0,1.8778,False,median_category_country,1.8743,1.7884,2044,True
40,2,Chedraui,MX,7,aceite vegetal,aceite vegetal,False,Aceites y vinagres,Nutrioli,700ml,MX,LOCAL,33.3,1.7884,1.7884,18.62,True,keep_imputed,price_parse_failed;price<=0,1.9672,False,median_category_country,1.8743,1.7884,2045,True
42,2,Chedraui,MX,7,aceite vegetal,aceite vegetal,False,Aceites y vinagres,Patrona,1 L,MX,LOCAL,33.3,1.7884,1.7884,18.62,True,keep_imputed,price_parse_failed;price<=0,1.6096,False,median_category_country,1.8743,1.7884,2046,True
42,2,Chedraui,MX,7,aceite vegetal,aceite vegetal,False,Aceites y vinagres,Patrona,1 L,MX,LOCAL,33.3,1.7884,1.7884,18.62,True,keep_imputed,price_parse_failed;price<=0,1.699,False,median_category_country,1.8743,1.7884,2047,True
42,2,Chedraui,MX,7,aceite vegetal,aceite vegetal,False,Aceites y vinagres,Patrona,1 L,MX,LOCAL,33.3,1.7884,1.7884,18.62,True,keep_imputed,price_parse_failed;price<=0,1.8778,False,median_category_country,1.8743,1.7884,2048,True
42,2,Chedraui,MX,7,aceite vegetal,aceite vegetal,False,Aceites y vinagres,Patrona,1 L,MX,LOCAL,33.3,1.7884,1.7884,18.62,True,keep_imputed,price_parse_failed;price<=0,1.9672,False,median_category_country,1.8743,1.7884,2049,True
44,1,Desconocido,UNKNOWN,9,frijoles,frijoles,False,Alimentos básicos,Frijoles,1 Kg,UNKNOWN,LOCAL,1.02,1.02,1.02,1.0,True,keep_imputed,price_parse_failed;price<=0,0.918,False,median_category_country,,1.02,2050,True
44,1,Desconocido,UNKNOWN,9,frijoles,frijoles,False,Alimentos básicos,Frijoles,1 Kg,UNKNOWN,LOCAL,1.02,1.02,1.02,1.0,True,keep_imputed,price_parse_failed;price<=0,0.969,False,median_category_country,,1.02,2051,True
44,1,Desconocido,UNKNOWN,9,frijoles,frijoles,False,Alimentos básicos,Frijoles,1 Kg,UNKNOWN,LOCAL,1.02,1.02,1.02,1.0,True,keep_imputed,price_parse_failed;price<=0,1.071,False,median_category_country,,1.02,2052,True
44,1,Desconocido,UNKNOWN,9,frijoles,frijoles,False,Alimentos básicos,Frijoles,1 Kg,UNKNOWN,LOCAL,1.02,1.02,1.02,1.0,True,keep_imputed,price_parse_failed;price<=0,1.122,False,median_category_country,,1.02,2053,True
45,1,Desconocido,UNKNOWN,9,frijoles,frijoles,False,Alimentos básicos,Frijoles,1Kg,UNKNOWN,LOCAL,1.02,1.02,1.02,1.0,True,keep_imputed,price_parse_failed;price<=0,0.918,False,median_category_country,,1.02,2054,True
45,1,Desconocido,UNKNOWN,9,frijoles,frijoles,False,Alimentos básicos,Frijoles,1Kg,UNKNOWN,LOCAL,1.02,1.02,1.02,1.0,True,keep_imputed,price_parse_failed;price<=0,0.969,False,median_category_country,,1.02,2055,True
45,1,Desconocido,UNKNOWN,9,frijoles,frijoles,False,Alimentos básicos,Frijoles,1Kg,UNKNOWN,LOCAL,1.02,1.02,1.02,1.0,True,keep_imputed,price_parse_failed;price<=0,1.071,False,median_category_country,,1.02,2056,True
45,1,Desconocido,UNKNOWN,9,frijoles,frijoles,False,Alimentos básicos,Frijoles,1Kg,UNKNOWN,LOCAL,1.02,1.02,1.02,1.0,True,keep_imputed,price_parse_failed;price<=0,1.122,False,median_category_country,,1.02,2057,True
46,1,Desconocido,UNKNOWN,9,frijoles,frijoles,False,Alimentos básicos,Frijoles,1 kg,UNKNOWN,LOCAL,1.02,1.02,1.02,1.0,True,keep_imputed,price_parse_failed;price<=0,0.918,False,median_category_country,,1.02,2058,True
46,1,Desconocido,UNKNOWN,9,frijoles,frijoles,False,Alimentos básicos,Frijoles,1 kg,UNKNOWN,LOCAL,1.02,1.02,1.02,1.0,True,keep_imputed,price_parse_failed;price<=0,0.969,False,median_category_country,,1.02,2059,True
46,1,Desconocido,UNKNOWN,9,frijoles,frijoles,False,Alimentos básicos,Frijoles,1 kg,UNKNOWN,LOCAL,1.02,1.02,1.02,1.0,True,keep_imputed,price_parse_failed;price<=0,1.071,False,median_category_country,,1.02,2060,True
46,1,Desconocido,UNKNOWN,9,frijoles,frijoles,False,Alimentos básicos,Frijoles,1 kg,UNKNOWN,LOCAL,1.02,1.02,1.02,1.0,True,keep_imputed,price_parse_failed;price<=0,1.122,False,median_category_country,,1.02,2061,True
51,3,Desconocido,BR,9,frijoles,frijoles,False,Alimentos básicos,Frijoles,1 Kg,BR,LOCAL,5.29,0.971,,5.448,True,keep,heuristic_default [precio_usd fuera de rango 1–20],1.1382,False,median_category_country,1.2647,1.2647,2062,True
51,3,Desconocido,BR,9,frijoles,frijoles,False,Alimentos básicos,Frijoles,1 Kg,BR,LOCAL,5.29,0.971,,5.448,True,keep,heuristic_default [precio_usd fuera de rango 1–20],1.2015,False,median_category_country,1.2647,1.2647,2063,True
51,3,Desconocido,BR,9,frijoles,frijoles,False,Alimentos básicos,Frijoles,1 Kg,BR,LOCAL,5.29,0.971,,5.448,True,keep,heuristic_default [precio_usd fuera de rango 1–20],1.3279,False,median_category_country,1.2647,1.2647,2064,True
51,3,Desconocido,BR,9,frijoles,frijoles,False,Alimentos básicos,Frijoles,1 Kg,BR,LOCAL,5.29,0.971,,5.448,True,keep,heuristic_default [precio_usd fuera de rango 1–20],1.3912,False,median_category_country,1.2647,1.2647,2065,True
52,3,Desconocido,BR,9,frijoles,frijoles,False,Alimentos básicos,Frijoles,1Kg,BR,LOCAL,4.49,0.8242,,5.448,True,keep,heuristic_default [precio_usd fuera de rango 1–20],1.1382,False,median_category_country,1.2647,1.2647,2066,True
52,3,Desconocido,BR,9,frijoles,frijoles,False,Alimentos básicos,Frijoles,1Kg,BR,LOCAL,4.49,0.8242,,5.448,True,keep,heuristic_default [precio_usd fuera de rango 1–20],1.2015,False,median_category_country,1.2647,1.2647,2067,True
52,3,Desconocido,BR,9,frijoles,frijoles,False,Alimentos básicos,Frijoles,1Kg,BR,LOCAL,4.49,0.8242,,5.448,True,keep,heuristic_default [precio_usd fuera de rango 1–20],1.3279,False,median_category_country,1.2647,1.2647,2068,True
52,3,Desconocido,BR,9,frijoles,frijoles,False,Alimentos básicos,Frijoles,1Kg,BR,LOCAL,4.49,0.8242,,5.448,True,keep,heuristic_default [precio_usd fuera de rango 1–20],1.3912,False,median_category_country,1.2647,1.2647,2069,True
56,1,Desconocido,UNKNOWN,12,cebolla,cebolla,False,ARROZ DIANA 500 G,Unidades disponibles,500 G,UNKNOWN,LOCAL,500.0,500.0,,1.0,True,keep,heuristic_default [precio_usd fuera de rango 1–20],1.521,False,median_category_country,1.69,1.69,2070,True
56,1,Desconocido,UNKNOWN,12,cebolla,cebolla,False,ARROZ DIANA 500 G,Unidades disponibles,500 G,UNKNOWN,LOCAL,500.0,500.0,,1.0,True,keep,heuristic_default [precio_usd fuera de rango 1–20],1.6055,False,median_category_country,1.69,1.69,2071,True
56,1,Desconocido,UNKNOWN,12,cebolla,cebolla,False,ARROZ DIANA 500 G,Unidades disponibles,500 G,UNKNOWN,LOCAL,500.0,500.0,,1.0,True,keep,heuristic_default [precio_usd fuera de rango 1–20],1.7745,False,median_category_country,1.69,1.69,2072,True
56,1,Desconocido,UNKNOWN,12,cebolla,cebolla,False,ARROZ DIANA 500 G,Unidades disponibles,500 G,UNKNOWN,LOCAL,500.0,500.0,,1.0,True,keep,heuristic_default [precio_usd fuera de rango 1–20],1.859,False,median_category_country,1.69,1.69,2073,True
57,1,Desconocido,UNKNOWN,13,azucar,azucar,False,ARROZ ESTÁNDAR ALBAR 500 GRS,Unidades disponibles,500 g,UNKNOWN,LOCAL,500.0,500.0,,1.0,True,keep,heuristic_default [precio_usd fuera de rango 1–20],2.493,False,median_category_country,2.77,2.77,2074,True
57,1,Desconocido,UNKNOWN,13,azucar,azucar,False,ARROZ ESTÁNDAR ALBAR 500 GRS,Unidades disponibles,500 g,UNKNOWN,LOCAL,500.0,500.0,,1.0,True,keep,heuristic_default [precio_usd fuera de rango 1–20],2.6315,False,median_category_country,2.77,2.77,2075,True
57,1,Desconocido,UNKNOWN,13,azucar,azucar,False,ARROZ ESTÁNDAR ALBAR 500 GRS,Unidades disponibles,500 g,UNKNOWN,LOCAL,500.0,500.0,,1.0,True,keep,heuristic_default [precio_usd fuera de rango 1–20],2.9085,False,median_category_country,2.77,2.77,2076,True
57,1,Desconocido,UNKNOWN,13,azucar,azucar,False,ARROZ ESTÁNDAR ALBAR 500 GRS,Unidades disponibles,500 g,UNKNOWN,LOCAL,500.0,500.0,,1.0,True,keep,heuristic_default [precio_usd fuera de rango 1–20],3.047,False,median_category_country,2.77,2.77,2077,True
65,2,Chedraui,MX,10,arroz,arroz,False,Arroz SOS Super Extra Rojo 900g,SOS,900g,MX,LOCAL,20.4,1.0956,1.0956,18.62,True,keep_imputed,price_parse_failed;price<=0,0.986,False,median_category_country,1.0956,1.0956,2078,True
65,2,Chedraui,MX,10,arroz,arroz,False,Arroz SOS Super Extra Rojo 900g,SOS,900g,MX,LOCAL,20.4,1.0956,1.0956,18.62,True,keep_imputed,price_parse_failed;price<=0,1.0408,False,median_category_country,1.0956,1.0956,2079,True
65,2,Chedraui,MX,10,arroz,arroz,False,Arroz SOS Super Extra Rojo 900g,SOS,900g,MX,LOCAL,20.4,1.0956,1.0956,18.62,True,keep_imputed,price_parse_failed;price<=0,1.1504,False,median_category_country,1.0956,1.0956,2080,True
65,2,Chedraui,MX,10,arroz,arroz,False,Arroz SOS Super Extra Rojo 900g,SOS,900g,MX,LOCAL,20.4,1.0956,1.0956,18.62,True,keep_imputed,price_parse_failed;price<=0,1.2052,False,median_category_country,1.0956,1.0956,2081,True
66,2,Chedraui,MX,10,arroz,arroz,False,Arroz Super Extra Chedraui 900g,Chedraui,900g,MX,LOCAL,20.4,1.0956,1.0956,18.62,True,keep_imputed,price_parse_failed;price<=0,0.986,False,median_category_country,1.0956,1.0956,2082,True
66,2,Chedraui,MX,10,arroz,arroz,False,Arroz Super Extra Chedraui 900g,Chedraui,900g,MX,LOCAL,20.4,1.0956,1.0956,18.62,True,keep_imputed,price_parse_failed;price<=0,1.0408,False,median_category_country,1.0956,1.0956,2083,True
66,2,Chedraui,MX,10,arroz,arroz,False,Arroz Super Extra Chedraui 900g,Chedraui,900g,MX,LOCAL,20.4,1.0956,1.0956,18.62,True,keep_imputed,price_parse_failed;price<=0,1.1504,False,median_category_country,1.0956,1.0956,2084,True
66,2,Chedraui,MX,10,arroz,arroz,False,Arroz Super Extra Chedraui 900g,Chedraui,900g,MX,LOCAL,20.4,1.0956,1.0956,18.62,True,keep_imputed,price_parse_failed;price<=0,1.2052,False,median_category_country,1.0956,1.0956,2085,True
67,2,Chedraui,MX,10,arroz,arroz,False,Arroz Verde Valle Super Extra 900g,Verde Valle,900g,MX,LOCAL,20.4,1.0956,1.0956,18.62,True,keep_imputed,price_parse_failed;price<=0,0.986,False,median_category_country,1.0956,1.0956,2086,True
67,2,Chedraui,MX,10,arroz,arroz,False,Arroz Verde Valle Super Extra 900g,Verde Valle,900g,MX,LOCAL,20.4,1.0956,1.0956,18.62,True,keep_imputed,price_parse_failed;price<=0,1.0408,False,median_category_country,1.0956,1.0956,2087,True
67,2,Chedraui,MX,10,arroz,arroz,False,Arroz Verde Valle Super Extra 900g,Verde Valle,900g,MX,LOCAL,20.4,1.0956,1.0956,18.62,True,keep_imputed,price_parse_failed;price<=0,1.1504,False,median_category_country,1.0956,1.0956,2088,True
67,2,Chedraui,MX,10,arroz,arroz,False,Arroz Verde Valle Super Extra 900g,Verde Valle,900g,MX,LOCAL,20.4,1.0956,1.0956,18.62,True,keep_imputed,price_parse_failed;price<=0,1.2052,False,median_category_country,1.0956,1.0956,2089,True
68,5,Desconocido,CO,2,cafe,sin_categoria,True,Asesoramos tu compra WEB: 📞(601) 6672004 -,"Otras Ciudades clic aquí,",,CO,LOCAL,25.0,0.0062,,4047.0,True,keep_imputed,no_category_detected [precio_usd fuera de rango 1–20],2.5965,False,global_median,,2.885,2090,True
68,5,Desconocido,CO,2,cafe,sin_categoria,True,Asesoramos tu compra WEB: 📞(601) 6672004 -,"Otras Ciudades clic aquí,",,CO,LOCAL,25.0,0.0062,,4047.0,True,keep_imputed,no_category_detected [precio_usd fuera de rango 1–20],2.7407,False,global_median,,2.885,2091,True
68,5,Desconocido,CO,2,cafe,sin_categoria,True,Asesoramos tu compra WEB: 📞(601) 6672004 -,"Otras Ciudades clic aquí,",,CO,LOCAL,25.0,0.0062,,4047.0,True,keep_imputed,no_category_detected [precio_usd fuera de rango 1–20],3.0292,False,global_median,,2.885,2092,True
68,5,Desconocido,CO,2,cafe,sin_categoria,True,Asesoramos tu compra WEB: 📞(601) 6672004 -,"Otras Ciudades clic aquí,",,CO,LOCAL,25.0,0.0062,,4047.0,True,keep_imputed,no_category_detected [precio_usd fuera de rango 1–20],3.1735,False,global_median,,2.885,2093,True
69,5,Desconocido,CO,14,cafe,cafe,False,"ASESORAMOS TU COMPRA: 📞(601) 6672004, lun a sab de 7am.a 7pm dom hasta las 6pm",otras ciudades consulta aquí,,CO,LOCAL,9.6,0.0024,,4047.0,True,keep,heuristic_default [precio_usd fuera de rango 1–20],2.5965,False,global_median,,2.885,2094,True
69,5,Desconocido,CO,14,cafe,cafe,False,"ASESORAMOS TU COMPRA: 📞(601) 6672004, lun a sab de 7am.a 7pm dom hasta las 6pm",otras ciudades consulta aquí,,CO,LOCAL,9.6,0.0024,,4047.0,True,keep,heuristic_default [precio_usd fuera de rango 1–20],2.7407,False,global_median,,2.885,2095,True
69,5,Desconocido,CO,14,cafe,cafe,False,"ASESORAMOS TU COMPRA: 📞(601) 6672004, lun a sab de 7am.a 7pm dom hasta las 6pm",otras ciudades consulta aquí,,CO,LOCAL,9.6,0.0024,,4047.0,True,keep,heuristic_default [precio_usd fuera de rango 1–20],3.0292,False,global_median,,2.885,2096,True
69,5,Desconocido,CO,14,cafe,cafe,False,"ASESORAMOS TU COMPRA: 📞(601) 6672004, lun a sab de 7am.a 7pm dom hasta las 6pm",otras ciudades consulta aquí,,CO,LOCAL,9.6,0.0024,,4047.0,True,keep,heuristic_default [precio_usd fuera de rango 1–20],3.1735,False,global_median,,2.885,2097,True
70,5,Desconocido,CO,14,cafe,cafe,False,"ASESORAMOS TU COMPRA: 📞(601) 6672004, lun a sab de 7am.a 7pm dom hasta las 6pm",otras ciudades consulta aquí,500gr,CO,LOCAL,1.69,0.0004,,4047.0,True,keep_imputed,no_category_detected [precio_usd fuera de rango 1–20],2.5965,False,global_median,,2.885,2098,True
70,5,Desconocido,CO,14,cafe,cafe,False,"ASESORAMOS TU COMPRA: 📞(601) 6672004, lun a sab de 7am.a 7pm dom hasta las 6pm",otras ciudades consulta aquí,500gr,CO,LOCAL,1.69,0.0004,,4047.0,True,keep_imputed,no_category_detected [precio_usd fuera de rango 1–20],2.7407,False,global_median,,2.885,2099,True
70,5,Desconocido,CO,14,cafe,cafe,False,"ASESORAMOS TU COMPRA: 📞(601) 6672004, lun a sab de 7am.a 7pm dom hasta las 6pm",otras ciudades consulta aquí,500gr,CO,LOCAL,1.69,0.0004,,4047.0,True,keep_imputed,no_category_detected [precio_usd fuera de rango 1–20],3.0292,False,global_median,,2.885,2100,True
70,5,Desconocido,CO,14,cafe,cafe,False,"ASESORAMOS TU COMPRA: 📞(601) 6672004, lun a sab de 7am.a 7pm dom hasta las 6pm",otras ciudades consulta aquí,500gr,CO,LOCAL,1.69,0.0004,,4047.0,True,keep_imputed,no_category_detected [precio_usd fuera de rango 1–20],3.1735,False,global_median,,2.885,2101,True
71,5,Desconocido,CO,14,cafe,cafe,False,"ASESORAMOS TU COMPRA: 📞(601) 6672004, lun a sab de 7am.a 7pm dom hasta las 6pm",otras ciudades consulta aquí,480G,CO,LOCAL,8.19,0.002,,4047.0,True,keep,heuristic_default [precio_usd fuera de rango 1–20],2.5965,False,global_median,,2.885,2102,True
71,5,Desconocido,CO,14,cafe,cafe,False,"ASESORAMOS TU COMPRA: 📞(601) 6672004, lun a sab de 7am.a 7pm dom hasta las 6pm",otras ciudades consulta aquí,480G,CO,LOCAL,8.19,0.002,,4047.0,True,keep,heuristic_default [precio_usd fuera de rango 1–20],2.7407,False,global_median,,2.885,2103,True
71,5,Desconocido,CO,14,cafe,cafe,False,"ASESORAMOS TU COMPRA: 📞(601) 6672004, lun a sab de 7am.a 7pm dom hasta las 6pm",otras ciudades consulta aquí,480G,CO,LOCAL,8.19,0.002,,4047.0,True,keep,heuristic_default [precio_usd fuera de rango 1–20],3.0292,False,global_median,,2.885,2104,True
71,5,Desconocido,CO,14,cafe,cafe,False,"ASESORAMOS TU COMPRA: 📞(601) 6672004, lun a sab de 7am.a 7pm dom hasta las 6pm",otras ciudades consulta aquí,480G,CO,LOCAL,8.19,0.002,,4047.0,True,keep,heuristic_default [precio_usd fuera de rango 1–20],3.1735,False,global_median,,2.885,2105,True
72,5,Desconocido,CO,15,pan,pan,False,"ASESORAMOS TU COMPRA: 📞(601) 6672004, lun a sab de 7am.a 7pm dom hasta las 6pm",otras ciudades consulta aquí,750 g,CO,LOCAL,7.63,0.0019,,4047.0,True,keep,heuristic_default [precio_usd fuera de rango 1–20],2.5965,False,global_median,,2.885,2106,True
72,5,Desconocido,CO,15,pan,pan,False,"ASESORAMOS TU COMPRA: 📞(601) 6672004, lun a sab de 7am.a 7pm dom hasta las 6pm",otras ciudades consulta aquí,750 g,CO,LOCAL,7.63,0.0019,,4047.0,True,keep,heuristic_default [precio_usd fuera de rango 1–20],2.7407,False,global_median,,2.885,2107,True
72,5,Desconocido,CO,15,pan,pan,False,"ASESORAMOS TU COMPRA: 📞(601) 6672004, lun a sab de 7am.a 7pm dom hasta las 6pm",otras ciudades consulta aquí,750 g,CO,LOCAL,7.63,0.0019,,4047.0,True,keep,heuristic_default [precio_usd fuera de rango 1–20],3.0292,False,global_median,,2.885,2108,True
72,5,Desconocido,CO,15,pan,pan,False,"ASESORAMOS TU COMPRA: 📞(601) 6672004, lun a sab de 7am.a 7pm dom hasta las 6pm",otras ciudades consulta aquí,750 g,CO,LOCAL,7.63,0.0019,,4047.0,True,keep,heuristic_default [precio_usd fuera de rango 1–20],3.1735,False,global_median,,2.885,2109,True
73,5,Desconocido,CO,14,cafe,cafe,False,"ASESORAMOS TU COMPRA: 📞(601) 6672004, lun a sab de 7am.a 7pm dom hasta las 6pm",otras ciudades consulta aquí,460 g,CO,LOCAL,10.55,0.0026,,4047.0,True,keep,heuristic_default [precio_usd fuera de rango 1–20],2.5965,False,global_median,,2.885,2110,True
73,5,Desconocido,CO,14,cafe,cafe,False,"ASESORAMOS TU COMPRA: 📞(601) 6672004, lun a sab de 7am.a 7pm dom hasta las 6pm",otras ciudades consulta aquí,460 g,CO,LOCAL,10.55,0.0026,,4047.0,True,keep,heuristic_default [precio_usd fuera de rango 1–20],2.7407,False,global_median,,2.885,2111,True
73,5,Desconocido,CO,14,cafe,cafe,False,"ASESORAMOS TU COMPRA: 📞(601) 6672004, lun a sab de 7am.a 7pm dom hasta las 6pm",otras ciudades consulta aquí,460 g,CO,LOCAL,10.55,0.0026,,4047.0,True,keep,heuristic_default [precio_usd fuera de rango 1–20],3.0292,False,global_median,,2.885,2112,True
73,5,Desconocido,CO,14,cafe,cafe,False,"ASESORAMOS TU COMPRA: 📞(601) 6672004, lun a sab de 7am.a 7pm dom hasta las 6pm",otras ciudades consulta aquí,460 g,CO,LOCAL,10.55,0.0026,,4047.0,True,keep,heuristic_default [precio_usd fuera de rango 1–20],3.1735,False,global_median,,2.885,2113,True
74,5,Desconocido,CO,2,cafe,sin_categoria,True,"ASESORAMOS TU COMPRA: 📞(601) 6672004, lun a sab de 7am.a 7pm dom hasta las 6pm",otras ciudades consulta aquí,550 g,CO,LOCAL,6.89,0.0017,,4047.0,True,keep_imputed,no_category_detected [precio_usd fuera de rango 1–20],2.5965,False,global_median,,2.885,2114,True
74,5,Desconocido,CO,2,cafe,sin_categoria,True,"ASESORAMOS TU COMPRA: 📞(601) 6672004, lun a sab de 7am.a 7pm dom hasta las 6pm",otras ciudades consulta aquí,550 g,CO,LOCAL,6.89,0.0017,,4047.0,True,keep_imputed,no_category_detected [precio_usd fuera de rango 1–20],2.7407,False,global_median,,2.885,2115,True
74,5,Desconocido,CO,2,cafe,sin_categoria,True,"ASESORAMOS TU COMPRA: 📞(601) 6672004, lun a sab de 7am.a 7pm dom hasta las 6pm",otras ciudades consulta aquí,550 g,CO,LOCAL,6.89,0.0017,,4047.0,True,keep_imputed,no_category_detected [precio_usd fuera de rango 1–20],3.0292,False,global_median,,2.885,2116,True
74,5,Desconocido,CO,2,cafe,sin_categoria,True,"ASESORAMOS TU COMPRA: 📞(601) 6672004, lun a sab de 7am.a 7pm dom hasta las 6pm",otras ciudades consulta aquí,550 g,CO,LOCAL,6.89,0.0017,,4047.0,True,keep_imputed,no_category_detected [precio_usd fuera de rango 1–20],3.1735,False,global_median,,2.885,2117,True
75,5,Desconocido,CO,14,cafe,cafe,False,"ASESORAMOS TU COMPRA: 📞(601) 6672004, lun a sab de 7am.a 7pm dom hasta las 6pm",otras ciudades consulta aquí,1000 gr,CO,LOCAL,19.49,0.0048,,4047.0,True,keep,heuristic_default [precio_usd fuera de rango 1–20],2.5965,False,global_median,,2.885,2118,True
75,5,Desconocido,CO,14,cafe,cafe,False,"ASESORAMOS TU COMPRA: 📞(601) 6672004, lun a sab de 7am.a 7pm dom hasta las 6pm",otras ciudades consulta aquí,1000 gr,CO,LOCAL,19.49,0.0048,,4047.0,True,keep,heuristic_default [precio_usd fuera de rango 1–20],2.7407,False,global_median,,2.885,2119,True
75,5,Desconocido,CO,14,cafe,cafe,False,"ASESORAMOS TU COMPRA: 📞(601) 6672004, lun a sab de 7am.a 7pm dom hasta las 6pm",otras ciudades consulta aquí,1000 gr,CO,LOCAL,19.49,0.0048,,4047.0,True,keep,heuristic_default [precio_usd fuera de rango 1–20],3.0292,False,global_median,,2.885,2120,True
75,5,Desconocido,CO,14,cafe,cafe,False,"ASESORAMOS TU COMPRA: 📞(601) 6672004, lun a sab de 7am.a 7pm dom hasta las 6pm",otras ciudades consulta aquí,1000 gr,CO,LOCAL,19.49,0.0048,,4047.0,True,keep,heuristic_default [precio_usd fuera de rango 1–20],3.1735,False,global_median,,2.885,2121,True
76,5,Desconocido,CO,14,cafe,cafe,False,"ASESORAMOS TU COMPRA: 📞(601) 6672004, lun a sab de 7am.a 7pm dom hasta las 6pm",otras ciudades consulta aquí,500 gr,CO,LOCAL,1.84,0.0005,,4047.0,True,keep,heuristic_default [precio_usd fuera de rango 1–20],2.5965,False,global_median,,2.885,2122,True
76,5,Desconocido,CO,14,cafe,cafe,False,"ASESORAMOS TU COMPRA: 📞(601) 6672004, lun a sab de 7am.a 7pm dom hasta las 6pm",otras ciudades consulta aquí,500 gr,CO,LOCAL,1.84,0.0005,,4047.0,True,keep,heuristic_default [precio_usd fuera de rango 1–20],2.7407,False,global_median,,2.885,2123,True
76,5,Desconocido,CO,14,cafe,cafe,False,"ASESORAMOS TU COMPRA: 📞(601) 6672004, lun a sab de 7am.a 7pm dom hasta las 6pm",otras ciudades consulta aquí,500 gr,CO,LOCAL,1.84,0.0005,,4047.0,True,keep,heuristic_default [precio_usd fuera de rango 1–20],3.0292,False,global_median,,2.885,2124,True
76,5,Desconocido,CO,14,cafe,cafe,False,"ASESORAMOS TU COMPRA: 📞(601) 6672004, lun a sab de 7am.a 7pm dom hasta las 6pm",otras ciudades consulta aquí,500 gr,CO,LOCAL,1.84,0.0005,,4047.0,True,keep,heuristic_default [precio_usd fuera de rango 1–20],3.1735,False,global_median,,2.885,2125,True
77,5,Desconocido,CO,14,cafe,cafe,False,"ASESORAMOS TU COMPRA: 📞(601) 6672004, lun a sab de 7am.a 7pm dom hasta las 6pm",otras ciudades consulta aquí,200 gr,CO,LOCAL,11.98,0.003,,4047.0,True,keep,heuristic_default [precio_usd fuera de rango 1–20],2.5965,False,global_median,,2.885,2126,True
77,5,Desconocido,CO,14,cafe,cafe,False,"ASESORAMOS TU COMPRA: 📞(601) 6672004, lun a sab de 7am.a 7pm dom hasta las 6pm",otras ciudades consulta aquí,200 gr,CO,LOCAL,11.98,0.003,,4047.0,True,keep,heuristic_default [precio_usd fuera de rango 1–20],2.7407,False,global_median,,2.885,2127,True
77,5,Desconocido,CO,14,cafe,cafe,False,"ASESORAMOS TU COMPRA: 📞(601) 6672004, lun a sab de 7am.a 7pm dom hasta las 6pm",otras ciudades consulta aquí,200 gr,CO,LOCAL,11.98,0.003,,4047.0,True,keep,heuristic_default [precio_usd fuera de rango 1–20],3.0292,False,global_median,,2.885,2128,True
77,5,Desconocido,CO,14,cafe,cafe,False,"ASESORAMOS TU COMPRA: 📞(601) 6672004, lun a sab de 7am.a 7pm dom hasta las 6pm",otras ciudades consulta aquí,200 gr,CO,LOCAL,11.98,0.003,,4047.0,True,keep,heuristic_default [precio_usd fuera de rango 1–20],3.1735,False,global_median,,2.885,2129,True
78,5,Desconocido,CO,14,cafe,cafe,False,"ASESORAMOS TU COMPRA: 📞(601) 6672004, lun a sab de 7am.a 7pm dom hasta las 6pm",otras ciudades consulta aquí,1000gr,CO,LOCAL,17.99,0.0044,,4047.0,True,keep,heuristic_default [precio_usd fuera de rango 1–20],2.5965,False,global_median,,2.885,2130,True
78,5,Desconocido,CO,14,cafe,cafe,False,"ASESORAMOS TU COMPRA: 📞(601) 6672004, lun a sab de 7am.a 7pm dom hasta las 6pm",otras ciudades consulta aquí,1000gr,CO,LOCAL,17.99,0.0044,,4047.0,True,keep,heuristic_default [precio_usd fuera de rango 1–20],2.7407,False,global_median,,2.885,2131,True
78,5,Desconocido,CO,14,cafe,cafe,False,"ASESORAMOS TU COMPRA: 📞(601) 6672004, lun a sab de 7am.a 7pm dom hasta las 6pm",otras ciudades consulta aquí,1000gr,CO,LOCAL,17.99,0.0044,,4047.0,True,keep,heuristic_default [precio_usd fuera de rango 1–20],3.0292,False,global_median,,2.885,2132,True
78,5,Desconocido,CO,14,cafe,cafe,False,"ASESORAMOS TU COMPRA: 📞(601) 6672004, lun a sab de 7am.a 7pm dom hasta las 6pm",otras ciudades consulta aquí,1000gr,CO,LOCAL,17.99,0.0044,,4047.0,True,keep,heuristic_default [precio_usd fuera de rango 1–20],3.1735,False,global_median,,2.885,2133,True
79,5,Desconocido,CO,14,cafe,cafe,False,"ASESORAMOS TU COMPRA: 📞(601) 6672004, lun a sab de 7am.a 7pm dom hasta las 6pm",otras ciudades consulta aquí,2500gr,CO,LOCAL,4.99,0.0012,,4047.0,True,keep,heuristic_default [precio_usd fuera de rango 1–20],2.5965,False,global_median,,2.885,2134,True
79,5,Desconocido,CO,14,cafe,cafe,False,"ASESORAMOS TU COMPRA: 📞(601) 6672004, lun a sab de 7am.a 7pm dom hasta las 6pm",otras ciudades consulta aquí,2500gr,CO,LOCAL,4.99,0.0012,,4047.0,True,keep,heuristic_default [precio_usd fuera de rango 1–20],2.7407,False,global_median,,2.885,2135,True
79,5,Desconocido,CO,14,cafe,cafe,False,"ASESORAMOS TU COMPRA: 📞(601) 6672004, lun a sab de 7am.a 7pm dom hasta las 6pm",otras ciudades consulta aquí,2500gr,CO,LOCAL,4.99,0.0012,,4047.0,True,keep,heuristic_default [precio_usd fuera de rango 1–20],3.0292,False,global_median,,2.885,2136,True
79,5,Desconocido,CO,14,cafe,cafe,False,"ASESORAMOS TU COMPRA: 📞(601) 6672004, lun a sab de 7am.a 7pm dom hasta las 6pm",otras ciudades consulta aquí,2500gr,CO,LOCAL,4.99,0.0012,,4047.0,True,keep,heuristic_default [precio_usd fuera de rango 1–20],3.1735,False,global_median,,2.885,2137,True
80,5,Desconocido,CO,14,cafe,cafe,False,"ASESORAMOS TU COMPRA: 📞(601) 6672004, lun a sab de 7am.a 7pm dom hasta las 6pm",otras ciudades consulta aquí,70g,CO,LOCAL,70.0,0.0173,,4047.0,True,keep,heuristic_default [precio_usd fuera de rango 1–20],2.5965,False,global_median,,2.885,2138,True
80,5,Desconocido,CO,14,cafe,cafe,False,"ASESORAMOS TU COMPRA: 📞(601) 6672004, lun a sab de 7am.a 7pm dom hasta las 6pm",otras ciudades consulta aquí,70g,CO,LOCAL,70.0,0.0173,,4047.0,True,keep,heuristic_default [precio_usd fuera de rango 1–20],2.7407,False,global_median,,2.885,2139,True
80,5,Desconocido,CO,14,cafe,cafe,False,"ASESORAMOS TU COMPRA: 📞(601) 6672004, lun a sab de 7am.a 7pm dom hasta las 6pm",otras ciudades consulta aquí,70g,CO,LOCAL,70.0,0.0173,,4047.0,True,keep,heuristic_default [precio_usd fuera de rango 1–20],3.0292,False,global_median,,2.885,2140,True
80,5,Desconocido,CO,14,cafe,cafe,False,"ASESORAMOS TU COMPRA: 📞(601) 6672004, lun a sab de 7am.a 7pm dom hasta las 6pm",otras ciudades consulta aquí,70g,CO,LOCAL,70.0,0.0173,,4047.0,True,keep,heuristic_default [precio_usd fuera de rango 1–20],3.1735,False,global_median,,2.885,2141,True
81,5,Desconocido,CO,14,cafe,cafe,False,"ASESORAMOS TU COMPRA: 📞(601) 6672004, lun a sab de 7am.a 7pm dom hasta las 6pm",otras ciudades consulta aquí,5kg,CO,LOCAL,10.89,0.0027,,4047.0,True,keep,heuristic_default [precio_usd fuera de rango 1–20],2.5965,False,global_median,,2.885,2142,True
81,5,Desconocido,CO,14,cafe,cafe,False,"ASESORAMOS TU COMPRA: 📞(601) 6672004, lun a sab de 7am.a 7pm dom hasta las 6pm",otras ciudades consulta aquí,5kg,CO,LOCAL,10.89,0.0027,,4047.0,True,keep,heuristic_default [precio_usd fuera de rango 1–20],2.7407,False,global_median,,2.885,2143,True
81,5,Desconocido,CO,14,cafe,cafe,False,"ASESORAMOS TU COMPRA: 📞(601) 6672004, lun a sab de 7am.a 7pm dom hasta las 6pm",otras ciudades consulta aquí,5kg,CO,LOCAL,10.89,0.0027,,4047.0,True,keep,heuristic_default [precio_usd fuera de rango 1–20],3.0292,False,global_median,,2.885,2144,True
81,5,Desconocido,CO,14,cafe,cafe,False,"ASESORAMOS TU COMPRA: 📞(601) 6672004, lun a sab de 7am.a 7pm dom hasta las 6pm",otras ciudades consulta aquí,5kg,CO,LOCAL,10.89,0.0027,,4047.0,True,keep,heuristic_default [precio_usd fuera de rango 1–20],3.1735,False,global_median,,2.885,2145,True
82,1,Desconocido,UNKNOWN,17,leche,leche,False,AZÚCAR BLANCA 1000 GRS,Unidades disponibles,1000 g,UNKNOWN,LOCAL,1000.0,1000.0,,1.0,True,keep,heuristic_default [precio_usd fuera de rango 1–20],0.999,False,median_category_country,1.11,1.11,2146,True
82,1,Desconocido,UNKNOWN,17,leche,leche,False,AZÚCAR BLANCA 1000 GRS,Unidades disponibles,1000 g,UNKNOWN,LOCAL,1000.0,1000.0,,1.0,True,keep,heuristic_default [precio_usd fuera de rango 1–20],1.0545,False,median_category_country,1.11,1.11,2147,True
82,1,Desconocido,UNKNOWN,17,leche,leche,False,AZÚCAR BLANCA 1000 GRS,Unidades disponibles,1000 g,UNKNOWN,LOCAL,1000.0,1000.0,,1.0,True,keep,heuristic_default [precio_usd fuera de rango 1–20],1.1655,False,median_category_country,1.11,1.11,2148,True
82,1,Desconocido,UNKNOWN,17,leche,leche,False,AZÚCAR BLANCA 1000 GRS,Unidades disponibles,1000 g,UNKNOWN,LOCAL,1000.0,1000.0,,1.0,True,keep,heuristic_default [precio_usd fuera de rango 1–20],1.221,False,median_category_country,1.11,1.11,2149,True
84,1,Desconocido,UNKNOWN,14,cafe,cafe,False,AZÚCAR MORENA 1000 GRS,Unidades disponibles,1000 g,UNKNOWN,LOCAL,1000.0,1000.0,,1.0,True,keep,heuristic_default [precio_usd fuera de rango 1–20],5.58,False,median_category_country,6.2,6.2,2150,True
84,1,Desconocido,UNKNOWN,14,cafe,cafe,False,AZÚCAR MORENA 1000 GRS,Unidades disponibles,1000 g,UNKNOWN,LOCAL,1000.0,1000.0,,1.0,True,keep,heuristic_default [precio_usd fuera de rango 1–20],5.89,False,median_category_country,6.2,6.2,2151,True
84,1,Desconocido,UNKNOWN,14,cafe,cafe,False,AZÚCAR MORENA 1000 GRS,Unidades disponibles,1000 g,UNKNOWN,LOCAL,1000.0,1000.0,,1.0,True,keep,heuristic_default [precio_usd fuera de rango 1–20],6.51,False,median_category_country,6.2,6.2,2152,True
84,1,Desconocido,UNKNOWN,14,cafe,cafe,False,AZÚCAR MORENA 1000 GRS,Unidades disponibles,1000 g,UNKNOWN,LOCAL,1000.0,1000.0,,1.0,True,keep,heuristic_default [precio_usd fuera de rango 1–20],6.82,False,median_category_country,6.2,6.2,2153,True
85,3,Desconocido,BR,13,azucar,azucar,False,Azúcar y Adoçante,Azúcar,1kg,BR,LOCAL,3.99,0.7324,,5.448,True,keep,heuristic_default [precio_usd fuera de rango 1–20],1.6255,False,median_category_country,1.80615,1.80615,2154,True
85,3,Desconocido,BR,13,azucar,azucar,False,Azúcar y Adoçante,Azúcar,1kg,BR,LOCAL,3.99,0.7324,,5.448,True,keep,heuristic_default [precio_usd fuera de rango 1–20],1.7158,False,median_category_country,1.80615,1.80615,2155,True
85,3,Desconocido,BR,13,azucar,azucar,False,Azúcar y Adoçante,Azúcar,1kg,BR,LOCAL,3.99,0.7324,,5.448,True,keep,heuristic_default [precio_usd fuera de rango 1–20],1.8965,False,median_category_country,1.80615,1.80615,2156,True
85,3,Desconocido,BR,13,azucar,azucar,False,Azúcar y Adoçante,Azúcar,1kg,BR,LOCAL,3.99,0.7324,,5.448,True,keep,heuristic_default [precio_usd fuera de rango 1–20],1.9868,False,median_category_country,1.80615,1.80615,2157,True
87,3,Desconocido,BR,13,azucar,azucar,False,Azúcar y Adoçante,Azúcar,500g,BR,LOCAL,4.99,0.9159,,5.448,True,keep,heuristic_default [precio_usd fuera de rango 1–20],1.6255,False,median_category_country,1.80615,1.80615,2158,True
87,3,Desconocido,BR,13,azucar,azucar,False,Azúcar y Adoçante,Azúcar,500g,BR,LOCAL,4.99,0.9159,,5.448,True,keep,heuristic_default [precio_usd fuera de rango 1–20],1.7158,False,median_category_country,1.80615,1.80615,2159,True
87,3,Desconocido,BR,13,azucar,azucar,False,Azúcar y Adoçante,Azúcar,500g,BR,LOCAL,4.99,0.9159,,5.448,True,keep,heuristic_default [precio_usd fuera de rango 1–20],1.8965,False,median_category_country,1.80615,1.80615,2160,True
87,3,Desconocido,BR,13,azucar,azucar,False,Azúcar y Adoçante,Azúcar,500g,BR,LOCAL,4.99,0.9159,,5.448,True,keep,heuristic_default [precio_usd fuera de rango 1–20],1.9868,False,median_category_country,1.80615,1.80615,2161,True
89,2,Chedraui,MX,13,azucar,azucar,False,Azúcar Zulka Glass 500g,Zulka,500g,MX,LOCAL,42.75,2.296,2.296,18.62,True,keep_imputed,price_parse_failed;price<=0,2.0664,False,median_category_country,2.29595,2.296,2162,True
89,2,Chedraui,MX,13,azucar,azucar,False,Azúcar Zulka Glass 500g,Zulka,500g,MX,LOCAL,42.75,2.296,2.296,18.62,True,keep_imputed,price_parse_failed;price<=0,2.1812,False,median_category_country,2.29595,2.296,2163,True
89,2,Chedraui,MX,13,azucar,azucar,False,Azúcar Zulka Glass 500g,Zulka,500g,MX,LOCAL,42.75,2.296,2.296,18.62,True,keep_imputed,price_parse_failed;price<=0,2.4108,False,median_category_country,2.29595,2.296,2164,True
89,2,Chedraui,MX,13,azucar,azucar,False,Azúcar Zulka Glass 500g,Zulka,500g,MX,LOCAL,42.75,2.296,2.296,18.62,True,keep_imputed,price_parse_failed;price<=0,2.5256,False,median_category_country,2.29595,2.296,2165,True
91,1,Desconocido,UNKNOWN,6,papa,sin_categoria,True,Bebidas Sin Alcohol,Gaseosas,2.25 L,UNKNOWN,LOCAL,1265.6,1265.6,,1.0,True,keep_imputed,no_category_detected [precio_usd fuera de rango 1–20],3.3345,False,median_category_country,3.705,3.705,2166,True
91,1,Desconocido,UNKNOWN,6,papa,sin_categoria,True,Bebidas Sin Alcohol,Gaseosas,2.25 L,UNKNOWN,LOCAL,1265.6,1265.6,,1.0,True,keep_imputed,no_category_detected [precio_usd fuera de rango 1–20],3.5197,False,median_category_country,3.705,3.705,2167,True
91,1,Desconocido,UNKNOWN,6,papa,sin_categoria,True,Bebidas Sin Alcohol,Gaseosas,2.25 L,UNKNOWN,LOCAL,1265.6,1265.6,,1.0,True,keep_imputed,no_category_detected [precio_usd fuera de rango 1–20],3.8903,False,median_category_country,3.705,3.705,2168,True
91,1,Desconocido,UNKNOWN,6,papa,sin_categoria,True,Bebidas Sin Alcohol,Gaseosas,2.25 L,UNKNOWN,LOCAL,1265.6,1265.6,,1.0,True,keep_imputed,no_category_detected [precio_usd fuera de rango 1–20],4.0755,False,median_category_country,3.705,3.705,2169,True
92,1,Desconocido,UNKNOWN,6,papa,sin_categoria,True,Bebidas Sin Alcohol,Gaseosas,2l,UNKNOWN,LOCAL,3450.0,3450.0,,1.0,True,keep_imputed,no_category_detected [precio_usd fuera de rango 1–20],3.3345,False,median_category_country,3.705,3.705,2170,True
92,1,Desconocido,UNKNOWN,6,papa,sin_categoria,True,Bebidas Sin Alcohol,Gaseosas,2l,UNKNOWN,LOCAL,3450.0,3450.0,,1.0,True,keep_imputed,no_category_detected [precio_usd fuera de rango 1–20],3.5197,False,median_category_country,3.705,3.705,2171,True
92,1,Desconocido,UNKNOWN,6,papa,sin_categoria,True,Bebidas Sin Alcohol,Gaseosas,2l,UNKNOWN,LOCAL,3450.0,3450.0,,1.0,True,keep_imputed,no_category_detected [precio_usd fuera de rango 1–20],3.8903,False,median_category_country,3.705,3.705,2172,True
92,1,Desconocido,UNKNOWN,6,papa,sin_categoria,True,Bebidas Sin Alcohol,Gaseosas,2l,UNKNOWN,LOCAL,3450.0,3450.0,,1.0,True,keep_imputed,no_category_detected [precio_usd fuera de rango 1–20],4.0755,False,median_category_country,3.705,3.705,2173,True
95,1,Desconocido,UNKNOWN,18,huevo,huevo,False,BUSCAR PRODUCTOS,Ingresa,30 piezas,UNKNOWN,LOCAL,443.0,443.0,,1.0,True,keep_imputed,heuristic_default [precio_usd fuera de rango 1–20],4.671,False,median_category_country,5.19,5.19,2174,True
95,1,Desconocido,UNKNOWN,18,huevo,huevo,False,BUSCAR PRODUCTOS,Ingresa,30 piezas,UNKNOWN,LOCAL,443.0,443.0,,1.0,True,keep_imputed,heuristic_default [precio_usd fuera de rango 1–20],4.9305,False,median_category_country,5.19,5.19,2175,True
95,1,Desconocido,UNKNOWN,18,huevo,huevo,False,BUSCAR PRODUCTOS,Ingresa,30 piezas,UNKNOWN,LOCAL,443.0,443.0,,1.0,True,keep_imputed,heuristic_default [precio_usd fuera de rango 1–20],5.4495,False,median_category_country,5.19,5.19,2176,True
95,1,Desconocido,UNKNOWN,18,huevo,huevo,False,BUSCAR PRODUCTOS,Ingresa,30 piezas,UNKNOWN,LOCAL,443.0,443.0,,1.0,True,keep_imputed,heuristic_default [precio_usd fuera de rango 1–20],5.709,False,median_category_country,5.19,5.19,2177,True
96,1,Desconocido,UNKNOWN,2,cafe,sin_categoria,True,BUSCAR PRODUCTOS,Ingresa,,UNKNOWN,LOCAL,443.0,443.0,,1.0,True,keep_imputed,no_category_detected [precio_usd fuera de rango 1–20],3.3345,False,median_category_country,3.705,3.705,2178,True
96,1,Desconocido,UNKNOWN,2,cafe,sin_categoria,True,BUSCAR PRODUCTOS,Ingresa,,UNKNOWN,LOCAL,443.0,443.0,,1.0,True,keep_imputed,no_category_detected [precio_usd fuera de rango 1–20],3.5197,False,median_category_country,3.705,3.705,2179,True
96,1,Desconocido,UNKNOWN,2,cafe,sin_categoria,True,BUSCAR PRODUCTOS,Ingresa,,UNKNOWN,LOCAL,443.0,443.0,,1.0,True,keep_imputed,no_category_detected [precio_usd fuera de rango 1–20],3.8903,False,median_category_country,3.705,3.705,2180,True
96,1,Desconocido,UNKNOWN,2,cafe,sin_categoria,True,BUSCAR PRODUCTOS,Ingresa,,UNKNOWN,LOCAL,443.0,443.0,,1.0,True,keep_imputed,no_category_detected [precio_usd fuera de rango 1–20],4.0755,False,median_category_country,3.705,3.705,2181,True
97,1,Desconocido,UNKNOWN,19,harina de trigo,harina de trigo,False,BUSCAR PRODUCTOS,Ingresa,1 KG,UNKNOWN,LOCAL,443.0,443.0,,1.0,True,keep,heuristic_default [precio_usd fuera de rango 1–20],1.908,False,median_category_country,2.12,2.12,2182,True
97,1,Desconocido,UNKNOWN,19,harina de trigo,harina de trigo,False,BUSCAR PRODUCTOS,Ingresa,1 KG,UNKNOWN,LOCAL,443.0,443.0,,1.0,True,keep,heuristic_default [precio_usd fuera de rango 1–20],2.014,False,median_category_country,2.12,2.12,2183,True
97,1,Desconocido,UNKNOWN,19,harina de trigo,harina de trigo,False,BUSCAR PRODUCTOS,Ingresa,1 KG,UNKNOWN,LOCAL,443.0,443.0,,1.0,True,keep,heuristic_default [precio_usd fuera de rango 1–20],2.226,False,median_category_country,2.12,2.12,2184,True
97,1,Desconocido,UNKNOWN,19,harina de trigo,harina de trigo,False,BUSCAR PRODUCTOS,Ingresa,1 KG,UNKNOWN,LOCAL,443.0,443.0,,1.0,True,keep,heuristic_default [precio_usd fuera de rango 1–20],2.332,False,median_category_country,2.12,2.12,2185,True
98,1,Desconocido,UNKNOWN,2,cafe,sin_categoria,True,BUSCAR PRODUCTOS,Ingresa,100.00 g,UNKNOWN,LOCAL,443.0,443.0,,1.0,True,keep_imputed,no_category_detected [precio_usd fuera de rango 1–20],3.3345,False,median_category_country,3.705,3.705,2186,True
98,1,Desconocido,UNKNOWN,2,cafe,sin_categoria,True,BUSCAR PRODUCTOS,Ingresa,100.00 g,UNKNOWN,LOCAL,443.0,443.0,,1.0,True,keep_imputed,no_category_detected [precio_usd fuera de rango 1–20],3.5197,False,median_category_country,3.705,3.705,2187,True
98,1,Desconocido,UNKNOWN,2,cafe,sin_categoria,True,BUSCAR PRODUCTOS,Ingresa,100.00 g,UNKNOWN,LOCAL,443.0,443.0,,1.0,True,keep_imputed,no_category_detected [precio_usd fuera de rango 1–20],3.8903,False,median_category_country,3.705,3.705,2188,True
98,1,Desconocido,UNKNOWN,2,cafe,sin_categoria,True,BUSCAR PRODUCTOS,Ingresa,100.00 g,UNKNOWN,LOCAL,443.0,443.0,,1.0,True,keep_imputed,no_category_detected [precio_usd fuera de rango 1–20],4.0755,False,median_category_country,3.705,3.705,2189,True
99,1,Desconocido,UNKNOWN,2,cafe,sin_categoria,True,BUSCAR PRODUCTOS,Ingresa,100.00 ml,UNKNOWN,LOCAL,443.0,443.0,,1.0,True,keep_imputed,no_category_detected [precio_usd fuera de rango 1–20],3.3345,False,median_category_country,3.705,3.705,2190,True
99,1,Desconocido,UNKNOWN,2,cafe,sin_categoria,True,BUSCAR PRODUCTOS,Ingresa,100.00 ml,UNKNOWN,LOCAL,443.0,443.0,,1.0,True,keep_imputed,no_category_detected [precio_usd fuera de rango 1–20],3.5197,False,median_category_country,3.705,3.705,2191,True
99,1,Desconocido,UNKNOWN,2,cafe,sin_categoria,True,BUSCAR PRODUCTOS,Ingresa,100.00 ml,UNKNOWN,LOCAL,443.0,443.0,,1.0,True,keep_imputed,no_category_detected [precio_usd fuera de rango 1–20],3.8903,False,median_category_country,3.705,3.705,2192,True
99,1,Desconocido,UNKNOWN,2,cafe,sin_categoria,True,BUSCAR PRODUCTOS,Ingresa,100.00 ml,UNKNOWN,LOCAL,443.0,443.0,,1.0,True,keep_imputed,no_category_detected [precio_usd fuera de rango 1–20],4.0755,False,median_category_country,3.705,3.705,2193,True
100,1,Desconocido,UNKNOWN,13,azucar,azucar,False,BUSCAR PRODUCTOS,Ingresa,800 ML,UNKNOWN,LOCAL,443.0,443.0,,1.0,True,keep,heuristic_default [precio_usd fuera de rango 1–20],2.493,False,median_category_country,2.77,2.77,2194,True
100,1,Desconocido,UNKNOWN,13,azucar,azucar,False,BUSCAR PRODUCTOS,Ingresa,800 ML,UNKNOWN,LOCAL,443.0,443.0,,1.0,True,keep,heuristic_default [precio_usd fuera de rango 1–20],2.6315,False,median_category_country,2.77,2.77,2195,True
100,1,Desconocido,UNKNOWN,13,azucar,azucar,False,BUSCAR PRODUCTOS,Ingresa,800 ML,UNKNOWN,LOCAL,443.0,443.0,,1.0,True,keep,heuristic_default [precio_usd fuera de rango 1–20],2.9085,False,median_category_country,2.77,2.77,2196,True
100,1,Desconocido,UNKNOWN,13,azucar,azucar,False,BUSCAR PRODUCTOS,Ingresa,800 ML,UNKNOWN,LOCAL,443.0,443.0,,1.0,True,keep,heuristic_default [precio_usd fuera de rango 1–20],3.047,False,median_category_country,2.77,2.77,2197,True
101,1,Desconocido,UNKNOWN,2,cafe,sin_categoria,True,BUSCAR PRODUCTOS,Ingresa,240.00 g,UNKNOWN,LOCAL,443.0,443.0,,1.0,True,keep_imputed,no_category_detected [precio_usd fuera de rango 1–20],3.3345,False,median_category_country,3.705,3.705,2198,True
101,1,Desconocido,UNKNOWN,2,cafe,sin_categoria,True,BUSCAR PRODUCTOS,Ingresa,240.00 g,UNKNOWN,LOCAL,443.0,443.0,,1.0,True,keep_imputed,no_category_detected [precio_usd fuera de rango 1–20],3.5197,False,median_category_country,3.705,3.705,2199,True
101,1,Desconocido,UNKNOWN,2,cafe,sin_categoria,True,BUSCAR PRODUCTOS,Ingresa,240.00 g,UNKNOWN,LOCAL,443.0,443.0,,1.0,True,keep_imputed,no_category_detected [precio_usd fuera de rango 1–20],3.8903,False,median_category_country,3.705,3.705,2200,True
101,1,Desconocido,UNKNOWN,2,cafe,sin_categoria,True,BUSCAR PRODUCTOS,Ingresa,240.00 g,UNKNOWN,LOCAL,443.0,443.0,,1.0,True,keep_imputed,no_category_detected [precio_usd fuera de rango 1–20],4.0755,False,median_category_country,3.705,3.705,2201,True
102,2,Chedraui,MX,14,cafe,cafe,False,Cafe y te,Café Nescafé Clásico 300g,300g,MX,LOCAL,114.48,6.1484,6.1484,18.62,True,keep_imputed,price_parse_failed;price<=0,5.5336,False,median_category_country,6.63265,6.1484,2202,True
102,2,Chedraui,MX,14,cafe,cafe,False,Cafe y te,Café Nescafé Clásico 300g,300g,MX,LOCAL,114.48,6.1484,6.1484,18.62,True,keep_imputed,price_parse_failed;price<=0,5.841,False,median_category_country,6.63265,6.1484,2203,True
102,2,Chedraui,MX,14,cafe,cafe,False,Cafe y te,Café Nescafé Clásico 300g,300g,MX,LOCAL,114.48,6.1484,6.1484,18.62,True,keep_imputed,price_parse_failed;price<=0,6.4558,False,median_category_country,6.63265,6.1484,2204,True
102,2,Chedraui,MX,14,cafe,cafe,False,Cafe y te,Café Nescafé Clásico 300g,300g,MX,LOCAL,114.48,6.1484,6.1484,18.62,True,keep_imputed,price_parse_failed;price<=0,6.7632,False,median_category_country,6.63265,6.1484,2205,True
110,1,Desconocido,UNKNOWN,12,cebolla,cebolla,False,Cebolla Blanca  1  und,(,,UNKNOWN,LOCAL,680.98,680.985,,1.0,True,keep_imputed,price_parse_failed;price<=0 [precio_usd fuera de rango 1–20],1.521,False,median_category_country,1.69,1.69,2206,True
110,1,Desconocido,UNKNOWN,12,cebolla,cebolla,False,Cebolla Blanca  1  und,(,,UNKNOWN,LOCAL,680.98,680.985,,1.0,True,keep_imputed,price_parse_failed;price<=0 [precio_usd fuera de rango 1–20],1.6055,False,median_category_country,1.69,1.69,2207,True
110,1,Desconocido,UNKNOWN,12,cebolla,cebolla,False,Cebolla Blanca  1  und,(,,UNKNOWN,LOCAL,680.98,680.985,,1.0,True,keep_imputed,price_parse_failed;price<=0 [precio_usd fuera de rango 1–20],1.7745,False,median_category_country,1.69,1.69,2208,True
110,1,Desconocido,UNKNOWN,12,cebolla,cebolla,False,Cebolla Blanca  1  und,(,,UNKNOWN,LOCAL,680.98,680.985,,1.0,True,keep_imputed,price_parse_failed;price<=0 [precio_usd fuera de rango 1–20],1.859,False,median_category_country,1.69,1.69,2209,True
111,1,Desconocido,UNKNOWN,12,cebolla,cebolla,False,CEBOLLA CABEZONA X 1000G,Unidades disponibles,1000G,UNKNOWN,LOCAL,1000.0,1000.0,,1.0,True,keep,heuristic_default [precio_usd fuera de rango 1–20],1.521,False,median_category_country,1.69,1.69,2210,True
111,1,Desconocido,UNKNOWN,12,cebolla,cebolla,False,CEBOLLA CABEZONA X 1000G,Unidades disponibles,1000G,UNKNOWN,LOCAL,1000.0,1000.0,,1.0,True,keep,heuristic_default [precio_usd fuera de rango 1–20],1.6055,False,median_category_country,1.69,1.69,2211,True
111,1,Desconocido,UNKNOWN,12,cebolla,cebolla,False,CEBOLLA CABEZONA X 1000G,Unidades disponibles,1000G,UNKNOWN,LOCAL,1000.0,1000.0,,1.0,True,keep,heuristic_default [precio_usd fuera de rango 1–20],1.7745,False,median_category_country,1.69,1.69,2212,True
111,1,Desconocido,UNKNOWN,12,cebolla,cebolla,False,CEBOLLA CABEZONA X 1000G,Unidades disponibles,1000G,UNKNOWN,LOCAL,1000.0,1000.0,,1.0,True,keep,heuristic_default [precio_usd fuera de rango 1–20],1.859,False,median_category_country,1.69,1.69,2213,True
112,6,Desconocido,PE,20,arroz,sin_categoria,True,Centro de preferencia de la privacidad,Activas siempre,750g,PE,LOCAL,55.14,15.5336,15.5336,3.55,True,keep_imputed,no_category_detected;price_parse_failed,13.9802,False,median_category_country,4.7662,15.5336,2214,True
112,6,Desconocido,PE,20,arroz,sin_categoria,True,Centro de preferencia de la privacidad,Activas siempre,750g,PE,LOCAL,55.14,15.5336,15.5336,3.55,True,keep_imputed,no_category_detected;price_parse_failed,14.7569,False,median_category_country,4.7662,15.5336,2215,True
112,6,Desconocido,PE,20,arroz,sin_categoria,True,Centro de preferencia de la privacidad,Activas siempre,750g,PE,LOCAL,55.14,15.5336,15.5336,3.55,True,keep_imputed,no_category_detected;price_parse_failed,16.3103,False,median_category_country,4.7662,15.5336,2216,True
112,6,Desconocido,PE,20,arroz,sin_categoria,True,Centro de preferencia de la privacidad,Activas siempre,750g,PE,LOCAL,55.14,15.5336,15.5336,3.55,True,keep_imputed,no_category_detected;price_parse_failed,17.087,False,median_category_country,4.7662,15.5336,2217,True
113,6,Desconocido,PE,20,arroz,sin_categoria,True,Centro de preferencia de la privacidad,Activas siempre,5Kg,PE,LOCAL,55.14,15.5336,15.5336,3.55,True,keep_imputed,no_category_detected;price_parse_failed,13.9802,False,median_category_country,4.7662,15.5336,2218,True
113,6,Desconocido,PE,20,arroz,sin_categoria,True,Centro de preferencia de la privacidad,Activas siempre,5Kg,PE,LOCAL,55.14,15.5336,15.5336,3.55,True,keep_imputed,no_category_detected;price_parse_failed,14.7569,False,median_category_country,4.7662,15.5336,2219,True
113,6,Desconocido,PE,20,arroz,sin_categoria,True,Centro de preferencia de la privacidad,Activas siempre,5Kg,PE,LOCAL,55.14,15.5336,15.5336,3.55,True,keep_imputed,no_category_detected;price_parse_failed,16.3103,False,median_category_country,4.7662,15.5336,2220,True
113,6,Desconocido,PE,20,arroz,sin_categoria,True,Centro de preferencia de la privacidad,Activas siempre,5Kg,PE,LOCAL,55.14,15.5336,15.5336,3.55,True,keep_imputed,no_category_detected;price_parse_failed,17.087,False,median_category_country,4.7662,15.5336,2221,True
114,6,Desconocido,PE,8,huevo,sin_categoria,True,Centro de preferencia de la privacidad,Activas siempre,8 Piezas,PE,LOCAL,55.14,15.5336,15.5336,3.55,True,keep_imputed,no_category_detected;price_parse_failed,13.9802,False,median_category_country,4.7662,15.5336,2222,True
114,6,Desconocido,PE,8,huevo,sin_categoria,True,Centro de preferencia de la privacidad,Activas siempre,8 Piezas,PE,LOCAL,55.14,15.5336,15.5336,3.55,True,keep_imputed,no_category_detected;price_parse_failed,14.7569,False,median_category_country,4.7662,15.5336,2223,True
114,6,Desconocido,PE,8,huevo,sin_categoria,True,Centro de preferencia de la privacidad,Activas siempre,8 Piezas,PE,LOCAL,55.14,15.5336,15.5336,3.55,True,keep_imputed,no_category_detected;price_parse_failed,16.3103,False,median_category_country,4.7662,15.5336,2224,True
114,6,Desconocido,PE,8,huevo,sin_categoria,True,Centro de preferencia de la privacidad,Activas siempre,8 Piezas,PE,LOCAL,55.14,15.5336,15.5336,3.55,True,keep_imputed,no_category_detected;price_parse_failed,17.087,False,median_category_country,4.7662,15.5336,2225,True
115,6,Desconocido,PE,4,aceite vegetal,sin_categoria,True,Centro de preferencia de la privacidad,Activas siempre,1.4Kg,PE,LOCAL,55.14,15.5336,15.5336,3.55,True,keep_imputed,no_category_detected;price_parse_failed,13.9802,False,median_category_country,4.7662,15.5336,2226,True
115,6,Desconocido,PE,4,aceite vegetal,sin_categoria,True,Centro de preferencia de la privacidad,Activas siempre,1.4Kg,PE,LOCAL,55.14,15.5336,15.5336,3.55,True,keep_imputed,no_category_detected;price_parse_failed,14.7569,False,median_category_country,4.7662,15.5336,2227,True
115,6,Desconocido,PE,4,aceite vegetal,sin_categoria,True,Centro de preferencia de la privacidad,Activas siempre,1.4Kg,PE,LOCAL,55.14,15.5336,15.5336,3.55,True,keep_imputed,no_category_detected;price_parse_failed,16.3103,False,median_category_country,4.7662,15.5336,2228,True
115,6,Desconocido,PE,4,aceite vegetal,sin_categoria,True,Centro de preferencia de la privacidad,Activas siempre,1.4Kg,PE,LOCAL,55.14,15.5336,15.5336,3.55,True,keep_imputed,no_category_detected;price_parse_failed,17.087,False,median_category_country,4.7662,15.5336,2229,True
116,6,Desconocido,PE,1,azucar,sin_categoria,True,Centro de preferencia de la privacidad,Activas siempre,1Kg,PE,LOCAL,55.14,15.5336,15.5336,3.55,True,keep_imputed,no_category_detected;price_parse_failed,13.9802,False,median_category_country,4.7662,15.5336,2230,True
116,6,Desconocido,PE,1,azucar,sin_categoria,True,Centro de preferencia de la privacidad,Activas siempre,1Kg,PE,LOCAL,55.14,15.5336,15.5336,3.55,True,keep_imputed,no_category_detected;price_parse_failed,14.7569,False,median_category_country,4.7662,15.5336,2231,True
116,6,Desconocido,PE,1,azucar,sin_categoria,True,Centro de preferencia de la privacidad,Activas siempre,1Kg,PE,LOCAL,55.14,15.5336,15.5336,3.55,True,keep_imputed,no_category_detected;price_parse_failed,16.3103,False,median_category_country,4.7662,15.5336,2232,True
116,6,Desconocido,PE,1,azucar,sin_categoria,True,Centro de preferencia de la privacidad,Activas siempre,1Kg,PE,LOCAL,55.14,15.5336,15.5336,3.55,True,keep_imputed,no_category_detected;price_parse_failed,17.087,False,median_category_country,4.7662,15.5336,2233,True
117,6,Desconocido,PE,2,cafe,sin_categoria,True,Centro de preferencia de la privacidad,Activas siempre,200g,PE,LOCAL,55.14,15.5336,15.5336,3.55,True,keep_imputed,no_category_detected;price_parse_failed,13.9802,False,median_category_country,4.7662,15.5336,2234,True
117,6,Desconocido,PE,2,cafe,sin_categoria,True,Centro de preferencia de la privacidad,Activas siempre,200g,PE,LOCAL,55.14,15.5336,15.5336,3.55,True,keep_imputed,no_category_detected;price_parse_failed,14.7569,False,median_category_country,4.7662,15.5336,2235,True
117,6,Desconocido,PE,2,cafe,sin_categoria,True,Centro de preferencia de la privacidad,Activas siempre,200g,PE,LOCAL,55.14,15.5336,15.5336,3.55,True,keep_imputed,no_category_detected;price_parse_failed,16.3103,False,median_category_country,4.7662,15.5336,2236,True
117,6,Desconocido,PE,2,cafe,sin_categoria,True,Centro de preferencia de la privacidad,Activas siempre,200g,PE,LOCAL,55.14,15.5336,15.5336,3.55,True,keep_imputed,no_category_detected;price_parse_failed,17.087,False,median_category_country,4.7662,15.5336,2237,True
118,6,Desconocido,PE,2,cafe,sin_categoria,True,Centro de preferencia de la privacidad,Activas siempre,190g,PE,LOCAL,55.14,15.5336,15.5336,3.55,True,keep_imputed,no_category_detected;price_parse_failed,13.9802,False,median_category_country,4.7662,15.5336,2238,True
118,6,Desconocido,PE,2,cafe,sin_categoria,True,Centro de preferencia de la privacidad,Activas siempre,190g,PE,LOCAL,55.14,15.5336,15.5336,3.55,True,keep_imputed,no_category_detected;price_parse_failed,14.7569,False,median_category_country,4.7662,15.5336,2239,True
118,6,Desconocido,PE,2,cafe,sin_categoria,True,Centro de preferencia de la privacidad,Activas siempre,190g,PE,LOCAL,55.14,15.5336,15.5336,3.55,True,keep_imputed,no_category_detected;price_parse_failed,16.3103,False,median_category_country,4.7662,15.5336,2240,True
118,6,Desconocido,PE,2,cafe,sin_categoria,True,Centro de preferencia de la privacidad,Activas siempre,190g,PE,LOCAL,55.14,15.5336,15.5336,3.55,True,keep_imputed,no_category_detected;price_parse_failed,17.087,False,median_category_country,4.7662,15.5336,2241,True
119,6,Desconocido,PE,2,cafe,sin_categoria,True,Centro de preferencia de la privacidad,Activas siempre,170g,PE,LOCAL,55.14,15.5336,15.5336,3.55,True,keep_imputed,no_category_detected;price_parse_failed,13.9802,False,median_category_country,4.7662,15.5336,2242,True
119,6,Desconocido,PE,2,cafe,sin_categoria,True,Centro de preferencia de la privacidad,Activas siempre,170g,PE,LOCAL,55.14,15.5336,15.5336,3.55,True,keep_imputed,no_category_detected;price_parse_failed,14.7569,False,median_category_country,4.7662,15.5336,2243,True
119,6,Desconocido,PE,2,cafe,sin_categoria,True,Centro de preferencia de la privacidad,Activas siempre,170g,PE,LOCAL,55.14,15.5336,15.5336,3.55,True,keep_imputed,no_category_detected;price_parse_failed,16.3103,False,median_category_country,4.7662,15.5336,2244,True
119,6,Desconocido,PE,2,cafe,sin_categoria,True,Centro de preferencia de la privacidad,Activas siempre,170g,PE,LOCAL,55.14,15.5336,15.5336,3.55,True,keep_imputed,no_category_detected;price_parse_failed,17.087,False,median_category_country,4.7662,15.5336,2245,True
120,6,Desconocido,PE,2,cafe,sin_categoria,True,Centro de preferencia de la privacidad,Activas siempre,850g,PE,LOCAL,55.14,15.5336,15.5336,3.55,True,keep_imputed,no_category_detected;price_parse_failed,13.9802,False,median_category_country,4.7662,15.5336,2246,True
120,6,Desconocido,PE,2,cafe,sin_categoria,True,Centro de preferencia de la privacidad,Activas siempre,850g,PE,LOCAL,55.14,15.5336,15.5336,3.55,True,keep_imputed,no_category_detected;price_parse_failed,14.7569,False,median_category_country,4.7662,15.5336,2247,True
120,6,Desconocido,PE,2,cafe,sin_categoria,True,Centro de preferencia de la privacidad,Activas siempre,850g,PE,LOCAL,55.14,15.5336,15.5336,3.55,True,keep_imputed,no_category_detected;price_parse_failed,16.3103,False,median_category_country,4.7662,15.5336,2248,True
120,6,Desconocido,PE,2,cafe,sin_categoria,True,Centro de preferencia de la privacidad,Activas siempre,850g,PE,LOCAL,55.14,15.5336,15.5336,3.55,True,keep_imputed,no_category_detected;price_parse_failed,17.087,False,median_category_country,4.7662,15.5336,2249,True
121,6,Desconocido,PE,4,aceite vegetal,sin_categoria,True,Centro de preferencia de la privacidad,Activas siempre,900ml,PE,LOCAL,55.14,15.5336,15.5336,3.55,True,keep_imputed,no_category_detected;price_parse_failed,13.9802,False,median_category_country,4.7662,15.5336,2250,True
121,6,Desconocido,PE,4,aceite vegetal,sin_categoria,True,Centro de preferencia de la privacidad,Activas siempre,900ml,PE,LOCAL,55.14,15.5336,15.5336,3.55,True,keep_imputed,no_category_detected;price_parse_failed,14.7569,False,median_category_country,4.7662,15.5336,2251,True
121,6,Desconocido,PE,4,aceite vegetal,sin_categoria,True,Centro de preferencia de la privacidad,Activas siempre,900ml,PE,LOCAL,55.14,15.5336,15.5336,3.55,True,keep_imputed,no_category_detected;price_parse_failed,16.3103,False,median_category_country,4.7662,15.5336,2252,True
121,6,Desconocido,PE,4,aceite vegetal,sin_categoria,True,Centro de preferencia de la privacidad,Activas siempre,900ml,PE,LOCAL,55.14,15.5336,15.5336,3.55,True,keep_imputed,no_category_detected;price_parse_failed,17.087,False,median_category_country,4.7662,15.5336,2253,True
122,6,Desconocido,PE,4,aceite vegetal,sin_categoria,True,Centro de preferencia de la privacidad,Activas siempre,500ml,PE,LOCAL,55.14,15.5336,15.5336,3.55,True,keep_imputed,no_category_detected;price_parse_failed,13.9802,False,median_category_country,4.7662,15.5336,2254,True
122,6,Desconocido,PE,4,aceite vegetal,sin_categoria,True,Centro de preferencia de la privacidad,Activas siempre,500ml,PE,LOCAL,55.14,15.5336,15.5336,3.55,True,keep_imputed,no_category_detected;price_parse_failed,14.7569,False,median_category_country,4.7662,15.5336,2255,True
122,6,Desconocido,PE,4,aceite vegetal,sin_categoria,True,Centro de preferencia de la privacidad,Activas siempre,500ml,PE,LOCAL,55.14,15.5336,15.5336,3.55,True,keep_imputed,no_category_detected;price_parse_failed,16.3103,False,median_category_country,4.7662,15.5336,2256,True
122,6,Desconocido,PE,4,aceite vegetal,sin_categoria,True,Centro de preferencia de la privacidad,Activas siempre,500ml,PE,LOCAL,55.14,15.5336,15.5336,3.55,True,keep_imputed,no_category_detected;price_parse_failed,17.087,False,median_category_country,4.7662,15.5336,2257,True
123,6,Desconocido,PE,4,aceite vegetal,sin_categoria,True,Centro de preferencia de la privacidad,Activas siempre,1L,PE,LOCAL,55.14,15.5336,15.5336,3.55,True,keep_imputed,no_category_detected;price_parse_failed,13.9802,False,median_category_country,4.7662,15.5336,2258,True
123,6,Desconocido,PE,4,aceite vegetal,sin_categoria,True,Centro de preferencia de la privacidad,Activas siempre,1L,PE,LOCAL,55.14,15.5336,15.5336,3.55,True,keep_imputed,no_category_detected;price_parse_failed,14.7569,False,median_category_country,4.7662,15.5336,2259,True
123,6,Desconocido,PE,4,aceite vegetal,sin_categoria,True,Centro de preferencia de la privacidad,Activas siempre,1L,PE,LOCAL,55.14,15.5336,15.5336,3.55,True,keep_imputed,no_category_detected;price_parse_failed,16.3103,False,median_category_country,4.7662,15.5336,2260,True
123,6,Desconocido,PE,4,aceite vegetal,sin_categoria,True,Centro de preferencia de la privacidad,Activas siempre,1L,PE,LOCAL,55.14,15.5336,15.5336,3.55,True,keep_imputed,no_category_detected;price_parse_failed,17.087,False,median_category_country,4.7662,15.5336,2261,True
124,6,Desconocido,PE,5,leche,sin_categoria,True,Centro de preferencia de la privacidad,Activas siempre,946ml,PE,LOCAL,55.14,15.5336,15.5336,3.55,True,keep_imputed,no_category_detected;price_parse_failed,13.9802,False,median_category_country,4.7662,15.5336,2262,True
124,6,Desconocido,PE,5,leche,sin_categoria,True,Centro de preferencia de la privacidad,Activas siempre,946ml,PE,LOCAL,55.14,15.5336,15.5336,3.55,True,keep_imputed,no_category_detected;price_parse_failed,14.7569,False,median_category_country,4.7662,15.5336,2263,True
124,6,Desconocido,PE,5,leche,sin_categoria,True,Centro de preferencia de la privacidad,Activas siempre,946ml,PE,LOCAL,55.14,15.5336,15.5336,3.55,True,keep_imputed,no_category_detected;price_parse_failed,16.3103,False,median_category_country,4.7662,15.5336,2264,True
124,6,Desconocido,PE,5,leche,sin_categoria,True,Centro de preferencia de la privacidad,Activas siempre,946ml,PE,LOCAL,55.14,15.5336,15.5336,3.55,True,keep_imputed,no_category_detected;price_parse_failed,17.087,False,median_category_country,4.7662,15.5336,2265,True
125,6,Desconocido,PE,5,leche,sin_categoria,True,Centro de preferencia de la privacidad,Activas siempre,800ml,PE,LOCAL,55.14,15.5336,15.5336,3.55,True,keep_imputed,no_category_detected;price_parse_failed,13.9802,False,median_category_country,4.7662,15.5336,2266,True
125,6,Desconocido,PE,5,leche,sin_categoria,True,Centro de preferencia de la privacidad,Activas siempre,800ml,PE,LOCAL,55.14,15.5336,15.5336,3.55,True,keep_imputed,no_category_detected;price_parse_failed,14.7569,False,median_category_country,4.7662,15.5336,2267,True
125,6,Desconocido,PE,5,leche,sin_categoria,True,Centro de preferencia de la privacidad,Activas siempre,800ml,PE,LOCAL,55.14,15.5336,15.5336,3.55,True,keep_imputed,no_category_detected;price_parse_failed,16.3103,False,median_category_country,4.7662,15.5336,2268,True
125,6,Desconocido,PE,5,leche,sin_categoria,True,Centro de preferencia de la privacidad,Activas siempre,800ml,PE,LOCAL,55.14,15.5336,15.5336,3.55,True,keep_imputed,no_category_detected;price_parse_failed,17.087,False,median_category_country,4.7662,15.5336,2269,True
126,6,Desconocido,PE,8,huevo,sin_categoria,True,Centro de preferencia de la privacidad,Activas siempre,500g,PE,LOCAL,55.14,15.5336,15.5336,3.55,True,keep_imputed,no_category_detected;price_parse_failed,13.9802,False,median_category_country,4.7662,15.5336,2270,True
126,6,Desconocido,PE,8,huevo,sin_categoria,True,Centro de preferencia de la privacidad,Activas siempre,500g,PE,LOCAL,55.14,15.5336,15.5336,3.55,True,keep_imputed,no_category_detected;price_parse_failed,14.7569,False,median_category_country,4.7662,15.5336,2271,True
126,6,Desconocido,PE,8,huevo,sin_categoria,True,Centro de preferencia de la privacidad,Activas siempre,500g,PE,LOCAL,55.14,15.5336,15.5336,3.55,True,keep_imputed,no_category_detected;price_parse_failed,16.3103,False,median_category_country,4.7662,15.5336,2272,True
126,6,Desconocido,PE,8,huevo,sin_categoria,True,Centro de preferencia de la privacidad,Activas siempre,500g,PE,LOCAL,55.14,15.5336,15.5336,3.55,True,keep_imputed,no_category_detected;price_parse_failed,17.087,False,median_category_country,4.7662,15.5336,2273,True
127,6,Desconocido,PE,1,azucar,sin_categoria,True,Centro de preferencia de la privacidad,Activas siempre,2Kg,PE,LOCAL,55.14,15.5336,15.5336,3.55,True,keep_imputed,no_category_detected;price_parse_failed,13.9802,False,median_category_country,4.7662,15.5336,2274,True
127,6,Desconocido,PE,1,azucar,sin_categoria,True,Centro de preferencia de la privacidad,Activas siempre,2Kg,PE,LOCAL,55.14,15.5336,15.5336,3.55,True,keep_imputed,no_category_detected;price_parse_failed,14.7569,False,median_category_country,4.7662,15.5336,2275,True
127,6,Desconocido,PE,1,azucar,sin_categoria,True,Centro de preferencia de la privacidad,Activas siempre,2Kg,PE,LOCAL,55.14,15.5336,15.5336,3.55,True,keep_imputed,no_category_detected;price_parse_failed,16.3103,False,median_category_country,4.7662,15.5336,2276,True
127,6,Desconocido,PE,1,azucar,sin_categoria,True,Centro de preferencia de la privacidad,Activas siempre,2Kg,PE,LOCAL,55.14,15.5336,15.5336,3.55,True,keep_imputed,no_category_detected;price_parse_failed,17.087,False,median_category_country,4.7662,15.5336,2277,True
128,6,Desconocido,PE,3,pan,sin_categoria,True,Centro de preferencia de la privacidad,Activas siempre,810g,PE,LOCAL,600.0,169.0141,,3.55,True,keep_imputed,no_category_detected [precio_usd fuera de rango 1–20],4.2896,False,median_category_country,4.7662,4.7662,2278,True
128,6,Desconocido,PE,3,pan,sin_categoria,True,Centro de preferencia de la privacidad,Activas siempre,810g,PE,LOCAL,600.0,169.0141,,3.55,True,keep_imputed,no_category_detected [precio_usd fuera de rango 1–20],4.5279,False,median_category_country,4.7662,4.7662,2279,True
128,6,Desconocido,PE,3,pan,sin_categoria,True,Centro de preferencia de la privacidad,Activas siempre,810g,PE,LOCAL,600.0,169.0141,,3.55,True,keep_imputed,no_category_detected [precio_usd fuera de rango 1–20],5.0045,False,median_category_country,4.7662,4.7662,2280,True
128,6,Desconocido,PE,3,pan,sin_categoria,True,Centro de preferencia de la privacidad,Activas siempre,810g,PE,LOCAL,600.0,169.0141,,3.55,True,keep_imputed,no_category_detected [precio_usd fuera de rango 1–20],5.2428,False,median_category_country,4.7662,4.7662,2281,True
129,6,Desconocido,PE,3,pan,sin_categoria,True,Centro de preferencia de la privacidad,Activas siempre,780g,PE,LOCAL,55.14,15.5336,15.5336,3.55,True,keep_imputed,no_category_detected;price_parse_failed,13.9802,False,median_category_country,4.7662,15.5336,2282,True
129,6,Desconocido,PE,3,pan,sin_categoria,True,Centro de preferencia de la privacidad,Activas siempre,780g,PE,LOCAL,55.14,15.5336,15.5336,3.55,True,keep_imputed,no_category_detected;price_parse_failed,14.7569,False,median_category_country,4.7662,15.5336,2283,True
129,6,Desconocido,PE,3,pan,sin_categoria,True,Centro de preferencia de la privacidad,Activas siempre,780g,PE,LOCAL,55.14,15.5336,15.5336,3.55,True,keep_imputed,no_category_detected;price_parse_failed,16.3103,False,median_category_country,4.7662,15.5336,2284,True
129,6,Desconocido,PE,3,pan,sin_categoria,True,Centro de preferencia de la privacidad,Activas siempre,780g,PE,LOCAL,55.14,15.5336,15.5336,3.55,True,keep_imputed,no_category_detected;price_parse_failed,17.087,False,median_category_country,4.7662,15.5336,2285,True
130,6,Desconocido,PE,3,pan,sin_categoria,True,Centro de preferencia de la privacidad,Activas siempre,560g,PE,LOCAL,55.14,15.5336,15.5336,3.55,True,keep_imputed,no_category_detected;price_parse_failed,13.9802,False,median_category_country,4.7662,15.5336,2286,True
130,6,Desconocido,PE,3,pan,sin_categoria,True,Centro de preferencia de la privacidad,Activas siempre,560g,PE,LOCAL,55.14,15.5336,15.5336,3.55,True,keep_imputed,no_category_detected;price_parse_failed,14.7569,False,median_category_country,4.7662,15.5336,2287,True
130,6,Desconocido,PE,3,pan,sin_categoria,True,Centro de preferencia de la privacidad,Activas siempre,560g,PE,LOCAL,55.14,15.5336,15.5336,3.55,True,keep_imputed,no_category_detected;price_parse_failed,16.3103,False,median_category_country,4.7662,15.5336,2288,True
130,6,Desconocido,PE,3,pan,sin_categoria,True,Centro de preferencia de la privacidad,Activas siempre,560g,PE,LOCAL,55.14,15.5336,15.5336,3.55,True,keep_imputed,no_category_detected;price_parse_failed,17.087,False,median_category_country,4.7662,15.5336,2289,True
131,6,Desconocido,PE,8,huevo,sin_categoria,True,Centro de preferencia de la privacidad,Activas siempre,450g,PE,LOCAL,55.14,15.5336,15.5336,3.55,True,keep_imputed,no_category_detected;price_parse_failed,13.9802,False,median_category_country,4.7662,15.5336,2290,True
131,6,Desconocido,PE,8,huevo,sin_categoria,True,Centro de preferencia de la privacidad,Activas siempre,450g,PE,LOCAL,55.14,15.5336,15.5336,3.55,True,keep_imputed,no_category_detected;price_parse_failed,14.7569,False,median_category_country,4.7662,15.5336,2291,True
131,6,Desconocido,PE,8,huevo,sin_categoria,True,Centro de preferencia de la privacidad,Activas siempre,450g,PE,LOCAL,55.14,15.5336,15.5336,3.55,True,keep_imputed,no_category_detected;price_parse_failed,16.3103,False,median_category_country,4.7662,15.5336,2292,True
131,6,Desconocido,PE,8,huevo,sin_categoria,True,Centro de preferencia de la privacidad,Activas siempre,450g,PE,LOCAL,55.14,15.5336,15.5336,3.55,True,keep_imputed,no_category_detected;price_parse_failed,17.087,False,median_category_country,4.7662,15.5336,2293,True
132,6,Desconocido,PE,21,atun,sin_categoria,True,Centro de preferencia de la privacidad,Activas siempre,140g,PE,LOCAL,55.14,15.5336,15.5336,3.55,True,keep_imputed,no_category_detected;price_parse_failed,13.9802,False,median_category_country,4.7662,15.5336,2294,True
132,6,Desconocido,PE,21,atun,sin_categoria,True,Centro de preferencia de la privacidad,Activas siempre,140g,PE,LOCAL,55.14,15.5336,15.5336,3.55,True,keep_imputed,no_category_detected;price_parse_failed,14.7569,False,median_category_country,4.7662,15.5336,2295,True
132,6,Desconocido,PE,21,atun,sin_categoria,True,Centro de preferencia de la privacidad,Activas siempre,140g,PE,LOCAL,55.14,15.5336,15.5336,3.55,True,keep_imputed,no_category_detected;price_parse_failed,16.3103,False,median_category_country,4.7662,15.5336,2296,True
132,6,Desconocido,PE,21,atun,sin_categoria,True,Centro de preferencia de la privacidad,Activas siempre,140g,PE,LOCAL,55.14,15.5336,15.5336,3.55,True,keep_imputed,no_category_detected;price_parse_failed,17.087,False,median_category_country,4.7662,15.5336,2297,True
133,6,Desconocido,PE,21,atun,sin_categoria,True,Centro de preferencia de la privacidad,Activas siempre,150g,PE,LOCAL,55.14,15.5336,15.5336,3.55,True,keep_imputed,no_category_detected;price_parse_failed,13.9802,False,median_category_country,4.7662,15.5336,2298,True
133,6,Desconocido,PE,21,atun,sin_categoria,True,Centro de preferencia de la privacidad,Activas siempre,150g,PE,LOCAL,55.14,15.5336,15.5336,3.55,True,keep_imputed,no_category_detected;price_parse_failed,14.7569,False,median_category_country,4.7662,15.5336,2299,True
133,6,Desconocido,PE,21,atun,sin_categoria,True,Centro de preferencia de la privacidad,Activas siempre,150g,PE,LOCAL,55.14,15.5336,15.5336,3.55,True,keep_imputed,no_category_detected;price_parse_failed,16.3103,False,median_category_country,4.7662,15.5336,2300,True
133,6,Desconocido,PE,21,atun,sin_categoria,True,Centro de preferencia de la privacidad,Activas siempre,150g,PE,LOCAL,55.14,15.5336,15.5336,3.55,True,keep_imputed,no_category_detected;price_parse_failed,17.087,False,median_category_country,4.7662,15.5336,2301,True
134,6,Desconocido,PE,21,atun,sin_categoria,True,Centro de preferencia de la privacidad,Activas siempre,150gr,PE,LOCAL,55.14,15.5336,15.5336,3.55,True,keep_imputed,no_category_detected;price_parse_failed,13.9802,False,median_category_country,4.7662,15.5336,2302,True
134,6,Desconocido,PE,21,atun,sin_categoria,True,Centro de preferencia de la privacidad,Activas siempre,150gr,PE,LOCAL,55.14,15.5336,15.5336,3.55,True,keep_imputed,no_category_detected;price_parse_failed,14.7569,False,median_category_country,4.7662,15.5336,2303,True
134,6,Desconocido,PE,21,atun,sin_categoria,True,Centro de preferencia de la privacidad,Activas siempre,150gr,PE,LOCAL,55.14,15.5336,15.5336,3.55,True,keep_imputed,no_category_detected;price_parse_failed,16.3103,False,median_category_country,4.7662,15.5336,2304,True
134,6,Desconocido,PE,21,atun,sin_categoria,True,Centro de preferencia de la privacidad,Activas siempre,150gr,PE,LOCAL,55.14,15.5336,15.5336,3.55,True,keep_imputed,no_category_detected;price_parse_failed,17.087,False,median_category_country,4.7662,15.5336,2305,True
135,1,Desconocido,UNKNOWN,22,cerveza,cerveza,False,Cerveja Praya Witbier 600ml,Descripción,600ml,UNKNOWN,LOCAL,127.27,127.2675,,1.0,True,keep_imputed,price_parse_failed;price<=0 [precio_usd fuera de rango 1–20],3.6,False,median_category_country,4.0,4.0,2306,True
135,1,Desconocido,UNKNOWN,22,cerveza,cerveza,False,Cerveja Praya Witbier 600ml,Descripción,600ml,UNKNOWN,LOCAL,127.27,127.2675,,1.0,True,keep_imputed,price_parse_failed;price<=0 [precio_usd fuera de rango 1–20],3.8,False,median_category_country,4.0,4.0,2307,True
135,1,Desconocido,UNKNOWN,22,cerveza,cerveza,False,Cerveja Praya Witbier 600ml,Descripción,600ml,UNKNOWN,LOCAL,127.27,127.2675,,1.0,True,keep_imputed,price_parse_failed;price<=0 [precio_usd fuera de rango 1–20],4.2,False,median_category_country,4.0,4.0,2308,True
135,1,Desconocido,UNKNOWN,22,cerveza,cerveza,False,Cerveja Praya Witbier 600ml,Descripción,600ml,UNKNOWN,LOCAL,127.27,127.2675,,1.0,True,keep_imputed,price_parse_failed;price<=0 [precio_usd fuera de rango 1–20],4.4,False,median_category_country,4.0,4.0,2309,True
138,3,Desconocido,BR,23,cerveza,sin_categoria,True,Cervejas Tradicionais,de,350ml,BR,LOCAL,3.99,0.7324,,5.448,True,keep_imputed,no_category_detected [precio_usd fuera de rango 1–20],1.7824,False,median_category_country,1.9805,1.9805,2310,True
138,3,Desconocido,BR,23,cerveza,sin_categoria,True,Cervejas Tradicionais,de,350ml,BR,LOCAL,3.99,0.7324,,5.448,True,keep_imputed,no_category_detected [precio_usd fuera de rango 1–20],1.8815,False,median_category_country,1.9805,1.9805,2311,True
138,3,Desconocido,BR,23,cerveza,sin_categoria,True,Cervejas Tradicionais,de,350ml,BR,LOCAL,3.99,0.7324,,5.448,True,keep_imputed,no_category_detected [precio_usd fuera de rango 1–20],2.0795,False,median_category_country,1.9805,1.9805,2312,True
138,3,Desconocido,BR,23,cerveza,sin_categoria,True,Cervejas Tradicionais,de,350ml,BR,LOCAL,3.99,0.7324,,5.448,True,keep_imputed,no_category_detected [precio_usd fuera de rango 1–20],2.1785,False,median_category_country,1.9805,1.9805,2313,True
140,3,Desconocido,BR,23,cerveza,sin_categoria,True,Cervejas Tradicionais,"R$ 5,19",330ml,BR,LOCAL,5.19,0.9526,,5.448,True,keep_imputed,no_category_detected [precio_usd fuera de rango 1–20],1.7824,False,median_category_country,1.9805,1.9805,2314,True
140,3,Desconocido,BR,23,cerveza,sin_categoria,True,Cervejas Tradicionais,"R$ 5,19",330ml,BR,LOCAL,5.19,0.9526,,5.448,True,keep_imputed,no_category_detected [precio_usd fuera de rango 1–20],1.8815,False,median_category_country,1.9805,1.9805,2315,True
140,3,Desconocido,BR,23,cerveza,sin_categoria,True,Cervejas Tradicionais,"R$ 5,19",330ml,BR,LOCAL,5.19,0.9526,,5.448,True,keep_imputed,no_category_detected [precio_usd fuera de rango 1–20],2.0795,False,median_category_country,1.9805,1.9805,2316,True
140,3,Desconocido,BR,23,cerveza,sin_categoria,True,Cervejas Tradicionais,"R$ 5,19",330ml,BR,LOCAL,5.19,0.9526,,5.448,True,keep_imputed,no_category_detected [precio_usd fuera de rango 1–20],2.1785,False,median_category_country,1.9805,1.9805,2317,True
142,3,Desconocido,BR,23,cerveza,sin_categoria,True,Cervejas Tradicionais,"R$ 3,99",350ml,BR,LOCAL,3.99,0.7324,,5.448,True,keep_imputed,no_category_detected [precio_usd fuera de rango 1–20],1.7824,False,median_category_country,1.9805,1.9805,2318,True
142,3,Desconocido,BR,23,cerveza,sin_categoria,True,Cervejas Tradicionais,"R$ 3,99",350ml,BR,LOCAL,3.99,0.7324,,5.448,True,keep_imputed,no_category_detected [precio_usd fuera de rango 1–20],1.8815,False,median_category_country,1.9805,1.9805,2319,True
142,3,Desconocido,BR,23,cerveza,sin_categoria,True,Cervejas Tradicionais,"R$ 3,99",350ml,BR,LOCAL,3.99,0.7324,,5.448,True,keep_imputed,no_category_detected [precio_usd fuera de rango 1–20],2.0795,False,median_category_country,1.9805,1.9805,2320,True
142,3,Desconocido,BR,23,cerveza,sin_categoria,True,Cervejas Tradicionais,"R$ 3,99",350ml,BR,LOCAL,3.99,0.7324,,5.448,True,keep_imputed,no_category_detected [precio_usd fuera de rango 1–20],2.1785,False,median_category_country,1.9805,1.9805,2321,True
150,4,Desconocido,US,22,cerveza,cerveza,False,CERVEZA PILSENER LATA 355 ML,Comparar,355 ML,US,LOCAL,0.99,0.99,,1.0,True,keep,heuristic_default [precio_usd fuera de rango 1–20],1.071,False,median_category_country,1.19,1.19,2322,True
150,4,Desconocido,US,22,cerveza,cerveza,False,CERVEZA PILSENER LATA 355 ML,Comparar,355 ML,US,LOCAL,0.99,0.99,,1.0,True,keep,heuristic_default [precio_usd fuera de rango 1–20],1.1305,False,median_category_country,1.19,1.19,2323,True
150,4,Desconocido,US,22,cerveza,cerveza,False,CERVEZA PILSENER LATA 355 ML,Comparar,355 ML,US,LOCAL,0.99,0.99,,1.0,True,keep,heuristic_default [precio_usd fuera de rango 1–20],1.2495,False,median_category_country,1.19,1.19,2324,True
150,4,Desconocido,US,22,cerveza,cerveza,False,CERVEZA PILSENER LATA 355 ML,Comparar,355 ML,US,LOCAL,0.99,0.99,,1.0,True,keep,heuristic_default [precio_usd fuera de rango 1–20],1.309,False,median_category_country,1.19,1.19,2325,True
152,1,Desconocido,UNKNOWN,22,cerveza,cerveza,False,"Cervezas, vinos y licores",Cervezas,330 ml,UNKNOWN,LOCAL,990.0,990.0,,1.0,True,keep,heuristic_default [precio_usd fuera de rango 1–20],3.6,False,median_category_country,4.0,4.0,2326,True
152,1,Desconocido,UNKNOWN,22,cerveza,cerveza,False,"Cervezas, vinos y licores",Cervezas,330 ml,UNKNOWN,LOCAL,990.0,990.0,,1.0,True,keep,heuristic_default [precio_usd fuera de rango 1–20],3.8,False,median_category_country,4.0,4.0,2327,True
152,1,Desconocido,UNKNOWN,22,cerveza,cerveza,False,"Cervezas, vinos y licores",Cervezas,330 ml,UNKNOWN,LOCAL,990.0,990.0,,1.0,True,keep,heuristic_default [precio_usd fuera de rango 1–20],4.2,False,median_category_country,4.0,4.0,2328,True
152,1,Desconocido,UNKNOWN,22,cerveza,cerveza,False,"Cervezas, vinos y licores",Cervezas,330 ml,UNKNOWN,LOCAL,990.0,990.0,,1.0,True,keep,heuristic_default [precio_usd fuera de rango 1–20],4.4,False,median_category_country,4.0,4.0,2329,True
154,4,Desconocido,US,23,cerveza,sin_categoria,True,COLA FANTA 500 ML NARANJA,Comparar,500 ML,US,LOCAL,0.49,0.49,,1.0,True,keep_imputed,no_category_detected [precio_usd fuera de rango 1–20],10.8,False,median_category_country,12.0,12.0,2330,True
154,4,Desconocido,US,23,cerveza,sin_categoria,True,COLA FANTA 500 ML NARANJA,Comparar,500 ML,US,LOCAL,0.49,0.49,,1.0,True,keep_imputed,no_category_detected [precio_usd fuera de rango 1–20],11.4,False,median_category_country,12.0,12.0,2331,True
154,4,Desconocido,US,23,cerveza,sin_categoria,True,COLA FANTA 500 ML NARANJA,Comparar,500 ML,US,LOCAL,0.49,0.49,,1.0,True,keep_imputed,no_category_detected [precio_usd fuera de rango 1–20],12.6,False,median_category_country,12.0,12.0,2332,True
154,4,Desconocido,US,23,cerveza,sin_categoria,True,COLA FANTA 500 ML NARANJA,Comparar,500 ML,US,LOCAL,0.49,0.49,,1.0,True,keep_imputed,no_category_detected [precio_usd fuera de rango 1–20],13.2,False,median_category_country,12.0,12.0,2333,True
179,7,Desconocido,AR,14,cafe,cafe,False,DALE VIDA A TU JARDIN,🌷🌻​🌼​,1L,AR,LOCAL,1145.45,0.9127,,1255.0,True,keep,heuristic_default [precio_usd fuera de rango 1–20],1.7253,False,median_category_country,1.91695,1.91695,2334,True
179,7,Desconocido,AR,14,cafe,cafe,False,DALE VIDA A TU JARDIN,🌷🌻​🌼​,1L,AR,LOCAL,1145.45,0.9127,,1255.0,True,keep,heuristic_default [precio_usd fuera de rango 1–20],1.8211,False,median_category_country,1.91695,1.91695,2335,True
179,7,Desconocido,AR,14,cafe,cafe,False,DALE VIDA A TU JARDIN,🌷🌻​🌼​,1L,AR,LOCAL,1145.45,0.9127,,1255.0,True,keep,heuristic_default [precio_usd fuera de rango 1–20],2.0128,False,median_category_country,1.91695,1.91695,2336,True
179,7,Desconocido,AR,14,cafe,cafe,False,DALE VIDA A TU JARDIN,🌷🌻​🌼​,1L,AR,LOCAL,1145.45,0.9127,,1255.0,True,keep,heuristic_default [precio_usd fuera de rango 1–20],2.1086,False,median_category_country,1.91695,1.91695,2337,True
180,7,Desconocido,AR,14,cafe,cafe,False,DALE VIDA A TU JARDIN,🌷🌻​🌼​,,AR,LOCAL,904.07,0.7204,,1255.0,True,keep,heuristic_default [precio_usd fuera de rango 1–20],1.7253,False,median_category_country,1.91695,1.91695,2338,True
180,7,Desconocido,AR,14,cafe,cafe,False,DALE VIDA A TU JARDIN,🌷🌻​🌼​,,AR,LOCAL,904.07,0.7204,,1255.0,True,keep,heuristic_default [precio_usd fuera de rango 1–20],1.8211,False,median_category_country,1.91695,1.91695,2339,True
180,7,Desconocido,AR,14,cafe,cafe,False,DALE VIDA A TU JARDIN,🌷🌻​🌼​,,AR,LOCAL,904.07,0.7204,,1255.0,True,keep,heuristic_default [precio_usd fuera de rango 1–20],2.0128,False,median_category_country,1.91695,1.91695,2340,True
180,7,Desconocido,AR,14,cafe,cafe,False,DALE VIDA A TU JARDIN,🌷🌻​🌼​,,AR,LOCAL,904.07,0.7204,,1255.0,True,keep,heuristic_default [precio_usd fuera de rango 1–20],2.1086,False,median_category_country,1.91695,1.91695,2341,True
187,7,Desconocido,AR,14,cafe,cafe,False,DALE VIDA A TU JARDIN,🌷🌻​🌼​,800 GR,AR,LOCAL,800.0,0.6375,,1255.0,True,keep,heuristic_default [precio_usd fuera de rango 1–20],1.7253,False,median_category_country,1.91695,1.91695,2342,True
187,7,Desconocido,AR,14,cafe,cafe,False,DALE VIDA A TU JARDIN,🌷🌻​🌼​,800 GR,AR,LOCAL,800.0,0.6375,,1255.0,True,keep,heuristic_default [precio_usd fuera de rango 1–20],1.8211,False,median_category_country,1.91695,1.91695,2343,True
187,7,Desconocido,AR,14,cafe,cafe,False,DALE VIDA A TU JARDIN,🌷🌻​🌼​,800 GR,AR,LOCAL,800.0,0.6375,,1255.0,True,keep,heuristic_default [precio_usd fuera de rango 1–20],2.0128,False,median_category_country,1.91695,1.91695,2344,True
187,7,Desconocido,AR,14,cafe,cafe,False,DALE VIDA A TU JARDIN,🌷🌻​🌼​,800 GR,AR,LOCAL,800.0,0.6375,,1255.0,True,keep,heuristic_default [precio_usd fuera de rango 1–20],2.1086,False,median_category_country,1.91695,1.91695,2345,True
188,7,Desconocido,AR,14,cafe,cafe,False,DALE VIDA A TU JARDIN,🌷🌻​🌼​,450G,AR,LOCAL,450.0,0.3586,,1255.0,True,keep,heuristic_default [precio_usd fuera de rango 1–20],1.7253,False,median_category_country,1.91695,1.91695,2346,True
188,7,Desconocido,AR,14,cafe,cafe,False,DALE VIDA A TU JARDIN,🌷🌻​🌼​,450G,AR,LOCAL,450.0,0.3586,,1255.0,True,keep,heuristic_default [precio_usd fuera de rango 1–20],1.8211,False,median_category_country,1.91695,1.91695,2347,True
188,7,Desconocido,AR,14,cafe,cafe,False,DALE VIDA A TU JARDIN,🌷🌻​🌼​,450G,AR,LOCAL,450.0,0.3586,,1255.0,True,keep,heuristic_default [precio_usd fuera de rango 1–20],2.0128,False,median_category_country,1.91695,1.91695,2348,True
188,7,Desconocido,AR,14,cafe,cafe,False,DALE VIDA A TU JARDIN,🌷🌻​🌼​,450G,AR,LOCAL,450.0,0.3586,,1255.0,True,keep,heuristic_default [precio_usd fuera de rango 1–20],2.1086,False,median_category_country,1.91695,1.91695,2349,True
189,7,Desconocido,AR,14,cafe,cafe,False,DALE VIDA A TU JARDIN,🌷🌻​🌼​,250 GR,AR,LOCAL,250.0,0.1992,,1255.0,True,keep,heuristic_default [precio_usd fuera de rango 1–20],1.7253,False,median_category_country,1.91695,1.91695,2350,True
189,7,Desconocido,AR,14,cafe,cafe,False,DALE VIDA A TU JARDIN,🌷🌻​🌼​,250 GR,AR,LOCAL,250.0,0.1992,,1255.0,True,keep,heuristic_default [precio_usd fuera de rango 1–20],1.8211,False,median_category_country,1.91695,1.91695,2351,True
189,7,Desconocido,AR,14,cafe,cafe,False,DALE VIDA A TU JARDIN,🌷🌻​🌼​,250 GR,AR,LOCAL,250.0,0.1992,,1255.0,True,keep,heuristic_default [precio_usd fuera de rango 1–20],2.0128,False,median_category_country,1.91695,1.91695,2352,True
189,7,Desconocido,AR,14,cafe,cafe,False,DALE VIDA A TU JARDIN,🌷🌻​🌼​,250 GR,AR,LOCAL,250.0,0.1992,,1255.0,True,keep,heuristic_default [precio_usd fuera de rango 1–20],2.1086,False,median_category_country,1.91695,1.91695,2353,True
190,7,Desconocido,AR,14,cafe,cafe,False,DALE VIDA A TU JARDIN,🌷🌻​🌼​,250 G,AR,LOCAL,250.0,0.1992,,1255.0,True,keep,heuristic_default [precio_usd fuera de rango 1–20],1.7253,False,median_category_country,1.91695,1.91695,2354,True
190,7,Desconocido,AR,14,cafe,cafe,False,DALE VIDA A TU JARDIN,🌷🌻​🌼​,250 G,AR,LOCAL,250.0,0.1992,,1255.0,True,keep,heuristic_default [precio_usd fuera de rango 1–20],1.8211,False,median_category_country,1.91695,1.91695,2355,True
190,7,Desconocido,AR,14,cafe,cafe,False,DALE VIDA A TU JARDIN,🌷🌻​🌼​,250 G,AR,LOCAL,250.0,0.1992,,1255.0,True,keep,heuristic_default [precio_usd fuera de rango 1–20],2.0128,False,median_category_country,1.91695,1.91695,2356,True
190,7,Desconocido,AR,14,cafe,cafe,False,DALE VIDA A TU JARDIN,🌷🌻​🌼​,250 G,AR,LOCAL,250.0,0.1992,,1255.0,True,keep,heuristic_default [precio_usd fuera de rango 1–20],2.1086,False,median_category_country,1.91695,1.91695,2357,True
200,1,Desconocido,UNKNOWN,5,leche,sin_categoria,True,Descripción del producto,MARCA,1l,UNKNOWN,LOCAL,50.0,50.0,,1.0,True,keep_imputed,no_category_detected [precio_usd fuera de rango 1–20],3.3345,False,median_category_country,3.705,3.705,2358,True
200,1,Desconocido,UNKNOWN,5,leche,sin_categoria,True,Descripción del producto,MARCA,1l,UNKNOWN,LOCAL,50.0,50.0,,1.0,True,keep_imputed,no_category_detected [precio_usd fuera de rango 1–20],3.5197,False,median_category_country,3.705,3.705,2359,True
200,1,Desconocido,UNKNOWN,5,leche,sin_categoria,True,Descripción del producto,MARCA,1l,UNKNOWN,LOCAL,50.0,50.0,,1.0,True,keep_imputed,no_category_detected [precio_usd fuera de rango 1–20],3.8903,False,median_category_country,3.705,3.705,2360,True
200,1,Desconocido,UNKNOWN,5,leche,sin_categoria,True,Descripción del producto,MARCA,1l,UNKNOWN,LOCAL,50.0,50.0,,1.0,True,keep_imputed,no_category_detected [precio_usd fuera de rango 1–20],4.0755,False,median_category_country,3.705,3.705,2361,True
201,1,Desconocido,UNKNOWN,5,leche,sin_categoria,True,Descripción del producto,MARCA,610g,UNKNOWN,LOCAL,6550.0,6550.0,,1.0,True,keep_imputed,no_category_detected [precio_usd fuera de rango 1–20],3.3345,False,median_category_country,3.705,3.705,2362,True
201,1,Desconocido,UNKNOWN,5,leche,sin_categoria,True,Descripción del producto,MARCA,610g,UNKNOWN,LOCAL,6550.0,6550.0,,1.0,True,keep_imputed,no_category_detected [precio_usd fuera de rango 1–20],3.5197,False,median_category_country,3.705,3.705,2363,True
201,1,Desconocido,UNKNOWN,5,leche,sin_categoria,True,Descripción del producto,MARCA,610g,UNKNOWN,LOCAL,6550.0,6550.0,,1.0,True,keep_imputed,no_category_detected [precio_usd fuera de rango 1–20],3.8903,False,median_category_country,3.705,3.705,2364,True
201,1,Desconocido,UNKNOWN,5,leche,sin_categoria,True,Descripción del producto,MARCA,610g,UNKNOWN,LOCAL,6550.0,6550.0,,1.0,True,keep_imputed,no_category_detected [precio_usd fuera de rango 1–20],4.0755,False,median_category_country,3.705,3.705,2365,True
202,1,Desconocido,UNKNOWN,5,leche,sin_categoria,True,Descripción del producto,MARCA,550g,UNKNOWN,LOCAL,600.0,600.0,,1.0,True,keep_imputed,no_category_detected [precio_usd fuera de rango 1–20],3.3345,False,median_category_country,3.705,3.705,2366,True
202,1,Desconocido,UNKNOWN,5,leche,sin_categoria,True,Descripción del producto,MARCA,550g,UNKNOWN,LOCAL,600.0,600.0,,1.0,True,keep_imputed,no_category_detected [precio_usd fuera de rango 1–20],3.5197,False,median_category_country,3.705,3.705,2367,True
202,1,Desconocido,UNKNOWN,5,leche,sin_categoria,True,Descripción del producto,MARCA,550g,UNKNOWN,LOCAL,600.0,600.0,,1.0,True,keep_imputed,no_category_detected [precio_usd fuera de rango 1–20],3.8903,False,median_category_country,3.705,3.705,2368,True
202,1,Desconocido,UNKNOWN,5,leche,sin_categoria,True,Descripción del producto,MARCA,550g,UNKNOWN,LOCAL,600.0,600.0,,1.0,True,keep_imputed,no_category_detected [precio_usd fuera de rango 1–20],4.0755,False,median_category_country,3.705,3.705,2369,True
203,1,Desconocido,UNKNOWN,3,pan,sin_categoria,True,Descripción del producto,MARCA,1kg,UNKNOWN,LOCAL,1312.0,1312.0,,1.0,True,keep_imputed,no_category_detected [precio_usd fuera de rango 1–20],3.3345,False,median_category_country,3.705,3.705,2370,True
203,1,Desconocido,UNKNOWN,3,pan,sin_categoria,True,Descripción del producto,MARCA,1kg,UNKNOWN,LOCAL,1312.0,1312.0,,1.0,True,keep_imputed,no_category_detected [precio_usd fuera de rango 1–20],3.5197,False,median_category_country,3.705,3.705,2371,True
203,1,Desconocido,UNKNOWN,3,pan,sin_categoria,True,Descripción del producto,MARCA,1kg,UNKNOWN,LOCAL,1312.0,1312.0,,1.0,True,keep_imputed,no_category_detected [precio_usd fuera de rango 1–20],3.8903,False,median_category_country,3.705,3.705,2372,True
203,1,Desconocido,UNKNOWN,3,pan,sin_categoria,True,Descripción del producto,MARCA,1kg,UNKNOWN,LOCAL,1312.0,1312.0,,1.0,True,keep_imputed,no_category_detected [precio_usd fuera de rango 1–20],4.0755,False,median_category_country,3.705,3.705,2373,True
204,1,Desconocido,UNKNOWN,1,azucar,sin_categoria,True,Descripción del producto,MARCA,1 Kg,UNKNOWN,LOCAL,1299.0,1299.0,,1.0,True,keep_imputed,no_category_detected [precio_usd fuera de rango 1–20],3.3345,False,median_category_country,3.705,3.705,2374,True
204,1,Desconocido,UNKNOWN,1,azucar,sin_categoria,True,Descripción del producto,MARCA,1 Kg,UNKNOWN,LOCAL,1299.0,1299.0,,1.0,True,keep_imputed,no_category_detected [precio_usd fuera de rango 1–20],3.5197,False,median_category_country,3.705,3.705,2375,True
204,1,Desconocido,UNKNOWN,1,azucar,sin_categoria,True,Descripción del producto,MARCA,1 Kg,UNKNOWN,LOCAL,1299.0,1299.0,,1.0,True,keep_imputed,no_category_detected [precio_usd fuera de rango 1–20],3.8903,False,median_category_country,3.705,3.705,2376,True
204,1,Desconocido,UNKNOWN,1,azucar,sin_categoria,True,Descripción del producto,MARCA,1 Kg,UNKNOWN,LOCAL,1299.0,1299.0,,1.0,True,keep_imputed,no_category_detected [precio_usd fuera de rango 1–20],4.0755,False,median_category_country,3.705,3.705,2377,True
205,1,Desconocido,UNKNOWN,13,azucar,azucar,False,Descripción del producto,Azúcar Cristal Uniao 1kg,1kg,UNKNOWN,LOCAL,990.0,990.0,,1.0,True,keep,heuristic_default [precio_usd fuera de rango 1–20],2.493,False,median_category_country,2.77,2.77,2378,True
205,1,Desconocido,UNKNOWN,13,azucar,azucar,False,Descripción del producto,Azúcar Cristal Uniao 1kg,1kg,UNKNOWN,LOCAL,990.0,990.0,,1.0,True,keep,heuristic_default [precio_usd fuera de rango 1–20],2.6315,False,median_category_country,2.77,2.77,2379,True
205,1,Desconocido,UNKNOWN,13,azucar,azucar,False,Descripción del producto,Azúcar Cristal Uniao 1kg,1kg,UNKNOWN,LOCAL,990.0,990.0,,1.0,True,keep,heuristic_default [precio_usd fuera de rango 1–20],2.9085,False,median_category_country,2.77,2.77,2380,True
205,1,Desconocido,UNKNOWN,13,azucar,azucar,False,Descripción del producto,Azúcar Cristal Uniao 1kg,1kg,UNKNOWN,LOCAL,990.0,990.0,,1.0,True,keep,heuristic_default [precio_usd fuera de rango 1–20],3.047,False,median_category_country,2.77,2.77,2381,True
206,1,Desconocido,UNKNOWN,1,azucar,sin_categoria,True,Descripción del producto,MARCA,800g,UNKNOWN,LOCAL,1699.0,1699.0,,1.0,True,keep_imputed,no_category_detected [precio_usd fuera de rango 1–20],3.3345,False,median_category_country,3.705,3.705,2382,True
206,1,Desconocido,UNKNOWN,1,azucar,sin_categoria,True,Descripción del producto,MARCA,800g,UNKNOWN,LOCAL,1699.0,1699.0,,1.0,True,keep_imputed,no_category_detected [precio_usd fuera de rango 1–20],3.5197,False,median_category_country,3.705,3.705,2383,True
206,1,Desconocido,UNKNOWN,1,azucar,sin_categoria,True,Descripción del producto,MARCA,800g,UNKNOWN,LOCAL,1699.0,1699.0,,1.0,True,keep_imputed,no_category_detected [precio_usd fuera de rango 1–20],3.8903,False,median_category_country,3.705,3.705,2384,True
206,1,Desconocido,UNKNOWN,1,azucar,sin_categoria,True,Descripción del producto,MARCA,800g,UNKNOWN,LOCAL,1699.0,1699.0,,1.0,True,keep_imputed,no_category_detected [precio_usd fuera de rango 1–20],4.0755,False,median_category_country,3.705,3.705,2385,True
207,1,Desconocido,UNKNOWN,13,azucar,azucar,False,Descripción del producto,Azúcar AZUCEL 1kg,1kg,UNKNOWN,LOCAL,4399.0,4399.0,,1.0,True,keep,heuristic_default [precio_usd fuera de rango 1–20],2.493,False,median_category_country,2.77,2.77,2386,True
207,1,Desconocido,UNKNOWN,13,azucar,azucar,False,Descripción del producto,Azúcar AZUCEL 1kg,1kg,UNKNOWN,LOCAL,4399.0,4399.0,,1.0,True,keep,heuristic_default [precio_usd fuera de rango 1–20],2.6315,False,median_category_country,2.77,2.77,2387,True
207,1,Desconocido,UNKNOWN,13,azucar,azucar,False,Descripción del producto,Azúcar AZUCEL 1kg,1kg,UNKNOWN,LOCAL,4399.0,4399.0,,1.0,True,keep,heuristic_default [precio_usd fuera de rango 1–20],2.9085,False,median_category_country,2.77,2.77,2388,True
207,1,Desconocido,UNKNOWN,13,azucar,azucar,False,Descripción del producto,Azúcar AZUCEL 1kg,1kg,UNKNOWN,LOCAL,4399.0,4399.0,,1.0,True,keep,heuristic_default [precio_usd fuera de rango 1–20],3.047,False,median_category_country,2.77,2.77,2389,True
211,1,Desconocido,UNKNOWN,17,leche,leche,False,El almacenamiento local parece estar deshabilitado en tu navegador.,Aprende,900 ML,UNKNOWN,LOCAL,0.89,0.89,,1.0,True,keep,heuristic_default [precio_usd fuera de rango 1–20],0.999,False,median_category_country,1.11,1.11,2390,True
211,1,Desconocido,UNKNOWN,17,leche,leche,False,El almacenamiento local parece estar deshabilitado en tu navegador.,Aprende,900 ML,UNKNOWN,LOCAL,0.89,0.89,,1.0,True,keep,heuristic_default [precio_usd fuera de rango 1–20],1.0545,False,median_category_country,1.11,1.11,2391,True
211,1,Desconocido,UNKNOWN,17,leche,leche,False,El almacenamiento local parece estar deshabilitado en tu navegador.,Aprende,900 ML,UNKNOWN,LOCAL,0.89,0.89,,1.0,True,keep,heuristic_default [precio_usd fuera de rango 1–20],1.1655,False,median_category_country,1.11,1.11,2392,True
211,1,Desconocido,UNKNOWN,17,leche,leche,False,El almacenamiento local parece estar deshabilitado en tu navegador.,Aprende,900 ML,UNKNOWN,LOCAL,0.89,0.89,,1.0,True,keep,heuristic_default [precio_usd fuera de rango 1–20],1.221,False,median_category_country,1.11,1.11,2393,True
222,1,Desconocido,UNKNOWN,23,cerveza,sin_categoria,True,El almacenamiento local parece estar deshabilitado en tu navegador.,Aprende,350G,UNKNOWN,LOCAL,350.0,350.0,,1.0,True,keep_imputed,no_category_detected [precio_usd fuera de rango 1–20],3.3345,False,median_category_country,3.705,3.705,2394,True
222,1,Desconocido,UNKNOWN,23,cerveza,sin_categoria,True,El almacenamiento local parece estar deshabilitado en tu navegador.,Aprende,350G,UNKNOWN,LOCAL,350.0,350.0,,1.0,True,keep_imputed,no_category_detected [precio_usd fuera de rango 1–20],3.5197,False,median_category_country,3.705,3.705,2395,True
222,1,Desconocido,UNKNOWN,23,cerveza,sin_categoria,True,El almacenamiento local parece estar deshabilitado en tu navegador.,Aprende,350G,UNKNOWN,LOCAL,350.0,350.0,,1.0,True,keep_imputed,no_category_detected [precio_usd fuera de rango 1–20],3.8903,False,median_category_country,3.705,3.705,2396,True
222,1,Desconocido,UNKNOWN,23,cerveza,sin_categoria,True,El almacenamiento local parece estar deshabilitado en tu navegador.,Aprende,350G,UNKNOWN,LOCAL,350.0,350.0,,1.0,True,keep_imputed,no_category_detected [precio_usd fuera de rango 1–20],4.0755,False,median_category_country,3.705,3.705,2397,True
226,1,Desconocido,UNKNOWN,23,cerveza,sin_categoria,True,El almacenamiento local parece estar deshabilitado en tu navegador.,Aprende,200G,UNKNOWN,LOCAL,0.41,0.41,,1.0,True,keep_imputed,no_category_detected [precio_usd fuera de rango 1–20],3.3345,False,median_category_country,3.705,3.705,2398,True
226,1,Desconocido,UNKNOWN,23,cerveza,sin_categoria,True,El almacenamiento local parece estar deshabilitado en tu navegador.,Aprende,200G,UNKNOWN,LOCAL,0.41,0.41,,1.0,True,keep_imputed,no_category_detected [precio_usd fuera de rango 1–20],3.5197,False,median_category_country,3.705,3.705,2399,True
226,1,Desconocido,UNKNOWN,23,cerveza,sin_categoria,True,El almacenamiento local parece estar deshabilitado en tu navegador.,Aprende,200G,UNKNOWN,LOCAL,0.41,0.41,,1.0,True,keep_imputed,no_category_detected [precio_usd fuera de rango 1–20],3.8903,False,median_category_country,3.705,3.705,2400,True
226,1,Desconocido,UNKNOWN,23,cerveza,sin_categoria,True,El almacenamiento local parece estar deshabilitado en tu navegador.,Aprende,200G,UNKNOWN,LOCAL,0.41,0.41,,1.0,True,keep_imputed,no_category_detected [precio_usd fuera de rango 1–20],4.0755,False,median_category_country,3.705,3.705,2401,True
228,7,Desconocido,AR,14,cafe,cafe,False,Elegí tu envío,"Hola, Limpía tú cache",1 Lt,AR,LOCAL,1.38,0.0011,,1255.0,True,keep,heuristic_default [precio_usd fuera de rango 1–20],1.7253,False,median_category_country,1.91695,1.91695,2402,True
228,7,Desconocido,AR,14,cafe,cafe,False,Elegí tu envío,"Hola, Limpía tú cache",1 Lt,AR,LOCAL,1.38,0.0011,,1255.0,True,keep,heuristic_default [precio_usd fuera de rango 1–20],1.8211,False,median_category_country,1.91695,1.91695,2403,True
228,7,Desconocido,AR,14,cafe,cafe,False,Elegí tu envío,"Hola, Limpía tú cache",1 Lt,AR,LOCAL,1.38,0.0011,,1255.0,True,keep,heuristic_default [precio_usd fuera de rango 1–20],2.0128,False,median_category_country,1.91695,1.91695,2404,True
228,7,Desconocido,AR,14,cafe,cafe,False,Elegí tu envío,"Hola, Limpía tú cache",1 Lt,AR,LOCAL,1.38,0.0011,,1255.0,True,keep,heuristic_default [precio_usd fuera de rango 1–20],2.1086,False,median_category_country,1.91695,1.91695,2405,True
229,7,Desconocido,AR,2,cafe,sin_categoria,True,Elegí tu envío,"Hola, Limpía tú cache",,AR,LOCAL,1663.58,1.3256,1.3256,1255.0,True,keep_imputed,no_category_detected;price_parse_failed,1.193,False,median_category_country,,1.3256,2406,True
229,7,Desconocido,AR,2,cafe,sin_categoria,True,Elegí tu envío,"Hola, Limpía tú cache",,AR,LOCAL,1663.58,1.3256,1.3256,1255.0,True,keep_imputed,no_category_detected;price_parse_failed,1.2593,False,median_category_country,,1.3256,2407,True
229,7,Desconocido,AR,2,cafe,sin_categoria,True,Elegí tu envío,"Hola, Limpía tú cache",,AR,LOCAL,1663.58,1.3256,1.3256,1255.0,True,keep_imputed,no_category_detected;price_parse_failed,1.3919,False,median_category_country,,1.3256,2408,True
229,7,Desconocido,AR,2,cafe,sin_categoria,True,Elegí tu envío,"Hola, Limpía tú cache",,AR,LOCAL,1663.58,1.3256,1.3256,1255.0,True,keep_imputed,no_category_detected;price_parse_failed,1.4582,False,median_category_country,,1.3256,2409,True
230,7,Desconocido,AR,17,leche,leche,False,Elegí tu envío,"Hola, Limpía tú cache",400 Gr,AR,LOCAL,400.0,0.3187,,1255.0,True,keep_imputed,no_category_detected [precio_usd fuera de rango 1–20],2.5965,False,global_median,,2.885,2410,True
230,7,Desconocido,AR,17,leche,leche,False,Elegí tu envío,"Hola, Limpía tú cache",400 Gr,AR,LOCAL,400.0,0.3187,,1255.0,True,keep_imputed,no_category_detected [precio_usd fuera de rango 1–20],2.7407,False,global_median,,2.885,2411,True
230,7,Desconocido,AR,17,leche,leche,False,Elegí tu envío,"Hola, Limpía tú cache",400 Gr,AR,LOCAL,400.0,0.3187,,1255.0,True,keep_imputed,no_category_detected [precio_usd fuera de rango 1–20],3.0292,False,global_median,,2.885,2412,True
230,7,Desconocido,AR,17,leche,leche,False,Elegí tu envío,"Hola, Limpía tú cache",400 Gr,AR,LOCAL,400.0,0.3187,,1255.0,True,keep_imputed,no_category_detected [precio_usd fuera de rango 1–20],3.1735,False,global_median,,2.885,2413,True
231,7,Desconocido,AR,17,leche,leche,False,Elegí tu envío,"Hola, Limpía tú cache",610 Gr,AR,LOCAL,6.43,0.0051,,1255.0,True,keep,heuristic_default [precio_usd fuera de rango 1–20],2.5965,False,global_median,,2.885,2414,True
231,7,Desconocido,AR,17,leche,leche,False,Elegí tu envío,"Hola, Limpía tú cache",610 Gr,AR,LOCAL,6.43,0.0051,,1255.0,True,keep,heuristic_default [precio_usd fuera de rango 1–20],2.7407,False,global_median,,2.885,2415,True
231,7,Desconocido,AR,17,leche,leche,False,Elegí tu envío,"Hola, Limpía tú cache",610 Gr,AR,LOCAL,6.43,0.0051,,1255.0,True,keep,heuristic_default [precio_usd fuera de rango 1–20],3.0292,False,global_median,,2.885,2416,True
231,7,Desconocido,AR,17,leche,leche,False,Elegí tu envío,"Hola, Limpía tú cache",610 Gr,AR,LOCAL,6.43,0.0051,,1255.0,True,keep,heuristic_default [precio_usd fuera de rango 1–20],3.1735,False,global_median,,2.885,2417,True
232,7,Desconocido,AR,2,cafe,sin_categoria,True,Elegí tu envío,"Hola, Limpía tú cache",600 Gr,AR,LOCAL,3.49,0.0028,,1255.0,True,keep_imputed,no_category_detected [precio_usd fuera de rango 1–20],2.5965,False,global_median,,2.885,2418,True
232,7,Desconocido,AR,2,cafe,sin_categoria,True,Elegí tu envío,"Hola, Limpía tú cache",600 Gr,AR,LOCAL,3.49,0.0028,,1255.0,True,keep_imputed,no_category_detected [precio_usd fuera de rango 1–20],2.7407,False,global_median,,2.885,2419,True
232,7,Desconocido,AR,2,cafe,sin_categoria,True,Elegí tu envío,"Hola, Limpía tú cache",600 Gr,AR,LOCAL,3.49,0.0028,,1255.0,True,keep_imputed,no_category_detected [precio_usd fuera de rango 1–20],3.0292,False,global_median,,2.885,2420,True
232,7,Desconocido,AR,2,cafe,sin_categoria,True,Elegí tu envío,"Hola, Limpía tú cache",600 Gr,AR,LOCAL,3.49,0.0028,,1255.0,True,keep_imputed,no_category_detected [precio_usd fuera de rango 1–20],3.1735,False,global_median,,2.885,2421,True
233,7,Desconocido,AR,14,cafe,cafe,False,Elegí tu envío,"Hola, Limpía tú cache",1 Kg,AR,LOCAL,4.69,0.0037,,1255.0,True,keep_imputed,no_category_detected [precio_usd fuera de rango 1–20],1.7253,False,median_category_country,1.91695,1.91695,2422,True
233,7,Desconocido,AR,14,cafe,cafe,False,Elegí tu envío,"Hola, Limpía tú cache",1 Kg,AR,LOCAL,4.69,0.0037,,1255.0,True,keep_imputed,no_category_detected [precio_usd fuera de rango 1–20],1.8211,False,median_category_country,1.91695,1.91695,2423,True
233,7,Desconocido,AR,14,cafe,cafe,False,Elegí tu envío,"Hola, Limpía tú cache",1 Kg,AR,LOCAL,4.69,0.0037,,1255.0,True,keep_imputed,no_category_detected [precio_usd fuera de rango 1–20],2.0128,False,median_category_country,1.91695,1.91695,2424,True
233,7,Desconocido,AR,14,cafe,cafe,False,Elegí tu envío,"Hola, Limpía tú cache",1 Kg,AR,LOCAL,4.69,0.0037,,1255.0,True,keep_imputed,no_category_detected [precio_usd fuera de rango 1–20],2.1086,False,median_category_country,1.91695,1.91695,2425,True
234,7,Desconocido,AR,2,cafe,sin_categoria,True,Elegí tu envío,"Hola, Limpía tú cache",500 Gr,AR,LOCAL,3.19,0.0025,,1255.0,True,keep_imputed,no_category_detected [precio_usd fuera de rango 1–20],2.5965,False,global_median,,2.885,2426,True
234,7,Desconocido,AR,2,cafe,sin_categoria,True,Elegí tu envío,"Hola, Limpía tú cache",500 Gr,AR,LOCAL,3.19,0.0025,,1255.0,True,keep_imputed,no_category_detected [precio_usd fuera de rango 1–20],2.7407,False,global_median,,2.885,2427,True
234,7,Desconocido,AR,2,cafe,sin_categoria,True,Elegí tu envío,"Hola, Limpía tú cache",500 Gr,AR,LOCAL,3.19,0.0025,,1255.0,True,keep_imputed,no_category_detected [precio_usd fuera de rango 1–20],3.0292,False,global_median,,2.885,2428,True
234,7,Desconocido,AR,2,cafe,sin_categoria,True,Elegí tu envío,"Hola, Limpía tú cache",500 Gr,AR,LOCAL,3.19,0.0025,,1255.0,True,keep_imputed,no_category_detected [precio_usd fuera de rango 1–20],3.1735,False,global_median,,2.885,2429,True
235,7,Desconocido,AR,2,cafe,sin_categoria,True,Elegí tu envío,"Hola, Limpía tú cache",800 Gr,AR,LOCAL,3.0,0.0024,,1255.0,True,keep_imputed,no_category_detected [precio_usd fuera de rango 1–20],2.5965,False,global_median,,2.885,2430,True
235,7,Desconocido,AR,2,cafe,sin_categoria,True,Elegí tu envío,"Hola, Limpía tú cache",800 Gr,AR,LOCAL,3.0,0.0024,,1255.0,True,keep_imputed,no_category_detected [precio_usd fuera de rango 1–20],2.7407,False,global_median,,2.885,2431,True
235,7,Desconocido,AR,2,cafe,sin_categoria,True,Elegí tu envío,"Hola, Limpía tú cache",800 Gr,AR,LOCAL,3.0,0.0024,,1255.0,True,keep_imputed,no_category_detected [precio_usd fuera de rango 1–20],3.0292,False,global_median,,2.885,2432,True
235,7,Desconocido,AR,2,cafe,sin_categoria,True,Elegí tu envío,"Hola, Limpía tú cache",800 Gr,AR,LOCAL,3.0,0.0024,,1255.0,True,keep_imputed,no_category_detected [precio_usd fuera de rango 1–20],3.1735,False,global_median,,2.885,2433,True
236,7,Desconocido,AR,14,cafe,cafe,False,Elegí tu envío,"Hola, Limpía tú cache",250 Gr,AR,LOCAL,250.0,0.1992,,1255.0,True,keep,heuristic_default [precio_usd fuera de rango 1–20],1.7253,False,median_category_country,1.91695,1.91695,2434,True
236,7,Desconocido,AR,14,cafe,cafe,False,Elegí tu envío,"Hola, Limpía tú cache",250 Gr,AR,LOCAL,250.0,0.1992,,1255.0,True,keep,heuristic_default [precio_usd fuera de rango 1–20],1.8211,False,median_category_country,1.91695,1.91695,2435,True
236,7,Desconocido,AR,14,cafe,cafe,False,Elegí tu envío,"Hola, Limpía tú cache",250 Gr,AR,LOCAL,250.0,0.1992,,1255.0,True,keep,heuristic_default [precio_usd fuera de rango 1–20],2.0128,False,median_category_country,1.91695,1.91695,2436,True
236,7,Desconocido,AR,14,cafe,cafe,False,Elegí tu envío,"Hola, Limpía tú cache",250 Gr,AR,LOCAL,250.0,0.1992,,1255.0,True,keep,heuristic_default [precio_usd fuera de rango 1–20],2.1086,False,median_category_country,1.91695,1.91695,2437,True
237,7,Desconocido,AR,2,cafe,sin_categoria,True,Elegí tu envío,"Hola, Limpía tú cache",2.25 Lt,AR,LOCAL,4.6,0.0037,,1255.0,True,keep_imputed,no_category_detected [precio_usd fuera de rango 1–20],2.5965,False,global_median,,2.885,2438,True
237,7,Desconocido,AR,2,cafe,sin_categoria,True,Elegí tu envío,"Hola, Limpía tú cache",2.25 Lt,AR,LOCAL,4.6,0.0037,,1255.0,True,keep_imputed,no_category_detected [precio_usd fuera de rango 1–20],2.7407,False,global_median,,2.885,2439,True
237,7,Desconocido,AR,2,cafe,sin_categoria,True,Elegí tu envío,"Hola, Limpía tú cache",2.25 Lt,AR,LOCAL,4.6,0.0037,,1255.0,True,keep_imputed,no_category_detected [precio_usd fuera de rango 1–20],3.0292,False,global_median,,2.885,2440,True
237,7,Desconocido,AR,2,cafe,sin_categoria,True,Elegí tu envío,"Hola, Limpía tú cache",2.25 Lt,AR,LOCAL,4.6,0.0037,,1255.0,True,keep_imputed,no_category_detected [precio_usd fuera de rango 1–20],3.1735,False,global_median,,2.885,2441,True
238,7,Desconocido,AR,2,cafe,sin_categoria,True,Elegí tu envío,"Hola, Limpía tú cache","2,25 Lt",AR,LOCAL,1.5,0.0012,,1255.0,True,keep_imputed,no_category_detected [precio_usd fuera de rango 1–20],2.5965,False,global_median,,2.885,2442,True
238,7,Desconocido,AR,2,cafe,sin_categoria,True,Elegí tu envío,"Hola, Limpía tú cache","2,25 Lt",AR,LOCAL,1.5,0.0012,,1255.0,True,keep_imputed,no_category_detected [precio_usd fuera de rango 1–20],2.7407,False,global_median,,2.885,2443,True
238,7,Desconocido,AR,2,cafe,sin_categoria,True,Elegí tu envío,"Hola, Limpía tú cache","2,25 Lt",AR,LOCAL,1.5,0.0012,,1255.0,True,keep_imputed,no_category_detected [precio_usd fuera de rango 1–20],3.0292,False,global_median,,2.885,2444,True
238,7,Desconocido,AR,2,cafe,sin_categoria,True,Elegí tu envío,"Hola, Limpía tú cache","2,25 Lt",AR,LOCAL,1.5,0.0012,,1255.0,True,keep_imputed,no_category_detected [precio_usd fuera de rango 1–20],3.1735,False,global_median,,2.885,2445,True
253,1,Desconocido,UNKNOWN,8,huevo,sin_categoria,True,Elige un método de entrega,Unimarc,400 g,UNKNOWN,LOCAL,490.0,490.0,,1.0,True,keep_imputed,no_category_detected [precio_usd fuera de rango 1–20],3.3345,False,median_category_country,3.705,3.705,2446,True
253,1,Desconocido,UNKNOWN,8,huevo,sin_categoria,True,Elige un método de entrega,Unimarc,400 g,UNKNOWN,LOCAL,490.0,490.0,,1.0,True,keep_imputed,no_category_detected [precio_usd fuera de rango 1–20],3.5197,False,median_category_country,3.705,3.705,2447,True
253,1,Desconocido,UNKNOWN,8,huevo,sin_categoria,True,Elige un método de entrega,Unimarc,400 g,UNKNOWN,LOCAL,490.0,490.0,,1.0,True,keep_imputed,no_category_detected [precio_usd fuera de rango 1–20],3.8903,False,median_category_country,3.705,3.705,2448,True
253,1,Desconocido,UNKNOWN,8,huevo,sin_categoria,True,Elige un método de entrega,Unimarc,400 g,UNKNOWN,LOCAL,490.0,490.0,,1.0,True,keep_imputed,no_category_detected [precio_usd fuera de rango 1–20],4.0755,False,median_category_country,3.705,3.705,2449,True
255,1,Desconocido,UNKNOWN,5,leche,sin_categoria,True,"Este gato no debería estar en esta caja, ni tú en esta página",Live Chat,,UNKNOWN,LOCAL,234.19,234.1938,,1.0,True,keep_imputed,no_category_detected;price_parse_failed [precio_usd fuera de rango 1–20],3.3345,False,median_category_country,3.705,3.705,2450,True
255,1,Desconocido,UNKNOWN,5,leche,sin_categoria,True,"Este gato no debería estar en esta caja, ni tú en esta página",Live Chat,,UNKNOWN,LOCAL,234.19,234.1938,,1.0,True,keep_imputed,no_category_detected;price_parse_failed [precio_usd fuera de rango 1–20],3.5197,False,median_category_country,3.705,3.705,2451,True
255,1,Desconocido,UNKNOWN,5,leche,sin_categoria,True,"Este gato no debería estar en esta caja, ni tú en esta página",Live Chat,,UNKNOWN,LOCAL,234.19,234.1938,,1.0,True,keep_imputed,no_category_detected;price_parse_failed [precio_usd fuera de rango 1–20],3.8903,False,median_category_country,3.705,3.705,2452,True
255,1,Desconocido,UNKNOWN,5,leche,sin_categoria,True,"Este gato no debería estar en esta caja, ni tú en esta página",Live Chat,,UNKNOWN,LOCAL,234.19,234.1938,,1.0,True,keep_imputed,no_category_detected;price_parse_failed [precio_usd fuera de rango 1–20],4.0755,False,median_category_country,3.705,3.705,2453,True
263,2,Chedraui,MX,12,cebolla,cebolla,False,Frutas y verduras,Verduras,,MX,LOCAL,12679.94,680.985,,18.62,True,keep_imputed,price_parse_failed;price<=0 [precio_usd fuera de rango 1–20],2.5965,False,global_median,,2.885,2454,True
263,2,Chedraui,MX,12,cebolla,cebolla,False,Frutas y verduras,Verduras,,MX,LOCAL,12679.94,680.985,,18.62,True,keep_imputed,price_parse_failed;price<=0 [precio_usd fuera de rango 1–20],2.7407,False,global_median,,2.885,2455,True
263,2,Chedraui,MX,12,cebolla,cebolla,False,Frutas y verduras,Verduras,,MX,LOCAL,12679.94,680.985,,18.62,True,keep_imputed,price_parse_failed;price<=0 [precio_usd fuera de rango 1–20],3.0292,False,global_median,,2.885,2456,True
263,2,Chedraui,MX,12,cebolla,cebolla,False,Frutas y verduras,Verduras,,MX,LOCAL,12679.94,680.985,,18.62,True,keep_imputed,price_parse_failed;price<=0 [precio_usd fuera de rango 1–20],3.1735,False,global_median,,2.885,2457,True
264,1,Desconocido,UNKNOWN,6,papa,sin_categoria,True,Frutas Y Verduras,Verduras,2.25 L,UNKNOWN,LOCAL,2300.0,2300.0,,1.0,True,keep_imputed,no_category_detected [precio_usd fuera de rango 1–20],3.3345,False,median_category_country,3.705,3.705,2458,True
264,1,Desconocido,UNKNOWN,6,papa,sin_categoria,True,Frutas Y Verduras,Verduras,2.25 L,UNKNOWN,LOCAL,2300.0,2300.0,,1.0,True,keep_imputed,no_category_detected [precio_usd fuera de rango 1–20],3.5197,False,median_category_country,3.705,3.705,2459,True
264,1,Desconocido,UNKNOWN,6,papa,sin_categoria,True,Frutas Y Verduras,Verduras,2.25 L,UNKNOWN,LOCAL,2300.0,2300.0,,1.0,True,keep_imputed,no_category_detected [precio_usd fuera de rango 1–20],3.8903,False,median_category_country,3.705,3.705,2460,True
264,1,Desconocido,UNKNOWN,6,papa,sin_categoria,True,Frutas Y Verduras,Verduras,2.25 L,UNKNOWN,LOCAL,2300.0,2300.0,,1.0,True,keep_imputed,no_category_detected [precio_usd fuera de rango 1–20],4.0755,False,median_category_country,3.705,3.705,2461,True
265,1,Desconocido,UNKNOWN,6,papa,sin_categoria,True,Frutas Y Verduras,Verduras,500g,UNKNOWN,LOCAL,599.0,599.0,,1.0,True,keep_imputed,no_category_detected [precio_usd fuera de rango 1–20],3.3345,False,median_category_country,3.705,3.705,2462,True
265,1,Desconocido,UNKNOWN,6,papa,sin_categoria,True,Frutas Y Verduras,Verduras,500g,UNKNOWN,LOCAL,599.0,599.0,,1.0,True,keep_imputed,no_category_detected [precio_usd fuera de rango 1–20],3.5197,False,median_category_country,3.705,3.705,2463,True
265,1,Desconocido,UNKNOWN,6,papa,sin_categoria,True,Frutas Y Verduras,Verduras,500g,UNKNOWN,LOCAL,599.0,599.0,,1.0,True,keep_imputed,no_category_detected [precio_usd fuera de rango 1–20],3.8903,False,median_category_country,3.705,3.705,2464,True
265,1,Desconocido,UNKNOWN,6,papa,sin_categoria,True,Frutas Y Verduras,Verduras,500g,UNKNOWN,LOCAL,599.0,599.0,,1.0,True,keep_imputed,no_category_detected [precio_usd fuera de rango 1–20],4.0755,False,median_category_country,3.705,3.705,2465,True
266,1,Desconocido,UNKNOWN,6,papa,sin_categoria,True,Frutas Y Verduras,Verduras,600 Gr,UNKNOWN,LOCAL,2799.0,2799.0,,1.0,True,keep_imputed,no_category_detected [precio_usd fuera de rango 1–20],3.3345,False,median_category_country,3.705,3.705,2466,True
266,1,Desconocido,UNKNOWN,6,papa,sin_categoria,True,Frutas Y Verduras,Verduras,600 Gr,UNKNOWN,LOCAL,2799.0,2799.0,,1.0,True,keep_imputed,no_category_detected [precio_usd fuera de rango 1–20],3.5197,False,median_category_country,3.705,3.705,2467,True
266,1,Desconocido,UNKNOWN,6,papa,sin_categoria,True,Frutas Y Verduras,Verduras,600 Gr,UNKNOWN,LOCAL,2799.0,2799.0,,1.0,True,keep_imputed,no_category_detected [precio_usd fuera de rango 1–20],3.8903,False,median_category_country,3.705,3.705,2468,True
266,1,Desconocido,UNKNOWN,6,papa,sin_categoria,True,Frutas Y Verduras,Verduras,600 Gr,UNKNOWN,LOCAL,2799.0,2799.0,,1.0,True,keep_imputed,no_category_detected [precio_usd fuera de rango 1–20],4.0755,False,median_category_country,3.705,3.705,2469,True
267,1,Desconocido,UNKNOWN,6,papa,sin_categoria,True,Frutas Y Verduras,Verduras,300 Gr,UNKNOWN,LOCAL,2999.0,2999.0,,1.0,True,keep_imputed,no_category_detected [precio_usd fuera de rango 1–20],3.3345,False,median_category_country,3.705,3.705,2470,True
267,1,Desconocido,UNKNOWN,6,papa,sin_categoria,True,Frutas Y Verduras,Verduras,300 Gr,UNKNOWN,LOCAL,2999.0,2999.0,,1.0,True,keep_imputed,no_category_detected [precio_usd fuera de rango 1–20],3.5197,False,median_category_country,3.705,3.705,2471,True
267,1,Desconocido,UNKNOWN,6,papa,sin_categoria,True,Frutas Y Verduras,Verduras,300 Gr,UNKNOWN,LOCAL,2999.0,2999.0,,1.0,True,keep_imputed,no_category_detected [precio_usd fuera de rango 1–20],3.8903,False,median_category_country,3.705,3.705,2472,True
267,1,Desconocido,UNKNOWN,6,papa,sin_categoria,True,Frutas Y Verduras,Verduras,300 Gr,UNKNOWN,LOCAL,2999.0,2999.0,,1.0,True,keep_imputed,no_category_detected [precio_usd fuera de rango 1–20],4.0755,False,median_category_country,3.705,3.705,2473,True
268,2,Chedraui,MX,19,harina de trigo,harina de trigo,False,Harinas y reposteria,San Blas,500g,MX,LOCAL,2902.4,155.8757,,18.62,True,keep_imputed,price_parse_failed;price<=0 [precio_usd fuera de rango 1–20],2.5965,False,global_median,,2.885,2474,True
268,2,Chedraui,MX,19,harina de trigo,harina de trigo,False,Harinas y reposteria,San Blas,500g,MX,LOCAL,2902.4,155.8757,,18.62,True,keep_imputed,price_parse_failed;price<=0 [precio_usd fuera de rango 1–20],2.7407,False,global_median,,2.885,2475,True
268,2,Chedraui,MX,19,harina de trigo,harina de trigo,False,Harinas y reposteria,San Blas,500g,MX,LOCAL,2902.4,155.8757,,18.62,True,keep_imputed,price_parse_failed;price<=0 [precio_usd fuera de rango 1–20],3.0292,False,global_median,,2.885,2476,True
268,2,Chedraui,MX,19,harina de trigo,harina de trigo,False,Harinas y reposteria,San Blas,500g,MX,LOCAL,2902.4,155.8757,,18.62,True,keep_imputed,price_parse_failed;price<=0 [precio_usd fuera de rango 1–20],3.1735,False,global_median,,2.885,2477,True
269,2,Chedraui,MX,3,pan,sin_categoria,True,Harinas y reposteria,Harina Chedraui Trigo 1Kg,1Kg,MX,LOCAL,66.32,3.5617,3.5617,18.62,True,keep_imputed,no_category_detected;price_parse_failed,3.2055,False,median_category_country,2.4705,3.5617,2478,True
269,2,Chedraui,MX,3,pan,sin_categoria,True,Harinas y reposteria,Harina Chedraui Trigo 1Kg,1Kg,MX,LOCAL,66.32,3.5617,3.5617,18.62,True,keep_imputed,no_category_detected;price_parse_failed,3.3836,False,median_category_country,2.4705,3.5617,2479,True
269,2,Chedraui,MX,3,pan,sin_categoria,True,Harinas y reposteria,Harina Chedraui Trigo 1Kg,1Kg,MX,LOCAL,66.32,3.5617,3.5617,18.62,True,keep_imputed,no_category_detected;price_parse_failed,3.7398,False,median_category_country,2.4705,3.5617,2480,True
269,2,Chedraui,MX,3,pan,sin_categoria,True,Harinas y reposteria,Harina Chedraui Trigo 1Kg,1Kg,MX,LOCAL,66.32,3.5617,3.5617,18.62,True,keep_imputed,no_category_detected;price_parse_failed,3.9179,False,median_category_country,2.4705,3.5617,2481,True
270,2,Chedraui,MX,19,harina de trigo,harina de trigo,False,Harinas y reposteria,La Moderna,1kg,MX,LOCAL,2902.4,155.8757,,18.62,True,keep_imputed,price_parse_failed;price<=0 [precio_usd fuera de rango 1–20],2.5965,False,global_median,,2.885,2482,True
270,2,Chedraui,MX,19,harina de trigo,harina de trigo,False,Harinas y reposteria,La Moderna,1kg,MX,LOCAL,2902.4,155.8757,,18.62,True,keep_imputed,price_parse_failed;price<=0 [precio_usd fuera de rango 1–20],2.7407,False,global_median,,2.885,2483,True
270,2,Chedraui,MX,19,harina de trigo,harina de trigo,False,Harinas y reposteria,La Moderna,1kg,MX,LOCAL,2902.4,155.8757,,18.62,True,keep_imputed,price_parse_failed;price<=0 [precio_usd fuera de rango 1–20],3.0292,False,global_median,,2.885,2484,True
270,2,Chedraui,MX,19,harina de trigo,harina de trigo,False,Harinas y reposteria,La Moderna,1kg,MX,LOCAL,2902.4,155.8757,,18.62,True,keep_imputed,price_parse_failed;price<=0 [precio_usd fuera de rango 1–20],3.1735,False,global_median,,2.885,2485,True
271,2,Chedraui,MX,19,harina de trigo,harina de trigo,False,Harinas y reposteria,Sol de Oro,1kg,MX,LOCAL,2902.4,155.8757,,18.62,True,keep_imputed,price_parse_failed;price<=0 [precio_usd fuera de rango 1–20],2.5965,False,global_median,,2.885,2486,True
271,2,Chedraui,MX,19,harina de trigo,harina de trigo,False,Harinas y reposteria,Sol de Oro,1kg,MX,LOCAL,2902.4,155.8757,,18.62,True,keep_imputed,price_parse_failed;price<=0 [precio_usd fuera de rango 1–20],2.7407,False,global_median,,2.885,2487,True
271,2,Chedraui,MX,19,harina de trigo,harina de trigo,False,Harinas y reposteria,Sol de Oro,1kg,MX,LOCAL,2902.4,155.8757,,18.62,True,keep_imputed,price_parse_failed;price<=0 [precio_usd fuera de rango 1–20],3.0292,False,global_median,,2.885,2488,True
271,2,Chedraui,MX,19,harina de trigo,harina de trigo,False,Harinas y reposteria,Sol de Oro,1kg,MX,LOCAL,2902.4,155.8757,,18.62,True,keep_imputed,price_parse_failed;price<=0 [precio_usd fuera de rango 1–20],3.1735,False,global_median,,2.885,2489,True
272,7,Desconocido,AR,5,leche,sin_categoria,True,"Hola, Limpía tú cache",IR AL PAGO,1 Lt,AR,LOCAL,1.2,0.001,,1255.0,True,keep_imputed,no_category_detected [precio_usd fuera de rango 1–20],2.5965,False,global_median,,2.885,2490,True
272,7,Desconocido,AR,5,leche,sin_categoria,True,"Hola, Limpía tú cache",IR AL PAGO,1 Lt,AR,LOCAL,1.2,0.001,,1255.0,True,keep_imputed,no_category_detected [precio_usd fuera de rango 1–20],2.7407,False,global_median,,2.885,2491,True
272,7,Desconocido,AR,5,leche,sin_categoria,True,"Hola, Limpía tú cache",IR AL PAGO,1 Lt,AR,LOCAL,1.2,0.001,,1255.0,True,keep_imputed,no_category_detected [precio_usd fuera de rango 1–20],3.0292,False,global_median,,2.885,2492,True
272,7,Desconocido,AR,5,leche,sin_categoria,True,"Hola, Limpía tú cache",IR AL PAGO,1 Lt,AR,LOCAL,1.2,0.001,,1255.0,True,keep_imputed,no_category_detected [precio_usd fuera de rango 1–20],3.1735,False,global_median,,2.885,2493,True
273,7,Desconocido,AR,17,leche,leche,False,"Hola, Limpía tú cache",¿Quéres terminar tu compra?,560 Gr,AR,LOCAL,5.01,0.004,,1255.0,True,keep,heuristic_default [precio_usd fuera de rango 1–20],2.5965,False,global_median,,2.885,2494,True
273,7,Desconocido,AR,17,leche,leche,False,"Hola, Limpía tú cache",¿Quéres terminar tu compra?,560 Gr,AR,LOCAL,5.01,0.004,,1255.0,True,keep,heuristic_default [precio_usd fuera de rango 1–20],2.7407,False,global_median,,2.885,2495,True
273,7,Desconocido,AR,17,leche,leche,False,"Hola, Limpía tú cache",¿Quéres terminar tu compra?,560 Gr,AR,LOCAL,5.01,0.004,,1255.0,True,keep,heuristic_default [precio_usd fuera de rango 1–20],3.0292,False,global_median,,2.885,2496,True
273,7,Desconocido,AR,17,leche,leche,False,"Hola, Limpía tú cache",¿Quéres terminar tu compra?,560 Gr,AR,LOCAL,5.01,0.004,,1255.0,True,keep,heuristic_default [precio_usd fuera de rango 1–20],3.1735,False,global_median,,2.885,2497,True
274,7,Desconocido,AR,5,leche,sin_categoria,True,"Hola, Limpía tú cache",¿Quéres terminar tu compra?,1 Kg,AR,LOCAL,1.3,0.001,,1255.0,True,keep_imputed,no_category_detected [precio_usd fuera de rango 1–20],2.5965,False,global_median,,2.885,2498,True
274,7,Desconocido,AR,5,leche,sin_categoria,True,"Hola, Limpía tú cache",¿Quéres terminar tu compra?,1 Kg,AR,LOCAL,1.3,0.001,,1255.0,True,keep_imputed,no_category_detected [precio_usd fuera de rango 1–20],2.7407,False,global_median,,2.885,2499,True
274,7,Desconocido,AR,5,leche,sin_categoria,True,"Hola, Limpía tú cache",¿Quéres terminar tu compra?,1 Kg,AR,LOCAL,1.3,0.001,,1255.0,True,keep_imputed,no_category_detected [precio_usd fuera de rango 1–20],3.0292,False,global_median,,2.885,2500,True
274,7,Desconocido,AR,5,leche,sin_categoria,True,"Hola, Limpía tú cache",¿Quéres terminar tu compra?,1 Kg,AR,LOCAL,1.3,0.001,,1255.0,True,keep_imputed,no_category_detected [precio_usd fuera de rango 1–20],3.1735,False,global_median,,2.885,2501,True
275,7,Desconocido,AR,5,leche,sin_categoria,True,"Hola, Limpía tú cache",¿Quéres terminar tu compra?,500 Gr,AR,LOCAL,500.0,0.3984,,1255.0,True,keep_imputed,no_category_detected [precio_usd fuera de rango 1–20],2.5965,False,global_median,,2.885,2502,True
275,7,Desconocido,AR,5,leche,sin_categoria,True,"Hola, Limpía tú cache",¿Quéres terminar tu compra?,500 Gr,AR,LOCAL,500.0,0.3984,,1255.0,True,keep_imputed,no_category_detected [precio_usd fuera de rango 1–20],2.7407,False,global_median,,2.885,2503,True
275,7,Desconocido,AR,5,leche,sin_categoria,True,"Hola, Limpía tú cache",¿Quéres terminar tu compra?,500 Gr,AR,LOCAL,500.0,0.3984,,1255.0,True,keep_imputed,no_category_detected [precio_usd fuera de rango 1–20],3.0292,False,global_median,,2.885,2504,True
275,7,Desconocido,AR,5,leche,sin_categoria,True,"Hola, Limpía tú cache",¿Quéres terminar tu compra?,500 Gr,AR,LOCAL,500.0,0.3984,,1255.0,True,keep_imputed,no_category_detected [precio_usd fuera de rango 1–20],3.1735,False,global_median,,2.885,2505,True
276,7,Desconocido,AR,5,leche,sin_categoria,True,"Hola, Limpía tú cache",¿Quéres terminar tu compra?,"1,5 Lt",AR,LOCAL,800.0,0.6375,,1255.0,True,keep_imputed,no_category_detected [precio_usd fuera de rango 1–20],2.5965,False,global_median,,2.885,2506,True
276,7,Desconocido,AR,5,leche,sin_categoria,True,"Hola, Limpía tú cache",¿Quéres terminar tu compra?,"1,5 Lt",AR,LOCAL,800.0,0.6375,,1255.0,True,keep_imputed,no_category_detected [precio_usd fuera de rango 1–20],2.7407,False,global_median,,2.885,2507,True
276,7,Desconocido,AR,5,leche,sin_categoria,True,"Hola, Limpía tú cache",¿Quéres terminar tu compra?,"1,5 Lt",AR,LOCAL,800.0,0.6375,,1255.0,True,keep_imputed,no_category_detected [precio_usd fuera de rango 1–20],3.0292,False,global_median,,2.885,2508,True
276,7,Desconocido,AR,5,leche,sin_categoria,True,"Hola, Limpía tú cache",¿Quéres terminar tu compra?,"1,5 Lt",AR,LOCAL,800.0,0.6375,,1255.0,True,keep_imputed,no_category_detected [precio_usd fuera de rango 1–20],3.1735,False,global_median,,2.885,2509,True
277,1,Desconocido,UNKNOWN,3,pan,sin_categoria,True,Horarios de entrega,LISTA,400 GR,UNKNOWN,LOCAL,234.19,234.1938,,1.0,True,keep_imputed,no_category_detected;price_parse_failed [precio_usd fuera de rango 1–20],3.3345,False,median_category_country,3.705,3.705,2510,True
277,1,Desconocido,UNKNOWN,3,pan,sin_categoria,True,Horarios de entrega,LISTA,400 GR,UNKNOWN,LOCAL,234.19,234.1938,,1.0,True,keep_imputed,no_category_detected;price_parse_failed [precio_usd fuera de rango 1–20],3.5197,False,median_category_country,3.705,3.705,2511,True
277,1,Desconocido,UNKNOWN,3,pan,sin_categoria,True,Horarios de entrega,LISTA,400 GR,UNKNOWN,LOCAL,234.19,234.1938,,1.0,True,keep_imputed,no_category_detected;price_parse_failed [precio_usd fuera de rango 1–20],3.8903,False,median_category_country,3.705,3.705,2512,True
277,1,Desconocido,UNKNOWN,3,pan,sin_categoria,True,Horarios de entrega,LISTA,400 GR,UNKNOWN,LOCAL,234.19,234.1938,,1.0,True,keep_imputed,no_category_detected;price_parse_failed [precio_usd fuera de rango 1–20],4.0755,False,median_category_country,3.705,3.705,2513,True
278,1,Desconocido,UNKNOWN,6,papa,sin_categoria,True,Horarios de entrega,LISTA,1.5LT,UNKNOWN,LOCAL,100.0,100.0,,1.0,True,keep_imputed,no_category_detected [precio_usd fuera de rango 1–20],3.3345,False,median_category_country,3.705,3.705,2514,True
278,1,Desconocido,UNKNOWN,6,papa,sin_categoria,True,Horarios de entrega,LISTA,1.5LT,UNKNOWN,LOCAL,100.0,100.0,,1.0,True,keep_imputed,no_category_detected [precio_usd fuera de rango 1–20],3.5197,False,median_category_country,3.705,3.705,2515,True
278,1,Desconocido,UNKNOWN,6,papa,sin_categoria,True,Horarios de entrega,LISTA,1.5LT,UNKNOWN,LOCAL,100.0,100.0,,1.0,True,keep_imputed,no_category_detected [precio_usd fuera de rango 1–20],3.8903,False,median_category_country,3.705,3.705,2516,True
278,1,Desconocido,UNKNOWN,6,papa,sin_categoria,True,Horarios de entrega,LISTA,1.5LT,UNKNOWN,LOCAL,100.0,100.0,,1.0,True,keep_imputed,no_category_detected [precio_usd fuera de rango 1–20],4.0755,False,median_category_country,3.705,3.705,2517,True
279,1,Desconocido,UNKNOWN,3,pan,sin_categoria,True,Horarios de entrega,LISTA,400 GRAMOS,UNKNOWN,LOCAL,400.0,400.0,,1.0,True,keep_imputed,no_category_detected [precio_usd fuera de rango 1–20],3.3345,False,median_category_country,3.705,3.705,2518,True
279,1,Desconocido,UNKNOWN,3,pan,sin_categoria,True,Horarios de entrega,LISTA,400 GRAMOS,UNKNOWN,LOCAL,400.0,400.0,,1.0,True,keep_imputed,no_category_detected [precio_usd fuera de rango 1–20],3.5197,False,median_category_country,3.705,3.705,2519,True
279,1,Desconocido,UNKNOWN,3,pan,sin_categoria,True,Horarios de entrega,LISTA,400 GRAMOS,UNKNOWN,LOCAL,400.0,400.0,,1.0,True,keep_imputed,no_category_detected [precio_usd fuera de rango 1–20],3.8903,False,median_category_country,3.705,3.705,2520,True
279,1,Desconocido,UNKNOWN,3,pan,sin_categoria,True,Horarios de entrega,LISTA,400 GRAMOS,UNKNOWN,LOCAL,400.0,400.0,,1.0,True,keep_imputed,no_category_detected [precio_usd fuera de rango 1–20],4.0755,False,median_category_country,3.705,3.705,2521,True
280,1,Desconocido,UNKNOWN,3,pan,sin_categoria,True,Horarios de entrega,LISTA,85 GRAMOS,UNKNOWN,LOCAL,234.19,234.1938,,1.0,True,keep_imputed,no_category_detected;price_parse_failed [precio_usd fuera de rango 1–20],3.3345,False,median_category_country,3.705,3.705,2522,True
280,1,Desconocido,UNKNOWN,3,pan,sin_categoria,True,Horarios de entrega,LISTA,85 GRAMOS,UNKNOWN,LOCAL,234.19,234.1938,,1.0,True,keep_imputed,no_category_detected;price_parse_failed [precio_usd fuera de rango 1–20],3.5197,False,median_category_country,3.705,3.705,2523,True
280,1,Desconocido,UNKNOWN,3,pan,sin_categoria,True,Horarios de entrega,LISTA,85 GRAMOS,UNKNOWN,LOCAL,234.19,234.1938,,1.0,True,keep_imputed,no_category_detected;price_parse_failed [precio_usd fuera de rango 1–20],3.8903,False,median_category_country,3.705,3.705,2524,True
280,1,Desconocido,UNKNOWN,3,pan,sin_categoria,True,Horarios de entrega,LISTA,85 GRAMOS,UNKNOWN,LOCAL,234.19,234.1938,,1.0,True,keep_imputed,no_category_detected;price_parse_failed [precio_usd fuera de rango 1–20],4.0755,False,median_category_country,3.705,3.705,2525,True
281,1,Desconocido,UNKNOWN,18,huevo,huevo,False,Huevos Blanco,Descripción del producto,500 Gr,UNKNOWN,LOCAL,4241.5,4241.5,,1.0,True,keep_imputed,heuristic_default [precio_usd fuera de rango 1–20],4.671,False,median_category_country,5.19,5.19,2526,True
281,1,Desconocido,UNKNOWN,18,huevo,huevo,False,Huevos Blanco,Descripción del producto,500 Gr,UNKNOWN,LOCAL,4241.5,4241.5,,1.0,True,keep_imputed,heuristic_default [precio_usd fuera de rango 1–20],4.9305,False,median_category_country,5.19,5.19,2527,True
281,1,Desconocido,UNKNOWN,18,huevo,huevo,False,Huevos Blanco,Descripción del producto,500 Gr,UNKNOWN,LOCAL,4241.5,4241.5,,1.0,True,keep_imputed,heuristic_default [precio_usd fuera de rango 1–20],5.4495,False,median_category_country,5.19,5.19,2528,True
281,1,Desconocido,UNKNOWN,18,huevo,huevo,False,Huevos Blanco,Descripción del producto,500 Gr,UNKNOWN,LOCAL,4241.5,4241.5,,1.0,True,keep_imputed,heuristic_default [precio_usd fuera de rango 1–20],5.709,False,median_category_country,5.19,5.19,2529,True
283,1,Desconocido,UNKNOWN,18,huevo,huevo,False,Huevos Color,Descripción del producto,500 Gr,UNKNOWN,LOCAL,1596.0,1596.0,,1.0,True,keep_imputed,heuristic_default [precio_usd fuera de rango 1–20],4.671,False,median_category_country,5.19,5.19,2530,True
283,1,Desconocido,UNKNOWN,18,huevo,huevo,False,Huevos Color,Descripción del producto,500 Gr,UNKNOWN,LOCAL,1596.0,1596.0,,1.0,True,keep_imputed,heuristic_default [precio_usd fuera de rango 1–20],4.9305,False,median_category_country,5.19,5.19,2531,True
283,1,Desconocido,UNKNOWN,18,huevo,huevo,False,Huevos Color,Descripción del producto,500 Gr,UNKNOWN,LOCAL,1596.0,1596.0,,1.0,True,keep_imputed,heuristic_default [precio_usd fuera de rango 1–20],5.4495,False,median_category_country,5.19,5.19,2532,True
283,1,Desconocido,UNKNOWN,18,huevo,huevo,False,Huevos Color,Descripción del producto,500 Gr,UNKNOWN,LOCAL,1596.0,1596.0,,1.0,True,keep_imputed,heuristic_default [precio_usd fuera de rango 1–20],5.709,False,median_category_country,5.19,5.19,2533,True
285,1,Desconocido,UNKNOWN,18,huevo,huevo,False,la herradura,Huevo primera color,,UNKNOWN,LOCAL,234.19,234.1938,,1.0,True,keep_imputed,price_parse_failed [precio_usd fuera de rango 1–20],4.671,False,median_category_country,5.19,5.19,2534,True
285,1,Desconocido,UNKNOWN,18,huevo,huevo,False,la herradura,Huevo primera color,,UNKNOWN,LOCAL,234.19,234.1938,,1.0,True,keep_imputed,price_parse_failed [precio_usd fuera de rango 1–20],4.9305,False,median_category_country,5.19,5.19,2535,True
285,1,Desconocido,UNKNOWN,18,huevo,huevo,False,la herradura,Huevo primera color,,UNKNOWN,LOCAL,234.19,234.1938,,1.0,True,keep_imputed,price_parse_failed [precio_usd fuera de rango 1–20],5.4495,False,median_category_country,5.19,5.19,2536,True
285,1,Desconocido,UNKNOWN,18,huevo,huevo,False,la herradura,Huevo primera color,,UNKNOWN,LOCAL,234.19,234.1938,,1.0,True,keep_imputed,price_parse_failed [precio_usd fuera de rango 1–20],5.709,False,median_category_country,5.19,5.19,2537,True
289,2,Chedraui,MX,18,huevo,huevo,False,Lacteos y huevo,Huevos,30 Piezas,MX,LOCAL,66.32,3.5617,3.5617,18.62,True,keep_imputed,price_parse_failed,3.2055,False,median_category_country,4.99195,3.5617,2538,True
289,2,Chedraui,MX,18,huevo,huevo,False,Lacteos y huevo,Huevos,30 Piezas,MX,LOCAL,66.32,3.5617,3.5617,18.62,True,keep_imputed,price_parse_failed,3.3836,False,median_category_country,4.99195,3.5617,2539,True
289,2,Chedraui,MX,18,huevo,huevo,False,Lacteos y huevo,Huevos,30 Piezas,MX,LOCAL,66.32,3.5617,3.5617,18.62,True,keep_imputed,price_parse_failed,3.7398,False,median_category_country,4.99195,3.5617,2540,True
289,2,Chedraui,MX,18,huevo,huevo,False,Lacteos y huevo,Huevos,30 Piezas,MX,LOCAL,66.32,3.5617,3.5617,18.62,True,keep_imputed,price_parse_failed,3.9179,False,median_category_country,4.99195,3.5617,2541,True
290,1,Desconocido,UNKNOWN,17,leche,leche,False,LECHE EQUILIBRIO TETRAPAK UHTLATTI 900ML,Unidades disponibles,900ML,UNKNOWN,LOCAL,900.0,900.0,,1.0,True,keep,heuristic_default [precio_usd fuera de rango 1–20],0.999,False,median_category_country,1.11,1.11,2542,True
290,1,Desconocido,UNKNOWN,17,leche,leche,False,LECHE EQUILIBRIO TETRAPAK UHTLATTI 900ML,Unidades disponibles,900ML,UNKNOWN,LOCAL,900.0,900.0,,1.0,True,keep,heuristic_default [precio_usd fuera de rango 1–20],1.0545,False,median_category_country,1.11,1.11,2543,True
290,1,Desconocido,UNKNOWN,17,leche,leche,False,LECHE EQUILIBRIO TETRAPAK UHTLATTI 900ML,Unidades disponibles,900ML,UNKNOWN,LOCAL,900.0,900.0,,1.0,True,keep,heuristic_default [precio_usd fuera de rango 1–20],1.1655,False,median_category_country,1.11,1.11,2544,True
290,1,Desconocido,UNKNOWN,17,leche,leche,False,LECHE EQUILIBRIO TETRAPAK UHTLATTI 900ML,Unidades disponibles,900ML,UNKNOWN,LOCAL,900.0,900.0,,1.0,True,keep,heuristic_default [precio_usd fuera de rango 1–20],1.221,False,median_category_country,1.11,1.11,2545,True
292,4,Desconocido,US,17,leche,leche,False,LECHE PARMALAT 900 ML ENTERA,Comparar,900 ML,US,LOCAL,0.99,0.99,,1.0,True,keep,heuristic_default [precio_usd fuera de rango 1–20],1.278,False,median_category_country,1.42,1.42,2546,True
292,4,Desconocido,US,17,leche,leche,False,LECHE PARMALAT 900 ML ENTERA,Comparar,900 ML,US,LOCAL,0.99,0.99,,1.0,True,keep,heuristic_default [precio_usd fuera de rango 1–20],1.349,False,median_category_country,1.42,1.42,2547,True
292,4,Desconocido,US,17,leche,leche,False,LECHE PARMALAT 900 ML ENTERA,Comparar,900 ML,US,LOCAL,0.99,0.99,,1.0,True,keep,heuristic_default [precio_usd fuera de rango 1–20],1.491,False,median_category_country,1.42,1.42,2548,True
292,4,Desconocido,US,17,leche,leche,False,LECHE PARMALAT 900 ML ENTERA,Comparar,900 ML,US,LOCAL,0.99,0.99,,1.0,True,keep,heuristic_default [precio_usd fuera de rango 1–20],1.562,False,median_category_country,1.42,1.42,2549,True
294,1,Desconocido,UNKNOWN,17,leche,leche,False,Leches Frescas,Leches Enteras,,UNKNOWN,LOCAL,428.01,428.0052,,1.0,True,keep_imputed,price_parse_failed;price<=0 [precio_usd fuera de rango 1–20],0.999,False,median_category_country,1.11,1.11,2550,True
294,1,Desconocido,UNKNOWN,17,leche,leche,False,Leches Frescas,Leches Enteras,,UNKNOWN,LOCAL,428.01,428.0052,,1.0,True,keep_imputed,price_parse_failed;price<=0 [precio_usd fuera de rango 1–20],1.0545,False,median_category_country,1.11,1.11,2551,True
294,1,Desconocido,UNKNOWN,17,leche,leche,False,Leches Frescas,Leches Enteras,,UNKNOWN,LOCAL,428.01,428.0052,,1.0,True,keep_imputed,price_parse_failed;price<=0 [precio_usd fuera de rango 1–20],1.1655,False,median_category_country,1.11,1.11,2552,True
294,1,Desconocido,UNKNOWN,17,leche,leche,False,Leches Frescas,Leches Enteras,,UNKNOWN,LOCAL,428.01,428.0052,,1.0,True,keep_imputed,price_parse_failed;price<=0 [precio_usd fuera de rango 1–20],1.221,False,median_category_country,1.11,1.11,2553,True
295,1,Desconocido,UNKNOWN,17,leche,leche,False,Leches Larga Vida,Leches Enteras,1l,UNKNOWN,LOCAL,1911.0,1911.0,,1.0,True,keep,heuristic_default [precio_usd fuera de rango 1–20],0.999,False,median_category_country,1.11,1.11,2554,True
295,1,Desconocido,UNKNOWN,17,leche,leche,False,Leches Larga Vida,Leches Enteras,1l,UNKNOWN,LOCAL,1911.0,1911.0,,1.0,True,keep,heuristic_default [precio_usd fuera de rango 1–20],1.0545,False,median_category_country,1.11,1.11,2555,True
295,1,Desconocido,UNKNOWN,17,leche,leche,False,Leches Larga Vida,Leches Enteras,1l,UNKNOWN,LOCAL,1911.0,1911.0,,1.0,True,keep,heuristic_default [precio_usd fuera de rango 1–20],1.1655,False,median_category_country,1.11,1.11,2556,True
295,1,Desconocido,UNKNOWN,17,leche,leche,False,Leches Larga Vida,Leches Enteras,1l,UNKNOWN,LOCAL,1911.0,1911.0,,1.0,True,keep,heuristic_default [precio_usd fuera de rango 1–20],1.221,False,median_category_country,1.11,1.11,2557,True
297,1,Desconocido,UNKNOWN,17,leche,leche,False,"Lácteos, refrigerados y huevos",Leches líquidas,1 Litro,UNKNOWN,LOCAL,970.0,970.0,,1.0,True,keep,heuristic_default [precio_usd fuera de rango 1–20],0.999,False,median_category_country,1.11,1.11,2558,True
297,1,Desconocido,UNKNOWN,17,leche,leche,False,"Lácteos, refrigerados y huevos",Leches líquidas,1 Litro,UNKNOWN,LOCAL,970.0,970.0,,1.0,True,keep,heuristic_default [precio_usd fuera de rango 1–20],1.0545,False,median_category_country,1.11,1.11,2559,True
297,1,Desconocido,UNKNOWN,17,leche,leche,False,"Lácteos, refrigerados y huevos",Leches líquidas,1 Litro,UNKNOWN,LOCAL,970.0,970.0,,1.0,True,keep,heuristic_default [precio_usd fuera de rango 1–20],1.1655,False,median_category_country,1.11,1.11,2560,True
297,1,Desconocido,UNKNOWN,17,leche,leche,False,"Lácteos, refrigerados y huevos",Leches líquidas,1 Litro,UNKNOWN,LOCAL,970.0,970.0,,1.0,True,keep,heuristic_default [precio_usd fuera de rango 1–20],1.221,False,median_category_country,1.11,1.11,2561,True
300,1,Desconocido,UNKNOWN,28,cebolla,sin_categoria,True,Massas e Molhos,Descripción del producto,500g,UNKNOWN,LOCAL,234.19,234.1938,,1.0,True,keep_imputed,no_category_detected;price_parse_failed [precio_usd fuera de rango 1–20],3.3345,False,median_category_country,3.705,3.705,2562,True
300,1,Desconocido,UNKNOWN,28,cebolla,sin_categoria,True,Massas e Molhos,Descripción del producto,500g,UNKNOWN,LOCAL,234.19,234.1938,,1.0,True,keep_imputed,no_category_detected;price_parse_failed [precio_usd fuera de rango 1–20],3.5197,False,median_category_country,3.705,3.705,2563,True
300,1,Desconocido,UNKNOWN,28,cebolla,sin_categoria,True,Massas e Molhos,Descripción del producto,500g,UNKNOWN,LOCAL,234.19,234.1938,,1.0,True,keep_imputed,no_category_detected;price_parse_failed [precio_usd fuera de rango 1–20],3.8903,False,median_category_country,3.705,3.705,2564,True
300,1,Desconocido,UNKNOWN,28,cebolla,sin_categoria,True,Massas e Molhos,Descripción del producto,500g,UNKNOWN,LOCAL,234.19,234.1938,,1.0,True,keep_imputed,no_category_detected;price_parse_failed [precio_usd fuera de rango 1–20],4.0755,False,median_category_country,3.705,3.705,2565,True
301,1,Desconocido,UNKNOWN,29,pasta seca,sin_categoria,True,Massas e Molhos,fideos,500g,UNKNOWN,LOCAL,234.19,234.1938,,1.0,True,keep_imputed,no_category_detected;price_parse_failed [precio_usd fuera de rango 1–20],3.3345,False,median_category_country,3.705,3.705,2566,True
301,1,Desconocido,UNKNOWN,29,pasta seca,sin_categoria,True,Massas e Molhos,fideos,500g,UNKNOWN,LOCAL,234.19,234.1938,,1.0,True,keep_imputed,no_category_detected;price_parse_failed [precio_usd fuera de rango 1–20],3.5197,False,median_category_country,3.705,3.705,2567,True
301,1,Desconocido,UNKNOWN,29,pasta seca,sin_categoria,True,Massas e Molhos,fideos,500g,UNKNOWN,LOCAL,234.19,234.1938,,1.0,True,keep_imputed,no_category_detected;price_parse_failed [precio_usd fuera de rango 1–20],3.8903,False,median_category_country,3.705,3.705,2568,True
301,1,Desconocido,UNKNOWN,29,pasta seca,sin_categoria,True,Massas e Molhos,fideos,500g,UNKNOWN,LOCAL,234.19,234.1938,,1.0,True,keep_imputed,no_category_detected;price_parse_failed [precio_usd fuera de rango 1–20],4.0755,False,median_category_country,3.705,3.705,2569,True
304,1,Desconocido,UNKNOWN,15,pan,pan,False,Meu Desconto,Blog do Pão,1kg,UNKNOWN,LOCAL,50.0,50.0,,1.0,True,keep,heuristic_default [precio_usd fuera de rango 1–20],2.241,False,median_category_country,2.49,2.49,2570,True
304,1,Desconocido,UNKNOWN,15,pan,pan,False,Meu Desconto,Blog do Pão,1kg,UNKNOWN,LOCAL,50.0,50.0,,1.0,True,keep,heuristic_default [precio_usd fuera de rango 1–20],2.3655,False,median_category_country,2.49,2.49,2571,True
304,1,Desconocido,UNKNOWN,15,pan,pan,False,Meu Desconto,Blog do Pão,1kg,UNKNOWN,LOCAL,50.0,50.0,,1.0,True,keep,heuristic_default [precio_usd fuera de rango 1–20],2.6145,False,median_category_country,2.49,2.49,2572,True
304,1,Desconocido,UNKNOWN,15,pan,pan,False,Meu Desconto,Blog do Pão,1kg,UNKNOWN,LOCAL,50.0,50.0,,1.0,True,keep,heuristic_default [precio_usd fuera de rango 1–20],2.739,False,median_category_country,2.49,2.49,2573,True
306,3,Desconocido,BR,15,pan,pan,False,Meu Desconto,Blog do Pão,500g,BR,LOCAL,4.89,0.8976,,5.448,True,keep,heuristic_default [precio_usd fuera de rango 1–20],1.419,False,median_category_country,1.5767,1.5767,2574,True
306,3,Desconocido,BR,15,pan,pan,False,Meu Desconto,Blog do Pão,500g,BR,LOCAL,4.89,0.8976,,5.448,True,keep,heuristic_default [precio_usd fuera de rango 1–20],1.4979,False,median_category_country,1.5767,1.5767,2575,True
306,3,Desconocido,BR,15,pan,pan,False,Meu Desconto,Blog do Pão,500g,BR,LOCAL,4.89,0.8976,,5.448,True,keep,heuristic_default [precio_usd fuera de rango 1–20],1.6555,False,median_category_country,1.5767,1.5767,2576,True
306,3,Desconocido,BR,15,pan,pan,False,Meu Desconto,Blog do Pão,500g,BR,LOCAL,4.89,0.8976,,5.448,True,keep,heuristic_default [precio_usd fuera de rango 1–20],1.7344,False,median_category_country,1.5767,1.5767,2577,True
310,1,Desconocido,UNKNOWN,15,pan,pan,False,Meu Desconto,Blog do Pão,400g,UNKNOWN,LOCAL,400.0,400.0,,1.0,True,keep,heuristic_default [precio_usd fuera de rango 1–20],2.241,False,median_category_country,2.49,2.49,2578,True
310,1,Desconocido,UNKNOWN,15,pan,pan,False,Meu Desconto,Blog do Pão,400g,UNKNOWN,LOCAL,400.0,400.0,,1.0,True,keep,heuristic_default [precio_usd fuera de rango 1–20],2.3655,False,median_category_country,2.49,2.49,2579,True
310,1,Desconocido,UNKNOWN,15,pan,pan,False,Meu Desconto,Blog do Pão,400g,UNKNOWN,LOCAL,400.0,400.0,,1.0,True,keep,heuristic_default [precio_usd fuera de rango 1–20],2.6145,False,median_category_country,2.49,2.49,2580,True
310,1,Desconocido,UNKNOWN,15,pan,pan,False,Meu Desconto,Blog do Pão,400g,UNKNOWN,LOCAL,400.0,400.0,,1.0,True,keep,heuristic_default [precio_usd fuera de rango 1–20],2.739,False,median_category_country,2.49,2.49,2581,True
312,3,Desconocido,BR,15,pan,pan,False,Meu Desconto,Blog do Pão,600ml,BR,LOCAL,4.49,0.8242,,5.448,True,keep,heuristic_default [precio_usd fuera de rango 1–20],1.419,False,median_category_country,1.5767,1.5767,2582,True
312,3,Desconocido,BR,15,pan,pan,False,Meu Desconto,Blog do Pão,600ml,BR,LOCAL,4.49,0.8242,,5.448,True,keep,heuristic_default [precio_usd fuera de rango 1–20],1.4979,False,median_category_country,1.5767,1.5767,2583,True
312,3,Desconocido,BR,15,pan,pan,False,Meu Desconto,Blog do Pão,600ml,BR,LOCAL,4.49,0.8242,,5.448,True,keep,heuristic_default [precio_usd fuera de rango 1–20],1.6555,False,median_category_country,1.5767,1.5767,2584,True
312,3,Desconocido,BR,15,pan,pan,False,Meu Desconto,Blog do Pão,600ml,BR,LOCAL,4.49,0.8242,,5.448,True,keep,heuristic_default [precio_usd fuera de rango 1–20],1.7344,False,median_category_country,1.5767,1.5767,2585,True
318,3,Desconocido,BR,15,pan,pan,False,Meu Desconto,Blog do Pão,350ml,BR,LOCAL,5.29,0.971,,5.448,True,keep,heuristic_default [precio_usd fuera de rango 1–20],1.419,False,median_category_country,1.5767,1.5767,2586,True
318,3,Desconocido,BR,15,pan,pan,False,Meu Desconto,Blog do Pão,350ml,BR,LOCAL,5.29,0.971,,5.448,True,keep,heuristic_default [precio_usd fuera de rango 1–20],1.4979,False,median_category_country,1.5767,1.5767,2587,True
318,3,Desconocido,BR,15,pan,pan,False,Meu Desconto,Blog do Pão,350ml,BR,LOCAL,5.29,0.971,,5.448,True,keep,heuristic_default [precio_usd fuera de rango 1–20],1.6555,False,median_category_country,1.5767,1.5767,2588,True
318,3,Desconocido,BR,15,pan,pan,False,Meu Desconto,Blog do Pão,350ml,BR,LOCAL,5.29,0.971,,5.448,True,keep,heuristic_default [precio_usd fuera de rango 1–20],1.7344,False,median_category_country,1.5767,1.5767,2589,True
319,3,Desconocido,BR,15,pan,pan,False,Meu Desconto,Blog do Pão,269ml,BR,LOCAL,2.99,0.5488,,5.448,True,keep,heuristic_default [precio_usd fuera de rango 1–20],1.419,False,median_category_country,1.5767,1.5767,2590,True
319,3,Desconocido,BR,15,pan,pan,False,Meu Desconto,Blog do Pão,269ml,BR,LOCAL,2.99,0.5488,,5.448,True,keep,heuristic_default [precio_usd fuera de rango 1–20],1.4979,False,median_category_country,1.5767,1.5767,2591,True
319,3,Desconocido,BR,15,pan,pan,False,Meu Desconto,Blog do Pão,269ml,BR,LOCAL,2.99,0.5488,,5.448,True,keep,heuristic_default [precio_usd fuera de rango 1–20],1.6555,False,median_category_country,1.5767,1.5767,2592,True
319,3,Desconocido,BR,15,pan,pan,False,Meu Desconto,Blog do Pão,269ml,BR,LOCAL,2.99,0.5488,,5.448,True,keep,heuristic_default [precio_usd fuera de rango 1–20],1.7344,False,median_category_country,1.5767,1.5767,2593,True
320,3,Desconocido,BR,3,pan,sin_categoria,True,Meu Desconto,Minha Lista,1kg,BR,LOCAL,5.09,0.9343,,5.448,True,keep_imputed,no_category_detected [precio_usd fuera de rango 1–20],1.7824,False,median_category_country,1.9805,1.9805,2594,True
320,3,Desconocido,BR,3,pan,sin_categoria,True,Meu Desconto,Minha Lista,1kg,BR,LOCAL,5.09,0.9343,,5.448,True,keep_imputed,no_category_detected [precio_usd fuera de rango 1–20],1.8815,False,median_category_country,1.9805,1.9805,2595,True
320,3,Desconocido,BR,3,pan,sin_categoria,True,Meu Desconto,Minha Lista,1kg,BR,LOCAL,5.09,0.9343,,5.448,True,keep_imputed,no_category_detected [precio_usd fuera de rango 1–20],2.0795,False,median_category_country,1.9805,1.9805,2596,True
320,3,Desconocido,BR,3,pan,sin_categoria,True,Meu Desconto,Minha Lista,1kg,BR,LOCAL,5.09,0.9343,,5.448,True,keep_imputed,no_category_detected [precio_usd fuera de rango 1–20],2.1785,False,median_category_country,1.9805,1.9805,2597,True
327,1,Desconocido,UNKNOWN,3,pan,sin_categoria,True,Meu Desconto,Minha Lista,400g,UNKNOWN,LOCAL,400.0,400.0,,1.0,True,keep_imputed,no_category_detected [precio_usd fuera de rango 1–20],3.3345,False,median_category_country,3.705,3.705,2598,True
327,1,Desconocido,UNKNOWN,3,pan,sin_categoria,True,Meu Desconto,Minha Lista,400g,UNKNOWN,LOCAL,400.0,400.0,,1.0,True,keep_imputed,no_category_detected [precio_usd fuera de rango 1–20],3.5197,False,median_category_country,3.705,3.705,2599,True
327,1,Desconocido,UNKNOWN,3,pan,sin_categoria,True,Meu Desconto,Minha Lista,400g,UNKNOWN,LOCAL,400.0,400.0,,1.0,True,keep_imputed,no_category_detected [precio_usd fuera de rango 1–20],3.8903,False,median_category_country,3.705,3.705,2600,True
327,1,Desconocido,UNKNOWN,3,pan,sin_categoria,True,Meu Desconto,Minha Lista,400g,UNKNOWN,LOCAL,400.0,400.0,,1.0,True,keep_imputed,no_category_detected [precio_usd fuera de rango 1–20],4.0755,False,median_category_country,3.705,3.705,2601,True
329,3,Desconocido,BR,3,pan,sin_categoria,True,Meu Desconto,Minha Lista,600ml,BR,LOCAL,5.39,0.9894,,5.448,True,keep_imputed,no_category_detected [precio_usd fuera de rango 1–20],1.7824,False,median_category_country,1.9805,1.9805,2602,True
329,3,Desconocido,BR,3,pan,sin_categoria,True,Meu Desconto,Minha Lista,600ml,BR,LOCAL,5.39,0.9894,,5.448,True,keep_imputed,no_category_detected [precio_usd fuera de rango 1–20],1.8815,False,median_category_country,1.9805,1.9805,2603,True
329,3,Desconocido,BR,3,pan,sin_categoria,True,Meu Desconto,Minha Lista,600ml,BR,LOCAL,5.39,0.9894,,5.448,True,keep_imputed,no_category_detected [precio_usd fuera de rango 1–20],2.0795,False,median_category_country,1.9805,1.9805,2604,True
329,3,Desconocido,BR,3,pan,sin_categoria,True,Meu Desconto,Minha Lista,600ml,BR,LOCAL,5.39,0.9894,,5.448,True,keep_imputed,no_category_detected [precio_usd fuera de rango 1–20],2.1785,False,median_category_country,1.9805,1.9805,2605,True
331,3,Desconocido,BR,3,pan,sin_categoria,True,Meu Desconto,Minha Lista,1L,BR,LOCAL,4.99,0.9159,,5.448,True,keep_imputed,no_category_detected [precio_usd fuera de rango 1–20],1.7824,False,median_category_country,1.9805,1.9805,2606,True
331,3,Desconocido,BR,3,pan,sin_categoria,True,Meu Desconto,Minha Lista,1L,BR,LOCAL,4.99,0.9159,,5.448,True,keep_imputed,no_category_detected [precio_usd fuera de rango 1–20],1.8815,False,median_category_country,1.9805,1.9805,2607,True
331,3,Desconocido,BR,3,pan,sin_categoria,True,Meu Desconto,Minha Lista,1L,BR,LOCAL,4.99,0.9159,,5.448,True,keep_imputed,no_category_detected [precio_usd fuera de rango 1–20],2.0795,False,median_category_country,1.9805,1.9805,2608,True
331,3,Desconocido,BR,3,pan,sin_categoria,True,Meu Desconto,Minha Lista,1L,BR,LOCAL,4.99,0.9159,,5.448,True,keep_imputed,no_category_detected [precio_usd fuera de rango 1–20],2.1785,False,median_category_country,1.9805,1.9805,2609,True
332,3,Desconocido,BR,3,pan,sin_categoria,True,Meu Desconto,Minha Lista,1 Litro,BR,LOCAL,4.69,0.8609,,5.448,True,keep_imputed,no_category_detected [precio_usd fuera de rango 1–20],1.7824,False,median_category_country,1.9805,1.9805,2610,True
332,3,Desconocido,BR,3,pan,sin_categoria,True,Meu Desconto,Minha Lista,1 Litro,BR,LOCAL,4.69,0.8609,,5.448,True,keep_imputed,no_category_detected [precio_usd fuera de rango 1–20],1.8815,False,median_category_country,1.9805,1.9805,2611,True
332,3,Desconocido,BR,3,pan,sin_categoria,True,Meu Desconto,Minha Lista,1 Litro,BR,LOCAL,4.69,0.8609,,5.448,True,keep_imputed,no_category_detected [precio_usd fuera de rango 1–20],2.0795,False,median_category_country,1.9805,1.9805,2612,True
332,3,Desconocido,BR,3,pan,sin_categoria,True,Meu Desconto,Minha Lista,1 Litro,BR,LOCAL,4.69,0.8609,,5.448,True,keep_imputed,no_category_detected [precio_usd fuera de rango 1–20],2.1785,False,median_category_country,1.9805,1.9805,2613,True
333,3,Desconocido,BR,3,pan,sin_categoria,True,Meu Desconto,Minha Lista,350ml,BR,LOCAL,3.79,0.6957,,5.448,True,keep_imputed,no_category_detected [precio_usd fuera de rango 1–20],1.7824,False,median_category_country,1.9805,1.9805,2614,True
333,3,Desconocido,BR,3,pan,sin_categoria,True,Meu Desconto,Minha Lista,350ml,BR,LOCAL,3.79,0.6957,,5.448,True,keep_imputed,no_category_detected [precio_usd fuera de rango 1–20],1.8815,False,median_category_country,1.9805,1.9805,2615,True
333,3,Desconocido,BR,3,pan,sin_categoria,True,Meu Desconto,Minha Lista,350ml,BR,LOCAL,3.79,0.6957,,5.448,True,keep_imputed,no_category_detected [precio_usd fuera de rango 1–20],2.0795,False,median_category_country,1.9805,1.9805,2616,True
333,3,Desconocido,BR,3,pan,sin_categoria,True,Meu Desconto,Minha Lista,350ml,BR,LOCAL,3.79,0.6957,,5.448,True,keep_imputed,no_category_detected [precio_usd fuera de rango 1–20],2.1785,False,median_category_country,1.9805,1.9805,2617,True
335,3,Desconocido,BR,3,pan,sin_categoria,True,Meu Desconto,Minha Lista,269ml,BR,LOCAL,3.19,0.5855,,5.448,True,keep_imputed,no_category_detected [precio_usd fuera de rango 1–20],1.7824,False,median_category_country,1.9805,1.9805,2618,True
335,3,Desconocido,BR,3,pan,sin_categoria,True,Meu Desconto,Minha Lista,269ml,BR,LOCAL,3.19,0.5855,,5.448,True,keep_imputed,no_category_detected [precio_usd fuera de rango 1–20],1.8815,False,median_category_country,1.9805,1.9805,2619,True
335,3,Desconocido,BR,3,pan,sin_categoria,True,Meu Desconto,Minha Lista,269ml,BR,LOCAL,3.19,0.5855,,5.448,True,keep_imputed,no_category_detected [precio_usd fuera de rango 1–20],2.0795,False,median_category_country,1.9805,1.9805,2620,True
335,3,Desconocido,BR,3,pan,sin_categoria,True,Meu Desconto,Minha Lista,269ml,BR,LOCAL,3.19,0.5855,,5.448,True,keep_imputed,no_category_detected [precio_usd fuera de rango 1–20],2.1785,False,median_category_country,1.9805,1.9805,2621,True
342,3,Desconocido,BR,3,pan,sin_categoria,True,Meu Desconto,Minha Lista,200ml,BR,LOCAL,1.89,0.3469,,5.448,True,keep_imputed,no_category_detected [precio_usd fuera de rango 1–20],1.7824,False,median_category_country,1.9805,1.9805,2622,True
342,3,Desconocido,BR,3,pan,sin_categoria,True,Meu Desconto,Minha Lista,200ml,BR,LOCAL,1.89,0.3469,,5.448,True,keep_imputed,no_category_detected [precio_usd fuera de rango 1–20],1.8815,False,median_category_country,1.9805,1.9805,2623,True
342,3,Desconocido,BR,3,pan,sin_categoria,True,Meu Desconto,Minha Lista,200ml,BR,LOCAL,1.89,0.3469,,5.448,True,keep_imputed,no_category_detected [precio_usd fuera de rango 1–20],2.0795,False,median_category_country,1.9805,1.9805,2624,True
342,3,Desconocido,BR,3,pan,sin_categoria,True,Meu Desconto,Minha Lista,200ml,BR,LOCAL,1.89,0.3469,,5.448,True,keep_imputed,no_category_detected [precio_usd fuera de rango 1–20],2.1785,False,median_category_country,1.9805,1.9805,2625,True
345,3,Desconocido,BR,3,pan,sin_categoria,True,Meu Desconto,Minha Lista,1l,BR,LOCAL,4.49,0.8242,,5.448,True,keep_imputed,no_category_detected [precio_usd fuera de rango 1–20],1.7824,False,median_category_country,1.9805,1.9805,2626,True
345,3,Desconocido,BR,3,pan,sin_categoria,True,Meu Desconto,Minha Lista,1l,BR,LOCAL,4.49,0.8242,,5.448,True,keep_imputed,no_category_detected [precio_usd fuera de rango 1–20],1.8815,False,median_category_country,1.9805,1.9805,2627,True
345,3,Desconocido,BR,3,pan,sin_categoria,True,Meu Desconto,Minha Lista,1l,BR,LOCAL,4.49,0.8242,,5.448,True,keep_imputed,no_category_detected [precio_usd fuera de rango 1–20],2.0795,False,median_category_country,1.9805,1.9805,2628,True
345,3,Desconocido,BR,3,pan,sin_categoria,True,Meu Desconto,Minha Lista,1l,BR,LOCAL,4.49,0.8242,,5.448,True,keep_imputed,no_category_detected [precio_usd fuera de rango 1–20],2.1785,False,median_category_country,1.9805,1.9805,2629,True
354,3,Desconocido,BR,3,pan,sin_categoria,True,Padaria e Matinais,Leites,1 L,BR,LOCAL,4.79,0.8792,,5.448,True,keep_imputed,no_category_detected [precio_usd fuera de rango 1–20],1.7824,False,median_category_country,1.9805,1.9805,2630,True
354,3,Desconocido,BR,3,pan,sin_categoria,True,Padaria e Matinais,Leites,1 L,BR,LOCAL,4.79,0.8792,,5.448,True,keep_imputed,no_category_detected [precio_usd fuera de rango 1–20],1.8815,False,median_category_country,1.9805,1.9805,2631,True
354,3,Desconocido,BR,3,pan,sin_categoria,True,Padaria e Matinais,Leites,1 L,BR,LOCAL,4.79,0.8792,,5.448,True,keep_imputed,no_category_detected [precio_usd fuera de rango 1–20],2.0795,False,median_category_country,1.9805,1.9805,2632,True
354,3,Desconocido,BR,3,pan,sin_categoria,True,Padaria e Matinais,Leites,1 L,BR,LOCAL,4.79,0.8792,,5.448,True,keep_imputed,no_category_detected [precio_usd fuera de rango 1–20],2.1785,False,median_category_country,1.9805,1.9805,2633,True
356,3,Desconocido,BR,3,pan,sin_categoria,True,Padaria e Matinais,Leites,1 Litro,BR,LOCAL,5.15,0.9453,,5.448,True,keep_imputed,no_category_detected [precio_usd fuera de rango 1–20],1.7824,False,median_category_country,1.9805,1.9805,2634,True
356,3,Desconocido,BR,3,pan,sin_categoria,True,Padaria e Matinais,Leites,1 Litro,BR,LOCAL,5.15,0.9453,,5.448,True,keep_imputed,no_category_detected [precio_usd fuera de rango 1–20],1.8815,False,median_category_country,1.9805,1.9805,2635,True
356,3,Desconocido,BR,3,pan,sin_categoria,True,Padaria e Matinais,Leites,1 Litro,BR,LOCAL,5.15,0.9453,,5.448,True,keep_imputed,no_category_detected [precio_usd fuera de rango 1–20],2.0795,False,median_category_country,1.9805,1.9805,2636,True
356,3,Desconocido,BR,3,pan,sin_categoria,True,Padaria e Matinais,Leites,1 Litro,BR,LOCAL,5.15,0.9453,,5.448,True,keep_imputed,no_category_detected [precio_usd fuera de rango 1–20],2.1785,False,median_category_country,1.9805,1.9805,2637,True
357,1,Desconocido,UNKNOWN,15,pan,pan,False,Padaria e Matinais,Panes y Torradas,450g,UNKNOWN,LOCAL,44.23,44.2339,,1.0,True,keep_imputed,price_parse_failed;price<=0 [precio_usd fuera de rango 1–20],2.241,False,median_category_country,2.49,2.49,2638,True
357,1,Desconocido,UNKNOWN,15,pan,pan,False,Padaria e Matinais,Panes y Torradas,450g,UNKNOWN,LOCAL,44.23,44.2339,,1.0,True,keep_imputed,price_parse_failed;price<=0 [precio_usd fuera de rango 1–20],2.3655,False,median_category_country,2.49,2.49,2639,True
357,1,Desconocido,UNKNOWN,15,pan,pan,False,Padaria e Matinais,Panes y Torradas,450g,UNKNOWN,LOCAL,44.23,44.2339,,1.0,True,keep_imputed,price_parse_failed;price<=0 [precio_usd fuera de rango 1–20],2.6145,False,median_category_country,2.49,2.49,2640,True
357,1,Desconocido,UNKNOWN,15,pan,pan,False,Padaria e Matinais,Panes y Torradas,450g,UNKNOWN,LOCAL,44.23,44.2339,,1.0,True,keep_imputed,price_parse_failed;price<=0 [precio_usd fuera de rango 1–20],2.739,False,median_category_country,2.49,2.49,2641,True
358,1,Desconocido,UNKNOWN,3,pan,sin_categoria,True,Padaria e Matinais,Leites,1 Litro,UNKNOWN,LOCAL,234.19,234.1938,,1.0,True,keep_imputed,no_category_detected;price_parse_failed [precio_usd fuera de rango 1–20],3.3345,False,median_category_country,3.705,3.705,2642,True
358,1,Desconocido,UNKNOWN,3,pan,sin_categoria,True,Padaria e Matinais,Leites,1 Litro,UNKNOWN,LOCAL,234.19,234.1938,,1.0,True,keep_imputed,no_category_detected;price_parse_failed [precio_usd fuera de rango 1–20],3.5197,False,median_category_country,3.705,3.705,2643,True
358,1,Desconocido,UNKNOWN,3,pan,sin_categoria,True,Padaria e Matinais,Leites,1 Litro,UNKNOWN,LOCAL,234.19,234.1938,,1.0,True,keep_imputed,no_category_detected;price_parse_failed [precio_usd fuera de rango 1–20],3.8903,False,median_category_country,3.705,3.705,2644,True
358,1,Desconocido,UNKNOWN,3,pan,sin_categoria,True,Padaria e Matinais,Leites,1 Litro,UNKNOWN,LOCAL,234.19,234.1938,,1.0,True,keep_imputed,no_category_detected;price_parse_failed [precio_usd fuera de rango 1–20],4.0755,False,median_category_country,3.705,3.705,2645,True
359,1,Desconocido,UNKNOWN,3,pan,sin_categoria,True,Padaria e Matinais,Leites,1 L,UNKNOWN,LOCAL,234.19,234.1938,,1.0,True,keep_imputed,no_category_detected;price_parse_failed [precio_usd fuera de rango 1–20],3.3345,False,median_category_country,3.705,3.705,2646,True
359,1,Desconocido,UNKNOWN,3,pan,sin_categoria,True,Padaria e Matinais,Leites,1 L,UNKNOWN,LOCAL,234.19,234.1938,,1.0,True,keep_imputed,no_category_detected;price_parse_failed [precio_usd fuera de rango 1–20],3.5197,False,median_category_country,3.705,3.705,2647,True
359,1,Desconocido,UNKNOWN,3,pan,sin_categoria,True,Padaria e Matinais,Leites,1 L,UNKNOWN,LOCAL,234.19,234.1938,,1.0,True,keep_imputed,no_category_detected;price_parse_failed [precio_usd fuera de rango 1–20],3.8903,False,median_category_country,3.705,3.705,2648,True
359,1,Desconocido,UNKNOWN,3,pan,sin_categoria,True,Padaria e Matinais,Leites,1 L,UNKNOWN,LOCAL,234.19,234.1938,,1.0,True,keep_imputed,no_category_detected;price_parse_failed [precio_usd fuera de rango 1–20],4.0755,False,median_category_country,3.705,3.705,2649,True
360,1,Desconocido,UNKNOWN,3,pan,sin_categoria,True,Padaria e Matinais,Leites,1L,UNKNOWN,LOCAL,234.19,234.1938,,1.0,True,keep_imputed,no_category_detected;price_parse_failed [precio_usd fuera de rango 1–20],3.3345,False,median_category_country,3.705,3.705,2650,True
360,1,Desconocido,UNKNOWN,3,pan,sin_categoria,True,Padaria e Matinais,Leites,1L,UNKNOWN,LOCAL,234.19,234.1938,,1.0,True,keep_imputed,no_category_detected;price_parse_failed [precio_usd fuera de rango 1–20],3.5197,False,median_category_country,3.705,3.705,2651,True
360,1,Desconocido,UNKNOWN,3,pan,sin_categoria,True,Padaria e Matinais,Leites,1L,UNKNOWN,LOCAL,234.19,234.1938,,1.0,True,keep_imputed,no_category_detected;price_parse_failed [precio_usd fuera de rango 1–20],3.8903,False,median_category_country,3.705,3.705,2652,True
360,1,Desconocido,UNKNOWN,3,pan,sin_categoria,True,Padaria e Matinais,Leites,1L,UNKNOWN,LOCAL,234.19,234.1938,,1.0,True,keep_imputed,no_category_detected;price_parse_failed [precio_usd fuera de rango 1–20],4.0755,False,median_category_country,3.705,3.705,2653,True
364,1,Desconocido,UNKNOWN,17,leche,leche,False,PAN TAJADO MANTEQUILLA 450G,Unidades disponibles,450G,UNKNOWN,LOCAL,450.0,450.0,,1.0,True,keep,heuristic_default [precio_usd fuera de rango 1–20],0.999,False,median_category_country,1.11,1.11,2654,True
364,1,Desconocido,UNKNOWN,17,leche,leche,False,PAN TAJADO MANTEQUILLA 450G,Unidades disponibles,450G,UNKNOWN,LOCAL,450.0,450.0,,1.0,True,keep,heuristic_default [precio_usd fuera de rango 1–20],1.0545,False,median_category_country,1.11,1.11,2655,True
364,1,Desconocido,UNKNOWN,17,leche,leche,False,PAN TAJADO MANTEQUILLA 450G,Unidades disponibles,450G,UNKNOWN,LOCAL,450.0,450.0,,1.0,True,keep,heuristic_default [precio_usd fuera de rango 1–20],1.1655,False,median_category_country,1.11,1.11,2656,True
364,1,Desconocido,UNKNOWN,17,leche,leche,False,PAN TAJADO MANTEQUILLA 450G,Unidades disponibles,450G,UNKNOWN,LOCAL,450.0,450.0,,1.0,True,keep,heuristic_default [precio_usd fuera de rango 1–20],1.221,False,median_category_country,1.11,1.11,2657,True
365,1,Desconocido,UNKNOWN,15,pan,pan,False,PAN TAJADO MULTIGRANOS 450 G,Unidades disponibles,450 G,UNKNOWN,LOCAL,450.0,450.0,,1.0,True,keep,heuristic_default [precio_usd fuera de rango 1–20],2.241,False,median_category_country,2.49,2.49,2658,True
365,1,Desconocido,UNKNOWN,15,pan,pan,False,PAN TAJADO MULTIGRANOS 450 G,Unidades disponibles,450 G,UNKNOWN,LOCAL,450.0,450.0,,1.0,True,keep,heuristic_default [precio_usd fuera de rango 1–20],2.3655,False,median_category_country,2.49,2.49,2659,True
365,1,Desconocido,UNKNOWN,15,pan,pan,False,PAN TAJADO MULTIGRANOS 450 G,Unidades disponibles,450 G,UNKNOWN,LOCAL,450.0,450.0,,1.0,True,keep,heuristic_default [precio_usd fuera de rango 1–20],2.6145,False,median_category_country,2.49,2.49,2660,True
365,1,Desconocido,UNKNOWN,15,pan,pan,False,PAN TAJADO MULTIGRANOS 450 G,Unidades disponibles,450 G,UNKNOWN,LOCAL,450.0,450.0,,1.0,True,keep,heuristic_default [precio_usd fuera de rango 1–20],2.739,False,median_category_country,2.49,2.49,2661,True
366,1,Desconocido,UNKNOWN,15,pan,pan,False,PAN VITAL FRUTICEREAL 500 G,Unidades disponibles,500 G,UNKNOWN,LOCAL,500.0,500.0,,1.0,True,keep,heuristic_default [precio_usd fuera de rango 1–20],2.241,False,median_category_country,2.49,2.49,2662,True
366,1,Desconocido,UNKNOWN,15,pan,pan,False,PAN VITAL FRUTICEREAL 500 G,Unidades disponibles,500 G,UNKNOWN,LOCAL,500.0,500.0,,1.0,True,keep,heuristic_default [precio_usd fuera de rango 1–20],2.3655,False,median_category_country,2.49,2.49,2663,True
366,1,Desconocido,UNKNOWN,15,pan,pan,False,PAN VITAL FRUTICEREAL 500 G,Unidades disponibles,500 G,UNKNOWN,LOCAL,500.0,500.0,,1.0,True,keep,heuristic_default [precio_usd fuera de rango 1–20],2.6145,False,median_category_country,2.49,2.49,2664,True
366,1,Desconocido,UNKNOWN,15,pan,pan,False,PAN VITAL FRUTICEREAL 500 G,Unidades disponibles,500 G,UNKNOWN,LOCAL,500.0,500.0,,1.0,True,keep,heuristic_default [precio_usd fuera de rango 1–20],2.739,False,median_category_country,2.49,2.49,2665,True
367,1,Desconocido,UNKNOWN,5,leche,sin_categoria,True,Panaderia Propia,Panificados,550g,UNKNOWN,LOCAL,600.0,600.0,,1.0,True,keep_imputed,no_category_detected [precio_usd fuera de rango 1–20],3.3345,False,median_category_country,3.705,3.705,2666,True
367,1,Desconocido,UNKNOWN,5,leche,sin_categoria,True,Panaderia Propia,Panificados,550g,UNKNOWN,LOCAL,600.0,600.0,,1.0,True,keep_imputed,no_category_detected [precio_usd fuera de rango 1–20],3.5197,False,median_category_country,3.705,3.705,2667,True
367,1,Desconocido,UNKNOWN,5,leche,sin_categoria,True,Panaderia Propia,Panificados,550g,UNKNOWN,LOCAL,600.0,600.0,,1.0,True,keep_imputed,no_category_detected [precio_usd fuera de rango 1–20],3.8903,False,median_category_country,3.705,3.705,2668,True
367,1,Desconocido,UNKNOWN,5,leche,sin_categoria,True,Panaderia Propia,Panificados,550g,UNKNOWN,LOCAL,600.0,600.0,,1.0,True,keep_imputed,no_category_detected [precio_usd fuera de rango 1–20],4.0755,False,median_category_country,3.705,3.705,2669,True
368,2,Chedraui,MX,15,pan,pan,False,Panaderia y tortilleria,Pan salado,675g,MX,LOCAL,72.0,3.8668,3.8668,18.62,True,keep_imputed,price_parse_failed;price<=0,3.4801,False,median_category_country,3.8668,3.8668,2670,True
368,2,Chedraui,MX,15,pan,pan,False,Panaderia y tortilleria,Pan salado,675g,MX,LOCAL,72.0,3.8668,3.8668,18.62,True,keep_imputed,price_parse_failed;price<=0,3.6735,False,median_category_country,3.8668,3.8668,2671,True
368,2,Chedraui,MX,15,pan,pan,False,Panaderia y tortilleria,Pan salado,675g,MX,LOCAL,72.0,3.8668,3.8668,18.62,True,keep_imputed,price_parse_failed;price<=0,4.0601,False,median_category_country,3.8668,3.8668,2672,True
368,2,Chedraui,MX,15,pan,pan,False,Panaderia y tortilleria,Pan salado,675g,MX,LOCAL,72.0,3.8668,3.8668,18.62,True,keep_imputed,price_parse_failed;price<=0,4.2535,False,median_category_country,3.8668,3.8668,2673,True
376,1,Desconocido,UNKNOWN,15,pan,pan,False,Panadería y repostería,Pan,800 g,UNKNOWN,LOCAL,44.23,44.2339,,1.0,True,keep_imputed,price_parse_failed;price<=0 [precio_usd fuera de rango 1–20],2.241,False,median_category_country,2.49,2.49,2674,True
376,1,Desconocido,UNKNOWN,15,pan,pan,False,Panadería y repostería,Pan,800 g,UNKNOWN,LOCAL,44.23,44.2339,,1.0,True,keep_imputed,price_parse_failed;price<=0 [precio_usd fuera de rango 1–20],2.3655,False,median_category_country,2.49,2.49,2675,True
376,1,Desconocido,UNKNOWN,15,pan,pan,False,Panadería y repostería,Pan,800 g,UNKNOWN,LOCAL,44.23,44.2339,,1.0,True,keep_imputed,price_parse_failed;price<=0 [precio_usd fuera de rango 1–20],2.6145,False,median_category_country,2.49,2.49,2676,True
376,1,Desconocido,UNKNOWN,15,pan,pan,False,Panadería y repostería,Pan,800 g,UNKNOWN,LOCAL,44.23,44.2339,,1.0,True,keep_imputed,price_parse_failed;price<=0 [precio_usd fuera de rango 1–20],2.739,False,median_category_country,2.49,2.49,2677,True
378,1,Desconocido,UNKNOWN,16,papa,papa,False,PAPA AIRFRYER MCCAIN X 500G,Unidades disponibles,500G,UNKNOWN,LOCAL,500.0,500.0,,1.0,True,keep,heuristic_default [precio_usd fuera de rango 1–20],1.971,False,median_category_country,2.19,2.19,2678,True
378,1,Desconocido,UNKNOWN,16,papa,papa,False,PAPA AIRFRYER MCCAIN X 500G,Unidades disponibles,500G,UNKNOWN,LOCAL,500.0,500.0,,1.0,True,keep,heuristic_default [precio_usd fuera de rango 1–20],2.0805,False,median_category_country,2.19,2.19,2679,True
378,1,Desconocido,UNKNOWN,16,papa,papa,False,PAPA AIRFRYER MCCAIN X 500G,Unidades disponibles,500G,UNKNOWN,LOCAL,500.0,500.0,,1.0,True,keep,heuristic_default [precio_usd fuera de rango 1–20],2.2995,False,median_category_country,2.19,2.19,2680,True
378,1,Desconocido,UNKNOWN,16,papa,papa,False,PAPA AIRFRYER MCCAIN X 500G,Unidades disponibles,500G,UNKNOWN,LOCAL,500.0,500.0,,1.0,True,keep,heuristic_default [precio_usd fuera de rango 1–20],2.409,False,median_category_country,2.19,2.19,2681,True
379,1,Desconocido,UNKNOWN,12,cebolla,cebolla,False,PAPA CAPIRA X 2500 G,Unidades disponibles,2500 G,UNKNOWN,LOCAL,2500.0,2500.0,,1.0,True,keep,heuristic_default [precio_usd fuera de rango 1–20],1.521,False,median_category_country,1.69,1.69,2682,True
379,1,Desconocido,UNKNOWN,12,cebolla,cebolla,False,PAPA CAPIRA X 2500 G,Unidades disponibles,2500 G,UNKNOWN,LOCAL,2500.0,2500.0,,1.0,True,keep,heuristic_default [precio_usd fuera de rango 1–20],1.6055,False,median_category_country,1.69,1.69,2683,True
379,1,Desconocido,UNKNOWN,12,cebolla,cebolla,False,PAPA CAPIRA X 2500 G,Unidades disponibles,2500 G,UNKNOWN,LOCAL,2500.0,2500.0,,1.0,True,keep,heuristic_default [precio_usd fuera de rango 1–20],1.7745,False,median_category_country,1.69,1.69,2684,True
379,1,Desconocido,UNKNOWN,12,cebolla,cebolla,False,PAPA CAPIRA X 2500 G,Unidades disponibles,2500 G,UNKNOWN,LOCAL,2500.0,2500.0,,1.0,True,keep,heuristic_default [precio_usd fuera de rango 1–20],1.859,False,median_category_country,1.69,1.69,2685,True
380,1,Desconocido,UNKNOWN,27,pasta seca,pasta seca,False,"Pasta Seca, Lista Y Rellenas",Pastas Secas,500g,UNKNOWN,LOCAL,975.0,975.0,,1.0,True,keep,heuristic_default [precio_usd fuera de rango 1–20],2.5965,False,global_median,,2.885,2686,True
380,1,Desconocido,UNKNOWN,27,pasta seca,pasta seca,False,"Pasta Seca, Lista Y Rellenas",Pastas Secas,500g,UNKNOWN,LOCAL,975.0,975.0,,1.0,True,keep,heuristic_default [precio_usd fuera de rango 1–20],2.7407,False,global_median,,2.885,2687,True
380,1,Desconocido,UNKNOWN,27,pasta seca,pasta seca,False,"Pasta Seca, Lista Y Rellenas",Pastas Secas,500g,UNKNOWN,LOCAL,975.0,975.0,,1.0,True,keep,heuristic_default [precio_usd fuera de rango 1–20],3.0292,False,global_median,,2.885,2688,True
380,1,Desconocido,UNKNOWN,27,pasta seca,pasta seca,False,"Pasta Seca, Lista Y Rellenas",Pastas Secas,500g,UNKNOWN,LOCAL,975.0,975.0,,1.0,True,keep,heuristic_default [precio_usd fuera de rango 1–20],3.1735,False,global_median,,2.885,2689,True
381,1,Desconocido,UNKNOWN,27,pasta seca,pasta seca,False,"Pasta Seca, Lista Y Rellenas",Pastas Secas,500 GR,UNKNOWN,LOCAL,4088.5,4088.5,,1.0,True,keep,heuristic_default [precio_usd fuera de rango 1–20],2.5965,False,global_median,,2.885,2690,True
381,1,Desconocido,UNKNOWN,27,pasta seca,pasta seca,False,"Pasta Seca, Lista Y Rellenas",Pastas Secas,500 GR,UNKNOWN,LOCAL,4088.5,4088.5,,1.0,True,keep,heuristic_default [precio_usd fuera de rango 1–20],2.7407,False,global_median,,2.885,2691,True
381,1,Desconocido,UNKNOWN,27,pasta seca,pasta seca,False,"Pasta Seca, Lista Y Rellenas",Pastas Secas,500 GR,UNKNOWN,LOCAL,4088.5,4088.5,,1.0,True,keep,heuristic_default [precio_usd fuera de rango 1–20],3.0292,False,global_median,,2.885,2692,True
381,1,Desconocido,UNKNOWN,27,pasta seca,pasta seca,False,"Pasta Seca, Lista Y Rellenas",Pastas Secas,500 GR,UNKNOWN,LOCAL,4088.5,4088.5,,1.0,True,keep,heuristic_default [precio_usd fuera de rango 1–20],3.1735,False,global_median,,2.885,2693,True
382,1,Desconocido,UNKNOWN,27,pasta seca,pasta seca,False,"Pasta Seca, Lista Y Rellenas",Pastas Secas,500 Gr,UNKNOWN,LOCAL,4224.35,4224.35,,1.0,True,keep,heuristic_default [precio_usd fuera de rango 1–20],2.5965,False,global_median,,2.885,2694,True
382,1,Desconocido,UNKNOWN,27,pasta seca,pasta seca,False,"Pasta Seca, Lista Y Rellenas",Pastas Secas,500 Gr,UNKNOWN,LOCAL,4224.35,4224.35,,1.0,True,keep,heuristic_default [precio_usd fuera de rango 1–20],2.7407,False,global_median,,2.885,2695,True
382,1,Desconocido,UNKNOWN,27,pasta seca,pasta seca,False,"Pasta Seca, Lista Y Rellenas",Pastas Secas,500 Gr,UNKNOWN,LOCAL,4224.35,4224.35,,1.0,True,keep,heuristic_default [precio_usd fuera de rango 1–20],3.0292,False,global_median,,2.885,2696,True
382,1,Desconocido,UNKNOWN,27,pasta seca,pasta seca,False,"Pasta Seca, Lista Y Rellenas",Pastas Secas,500 Gr,UNKNOWN,LOCAL,4224.35,4224.35,,1.0,True,keep,heuristic_default [precio_usd fuera de rango 1–20],3.1735,False,global_median,,2.885,2697,True
383,1,Desconocido,UNKNOWN,8,huevo,sin_categoria,True,Pasta spaghetti integral,400 g,400 g,UNKNOWN,LOCAL,950.0,950.0,,1.0,True,keep_imputed,no_category_detected [precio_usd fuera de rango 1–20],3.3345,False,median_category_country,3.705,3.705,2698,True
383,1,Desconocido,UNKNOWN,8,huevo,sin_categoria,True,Pasta spaghetti integral,400 g,400 g,UNKNOWN,LOCAL,950.0,950.0,,1.0,True,keep_imputed,no_category_detected [precio_usd fuera de rango 1–20],3.5197,False,median_category_country,3.705,3.705,2699,True
383,1,Desconocido,UNKNOWN,8,huevo,sin_categoria,True,Pasta spaghetti integral,400 g,400 g,UNKNOWN,LOCAL,950.0,950.0,,1.0,True,keep_imputed,no_category_detected [precio_usd fuera de rango 1–20],3.8903,False,median_category_country,3.705,3.705,2700,True
383,1,Desconocido,UNKNOWN,8,huevo,sin_categoria,True,Pasta spaghetti integral,400 g,400 g,UNKNOWN,LOCAL,950.0,950.0,,1.0,True,keep_imputed,no_category_detected [precio_usd fuera de rango 1–20],4.0755,False,median_category_country,3.705,3.705,2701,True
384,1,Desconocido,UNKNOWN,8,huevo,sin_categoria,True,Pasta spaghetti n°5,400 g,400 g,UNKNOWN,LOCAL,470.0,470.0,,1.0,True,keep_imputed,no_category_detected [precio_usd fuera de rango 1–20],3.3345,False,median_category_country,3.705,3.705,2702,True
384,1,Desconocido,UNKNOWN,8,huevo,sin_categoria,True,Pasta spaghetti n°5,400 g,400 g,UNKNOWN,LOCAL,470.0,470.0,,1.0,True,keep_imputed,no_category_detected [precio_usd fuera de rango 1–20],3.5197,False,median_category_country,3.705,3.705,2703,True
384,1,Desconocido,UNKNOWN,8,huevo,sin_categoria,True,Pasta spaghetti n°5,400 g,400 g,UNKNOWN,LOCAL,470.0,470.0,,1.0,True,keep_imputed,no_category_detected [precio_usd fuera de rango 1–20],3.8903,False,median_category_country,3.705,3.705,2704,True
384,1,Desconocido,UNKNOWN,8,huevo,sin_categoria,True,Pasta spaghetti n°5,400 g,400 g,UNKNOWN,LOCAL,470.0,470.0,,1.0,True,keep_imputed,no_category_detected [precio_usd fuera de rango 1–20],4.0755,False,median_category_country,3.705,3.705,2705,True
386,1,Desconocido,UNKNOWN,30,pollo entero,sin_categoria,True,Pechuga deshuesada de pollo co...,4.5 Kg,4.5 Kg,UNKNOWN,LOCAL,234.19,234.1938,,1.0,True,keep_imputed,no_category_detected;price_parse_failed [precio_usd fuera de rango 1–20],3.3345,False,median_category_country,3.705,3.705,2706,True
386,1,Desconocido,UNKNOWN,30,pollo entero,sin_categoria,True,Pechuga deshuesada de pollo co...,4.5 Kg,4.5 Kg,UNKNOWN,LOCAL,234.19,234.1938,,1.0,True,keep_imputed,no_category_detected;price_parse_failed [precio_usd fuera de rango 1–20],3.5197,False,median_category_country,3.705,3.705,2707,True
386,1,Desconocido,UNKNOWN,30,pollo entero,sin_categoria,True,Pechuga deshuesada de pollo co...,4.5 Kg,4.5 Kg,UNKNOWN,LOCAL,234.19,234.1938,,1.0,True,keep_imputed,no_category_detected;price_parse_failed [precio_usd fuera de rango 1–20],3.8903,False,median_category_country,3.705,3.705,2708,True
386,1,Desconocido,UNKNOWN,30,pollo entero,sin_categoria,True,Pechuga deshuesada de pollo co...,4.5 Kg,4.5 Kg,UNKNOWN,LOCAL,234.19,234.1938,,1.0,True,keep_imputed,no_category_detected;price_parse_failed [precio_usd fuera de rango 1–20],4.0755,False,median_category_country,3.705,3.705,2709,True
393,1,Desconocido,UNKNOWN,17,leche,leche,False,QUESITO ALPINA 185 G,Unidades disponibles,185 G,UNKNOWN,LOCAL,185.0,185.0,,1.0,True,keep,heuristic_default [precio_usd fuera de rango 1–20],0.999,False,median_category_country,1.11,1.11,2710,True
393,1,Desconocido,UNKNOWN,17,leche,leche,False,QUESITO ALPINA 185 G,Unidades disponibles,185 G,UNKNOWN,LOCAL,185.0,185.0,,1.0,True,keep,heuristic_default [precio_usd fuera de rango 1–20],1.0545,False,median_category_country,1.11,1.11,2711,True
393,1,Desconocido,UNKNOWN,17,leche,leche,False,QUESITO ALPINA 185 G,Unidades disponibles,185 G,UNKNOWN,LOCAL,185.0,185.0,,1.0,True,keep,heuristic_default [precio_usd fuera de rango 1–20],1.1655,False,median_category_country,1.11,1.11,2712,True
393,1,Desconocido,UNKNOWN,17,leche,leche,False,QUESITO ALPINA 185 G,Unidades disponibles,185 G,UNKNOWN,LOCAL,185.0,185.0,,1.0,True,keep,heuristic_default [precio_usd fuera de rango 1–20],1.221,False,median_category_country,1.11,1.11,2713,True
394,4,Desconocido,US,23,cerveza,sin_categoria,True,QUESO FRESCO LUCILITA 250 G,Comparar,250 G,US,LOCAL,250.0,250.0,,1.0,True,keep_imputed,no_category_detected [precio_usd fuera de rango 1–20],10.8,False,median_category_country,12.0,12.0,2714,True
394,4,Desconocido,US,23,cerveza,sin_categoria,True,QUESO FRESCO LUCILITA 250 G,Comparar,250 G,US,LOCAL,250.0,250.0,,1.0,True,keep_imputed,no_category_detected [precio_usd fuera de rango 1–20],11.4,False,median_category_country,12.0,12.0,2715,True
394,4,Desconocido,US,23,cerveza,sin_categoria,True,QUESO FRESCO LUCILITA 250 G,Comparar,250 G,US,LOCAL,250.0,250.0,,1.0,True,keep_imputed,no_category_detected [precio_usd fuera de rango 1–20],12.6,False,median_category_country,12.0,12.0,2716,True
394,4,Desconocido,US,23,cerveza,sin_categoria,True,QUESO FRESCO LUCILITA 250 G,Comparar,250 G,US,LOCAL,250.0,250.0,,1.0,True,keep_imputed,no_category_detected [precio_usd fuera de rango 1–20],13.2,False,median_category_country,12.0,12.0,2717,True
395,4,Desconocido,US,23,cerveza,sin_categoria,True,QUESO FRESCO NANDITO 500 G,Comparar,500 G,US,LOCAL,500.0,500.0,,1.0,True,keep_imputed,no_category_detected [precio_usd fuera de rango 1–20],10.8,False,median_category_country,12.0,12.0,2718,True
395,4,Desconocido,US,23,cerveza,sin_categoria,True,QUESO FRESCO NANDITO 500 G,Comparar,500 G,US,LOCAL,500.0,500.0,,1.0,True,keep_imputed,no_category_detected [precio_usd fuera de rango 1–20],11.4,False,median_category_country,12.0,12.0,2719,True
395,4,Desconocido,US,23,cerveza,sin_categoria,True,QUESO FRESCO NANDITO 500 G,Comparar,500 G,US,LOCAL,500.0,500.0,,1.0,True,keep_imputed,no_category_detected [precio_usd fuera de rango 1–20],12.6,False,median_category_country,12.0,12.0,2720,True
395,4,Desconocido,US,23,cerveza,sin_categoria,True,QUESO FRESCO NANDITO 500 G,Comparar,500 G,US,LOCAL,500.0,500.0,,1.0,True,keep_imputed,no_category_detected [precio_usd fuera de rango 1–20],13.2,False,median_category_country,12.0,12.0,2721,True
396,4,Desconocido,US,23,cerveza,sin_categoria,True,QUESO FRESCO REYQUESO 700 G,Comparar,700 G,US,LOCAL,700.0,700.0,,1.0,True,keep_imputed,no_category_detected [precio_usd fuera de rango 1–20],10.8,False,median_category_country,12.0,12.0,2722,True
396,4,Desconocido,US,23,cerveza,sin_categoria,True,QUESO FRESCO REYQUESO 700 G,Comparar,700 G,US,LOCAL,700.0,700.0,,1.0,True,keep_imputed,no_category_detected [precio_usd fuera de rango 1–20],11.4,False,median_category_country,12.0,12.0,2723,True
396,4,Desconocido,US,23,cerveza,sin_categoria,True,QUESO FRESCO REYQUESO 700 G,Comparar,700 G,US,LOCAL,700.0,700.0,,1.0,True,keep_imputed,no_category_detected [precio_usd fuera de rango 1–20],12.6,False,median_category_country,12.0,12.0,2724,True
396,4,Desconocido,US,23,cerveza,sin_categoria,True,QUESO FRESCO REYQUESO 700 G,Comparar,700 G,US,LOCAL,700.0,700.0,,1.0,True,keep_imputed,no_category_detected [precio_usd fuera de rango 1–20],13.2,False,median_category_country,12.0,12.0,2725,True
398,1,Desconocido,UNKNOWN,8,huevo,sin_categoria,True,Quesos Blandos,Queso Muzzarella,500g,UNKNOWN,LOCAL,500.0,500.0,,1.0,True,keep_imputed,no_category_detected [precio_usd fuera de rango 1–20],3.3345,False,median_category_country,3.705,3.705,2726,True
398,1,Desconocido,UNKNOWN,8,huevo,sin_categoria,True,Quesos Blandos,Queso Muzzarella,500g,UNKNOWN,LOCAL,500.0,500.0,,1.0,True,keep_imputed,no_category_detected [precio_usd fuera de rango 1–20],3.5197,False,median_category_country,3.705,3.705,2727,True
398,1,Desconocido,UNKNOWN,8,huevo,sin_categoria,True,Quesos Blandos,Queso Muzzarella,500g,UNKNOWN,LOCAL,500.0,500.0,,1.0,True,keep_imputed,no_category_detected [precio_usd fuera de rango 1–20],3.8903,False,median_category_country,3.705,3.705,2728,True
398,1,Desconocido,UNKNOWN,8,huevo,sin_categoria,True,Quesos Blandos,Queso Muzzarella,500g,UNKNOWN,LOCAL,500.0,500.0,,1.0,True,keep_imputed,no_category_detected [precio_usd fuera de rango 1–20],4.0755,False,median_category_country,3.705,3.705,2729,True
399,1,Desconocido,UNKNOWN,8,huevo,sin_categoria,True,Quesos Blandos,Queso Cremoso,500g,UNKNOWN,LOCAL,8999.0,8999.0,,1.0,True,keep_imputed,no_category_detected [precio_usd fuera de rango 1–20],3.3345,False,median_category_country,3.705,3.705,2730,True
399,1,Desconocido,UNKNOWN,8,huevo,sin_categoria,True,Quesos Blandos,Queso Cremoso,500g,UNKNOWN,LOCAL,8999.0,8999.0,,1.0,True,keep_imputed,no_category_detected [precio_usd fuera de rango 1–20],3.5197,False,median_category_country,3.705,3.705,2731,True
399,1,Desconocido,UNKNOWN,8,huevo,sin_categoria,True,Quesos Blandos,Queso Cremoso,500g,UNKNOWN,LOCAL,8999.0,8999.0,,1.0,True,keep_imputed,no_category_detected [precio_usd fuera de rango 1–20],3.8903,False,median_category_country,3.705,3.705,2732,True
399,1,Desconocido,UNKNOWN,8,huevo,sin_categoria,True,Quesos Blandos,Queso Cremoso,500g,UNKNOWN,LOCAL,8999.0,8999.0,,1.0,True,keep_imputed,no_category_detected [precio_usd fuera de rango 1–20],4.0755,False,median_category_country,3.705,3.705,2733,True
400,1,Desconocido,UNKNOWN,5,leche,sin_categoria,True,Quesos Blandos,Queso Muzzarella,170g,UNKNOWN,LOCAL,170.0,170.0,,1.0,True,keep_imputed,no_category_detected [precio_usd fuera de rango 1–20],3.3345,False,median_category_country,3.705,3.705,2734,True
400,1,Desconocido,UNKNOWN,5,leche,sin_categoria,True,Quesos Blandos,Queso Muzzarella,170g,UNKNOWN,LOCAL,170.0,170.0,,1.0,True,keep_imputed,no_category_detected [precio_usd fuera de rango 1–20],3.5197,False,median_category_country,3.705,3.705,2735,True
400,1,Desconocido,UNKNOWN,5,leche,sin_categoria,True,Quesos Blandos,Queso Muzzarella,170g,UNKNOWN,LOCAL,170.0,170.0,,1.0,True,keep_imputed,no_category_detected [precio_usd fuera de rango 1–20],3.8903,False,median_category_country,3.705,3.705,2736,True
400,1,Desconocido,UNKNOWN,5,leche,sin_categoria,True,Quesos Blandos,Queso Muzzarella,170g,UNKNOWN,LOCAL,170.0,170.0,,1.0,True,keep_imputed,no_category_detected [precio_usd fuera de rango 1–20],4.0755,False,median_category_country,3.705,3.705,2737,True
403,1,Desconocido,UNKNOWN,15,pan,pan,False,Resultados de búsqueda para: 'pan molde mas ahorro 550 g 259789000',Ver como,550 g,UNKNOWN,LOCAL,0.78,0.78,,1.0,True,keep,heuristic_default [precio_usd fuera de rango 1–20],2.241,False,median_category_country,2.49,2.49,2738,True
403,1,Desconocido,UNKNOWN,15,pan,pan,False,Resultados de búsqueda para: 'pan molde mas ahorro 550 g 259789000',Ver como,550 g,UNKNOWN,LOCAL,0.78,0.78,,1.0,True,keep,heuristic_default [precio_usd fuera de rango 1–20],2.3655,False,median_category_country,2.49,2.49,2739,True
403,1,Desconocido,UNKNOWN,15,pan,pan,False,Resultados de búsqueda para: 'pan molde mas ahorro 550 g 259789000',Ver como,550 g,UNKNOWN,LOCAL,0.78,0.78,,1.0,True,keep,heuristic_default [precio_usd fuera de rango 1–20],2.6145,False,median_category_country,2.49,2.49,2740,True
403,1,Desconocido,UNKNOWN,15,pan,pan,False,Resultados de búsqueda para: 'pan molde mas ahorro 550 g 259789000',Ver como,550 g,UNKNOWN,LOCAL,0.78,0.78,,1.0,True,keep,heuristic_default [precio_usd fuera de rango 1–20],2.739,False,median_category_country,2.49,2.49,2741,True
405,1,Desconocido,UNKNOWN,3,pan,sin_categoria,True,Resultados de búsqueda para: 'queso cremoso toni 500 g 270558000',Ver como,500 g,UNKNOWN,LOCAL,600.0,600.0,,1.0,True,keep_imputed,no_category_detected [precio_usd fuera de rango 1–20],3.3345,False,median_category_country,3.705,3.705,2742,True
405,1,Desconocido,UNKNOWN,3,pan,sin_categoria,True,Resultados de búsqueda para: 'queso cremoso toni 500 g 270558000',Ver como,500 g,UNKNOWN,LOCAL,600.0,600.0,,1.0,True,keep_imputed,no_category_detected [precio_usd fuera de rango 1–20],3.5197,False,median_category_country,3.705,3.705,2743,True
405,1,Desconocido,UNKNOWN,3,pan,sin_categoria,True,Resultados de búsqueda para: 'queso cremoso toni 500 g 270558000',Ver como,500 g,UNKNOWN,LOCAL,600.0,600.0,,1.0,True,keep_imputed,no_category_detected [precio_usd fuera de rango 1–20],3.8903,False,median_category_country,3.705,3.705,2744,True
405,1,Desconocido,UNKNOWN,3,pan,sin_categoria,True,Resultados de búsqueda para: 'queso cremoso toni 500 g 270558000',Ver como,500 g,UNKNOWN,LOCAL,600.0,600.0,,1.0,True,keep_imputed,no_category_detected [precio_usd fuera de rango 1–20],4.0755,False,median_category_country,3.705,3.705,2745,True
409,1,Desconocido,UNKNOWN,16,papa,papa,False,Saltar menú Cenco,Frutas y Verduras Propias,2 kg,UNKNOWN,LOCAL,495.0,495.0,,1.0,True,keep,heuristic_default [precio_usd fuera de rango 1–20],1.971,False,median_category_country,2.19,2.19,2746,True
409,1,Desconocido,UNKNOWN,16,papa,papa,False,Saltar menú Cenco,Frutas y Verduras Propias,2 kg,UNKNOWN,LOCAL,495.0,495.0,,1.0,True,keep,heuristic_default [precio_usd fuera de rango 1–20],2.0805,False,median_category_country,2.19,2.19,2747,True
409,1,Desconocido,UNKNOWN,16,papa,papa,False,Saltar menú Cenco,Frutas y Verduras Propias,2 kg,UNKNOWN,LOCAL,495.0,495.0,,1.0,True,keep,heuristic_default [precio_usd fuera de rango 1–20],2.2995,False,median_category_country,2.19,2.19,2748,True
409,1,Desconocido,UNKNOWN,16,papa,papa,False,Saltar menú Cenco,Frutas y Verduras Propias,2 kg,UNKNOWN,LOCAL,495.0,495.0,,1.0,True,keep,heuristic_default [precio_usd fuera de rango 1–20],2.409,False,median_category_country,2.19,2.19,2749,True
411,1,Desconocido,UNKNOWN,6,papa,sin_categoria,True,Saltar menú Cenco,Frutas y verduras,,UNKNOWN,LOCAL,234.19,234.1938,,1.0,True,keep_imputed,no_category_detected;price_parse_failed [precio_usd fuera de rango 1–20],3.3345,False,median_category_country,3.705,3.705,2750,True
411,1,Desconocido,UNKNOWN,6,papa,sin_categoria,True,Saltar menú Cenco,Frutas y verduras,,UNKNOWN,LOCAL,234.19,234.1938,,1.0,True,keep_imputed,no_category_detected;price_parse_failed [precio_usd fuera de rango 1–20],3.5197,False,median_category_country,3.705,3.705,2751,True
411,1,Desconocido,UNKNOWN,6,papa,sin_categoria,True,Saltar menú Cenco,Frutas y verduras,,UNKNOWN,LOCAL,234.19,234.1938,,1.0,True,keep_imputed,no_category_detected;price_parse_failed [precio_usd fuera de rango 1–20],3.8903,False,median_category_country,3.705,3.705,2752,True
411,1,Desconocido,UNKNOWN,6,papa,sin_categoria,True,Saltar menú Cenco,Frutas y verduras,,UNKNOWN,LOCAL,234.19,234.1938,,1.0,True,keep_imputed,no_category_detected;price_parse_failed [precio_usd fuera de rango 1–20],4.0755,False,median_category_country,3.705,3.705,2753,True
415,1,Desconocido,UNKNOWN,31,banano,banano,False,Saltar menú Cenco,Frutas y Verduras Propias,,UNKNOWN,LOCAL,995.0,995.0,,1.0,True,keep,heuristic_default [precio_usd fuera de rango 1–20],1.0305,False,median_category_country,1.145,1.145,2754,True
415,1,Desconocido,UNKNOWN,31,banano,banano,False,Saltar menú Cenco,Frutas y Verduras Propias,,UNKNOWN,LOCAL,995.0,995.0,,1.0,True,keep,heuristic_default [precio_usd fuera de rango 1–20],1.0877,False,median_category_country,1.145,1.145,2755,True
415,1,Desconocido,UNKNOWN,31,banano,banano,False,Saltar menú Cenco,Frutas y Verduras Propias,,UNKNOWN,LOCAL,995.0,995.0,,1.0,True,keep,heuristic_default [precio_usd fuera de rango 1–20],1.2023,False,median_category_country,1.145,1.145,2756,True
415,1,Desconocido,UNKNOWN,31,banano,banano,False,Saltar menú Cenco,Frutas y Verduras Propias,,UNKNOWN,LOCAL,995.0,995.0,,1.0,True,keep,heuristic_default [precio_usd fuera de rango 1–20],1.2595,False,median_category_country,1.145,1.145,2757,True
425,1,Desconocido,UNKNOWN,8,huevo,sin_categoria,True,Seja Bem Vindo à Plaza Vea,que podemos ofrecer.,,UNKNOWN,LOCAL,234.19,234.1938,,1.0,True,keep_imputed,no_category_detected;price_parse_failed [precio_usd fuera de rango 1–20],3.3345,False,median_category_country,3.705,3.705,2758,True
425,1,Desconocido,UNKNOWN,8,huevo,sin_categoria,True,Seja Bem Vindo à Plaza Vea,que podemos ofrecer.,,UNKNOWN,LOCAL,234.19,234.1938,,1.0,True,keep_imputed,no_category_detected;price_parse_failed [precio_usd fuera de rango 1–20],3.5197,False,median_category_country,3.705,3.705,2759,True
425,1,Desconocido,UNKNOWN,8,huevo,sin_categoria,True,Seja Bem Vindo à Plaza Vea,que podemos ofrecer.,,UNKNOWN,LOCAL,234.19,234.1938,,1.0,True,keep_imputed,no_category_detected;price_parse_failed [precio_usd fuera de rango 1–20],3.8903,False,median_category_country,3.705,3.705,2760,True
425,1,Desconocido,UNKNOWN,8,huevo,sin_categoria,True,Seja Bem Vindo à Plaza Vea,que podemos ofrecer.,,UNKNOWN,LOCAL,234.19,234.1938,,1.0,True,keep_imputed,no_category_detected;price_parse_failed [precio_usd fuera de rango 1–20],4.0755,False,median_category_country,3.705,3.705,2761,True
428,6,Desconocido,PE,8,huevo,sin_categoria,True,Seja Bem Vindo à Plaza Vea,Abarrotes,49Kg,PE,LOCAL,174.0,49.0141,,3.55,True,keep_imputed,no_category_detected [precio_usd fuera de rango 1–20],4.2896,False,median_category_country,4.7662,4.7662,2762,True
428,6,Desconocido,PE,8,huevo,sin_categoria,True,Seja Bem Vindo à Plaza Vea,Abarrotes,49Kg,PE,LOCAL,174.0,49.0141,,3.55,True,keep_imputed,no_category_detected [precio_usd fuera de rango 1–20],4.5279,False,median_category_country,4.7662,4.7662,2763,True
428,6,Desconocido,PE,8,huevo,sin_categoria,True,Seja Bem Vindo à Plaza Vea,Abarrotes,49Kg,PE,LOCAL,174.0,49.0141,,3.55,True,keep_imputed,no_category_detected [precio_usd fuera de rango 1–20],5.0045,False,median_category_country,4.7662,4.7662,2764,True
428,6,Desconocido,PE,8,huevo,sin_categoria,True,Seja Bem Vindo à Plaza Vea,Abarrotes,49Kg,PE,LOCAL,174.0,49.0141,,3.55,True,keep_imputed,no_category_detected [precio_usd fuera de rango 1–20],5.2428,False,median_category_country,4.7662,4.7662,2765,True
429,6,Desconocido,PE,4,aceite vegetal,sin_categoria,True,Seja Bem Vindo à Plaza Vea,Abarrotes,49kg,PE,LOCAL,210.0,59.1549,,3.55,True,keep_imputed,no_category_detected [precio_usd fuera de rango 1–20],4.2896,False,median_category_country,4.7662,4.7662,2766,True
429,6,Desconocido,PE,4,aceite vegetal,sin_categoria,True,Seja Bem Vindo à Plaza Vea,Abarrotes,49kg,PE,LOCAL,210.0,59.1549,,3.55,True,keep_imputed,no_category_detected [precio_usd fuera de rango 1–20],4.5279,False,median_category_country,4.7662,4.7662,2767,True
429,6,Desconocido,PE,4,aceite vegetal,sin_categoria,True,Seja Bem Vindo à Plaza Vea,Abarrotes,49kg,PE,LOCAL,210.0,59.1549,,3.55,True,keep_imputed,no_category_detected [precio_usd fuera de rango 1–20],5.0045,False,median_category_country,4.7662,4.7662,2768,True
429,6,Desconocido,PE,4,aceite vegetal,sin_categoria,True,Seja Bem Vindo à Plaza Vea,Abarrotes,49kg,PE,LOCAL,210.0,59.1549,,3.55,True,keep_imputed,no_category_detected [precio_usd fuera de rango 1–20],5.2428,False,median_category_country,4.7662,4.7662,2769,True
451,5,Desconocido,CO,2,cafe,sin_categoria,True,Selecciona tu,Método de envío,500 G,CO,LOCAL,97.32,0.024,,4047.0,True,keep_imputed,price_parse_failed;price<=0 [precio_usd fuera de rango 1–20],2.5965,False,global_median,,2.885,2770,True
451,5,Desconocido,CO,2,cafe,sin_categoria,True,Selecciona tu,Método de envío,500 G,CO,LOCAL,97.32,0.024,,4047.0,True,keep_imputed,price_parse_failed;price<=0 [precio_usd fuera de rango 1–20],2.7407,False,global_median,,2.885,2771,True
451,5,Desconocido,CO,2,cafe,sin_categoria,True,Selecciona tu,Método de envío,500 G,CO,LOCAL,97.32,0.024,,4047.0,True,keep_imputed,price_parse_failed;price<=0 [precio_usd fuera de rango 1–20],3.0292,False,global_median,,2.885,2772,True
451,5,Desconocido,CO,2,cafe,sin_categoria,True,Selecciona tu,Método de envío,500 G,CO,LOCAL,97.32,0.024,,4047.0,True,keep_imputed,price_parse_failed;price<=0 [precio_usd fuera de rango 1–20],3.1735,False,global_median,,2.885,2773,True
452,5,Desconocido,CO,15,pan,pan,False,Selecciona tu,Método de envío,540 G,CO,LOCAL,97.32,0.024,,4047.0,True,keep_imputed,price_parse_failed;price<=0 [precio_usd fuera de rango 1–20],2.5965,False,global_median,,2.885,2774,True
452,5,Desconocido,CO,15,pan,pan,False,Selecciona tu,Método de envío,540 G,CO,LOCAL,97.32,0.024,,4047.0,True,keep_imputed,price_parse_failed;price<=0 [precio_usd fuera de rango 1–20],2.7407,False,global_median,,2.885,2775,True
452,5,Desconocido,CO,15,pan,pan,False,Selecciona tu,Método de envío,540 G,CO,LOCAL,97.32,0.024,,4047.0,True,keep_imputed,price_parse_failed;price<=0 [precio_usd fuera de rango 1–20],3.0292,False,global_median,,2.885,2776,True
452,5,Desconocido,CO,15,pan,pan,False,Selecciona tu,Método de envío,540 G,CO,LOCAL,97.32,0.024,,4047.0,True,keep_imputed,price_parse_failed;price<=0 [precio_usd fuera de rango 1–20],3.1735,False,global_median,,2.885,2777,True
453,5,Desconocido,CO,14,cafe,cafe,False,Selecciona tu,Método de envío,450 G,CO,LOCAL,97.32,0.024,,4047.0,True,keep_imputed,price_parse_failed;price<=0 [precio_usd fuera de rango 1–20],2.5965,False,global_median,,2.885,2778,True
453,5,Desconocido,CO,14,cafe,cafe,False,Selecciona tu,Método de envío,450 G,CO,LOCAL,97.32,0.024,,4047.0,True,keep_imputed,price_parse_failed;price<=0 [precio_usd fuera de rango 1–20],2.7407,False,global_median,,2.885,2779,True
453,5,Desconocido,CO,14,cafe,cafe,False,Selecciona tu,Método de envío,450 G,CO,LOCAL,97.32,0.024,,4047.0,True,keep_imputed,price_parse_failed;price<=0 [precio_usd fuera de rango 1–20],3.0292,False,global_median,,2.885,2780,True
453,5,Desconocido,CO,14,cafe,cafe,False,Selecciona tu,Método de envío,450 G,CO,LOCAL,97.32,0.024,,4047.0,True,keep_imputed,price_parse_failed;price<=0 [precio_usd fuera de rango 1–20],3.1735,False,global_median,,2.885,2781,True
454,5,Desconocido,CO,18,huevo,huevo,False,Selecciona tu,Método de envío,,CO,LOCAL,100.78,0.0249,,4047.0,True,keep_imputed,no_category_detected;price_parse_failed [precio_usd fuera de rango 1–20],2.5965,False,global_median,,2.885,2782,True
454,5,Desconocido,CO,18,huevo,huevo,False,Selecciona tu,Método de envío,,CO,LOCAL,100.78,0.0249,,4047.0,True,keep_imputed,no_category_detected;price_parse_failed [precio_usd fuera de rango 1–20],2.7407,False,global_median,,2.885,2783,True
454,5,Desconocido,CO,18,huevo,huevo,False,Selecciona tu,Método de envío,,CO,LOCAL,100.78,0.0249,,4047.0,True,keep_imputed,no_category_detected;price_parse_failed [precio_usd fuera de rango 1–20],3.0292,False,global_median,,2.885,2784,True
454,5,Desconocido,CO,18,huevo,huevo,False,Selecciona tu,Método de envío,,CO,LOCAL,100.78,0.0249,,4047.0,True,keep_imputed,no_category_detected;price_parse_failed [precio_usd fuera de rango 1–20],3.1735,False,global_median,,2.885,2785,True
455,5,Desconocido,CO,14,cafe,cafe,False,Selecciona tu,Método de envío,30 Unidades,CO,LOCAL,97.32,0.024,,4047.0,True,keep_imputed,price_parse_failed;price<=0 [precio_usd fuera de rango 1–20],2.5965,False,global_median,,2.885,2786,True
455,5,Desconocido,CO,14,cafe,cafe,False,Selecciona tu,Método de envío,30 Unidades,CO,LOCAL,97.32,0.024,,4047.0,True,keep_imputed,price_parse_failed;price<=0 [precio_usd fuera de rango 1–20],2.7407,False,global_median,,2.885,2787,True
455,5,Desconocido,CO,14,cafe,cafe,False,Selecciona tu,Método de envío,30 Unidades,CO,LOCAL,97.32,0.024,,4047.0,True,keep_imputed,price_parse_failed;price<=0 [precio_usd fuera de rango 1–20],3.0292,False,global_median,,2.885,2788,True
455,5,Desconocido,CO,14,cafe,cafe,False,Selecciona tu,Método de envío,30 Unidades,CO,LOCAL,97.32,0.024,,4047.0,True,keep_imputed,price_parse_failed;price<=0 [precio_usd fuera de rango 1–20],3.1735,False,global_median,,2.885,2789,True
456,5,Desconocido,CO,14,cafe,cafe,False,Selecciona tu,Método de envío,1000 Ml,CO,LOCAL,400.0,0.0988,,4047.0,True,keep,heuristic_default [precio_usd fuera de rango 1–20],2.5965,False,global_median,,2.885,2790,True
456,5,Desconocido,CO,14,cafe,cafe,False,Selecciona tu,Método de envío,1000 Ml,CO,LOCAL,400.0,0.0988,,4047.0,True,keep,heuristic_default [precio_usd fuera de rango 1–20],2.7407,False,global_median,,2.885,2791,True
456,5,Desconocido,CO,14,cafe,cafe,False,Selecciona tu,Método de envío,1000 Ml,CO,LOCAL,400.0,0.0988,,4047.0,True,keep,heuristic_default [precio_usd fuera de rango 1–20],3.0292,False,global_median,,2.885,2792,True
456,5,Desconocido,CO,14,cafe,cafe,False,Selecciona tu,Método de envío,1000 Ml,CO,LOCAL,400.0,0.0988,,4047.0,True,keep,heuristic_default [precio_usd fuera de rango 1–20],3.1735,False,global_median,,2.885,2793,True
457,5,Desconocido,CO,10,arroz,arroz,False,Selecciona tu,Método de envío,5 Kg,CO,LOCAL,97.32,0.024,,4047.0,True,keep_imputed,price_parse_failed;price<=0 [precio_usd fuera de rango 1–20],2.5965,False,global_median,,2.885,2794,True
457,5,Desconocido,CO,10,arroz,arroz,False,Selecciona tu,Método de envío,5 Kg,CO,LOCAL,97.32,0.024,,4047.0,True,keep_imputed,price_parse_failed;price<=0 [precio_usd fuera de rango 1–20],2.7407,False,global_median,,2.885,2795,True
457,5,Desconocido,CO,10,arroz,arroz,False,Selecciona tu,Método de envío,5 Kg,CO,LOCAL,97.32,0.024,,4047.0,True,keep_imputed,price_parse_failed;price<=0 [precio_usd fuera de rango 1–20],3.0292,False,global_median,,2.885,2796,True
457,5,Desconocido,CO,10,arroz,arroz,False,Selecciona tu,Método de envío,5 Kg,CO,LOCAL,97.32,0.024,,4047.0,True,keep_imputed,price_parse_failed;price<=0 [precio_usd fuera de rango 1–20],3.1735,False,global_median,,2.885,2797,True
458,5,Desconocido,CO,14,cafe,cafe,False,Selecciona tu,Método de envío,10 Kg,CO,LOCAL,97.32,0.024,,4047.0,True,keep_imputed,price_parse_failed;price<=0 [precio_usd fuera de rango 1–20],2.5965,False,global_median,,2.885,2798,True
458,5,Desconocido,CO,14,cafe,cafe,False,Selecciona tu,Método de envío,10 Kg,CO,LOCAL,97.32,0.024,,4047.0,True,keep_imputed,price_parse_failed;price<=0 [precio_usd fuera de rango 1–20],2.7407,False,global_median,,2.885,2799,True
458,5,Desconocido,CO,14,cafe,cafe,False,Selecciona tu,Método de envío,10 Kg,CO,LOCAL,97.32,0.024,,4047.0,True,keep_imputed,price_parse_failed;price<=0 [precio_usd fuera de rango 1–20],3.0292,False,global_median,,2.885,2800,True
458,5,Desconocido,CO,14,cafe,cafe,False,Selecciona tu,Método de envío,10 Kg,CO,LOCAL,97.32,0.024,,4047.0,True,keep_imputed,price_parse_failed;price<=0 [precio_usd fuera de rango 1–20],3.1735,False,global_median,,2.885,2801,True
459,5,Desconocido,CO,14,cafe,cafe,False,Selecciona tu,Método de envío,3 Kg,CO,LOCAL,97.32,0.024,,4047.0,True,keep_imputed,price_parse_failed;price<=0 [precio_usd fuera de rango 1–20],2.5965,False,global_median,,2.885,2802,True
459,5,Desconocido,CO,14,cafe,cafe,False,Selecciona tu,Método de envío,3 Kg,CO,LOCAL,97.32,0.024,,4047.0,True,keep_imputed,price_parse_failed;price<=0 [precio_usd fuera de rango 1–20],2.7407,False,global_median,,2.885,2803,True
459,5,Desconocido,CO,14,cafe,cafe,False,Selecciona tu,Método de envío,3 Kg,CO,LOCAL,97.32,0.024,,4047.0,True,keep_imputed,price_parse_failed;price<=0 [precio_usd fuera de rango 1–20],3.0292,False,global_median,,2.885,2804,True
459,5,Desconocido,CO,14,cafe,cafe,False,Selecciona tu,Método de envío,3 Kg,CO,LOCAL,97.32,0.024,,4047.0,True,keep_imputed,price_parse_failed;price<=0 [precio_usd fuera de rango 1–20],3.1735,False,global_median,,2.885,2805,True
460,5,Desconocido,CO,2,cafe,sin_categoria,True,Selecciona tu,Método de envío,12.5 KG,CO,LOCAL,100.78,0.0249,,4047.0,True,keep_imputed,no_category_detected;price_parse_failed [precio_usd fuera de rango 1–20],2.5965,False,global_median,,2.885,2806,True
460,5,Desconocido,CO,2,cafe,sin_categoria,True,Selecciona tu,Método de envío,12.5 KG,CO,LOCAL,100.78,0.0249,,4047.0,True,keep_imputed,no_category_detected;price_parse_failed [precio_usd fuera de rango 1–20],2.7407,False,global_median,,2.885,2807,True
460,5,Desconocido,CO,2,cafe,sin_categoria,True,Selecciona tu,Método de envío,12.5 KG,CO,LOCAL,100.78,0.0249,,4047.0,True,keep_imputed,no_category_detected;price_parse_failed [precio_usd fuera de rango 1–20],3.0292,False,global_median,,2.885,2808,True
460,5,Desconocido,CO,2,cafe,sin_categoria,True,Selecciona tu,Método de envío,12.5 KG,CO,LOCAL,100.78,0.0249,,4047.0,True,keep_imputed,no_category_detected;price_parse_failed [precio_usd fuera de rango 1–20],3.1735,False,global_median,,2.885,2809,True
461,5,Desconocido,CO,14,cafe,cafe,False,Selecciona tu,Método de envío,650 G,CO,LOCAL,250.0,0.0618,,4047.0,True,keep,heuristic_default [precio_usd fuera de rango 1–20],2.5965,False,global_median,,2.885,2810,True
461,5,Desconocido,CO,14,cafe,cafe,False,Selecciona tu,Método de envío,650 G,CO,LOCAL,250.0,0.0618,,4047.0,True,keep,heuristic_default [precio_usd fuera de rango 1–20],2.7407,False,global_median,,2.885,2811,True
461,5,Desconocido,CO,14,cafe,cafe,False,Selecciona tu,Método de envío,650 G,CO,LOCAL,250.0,0.0618,,4047.0,True,keep,heuristic_default [precio_usd fuera de rango 1–20],3.0292,False,global_median,,2.885,2812,True
461,5,Desconocido,CO,14,cafe,cafe,False,Selecciona tu,Método de envío,650 G,CO,LOCAL,250.0,0.0618,,4047.0,True,keep,heuristic_default [precio_usd fuera de rango 1–20],3.1735,False,global_median,,2.885,2813,True
462,5,Desconocido,CO,14,cafe,cafe,False,Selecciona tu,Método de envío,400 G,CO,LOCAL,97.32,0.024,,4047.0,True,keep_imputed,price_parse_failed;price<=0 [precio_usd fuera de rango 1–20],2.5965,False,global_median,,2.885,2814,True
462,5,Desconocido,CO,14,cafe,cafe,False,Selecciona tu,Método de envío,400 G,CO,LOCAL,97.32,0.024,,4047.0,True,keep_imputed,price_parse_failed;price<=0 [precio_usd fuera de rango 1–20],2.7407,False,global_median,,2.885,2815,True
462,5,Desconocido,CO,14,cafe,cafe,False,Selecciona tu,Método de envío,400 G,CO,LOCAL,97.32,0.024,,4047.0,True,keep_imputed,price_parse_failed;price<=0 [precio_usd fuera de rango 1–20],3.0292,False,global_median,,2.885,2816,True
462,5,Desconocido,CO,14,cafe,cafe,False,Selecciona tu,Método de envío,400 G,CO,LOCAL,97.32,0.024,,4047.0,True,keep_imputed,price_parse_failed;price<=0 [precio_usd fuera de rango 1–20],3.1735,False,global_median,,2.885,2817,True
463,5,Desconocido,CO,14,cafe,cafe,False,Selecciona tu,Método de envío,440 G,CO,LOCAL,97.32,0.024,,4047.0,True,keep_imputed,price_parse_failed;price<=0 [precio_usd fuera de rango 1–20],2.5965,False,global_median,,2.885,2818,True
463,5,Desconocido,CO,14,cafe,cafe,False,Selecciona tu,Método de envío,440 G,CO,LOCAL,97.32,0.024,,4047.0,True,keep_imputed,price_parse_failed;price<=0 [precio_usd fuera de rango 1–20],2.7407,False,global_median,,2.885,2819,True
463,5,Desconocido,CO,14,cafe,cafe,False,Selecciona tu,Método de envío,440 G,CO,LOCAL,97.32,0.024,,4047.0,True,keep_imputed,price_parse_failed;price<=0 [precio_usd fuera de rango 1–20],3.0292,False,global_median,,2.885,2820,True
463,5,Desconocido,CO,14,cafe,cafe,False,Selecciona tu,Método de envío,440 G,CO,LOCAL,97.32,0.024,,4047.0,True,keep_imputed,price_parse_failed;price<=0 [precio_usd fuera de rango 1–20],3.1735,False,global_median,,2.885,2821,True
464,5,Desconocido,CO,14,cafe,cafe,False,Selecciona tu,Método de envío,"1,1 Lt",CO,LOCAL,97.32,0.024,,4047.0,True,keep_imputed,price_parse_failed;price<=0 [precio_usd fuera de rango 1–20],2.5965,False,global_median,,2.885,2822,True
464,5,Desconocido,CO,14,cafe,cafe,False,Selecciona tu,Método de envío,"1,1 Lt",CO,LOCAL,97.32,0.024,,4047.0,True,keep_imputed,price_parse_failed;price<=0 [precio_usd fuera de rango 1–20],2.7407,False,global_median,,2.885,2823,True
464,5,Desconocido,CO,14,cafe,cafe,False,Selecciona tu,Método de envío,"1,1 Lt",CO,LOCAL,97.32,0.024,,4047.0,True,keep_imputed,price_parse_failed;price<=0 [precio_usd fuera de rango 1–20],3.0292,False,global_median,,2.885,2824,True
464,5,Desconocido,CO,14,cafe,cafe,False,Selecciona tu,Método de envío,"1,1 Lt",CO,LOCAL,97.32,0.024,,4047.0,True,keep_imputed,price_parse_failed;price<=0 [precio_usd fuera de rango 1–20],3.1735,False,global_median,,2.885,2825,True
465,5,Desconocido,CO,2,cafe,sin_categoria,True,Selecciona tu,Método de envío,800 Ml,CO,LOCAL,100.78,0.0249,,4047.0,True,keep_imputed,no_category_detected;price_parse_failed [precio_usd fuera de rango 1–20],2.5965,False,global_median,,2.885,2826,True
465,5,Desconocido,CO,2,cafe,sin_categoria,True,Selecciona tu,Método de envío,800 Ml,CO,LOCAL,100.78,0.0249,,4047.0,True,keep_imputed,no_category_detected;price_parse_failed [precio_usd fuera de rango 1–20],2.7407,False,global_median,,2.885,2827,True
465,5,Desconocido,CO,2,cafe,sin_categoria,True,Selecciona tu,Método de envío,800 Ml,CO,LOCAL,100.78,0.0249,,4047.0,True,keep_imputed,no_category_detected;price_parse_failed [precio_usd fuera de rango 1–20],3.0292,False,global_median,,2.885,2828,True
465,5,Desconocido,CO,2,cafe,sin_categoria,True,Selecciona tu,Método de envío,800 Ml,CO,LOCAL,100.78,0.0249,,4047.0,True,keep_imputed,no_category_detected;price_parse_failed [precio_usd fuera de rango 1–20],3.1735,False,global_median,,2.885,2829,True
466,5,Desconocido,CO,12,cebolla,cebolla,False,Selecciona tu,Método de envío,1 Kg,CO,LOCAL,604582.9,149.3904,,4047.0,True,keep_imputed,price_parse_failed;price<=0 [precio_usd fuera de rango 1–20],2.5965,False,global_median,,2.885,2830,True
466,5,Desconocido,CO,12,cebolla,cebolla,False,Selecciona tu,Método de envío,1 Kg,CO,LOCAL,604582.9,149.3904,,4047.0,True,keep_imputed,price_parse_failed;price<=0 [precio_usd fuera de rango 1–20],2.7407,False,global_median,,2.885,2831,True
466,5,Desconocido,CO,12,cebolla,cebolla,False,Selecciona tu,Método de envío,1 Kg,CO,LOCAL,604582.9,149.3904,,4047.0,True,keep_imputed,price_parse_failed;price<=0 [precio_usd fuera de rango 1–20],3.0292,False,global_median,,2.885,2832,True
466,5,Desconocido,CO,12,cebolla,cebolla,False,Selecciona tu,Método de envío,1 Kg,CO,LOCAL,604582.9,149.3904,,4047.0,True,keep_imputed,price_parse_failed;price<=0 [precio_usd fuera de rango 1–20],3.1735,False,global_median,,2.885,2833,True
467,5,Desconocido,CO,14,cafe,cafe,False,Selecciona tu,Método de envío,1000 Gramos,CO,LOCAL,2755946.3,680.985,,4047.0,True,keep_imputed,price_parse_failed;price<=0 [precio_usd fuera de rango 1–20],2.5965,False,global_median,,2.885,2834,True
467,5,Desconocido,CO,14,cafe,cafe,False,Selecciona tu,Método de envío,1000 Gramos,CO,LOCAL,2755946.3,680.985,,4047.0,True,keep_imputed,price_parse_failed;price<=0 [precio_usd fuera de rango 1–20],2.7407,False,global_median,,2.885,2835,True
467,5,Desconocido,CO,14,cafe,cafe,False,Selecciona tu,Método de envío,1000 Gramos,CO,LOCAL,2755946.3,680.985,,4047.0,True,keep_imputed,price_parse_failed;price<=0 [precio_usd fuera de rango 1–20],3.0292,False,global_median,,2.885,2836,True
467,5,Desconocido,CO,14,cafe,cafe,False,Selecciona tu,Método de envío,1000 Gramos,CO,LOCAL,2755946.3,680.985,,4047.0,True,keep_imputed,price_parse_failed;price<=0 [precio_usd fuera de rango 1–20],3.1735,False,global_median,,2.885,2837,True
468,5,Desconocido,CO,14,cafe,cafe,False,Selecciona tu,Método de envío,411 G,CO,LOCAL,97.32,0.024,,4047.0,True,keep_imputed,price_parse_failed;price<=0 [precio_usd fuera de rango 1–20],2.5965,False,global_median,,2.885,2838,True
468,5,Desconocido,CO,14,cafe,cafe,False,Selecciona tu,Método de envío,411 G,CO,LOCAL,97.32,0.024,,4047.0,True,keep_imputed,price_parse_failed;price<=0 [precio_usd fuera de rango 1–20],2.7407,False,global_median,,2.885,2839,True
468,5,Desconocido,CO,14,cafe,cafe,False,Selecciona tu,Método de envío,411 G,CO,LOCAL,97.32,0.024,,4047.0,True,keep_imputed,price_parse_failed;price<=0 [precio_usd fuera de rango 1–20],3.0292,False,global_median,,2.885,2840,True
468,5,Desconocido,CO,14,cafe,cafe,False,Selecciona tu,Método de envío,411 G,CO,LOCAL,97.32,0.024,,4047.0,True,keep_imputed,price_parse_failed;price<=0 [precio_usd fuera de rango 1–20],3.1735,False,global_median,,2.885,2841,True
469,5,Desconocido,CO,14,cafe,cafe,False,Selecciona tu,Método de envío,"2,5 Kg",CO,LOCAL,97.32,0.024,,4047.0,True,keep_imputed,price_parse_failed;price<=0 [precio_usd fuera de rango 1–20],2.5965,False,global_median,,2.885,2842,True
469,5,Desconocido,CO,14,cafe,cafe,False,Selecciona tu,Método de envío,"2,5 Kg",CO,LOCAL,97.32,0.024,,4047.0,True,keep_imputed,price_parse_failed;price<=0 [precio_usd fuera de rango 1–20],2.7407,False,global_median,,2.885,2843,True
469,5,Desconocido,CO,14,cafe,cafe,False,Selecciona tu,Método de envío,"2,5 Kg",CO,LOCAL,97.32,0.024,,4047.0,True,keep_imputed,price_parse_failed;price<=0 [precio_usd fuera de rango 1–20],3.0292,False,global_median,,2.885,2844,True
469,5,Desconocido,CO,14,cafe,cafe,False,Selecciona tu,Método de envío,"2,5 Kg",CO,LOCAL,97.32,0.024,,4047.0,True,keep_imputed,price_parse_failed;price<=0 [precio_usd fuera de rango 1–20],3.1735,False,global_median,,2.885,2845,True
470,5,Desconocido,CO,14,cafe,cafe,False,Selecciona tu,Método de envío,1000 G,CO,LOCAL,97.32,0.024,,4047.0,True,keep_imputed,price_parse_failed;price<=0 [precio_usd fuera de rango 1–20],2.5965,False,global_median,,2.885,2846,True
470,5,Desconocido,CO,14,cafe,cafe,False,Selecciona tu,Método de envío,1000 G,CO,LOCAL,97.32,0.024,,4047.0,True,keep_imputed,price_parse_failed;price<=0 [precio_usd fuera de rango 1–20],2.7407,False,global_median,,2.885,2847,True
470,5,Desconocido,CO,14,cafe,cafe,False,Selecciona tu,Método de envío,1000 G,CO,LOCAL,97.32,0.024,,4047.0,True,keep_imputed,price_parse_failed;price<=0 [precio_usd fuera de rango 1–20],3.0292,False,global_median,,2.885,2848,True
470,5,Desconocido,CO,14,cafe,cafe,False,Selecciona tu,Método de envío,1000 G,CO,LOCAL,97.32,0.024,,4047.0,True,keep_imputed,price_parse_failed;price<=0 [precio_usd fuera de rango 1–20],3.1735,False,global_median,,2.885,2849,True
471,5,Desconocido,CO,14,cafe,cafe,False,Selecciona tu,Método de envío,375 G,CO,LOCAL,375.0,0.0927,,4047.0,True,keep,heuristic_default [precio_usd fuera de rango 1–20],2.5965,False,global_median,,2.885,2850,True
471,5,Desconocido,CO,14,cafe,cafe,False,Selecciona tu,Método de envío,375 G,CO,LOCAL,375.0,0.0927,,4047.0,True,keep,heuristic_default [precio_usd fuera de rango 1–20],2.7407,False,global_median,,2.885,2851,True
471,5,Desconocido,CO,14,cafe,cafe,False,Selecciona tu,Método de envío,375 G,CO,LOCAL,375.0,0.0927,,4047.0,True,keep,heuristic_default [precio_usd fuera de rango 1–20],3.0292,False,global_median,,2.885,2852,True
471,5,Desconocido,CO,14,cafe,cafe,False,Selecciona tu,Método de envío,375 G,CO,LOCAL,375.0,0.0927,,4047.0,True,keep,heuristic_default [precio_usd fuera de rango 1–20],3.1735,False,global_median,,2.885,2853,True
472,5,Desconocido,CO,2,cafe,sin_categoria,True,Selecciona tu,Método de envío,210gr,CO,LOCAL,210.0,0.0519,,4047.0,True,keep_imputed,no_category_detected [precio_usd fuera de rango 1–20],2.5965,False,global_median,,2.885,2854,True
472,5,Desconocido,CO,2,cafe,sin_categoria,True,Selecciona tu,Método de envío,210gr,CO,LOCAL,210.0,0.0519,,4047.0,True,keep_imputed,no_category_detected [precio_usd fuera de rango 1–20],2.7407,False,global_median,,2.885,2855,True
472,5,Desconocido,CO,2,cafe,sin_categoria,True,Selecciona tu,Método de envío,210gr,CO,LOCAL,210.0,0.0519,,4047.0,True,keep_imputed,no_category_detected [precio_usd fuera de rango 1–20],3.0292,False,global_median,,2.885,2856,True
472,5,Desconocido,CO,2,cafe,sin_categoria,True,Selecciona tu,Método de envío,210gr,CO,LOCAL,210.0,0.0519,,4047.0,True,keep_imputed,no_category_detected [precio_usd fuera de rango 1–20],3.1735,False,global_median,,2.885,2857,True
473,5,Desconocido,CO,14,cafe,cafe,False,Selecciona tu,Método de envío,200 G,CO,LOCAL,200.0,0.0494,,4047.0,True,keep,heuristic_default [precio_usd fuera de rango 1–20],2.5965,False,global_median,,2.885,2858,True
473,5,Desconocido,CO,14,cafe,cafe,False,Selecciona tu,Método de envío,200 G,CO,LOCAL,200.0,0.0494,,4047.0,True,keep,heuristic_default [precio_usd fuera de rango 1–20],2.7407,False,global_median,,2.885,2859,True
473,5,Desconocido,CO,14,cafe,cafe,False,Selecciona tu,Método de envío,200 G,CO,LOCAL,200.0,0.0494,,4047.0,True,keep,heuristic_default [precio_usd fuera de rango 1–20],3.0292,False,global_median,,2.885,2860,True
473,5,Desconocido,CO,14,cafe,cafe,False,Selecciona tu,Método de envío,200 G,CO,LOCAL,200.0,0.0494,,4047.0,True,keep,heuristic_default [precio_usd fuera de rango 1–20],3.1735,False,global_median,,2.885,2861,True
503,1,Desconocido,UNKNOWN,12,cebolla,cebolla,False,TOMATE CHONTO X 1000 G,Unidades disponibles,1000 G,UNKNOWN,LOCAL,1000.0,1000.0,,1.0,True,keep,heuristic_default [precio_usd fuera de rango 1–20],1.521,False,median_category_country,1.69,1.69,2862,True
503,1,Desconocido,UNKNOWN,12,cebolla,cebolla,False,TOMATE CHONTO X 1000 G,Unidades disponibles,1000 G,UNKNOWN,LOCAL,1000.0,1000.0,,1.0,True,keep,heuristic_default [precio_usd fuera de rango 1–20],1.6055,False,median_category_country,1.69,1.69,2863,True
503,1,Desconocido,UNKNOWN,12,cebolla,cebolla,False,TOMATE CHONTO X 1000 G,Unidades disponibles,1000 G,UNKNOWN,LOCAL,1000.0,1000.0,,1.0,True,keep,heuristic_default [precio_usd fuera de rango 1–20],1.7745,False,median_category_country,1.69,1.69,2864,True
503,1,Desconocido,UNKNOWN,12,cebolla,cebolla,False,TOMATE CHONTO X 1000 G,Unidades disponibles,1000 G,UNKNOWN,LOCAL,1000.0,1000.0,,1.0,True,keep,heuristic_default [precio_usd fuera de rango 1–20],1.859,False,median_category_country,1.69,1.69,2865,True
504,1,Desconocido,UNKNOWN,13,azucar,azucar,False,TOMATES SECOS AINOA 180 G,Unidades disponibles,180 G,UNKNOWN,LOCAL,100.0,100.0,,1.0,True,keep,heuristic_default [precio_usd fuera de rango 1–20],2.493,False,median_category_country,2.77,2.77,2866,True
504,1,Desconocido,UNKNOWN,13,azucar,azucar,False,TOMATES SECOS AINOA 180 G,Unidades disponibles,180 G,UNKNOWN,LOCAL,100.0,100.0,,1.0,True,keep,heuristic_default [precio_usd fuera de rango 1–20],2.6315,False,median_category_country,2.77,2.77,2867,True
504,1,Desconocido,UNKNOWN,13,azucar,azucar,False,TOMATES SECOS AINOA 180 G,Unidades disponibles,180 G,UNKNOWN,LOCAL,100.0,100.0,,1.0,True,keep,heuristic_default [precio_usd fuera de rango 1–20],2.9085,False,median_category_country,2.77,2.77,2868,True
504,1,Desconocido,UNKNOWN,13,azucar,azucar,False,TOMATES SECOS AINOA 180 G,Unidades disponibles,180 G,UNKNOWN,LOCAL,100.0,100.0,,1.0,True,keep,heuristic_default [precio_usd fuera de rango 1–20],3.047,False,median_category_country,2.77,2.77,2869,True
506,1,Desconocido,UNKNOWN,17,leche,leche,False,Valoramos tu privacidad,Personalizar,1L,UNKNOWN,LOCAL,0.44,0.44,,1.0,True,keep_imputed,no_category_detected [precio_usd fuera de rango 1–20],0.999,False,median_category_country,1.11,1.11,2870,True
506,1,Desconocido,UNKNOWN,17,leche,leche,False,Valoramos tu privacidad,Personalizar,1L,UNKNOWN,LOCAL,0.44,0.44,,1.0,True,keep_imputed,no_category_detected [precio_usd fuera de rango 1–20],1.0545,False,median_category_country,1.11,1.11,2871,True
506,1,Desconocido,UNKNOWN,17,leche,leche,False,Valoramos tu privacidad,Personalizar,1L,UNKNOWN,LOCAL,0.44,0.44,,1.0,True,keep_imputed,no_category_detected [precio_usd fuera de rango 1–20],1.1655,False,median_category_country,1.11,1.11,2872,True
506,1,Desconocido,UNKNOWN,17,leche,leche,False,Valoramos tu privacidad,Personalizar,1L,UNKNOWN,LOCAL,0.44,0.44,,1.0,True,keep_imputed,no_category_detected [precio_usd fuera de rango 1–20],1.221,False,median_category_country,1.11,1.11,2873,True
507,1,Desconocido,UNKNOWN,20,arroz,sin_categoria,True,Valoramos tu privacidad,Personalizar,,UNKNOWN,LOCAL,234.19,234.1938,,1.0,True,keep_imputed,no_category_detected;price_parse_failed [precio_usd fuera de rango 1–20],3.3345,False,median_category_country,3.705,3.705,2874,True
507,1,Desconocido,UNKNOWN,20,arroz,sin_categoria,True,Valoramos tu privacidad,Personalizar,,UNKNOWN,LOCAL,234.19,234.1938,,1.0,True,keep_imputed,no_category_detected;price_parse_failed [precio_usd fuera de rango 1–20],3.5197,False,median_category_country,3.705,3.705,2875,True
507,1,Desconocido,UNKNOWN,20,arroz,sin_categoria,True,Valoramos tu privacidad,Personalizar,,UNKNOWN,LOCAL,234.19,234.1938,,1.0,True,keep_imputed,no_category_detected;price_parse_failed [precio_usd fuera de rango 1–20],3.8903,False,median_category_country,3.705,3.705,2876,True
507,1,Desconocido,UNKNOWN,20,arroz,sin_categoria,True,Valoramos tu privacidad,Personalizar,,UNKNOWN,LOCAL,234.19,234.1938,,1.0,True,keep_imputed,no_category_detected;price_parse_failed [precio_usd fuera de rango 1–20],4.0755,False,median_category_country,3.705,3.705,2877,True
509,1,Desconocido,UNKNOWN,15,pan,pan,False,Valoramos tu privacidad,Personalizar,450g,UNKNOWN,LOCAL,0.99,0.99,,1.0,True,keep,heuristic_default [precio_usd fuera de rango 1–20],2.241,False,median_category_country,2.49,2.49,2878,True
509,1,Desconocido,UNKNOWN,15,pan,pan,False,Valoramos tu privacidad,Personalizar,450g,UNKNOWN,LOCAL,0.99,0.99,,1.0,True,keep,heuristic_default [precio_usd fuera de rango 1–20],2.3655,False,median_category_country,2.49,2.49,2879,True
509,1,Desconocido,UNKNOWN,15,pan,pan,False,Valoramos tu privacidad,Personalizar,450g,UNKNOWN,LOCAL,0.99,0.99,,1.0,True,keep,heuristic_default [precio_usd fuera de rango 1–20],2.6145,False,median_category_country,2.49,2.49,2880,True
509,1,Desconocido,UNKNOWN,15,pan,pan,False,Valoramos tu privacidad,Personalizar,450g,UNKNOWN,LOCAL,0.99,0.99,,1.0,True,keep,heuristic_default [precio_usd fuera de rango 1–20],2.739,False,median_category_country,2.49,2.49,2881,True
514,1,Desconocido,UNKNOWN,20,arroz,sin_categoria,True,Valoramos tu privacidad,Personalizar,2L,UNKNOWN,LOCAL,0.92,0.92,,1.0,True,keep_imputed,no_category_detected [precio_usd fuera de rango 1–20],3.3345,False,median_category_country,3.705,3.705,2882,True
514,1,Desconocido,UNKNOWN,20,arroz,sin_categoria,True,Valoramos tu privacidad,Personalizar,2L,UNKNOWN,LOCAL,0.92,0.92,,1.0,True,keep_imputed,no_category_detected [precio_usd fuera de rango 1–20],3.5197,False,median_category_country,3.705,3.705,2883,True
514,1,Desconocido,UNKNOWN,20,arroz,sin_categoria,True,Valoramos tu privacidad,Personalizar,2L,UNKNOWN,LOCAL,0.92,0.92,,1.0,True,keep_imputed,no_category_detected [precio_usd fuera de rango 1–20],3.8903,False,median_category_country,3.705,3.705,2884,True
514,1,Desconocido,UNKNOWN,20,arroz,sin_categoria,True,Valoramos tu privacidad,Personalizar,2L,UNKNOWN,LOCAL,0.92,0.92,,1.0,True,keep_imputed,no_category_detected [precio_usd fuera de rango 1–20],4.0755,False,median_category_country,3.705,3.705,2885,True
515,1,Desconocido,UNKNOWN,13,azucar,azucar,False,Valoramos tu privacidad,Personalizar,226g,UNKNOWN,LOCAL,226.0,226.0,,1.0,True,keep,heuristic_default [precio_usd fuera de rango 1–20],2.493,False,median_category_country,2.77,2.77,2886,True
515,1,Desconocido,UNKNOWN,13,azucar,azucar,False,Valoramos tu privacidad,Personalizar,226g,UNKNOWN,LOCAL,226.0,226.0,,1.0,True,keep,heuristic_default [precio_usd fuera de rango 1–20],2.6315,False,median_category_country,2.77,2.77,2887,True
515,1,Desconocido,UNKNOWN,13,azucar,azucar,False,Valoramos tu privacidad,Personalizar,226g,UNKNOWN,LOCAL,226.0,226.0,,1.0,True,keep,heuristic_default [precio_usd fuera de rango 1–20],2.9085,False,median_category_country,2.77,2.77,2888,True
515,1,Desconocido,UNKNOWN,13,azucar,azucar,False,Valoramos tu privacidad,Personalizar,226g,UNKNOWN,LOCAL,226.0,226.0,,1.0,True,keep,heuristic_default [precio_usd fuera de rango 1–20],3.047,False,median_category_country,2.77,2.77,2889,True
516,1,Desconocido,UNKNOWN,10,arroz,arroz,False,Valoramos tu privacidad,Personalizar,100Lb,UNKNOWN,LOCAL,43.45,43.45,,1.0,True,keep,heuristic_default [precio_usd fuera de rango 1–20],1.431,False,median_category_country,1.59,1.59,2890,True
516,1,Desconocido,UNKNOWN,10,arroz,arroz,False,Valoramos tu privacidad,Personalizar,100Lb,UNKNOWN,LOCAL,43.45,43.45,,1.0,True,keep,heuristic_default [precio_usd fuera de rango 1–20],1.5105,False,median_category_country,1.59,1.59,2891,True
516,1,Desconocido,UNKNOWN,10,arroz,arroz,False,Valoramos tu privacidad,Personalizar,100Lb,UNKNOWN,LOCAL,43.45,43.45,,1.0,True,keep,heuristic_default [precio_usd fuera de rango 1–20],1.6695,False,median_category_country,1.59,1.59,2892,True
516,1,Desconocido,UNKNOWN,10,arroz,arroz,False,Valoramos tu privacidad,Personalizar,100Lb,UNKNOWN,LOCAL,43.45,43.45,,1.0,True,keep,heuristic_default [precio_usd fuera de rango 1–20],1.749,False,median_category_country,1.59,1.59,2893,True
517,1,Desconocido,UNKNOWN,10,arroz,arroz,False,Valoramos tu privacidad,Personalizar,100lb,UNKNOWN,LOCAL,41.59,41.59,,1.0,True,keep,heuristic_default [precio_usd fuera de rango 1–20],1.431,False,median_category_country,1.59,1.59,2894,True
517,1,Desconocido,UNKNOWN,10,arroz,arroz,False,Valoramos tu privacidad,Personalizar,100lb,UNKNOWN,LOCAL,41.59,41.59,,1.0,True,keep,heuristic_default [precio_usd fuera de rango 1–20],1.5105,False,median_category_country,1.59,1.59,2895,True
517,1,Desconocido,UNKNOWN,10,arroz,arroz,False,Valoramos tu privacidad,Personalizar,100lb,UNKNOWN,LOCAL,41.59,41.59,,1.0,True,keep,heuristic_default [precio_usd fuera de rango 1–20],1.6695,False,median_category_country,1.59,1.59,2896,True
517,1,Desconocido,UNKNOWN,10,arroz,arroz,False,Valoramos tu privacidad,Personalizar,100lb,UNKNOWN,LOCAL,41.59,41.59,,1.0,True,keep,heuristic_default [precio_usd fuera de rango 1–20],1.749,False,median_category_country,1.59,1.59,2897,True
523,1,Desconocido,UNKNOWN,13,azucar,azucar,False,Valoramos tu privacidad,Personalizar,1 kg,UNKNOWN,LOCAL,0.99,0.99,,1.0,True,keep,heuristic_default [precio_usd fuera de rango 1–20],2.493,False,median_category_country,2.77,2.77,2898,True
523,1,Desconocido,UNKNOWN,13,azucar,azucar,False,Valoramos tu privacidad,Personalizar,1 kg,UNKNOWN,LOCAL,0.99,0.99,,1.0,True,keep,heuristic_default [precio_usd fuera de rango 1–20],2.6315,False,median_category_country,2.77,2.77,2899,True
523,1,Desconocido,UNKNOWN,13,azucar,azucar,False,Valoramos tu privacidad,Personalizar,1 kg,UNKNOWN,LOCAL,0.99,0.99,,1.0,True,keep,heuristic_default [precio_usd fuera de rango 1–20],2.9085,False,median_category_country,2.77,2.77,2900,True
523,1,Desconocido,UNKNOWN,13,azucar,azucar,False,Valoramos tu privacidad,Personalizar,1 kg,UNKNOWN,LOCAL,0.99,0.99,,1.0,True,keep,heuristic_default [precio_usd fuera de rango 1–20],3.047,False,median_category_country,2.77,2.77,2901,True
525,1,Desconocido,UNKNOWN,6,papa,sin_categoria,True,Verificar que usted es un ser humano. Esto podría tardar algunos segundos.,Verificación exitosa,,UNKNOWN,LOCAL,234.19,234.1938,,1.0,True,keep_imputed,no_category_detected;price_parse_failed [precio_usd fuera de rango 1–20],3.3345,False,median_category_country,3.705,3.705,2902,True
525,1,Desconocido,UNKNOWN,6,papa,sin_categoria,True,Verificar que usted es un ser humano. Esto podría tardar algunos segundos.,Verificación exitosa,,UNKNOWN,LOCAL,234.19,234.1938,,1.0,True,keep_imputed,no_category_detected;price_parse_failed [precio_usd fuera de rango 1–20],3.5197,False,median_category_country,3.705,3.705,2903,True
525,1,Desconocido,UNKNOWN,6,papa,sin_categoria,True,Verificar que usted es un ser humano. Esto podría tardar algunos segundos.,Verificación exitosa,,UNKNOWN,LOCAL,234.19,234.1938,,1.0,True,keep_imputed,no_category_detected;price_parse_failed [precio_usd fuera de rango 1–20],3.8903,False,median_category_country,3.705,3.705,2904,True
525,1,Desconocido,UNKNOWN,6,papa,sin_categoria,True,Verificar que usted es un ser humano. Esto podría tardar algunos segundos.,Verificación exitosa,,UNKNOWN,LOCAL,234.19,234.1938,,1.0,True,keep_imputed,no_category_detected;price_parse_failed [precio_usd fuera de rango 1–20],4.0755,False,median_category_country,3.705,3.705,2905,True
526,6,Desconocido,PE,1,azucar,sin_categoria,True,¡Aún no eres Wong Prime!,Aprovecha el,5 Kg,PE,LOCAL,79.9,22.507,,3.55,True,keep_imputed,no_category_detected [precio_usd fuera de rango 1–20],4.2896,False,median_category_country,4.7662,4.7662,2906,True
526,6,Desconocido,PE,1,azucar,sin_categoria,True,¡Aún no eres Wong Prime!,Aprovecha el,5 Kg,PE,LOCAL,79.9,22.507,,3.55,True,keep_imputed,no_category_detected [precio_usd fuera de rango 1–20],4.5279,False,median_category_country,4.7662,4.7662,2907,True
526,6,Desconocido,PE,1,azucar,sin_categoria,True,¡Aún no eres Wong Prime!,Aprovecha el,5 Kg,PE,LOCAL,79.9,22.507,,3.55,True,keep_imputed,no_category_detected [precio_usd fuera de rango 1–20],5.0045,False,median_category_country,4.7662,4.7662,2908,True
526,6,Desconocido,PE,1,azucar,sin_categoria,True,¡Aún no eres Wong Prime!,Aprovecha el,5 Kg,PE,LOCAL,79.9,22.507,,3.55,True,keep_imputed,no_category_detected [precio_usd fuera de rango 1–20],5.2428,False,median_category_country,4.7662,4.7662,2909,True
527,6,Desconocido,PE,10,arroz,arroz,False,¡Aún no eres Wong Prime!,Aprovecha el,5 kg,PE,LOCAL,79.9,22.507,,3.55,True,keep,heuristic_default [precio_usd fuera de rango 1–20],2.5965,False,global_median,,2.885,2910,True
527,6,Desconocido,PE,10,arroz,arroz,False,¡Aún no eres Wong Prime!,Aprovecha el,5 kg,PE,LOCAL,79.9,22.507,,3.55,True,keep,heuristic_default [precio_usd fuera de rango 1–20],2.7407,False,global_median,,2.885,2911,True
527,6,Desconocido,PE,10,arroz,arroz,False,¡Aún no eres Wong Prime!,Aprovecha el,5 kg,PE,LOCAL,79.9,22.507,,3.55,True,keep,heuristic_default [precio_usd fuera de rango 1–20],3.0292,False,global_median,,2.885,2912,True
527,6,Desconocido,PE,10,arroz,arroz,False,¡Aún no eres Wong Prime!,Aprovecha el,5 kg,PE,LOCAL,79.9,22.507,,3.55,True,keep,heuristic_default [precio_usd fuera de rango 1–20],3.1735,False,global_median,,2.885,2913,True
528,6,Desconocido,PE,10,arroz,arroz,False,¡Aún no eres Wong Prime!,Aprovecha el,5kg,PE,LOCAL,79.9,22.507,,3.55,True,keep,heuristic_default [precio_usd fuera de rango 1–20],2.5965,False,global_median,,2.885,2914,True
528,6,Desconocido,PE,10,arroz,arroz,False,¡Aún no eres Wong Prime!,Aprovecha el,5kg,PE,LOCAL,79.9,22.507,,3.55,True,keep,heuristic_default [precio_usd fuera de rango 1–20],2.7407,False,global_median,,2.885,2915,True
528,6,Desconocido,PE,10,arroz,arroz,False,¡Aún no eres Wong Prime!,Aprovecha el,5kg,PE,LOCAL,79.9,22.507,,3.55,True,keep,heuristic_default [precio_usd fuera de rango 1–20],3.0292,False,global_median,,2.885,2916,True
528,6,Desconocido,PE,10,arroz,arroz,False,¡Aún no eres Wong Prime!,Aprovecha el,5kg,PE,LOCAL,79.9,22.507,,3.55,True,keep,heuristic_default [precio_usd fuera de rango 1–20],3.1735,False,global_median,,2.885,2917,True
529,6,Desconocido,PE,32,pollo entero,pollo entero,False,¡Aún no eres Wong Prime!,Aprovecha el,,PE,LOCAL,79.9,22.507,,3.55,True,keep_imputed,no_category_detected [precio_usd fuera de rango 1–20],2.5965,False,global_median,,2.885,2918,True
529,6,Desconocido,PE,32,pollo entero,pollo entero,False,¡Aún no eres Wong Prime!,Aprovecha el,,PE,LOCAL,79.9,22.507,,3.55,True,keep_imputed,no_category_detected [precio_usd fuera de rango 1–20],2.7407,False,global_median,,2.885,2919,True
529,6,Desconocido,PE,32,pollo entero,pollo entero,False,¡Aún no eres Wong Prime!,Aprovecha el,,PE,LOCAL,79.9,22.507,,3.55,True,keep_imputed,no_category_detected [precio_usd fuera de rango 1–20],3.0292,False,global_median,,2.885,2920,True
529,6,Desconocido,PE,32,pollo entero,pollo entero,False,¡Aún no eres Wong Prime!,Aprovecha el,,PE,LOCAL,79.9,22.507,,3.55,True,keep_imputed,no_category_detected [precio_usd fuera de rango 1–20],3.1735,False,global_median,,2.885,2921,True
530,6,Desconocido,PE,13,azucar,azucar,False,¡Aún no eres Wong Prime!,Aprovecha el,800 g,PE,LOCAL,79.9,22.507,,3.55,True,keep,heuristic_default [precio_usd fuera de rango 1–20],3.6532,False,median_category_country,4.059150000000001,4.059150000000001,2922,True
530,6,Desconocido,PE,13,azucar,azucar,False,¡Aún no eres Wong Prime!,Aprovecha el,800 g,PE,LOCAL,79.9,22.507,,3.55,True,keep,heuristic_default [precio_usd fuera de rango 1–20],3.8562,False,median_category_country,4.059150000000001,4.059150000000001,2923,True
530,6,Desconocido,PE,13,azucar,azucar,False,¡Aún no eres Wong Prime!,Aprovecha el,800 g,PE,LOCAL,79.9,22.507,,3.55,True,keep,heuristic_default [precio_usd fuera de rango 1–20],4.2621,False,median_category_country,4.059150000000001,4.059150000000001,2924,True
530,6,Desconocido,PE,13,azucar,azucar,False,¡Aún no eres Wong Prime!,Aprovecha el,800 g,PE,LOCAL,79.9,22.507,,3.55,True,keep,heuristic_default [precio_usd fuera de rango 1–20],4.4651,False,median_category_country,4.059150000000001,4.059150000000001,2925,True
531,6,Desconocido,PE,14,cafe,cafe,False,¡Aún no eres Wong Prime!,Aprovecha el,900g,PE,LOCAL,79.9,22.507,,3.55,True,keep,heuristic_default [precio_usd fuera de rango 1–20],7.0733,False,median_category_country,7.8592,7.8592,2926,True
531,6,Desconocido,PE,14,cafe,cafe,False,¡Aún no eres Wong Prime!,Aprovecha el,900g,PE,LOCAL,79.9,22.507,,3.55,True,keep,heuristic_default [precio_usd fuera de rango 1–20],7.4662,False,median_category_country,7.8592,7.8592,2927,True
531,6,Desconocido,PE,14,cafe,cafe,False,¡Aún no eres Wong Prime!,Aprovecha el,900g,PE,LOCAL,79.9,22.507,,3.55,True,keep,heuristic_default [precio_usd fuera de rango 1–20],8.2522,False,median_category_country,7.8592,7.8592,2928,True
531,6,Desconocido,PE,14,cafe,cafe,False,¡Aún no eres Wong Prime!,Aprovecha el,900g,PE,LOCAL,79.9,22.507,,3.55,True,keep,heuristic_default [precio_usd fuera de rango 1–20],8.6451,False,median_category_country,7.8592,7.8592,2929,True
532,6,Desconocido,PE,14,cafe,cafe,False,¡Aún no eres Wong Prime!,Aprovecha el,500g,PE,LOCAL,79.9,22.507,,3.55,True,keep,heuristic_default [precio_usd fuera de rango 1–20],7.0733,False,median_category_country,7.8592,7.8592,2930,True
532,6,Desconocido,PE,14,cafe,cafe,False,¡Aún no eres Wong Prime!,Aprovecha el,500g,PE,LOCAL,79.9,22.507,,3.55,True,keep,heuristic_default [precio_usd fuera de rango 1–20],7.4662,False,median_category_country,7.8592,7.8592,2931,True
532,6,Desconocido,PE,14,cafe,cafe,False,¡Aún no eres Wong Prime!,Aprovecha el,500g,PE,LOCAL,79.9,22.507,,3.55,True,keep,heuristic_default [precio_usd fuera de rango 1–20],8.2522,False,median_category_country,7.8592,7.8592,2932,True
532,6,Desconocido,PE,14,cafe,cafe,False,¡Aún no eres Wong Prime!,Aprovecha el,500g,PE,LOCAL,79.9,22.507,,3.55,True,keep,heuristic_default [precio_usd fuera de rango 1–20],8.6451,False,median_category_country,7.8592,7.8592,2933,True
533,6,Desconocido,PE,7,aceite vegetal,aceite vegetal,False,¡Aún no eres Wong Prime!,Aprovecha el,1.8L,PE,LOCAL,79.9,22.507,,3.55,True,keep,heuristic_default [precio_usd fuera de rango 1–20],2.5965,False,global_median,,2.885,2934,True
533,6,Desconocido,PE,7,aceite vegetal,aceite vegetal,False,¡Aún no eres Wong Prime!,Aprovecha el,1.8L,PE,LOCAL,79.9,22.507,,3.55,True,keep,heuristic_default [precio_usd fuera de rango 1–20],2.7407,False,global_median,,2.885,2935,True
533,6,Desconocido,PE,7,aceite vegetal,aceite vegetal,False,¡Aún no eres Wong Prime!,Aprovecha el,1.8L,PE,LOCAL,79.9,22.507,,3.55,True,keep,heuristic_default [precio_usd fuera de rango 1–20],3.0292,False,global_median,,2.885,2936,True
533,6,Desconocido,PE,7,aceite vegetal,aceite vegetal,False,¡Aún no eres Wong Prime!,Aprovecha el,1.8L,PE,LOCAL,79.9,22.507,,3.55,True,keep,heuristic_default [precio_usd fuera de rango 1–20],3.1735,False,global_median,,2.885,2937,True
534,6,Desconocido,PE,1,azucar,sin_categoria,True,¡Aún no eres Wong Prime!,Aprovecha el,1 Litro,PE,LOCAL,79.9,22.507,,3.55,True,keep_imputed,no_category_detected [precio_usd fuera de rango 1–20],4.2896,False,median_category_country,4.7662,4.7662,2938,True
534,6,Desconocido,PE,1,azucar,sin_categoria,True,¡Aún no eres Wong Prime!,Aprovecha el,1 Litro,PE,LOCAL,79.9,22.507,,3.55,True,keep_imputed,no_category_detected [precio_usd fuera de rango 1–20],4.5279,False,median_category_country,4.7662,4.7662,2939,True
534,6,Desconocido,PE,1,azucar,sin_categoria,True,¡Aún no eres Wong Prime!,Aprovecha el,1 Litro,PE,LOCAL,79.9,22.507,,3.55,True,keep_imputed,no_category_detected [precio_usd fuera de rango 1–20],5.0045,False,median_category_country,4.7662,4.7662,2940,True
534,6,Desconocido,PE,1,azucar,sin_categoria,True,¡Aún no eres Wong Prime!,Aprovecha el,1 Litro,PE,LOCAL,79.9,22.507,,3.55,True,keep_imputed,no_category_detected [precio_usd fuera de rango 1–20],5.2428,False,median_category_country,4.7662,4.7662,2941,True
535,6,Desconocido,PE,21,atun,sin_categoria,True,¡Aún no eres Wong Prime!,Aprovecha el,1L,PE,LOCAL,79.9,22.507,,3.55,True,keep_imputed,no_category_detected [precio_usd fuera de rango 1–20],4.2896,False,median_category_country,4.7662,4.7662,2942,True
535,6,Desconocido,PE,21,atun,sin_categoria,True,¡Aún no eres Wong Prime!,Aprovecha el,1L,PE,LOCAL,79.9,22.507,,3.55,True,keep_imputed,no_category_detected [precio_usd fuera de rango 1–20],4.5279,False,median_category_country,4.7662,4.7662,2943,True
535,6,Desconocido,PE,21,atun,sin_categoria,True,¡Aún no eres Wong Prime!,Aprovecha el,1L,PE,LOCAL,79.9,22.507,,3.55,True,keep_imputed,no_category_detected [precio_usd fuera de rango 1–20],5.0045,False,median_category_country,4.7662,4.7662,2944,True
535,6,Desconocido,PE,21,atun,sin_categoria,True,¡Aún no eres Wong Prime!,Aprovecha el,1L,PE,LOCAL,79.9,22.507,,3.55,True,keep_imputed,no_category_detected [precio_usd fuera de rango 1–20],5.2428,False,median_category_country,4.7662,4.7662,2945,True
536,6,Desconocido,PE,4,aceite vegetal,sin_categoria,True,¡Aún no eres Wong Prime!,Aprovecha el,750ml,PE,LOCAL,79.9,22.507,,3.55,True,keep_imputed,no_category_detected [precio_usd fuera de rango 1–20],4.2896,False,median_category_country,4.7662,4.7662,2946,True
536,6,Desconocido,PE,4,aceite vegetal,sin_categoria,True,¡Aún no eres Wong Prime!,Aprovecha el,750ml,PE,LOCAL,79.9,22.507,,3.55,True,keep_imputed,no_category_detected [precio_usd fuera de rango 1–20],4.5279,False,median_category_country,4.7662,4.7662,2947,True
536,6,Desconocido,PE,4,aceite vegetal,sin_categoria,True,¡Aún no eres Wong Prime!,Aprovecha el,750ml,PE,LOCAL,79.9,22.507,,3.55,True,keep_imputed,no_category_detected [precio_usd fuera de rango 1–20],5.0045,False,median_category_country,4.7662,4.7662,2948,True
536,6,Desconocido,PE,4,aceite vegetal,sin_categoria,True,¡Aún no eres Wong Prime!,Aprovecha el,750ml,PE,LOCAL,79.9,22.507,,3.55,True,keep_imputed,no_category_detected [precio_usd fuera de rango 1–20],5.2428,False,median_category_country,4.7662,4.7662,2949,True
537,6,Desconocido,PE,13,azucar,azucar,False,¡Aún no eres Wong Prime!,Aprovecha el,946ml,PE,LOCAL,79.9,22.507,,3.55,True,keep,heuristic_default [precio_usd fuera de rango 1–20],3.6532,False,median_category_country,4.059150000000001,4.059150000000001,2950,True
537,6,Desconocido,PE,13,azucar,azucar,False,¡Aún no eres Wong Prime!,Aprovecha el,946ml,PE,LOCAL,79.9,22.507,,3.55,True,keep,heuristic_default [precio_usd fuera de rango 1–20],3.8562,False,median_category_country,4.059150000000001,4.059150000000001,2951,True
537,6,Desconocido,PE,13,azucar,azucar,False,¡Aún no eres Wong Prime!,Aprovecha el,946ml,PE,LOCAL,79.9,22.507,,3.55,True,keep,heuristic_default [precio_usd fuera de rango 1–20],4.2621,False,median_category_country,4.059150000000001,4.059150000000001,2952,True
537,6,Desconocido,PE,13,azucar,azucar,False,¡Aún no eres Wong Prime!,Aprovecha el,946ml,PE,LOCAL,79.9,22.507,,3.55,True,keep,heuristic_default [precio_usd fuera de rango 1–20],4.4651,False,median_category_country,4.059150000000001,4.059150000000001,2953,True
538,6,Desconocido,PE,17,leche,leche,False,¡Aún no eres Wong Prime!,Aprovecha el,900ml,PE,LOCAL,79.9,22.507,,3.55,True,keep,heuristic_default [precio_usd fuera de rango 1–20],2.7634,False,median_category_country,3.0704,3.0704,2954,True
538,6,Desconocido,PE,17,leche,leche,False,¡Aún no eres Wong Prime!,Aprovecha el,900ml,PE,LOCAL,79.9,22.507,,3.55,True,keep,heuristic_default [precio_usd fuera de rango 1–20],2.9169,False,median_category_country,3.0704,3.0704,2955,True
538,6,Desconocido,PE,17,leche,leche,False,¡Aún no eres Wong Prime!,Aprovecha el,900ml,PE,LOCAL,79.9,22.507,,3.55,True,keep,heuristic_default [precio_usd fuera de rango 1–20],3.2239,False,median_category_country,3.0704,3.0704,2956,True
538,6,Desconocido,PE,17,leche,leche,False,¡Aún no eres Wong Prime!,Aprovecha el,900ml,PE,LOCAL,79.9,22.507,,3.55,True,keep,heuristic_default [precio_usd fuera de rango 1–20],3.3774,False,median_category_country,3.0704,3.0704,2957,True
539,6,Desconocido,PE,13,azucar,azucar,False,¡Aún no eres Wong Prime!,Aprovecha el,950 ml,PE,LOCAL,79.9,22.507,,3.55,True,keep,heuristic_default [precio_usd fuera de rango 1–20],3.6532,False,median_category_country,4.059150000000001,4.059150000000001,2958,True
539,6,Desconocido,PE,13,azucar,azucar,False,¡Aún no eres Wong Prime!,Aprovecha el,950 ml,PE,LOCAL,79.9,22.507,,3.55,True,keep,heuristic_default [precio_usd fuera de rango 1–20],3.8562,False,median_category_country,4.059150000000001,4.059150000000001,2959,True
539,6,Desconocido,PE,13,azucar,azucar,False,¡Aún no eres Wong Prime!,Aprovecha el,950 ml,PE,LOCAL,79.9,22.507,,3.55,True,keep,heuristic_default [precio_usd fuera de rango 1–20],4.2621,False,median_category_country,4.059150000000001,4.059150000000001,2960,True
539,6,Desconocido,PE,13,azucar,azucar,False,¡Aún no eres Wong Prime!,Aprovecha el,950 ml,PE,LOCAL,79.9,22.507,,3.55,True,keep,heuristic_default [precio_usd fuera de rango 1–20],4.4651,False,median_category_country,4.059150000000001,4.059150000000001,2961,True
540,6,Desconocido,PE,17,leche,leche,False,¡Aún no eres Wong Prime!,Aprovecha el,800ml,PE,LOCAL,79.9,22.507,,3.55,True,keep,heuristic_default [precio_usd fuera de rango 1–20],2.7634,False,median_category_country,3.0704,3.0704,2962,True
540,6,Desconocido,PE,17,leche,leche,False,¡Aún no eres Wong Prime!,Aprovecha el,800ml,PE,LOCAL,79.9,22.507,,3.55,True,keep,heuristic_default [precio_usd fuera de rango 1–20],2.9169,False,median_category_country,3.0704,3.0704,2963,True
540,6,Desconocido,PE,17,leche,leche,False,¡Aún no eres Wong Prime!,Aprovecha el,800ml,PE,LOCAL,79.9,22.507,,3.55,True,keep,heuristic_default [precio_usd fuera de rango 1–20],3.2239,False,median_category_country,3.0704,3.0704,2964,True
540,6,Desconocido,PE,17,leche,leche,False,¡Aún no eres Wong Prime!,Aprovecha el,800ml,PE,LOCAL,79.9,22.507,,3.55,True,keep,heuristic_default [precio_usd fuera de rango 1–20],3.3774,False,median_category_country,3.0704,3.0704,2965,True
541,6,Desconocido,PE,7,aceite vegetal,aceite vegetal,False,¡Aún no eres Wong Prime!,Aprovecha el,30 unidades,PE,LOCAL,79.9,22.507,,3.55,True,keep,heuristic_default [precio_usd fuera de rango 1–20],2.5965,False,global_median,,2.885,2966,True
541,6,Desconocido,PE,7,aceite vegetal,aceite vegetal,False,¡Aún no eres Wong Prime!,Aprovecha el,30 unidades,PE,LOCAL,79.9,22.507,,3.55,True,keep,heuristic_default [precio_usd fuera de rango 1–20],2.7407,False,global_median,,2.885,2967,True
541,6,Desconocido,PE,7,aceite vegetal,aceite vegetal,False,¡Aún no eres Wong Prime!,Aprovecha el,30 unidades,PE,LOCAL,79.9,22.507,,3.55,True,keep,heuristic_default [precio_usd fuera de rango 1–20],3.0292,False,global_median,,2.885,2968,True
541,6,Desconocido,PE,7,aceite vegetal,aceite vegetal,False,¡Aún no eres Wong Prime!,Aprovecha el,30 unidades,PE,LOCAL,79.9,22.507,,3.55,True,keep,heuristic_default [precio_usd fuera de rango 1–20],3.1735,False,global_median,,2.885,2969,True
542,6,Desconocido,PE,18,huevo,huevo,False,¡Aún no eres Wong Prime!,Aprovecha el,15 unidades,PE,LOCAL,79.9,22.507,,3.55,True,keep_imputed,heuristic_default [precio_usd fuera de rango 1–20],3.7395,False,median_category_country,4.15495,4.15495,2970,True
542,6,Desconocido,PE,18,huevo,huevo,False,¡Aún no eres Wong Prime!,Aprovecha el,15 unidades,PE,LOCAL,79.9,22.507,,3.55,True,keep_imputed,heuristic_default [precio_usd fuera de rango 1–20],3.9472,False,median_category_country,4.15495,4.15495,2971,True
542,6,Desconocido,PE,18,huevo,huevo,False,¡Aún no eres Wong Prime!,Aprovecha el,15 unidades,PE,LOCAL,79.9,22.507,,3.55,True,keep_imputed,heuristic_default [precio_usd fuera de rango 1–20],4.3627,False,median_category_country,4.15495,4.15495,2972,True
542,6,Desconocido,PE,18,huevo,huevo,False,¡Aún no eres Wong Prime!,Aprovecha el,15 unidades,PE,LOCAL,79.9,22.507,,3.55,True,keep_imputed,heuristic_default [precio_usd fuera de rango 1–20],4.5704,False,median_category_country,4.15495,4.15495,2973,True
543,6,Desconocido,PE,13,azucar,azucar,False,¡Aún no eres Wong Prime!,Aprovecha el,2 kg,PE,LOCAL,79.9,22.507,,3.55,True,keep,heuristic_default [precio_usd fuera de rango 1–20],3.6532,False,median_category_country,4.059150000000001,4.059150000000001,2974,True
543,6,Desconocido,PE,13,azucar,azucar,False,¡Aún no eres Wong Prime!,Aprovecha el,2 kg,PE,LOCAL,79.9,22.507,,3.55,True,keep,heuristic_default [precio_usd fuera de rango 1–20],3.8562,False,median_category_country,4.059150000000001,4.059150000000001,2975,True
543,6,Desconocido,PE,13,azucar,azucar,False,¡Aún no eres Wong Prime!,Aprovecha el,2 kg,PE,LOCAL,79.9,22.507,,3.55,True,keep,heuristic_default [precio_usd fuera de rango 1–20],4.2621,False,median_category_country,4.059150000000001,4.059150000000001,2976,True
543,6,Desconocido,PE,13,azucar,azucar,False,¡Aún no eres Wong Prime!,Aprovecha el,2 kg,PE,LOCAL,79.9,22.507,,3.55,True,keep,heuristic_default [precio_usd fuera de rango 1–20],4.4651,False,median_category_country,4.059150000000001,4.059150000000001,2977,True
544,6,Desconocido,PE,13,azucar,azucar,False,¡Aún no eres Wong Prime!,Aprovecha el,1kg,PE,LOCAL,79.9,22.507,,3.55,True,keep,heuristic_default [precio_usd fuera de rango 1–20],3.6532,False,median_category_country,4.059150000000001,4.059150000000001,2978,True
544,6,Desconocido,PE,13,azucar,azucar,False,¡Aún no eres Wong Prime!,Aprovecha el,1kg,PE,LOCAL,79.9,22.507,,3.55,True,keep,heuristic_default [precio_usd fuera de rango 1–20],3.8562,False,median_category_country,4.059150000000001,4.059150000000001,2979,True
544,6,Desconocido,PE,13,azucar,azucar,False,¡Aún no eres Wong Prime!,Aprovecha el,1kg,PE,LOCAL,79.9,22.507,,3.55,True,keep,heuristic_default [precio_usd fuera de rango 1–20],4.2621,False,median_category_country,4.059150000000001,4.059150000000001,2980,True
544,6,Desconocido,PE,13,azucar,azucar,False,¡Aún no eres Wong Prime!,Aprovecha el,1kg,PE,LOCAL,79.9,22.507,,3.55,True,keep,heuristic_default [precio_usd fuera de rango 1–20],4.4651,False,median_category_country,4.059150000000001,4.059150000000001,2981,True
545,6,Desconocido,PE,13,azucar,azucar,False,¡Aún no eres Wong Prime!,Aprovecha el,770g,PE,LOCAL,79.9,22.507,,3.55,True,keep,heuristic_default [precio_usd fuera de rango 1–20],3.6532,False,median_category_country,4.059150000000001,4.059150000000001,2982,True
545,6,Desconocido,PE,13,azucar,azucar,False,¡Aún no eres Wong Prime!,Aprovecha el,770g,PE,LOCAL,79.9,22.507,,3.55,True,keep,heuristic_default [precio_usd fuera de rango 1–20],3.8562,False,median_category_country,4.059150000000001,4.059150000000001,2983,True
545,6,Desconocido,PE,13,azucar,azucar,False,¡Aún no eres Wong Prime!,Aprovecha el,770g,PE,LOCAL,79.9,22.507,,3.55,True,keep,heuristic_default [precio_usd fuera de rango 1–20],4.2621,False,median_category_country,4.059150000000001,4.059150000000001,2984,True
545,6,Desconocido,PE,13,azucar,azucar,False,¡Aún no eres Wong Prime!,Aprovecha el,770g,PE,LOCAL,79.9,22.507,,3.55,True,keep,heuristic_default [precio_usd fuera de rango 1–20],4.4651,False,median_category_country,4.059150000000001,4.059150000000001,2985,True
546,6,Desconocido,PE,17,leche,leche,False,¡Aún no eres Wong Prime!,Aprovecha el,360 g,PE,LOCAL,79.9,22.507,,3.55,True,keep,heuristic_default [precio_usd fuera de rango 1–20],2.7634,False,median_category_country,3.0704,3.0704,2986,True
546,6,Desconocido,PE,17,leche,leche,False,¡Aún no eres Wong Prime!,Aprovecha el,360 g,PE,LOCAL,79.9,22.507,,3.55,True,keep,heuristic_default [precio_usd fuera de rango 1–20],2.9169,False,median_category_country,3.0704,3.0704,2987,True
546,6,Desconocido,PE,17,leche,leche,False,¡Aún no eres Wong Prime!,Aprovecha el,360 g,PE,LOCAL,79.9,22.507,,3.55,True,keep,heuristic_default [precio_usd fuera de rango 1–20],3.2239,False,median_category_country,3.0704,3.0704,2988,True
546,6,Desconocido,PE,17,leche,leche,False,¡Aún no eres Wong Prime!,Aprovecha el,360 g,PE,LOCAL,79.9,22.507,,3.55,True,keep,heuristic_default [precio_usd fuera de rango 1–20],3.3774,False,median_category_country,3.0704,3.0704,2989,True
547,6,Desconocido,PE,13,azucar,azucar,False,¡Aún no eres Wong Prime!,Aprovecha el,300g,PE,LOCAL,79.9,22.507,,3.55,True,keep,heuristic_default [precio_usd fuera de rango 1–20],3.6532,False,median_category_country,4.059150000000001,4.059150000000001,2990,True
547,6,Desconocido,PE,13,azucar,azucar,False,¡Aún no eres Wong Prime!,Aprovecha el,300g,PE,LOCAL,79.9,22.507,,3.55,True,keep,heuristic_default [precio_usd fuera de rango 1–20],3.8562,False,median_category_country,4.059150000000001,4.059150000000001,2991,True
547,6,Desconocido,PE,13,azucar,azucar,False,¡Aún no eres Wong Prime!,Aprovecha el,300g,PE,LOCAL,79.9,22.507,,3.55,True,keep,heuristic_default [precio_usd fuera de rango 1–20],4.2621,False,median_category_country,4.059150000000001,4.059150000000001,2992,True
547,6,Desconocido,PE,13,azucar,azucar,False,¡Aún no eres Wong Prime!,Aprovecha el,300g,PE,LOCAL,79.9,22.507,,3.55,True,keep,heuristic_default [precio_usd fuera de rango 1–20],4.4651,False,median_category_country,4.059150000000001,4.059150000000001,2993,True
548,6,Desconocido,PE,1,azucar,sin_categoria,True,¡Aún no eres Wong Prime!,Aprovecha el,400g,PE,LOCAL,79.9,22.507,,3.55,True,keep_imputed,no_category_detected [precio_usd fuera de rango 1–20],4.2896,False,median_category_country,4.7662,4.7662,2994,True
548,6,Desconocido,PE,1,azucar,sin_categoria,True,¡Aún no eres Wong Prime!,Aprovecha el,400g,PE,LOCAL,79.9,22.507,,3.55,True,keep_imputed,no_category_detected [precio_usd fuera de rango 1–20],4.5279,False,median_category_country,4.7662,4.7662,2995,True
548,6,Desconocido,PE,1,azucar,sin_categoria,True,¡Aún no eres Wong Prime!,Aprovecha el,400g,PE,LOCAL,79.9,22.507,,3.55,True,keep_imputed,no_category_detected [precio_usd fuera de rango 1–20],5.0045,False,median_category_country,4.7662,4.7662,2996,True
548,6,Desconocido,PE,1,azucar,sin_categoria,True,¡Aún no eres Wong Prime!,Aprovecha el,400g,PE,LOCAL,79.9,22.507,,3.55,True,keep_imputed,no_category_detected [precio_usd fuera de rango 1–20],5.2428,False,median_category_country,4.7662,4.7662,2997,True
549,6,Desconocido,PE,15,pan,pan,False,¡Aún no eres Wong Prime!,Aprovecha el,560 g,PE,LOCAL,79.9,22.507,,3.55,True,keep,heuristic_default [precio_usd fuera de rango 1–20],4.1831,False,median_category_country,4.6479,4.6479,2998,True
549,6,Desconocido,PE,15,pan,pan,False,¡Aún no eres Wong Prime!,Aprovecha el,560 g,PE,LOCAL,79.9,22.507,,3.55,True,keep,heuristic_default [precio_usd fuera de rango 1–20],4.4155,False,median_category_country,4.6479,4.6479,2999,True
549,6,Desconocido,PE,15,pan,pan,False,¡Aún no eres Wong Prime!,Aprovecha el,560 g,PE,LOCAL,79.9,22.507,,3.55,True,keep,heuristic_default [precio_usd fuera de rango 1–20],4.8803,False,median_category_country,4.6479,4.6479,3000,True
549,6,Desconocido,PE,15,pan,pan,False,¡Aún no eres Wong Prime!,Aprovecha el,560 g,PE,LOCAL,79.9,22.507,,3.55,True,keep,heuristic_default [precio_usd fuera de rango 1–20],5.1127,False,median_category_country,4.6479,4.6479,3001,True
550,6,Desconocido,PE,18,huevo,huevo,False,¡Aún no eres Wong Prime!,Aprovecha el,950g,PE,LOCAL,79.9,22.507,,3.55,True,keep,heuristic_default [precio_usd fuera de rango 1–20],3.7395,False,median_category_country,4.15495,4.15495,3002,True
550,6,Desconocido,PE,18,huevo,huevo,False,¡Aún no eres Wong Prime!,Aprovecha el,950g,PE,LOCAL,79.9,22.507,,3.55,True,keep,heuristic_default [precio_usd fuera de rango 1–20],3.9472,False,median_category_country,4.15495,4.15495,3003,True
550,6,Desconocido,PE,18,huevo,huevo,False,¡Aún no eres Wong Prime!,Aprovecha el,950g,PE,LOCAL,79.9,22.507,,3.55,True,keep,heuristic_default [precio_usd fuera de rango 1–20],4.3627,False,median_category_country,4.15495,4.15495,3004,True
550,6,Desconocido,PE,18,huevo,huevo,False,¡Aún no eres Wong Prime!,Aprovecha el,950g,PE,LOCAL,79.9,22.507,,3.55,True,keep,heuristic_default [precio_usd fuera de rango 1–20],4.5704,False,median_category_country,4.15495,4.15495,3005,True
551,6,Desconocido,PE,18,huevo,huevo,False,¡Aún no eres Wong Prime!,Aprovecha el,400 g,PE,LOCAL,79.9,22.507,,3.55,True,keep_imputed,heuristic_default [precio_usd fuera de rango 1–20],3.7395,False,median_category_country,4.15495,4.15495,3006,True
551,6,Desconocido,PE,18,huevo,huevo,False,¡Aún no eres Wong Prime!,Aprovecha el,400 g,PE,LOCAL,79.9,22.507,,3.55,True,keep_imputed,heuristic_default [precio_usd fuera de rango 1–20],3.9472,False,median_category_country,4.15495,4.15495,3007,True
551,6,Desconocido,PE,18,huevo,huevo,False,¡Aún no eres Wong Prime!,Aprovecha el,400 g,PE,LOCAL,79.9,22.507,,3.55,True,keep_imputed,heuristic_default [precio_usd fuera de rango 1–20],4.3627,False,median_category_country,4.15495,4.15495,3008,True
551,6,Desconocido,PE,18,huevo,huevo,False,¡Aún no eres Wong Prime!,Aprovecha el,400 g,PE,LOCAL,79.9,22.507,,3.55,True,keep_imputed,heuristic_default [precio_usd fuera de rango 1–20],4.5704,False,median_category_country,4.15495,4.15495,3009,True
552,6,Desconocido,PE,1,azucar,sin_categoria,True,¡Aún no eres Wong Prime!,Aprovecha el,500 g,PE,LOCAL,79.9,22.507,,3.55,True,keep_imputed,no_category_detected [precio_usd fuera de rango 1–20],4.2896,False,median_category_country,4.7662,4.7662,3010,True
552,6,Desconocido,PE,1,azucar,sin_categoria,True,¡Aún no eres Wong Prime!,Aprovecha el,500 g,PE,LOCAL,79.9,22.507,,3.55,True,keep_imputed,no_category_detected [precio_usd fuera de rango 1–20],4.5279,False,median_category_country,4.7662,4.7662,3011,True
552,6,Desconocido,PE,1,azucar,sin_categoria,True,¡Aún no eres Wong Prime!,Aprovecha el,500 g,PE,LOCAL,79.9,22.507,,3.55,True,keep_imputed,no_category_detected [precio_usd fuera de rango 1–20],5.0045,False,median_category_country,4.7662,4.7662,3012,True
552,6,Desconocido,PE,1,azucar,sin_categoria,True,¡Aún no eres Wong Prime!,Aprovecha el,500 g,PE,LOCAL,79.9,22.507,,3.55,True,keep_imputed,no_category_detected [precio_usd fuera de rango 1–20],5.2428,False,median_category_country,4.7662,4.7662,3013,True
553,6,Desconocido,PE,24,atun,atun,False,¡Aún no eres Wong Prime!,Aprovecha el,150g,PE,LOCAL,79.9,22.507,,3.55,True,keep,heuristic_default [precio_usd fuera de rango 1–20],1.6225,False,median_category_country,1.8028,1.8028,3014,True
553,6,Desconocido,PE,24,atun,atun,False,¡Aún no eres Wong Prime!,Aprovecha el,150g,PE,LOCAL,79.9,22.507,,3.55,True,keep,heuristic_default [precio_usd fuera de rango 1–20],1.7127,False,median_category_country,1.8028,1.8028,3015,True
553,6,Desconocido,PE,24,atun,atun,False,¡Aún no eres Wong Prime!,Aprovecha el,150g,PE,LOCAL,79.9,22.507,,3.55,True,keep,heuristic_default [precio_usd fuera de rango 1–20],1.8929,False,median_category_country,1.8028,1.8028,3016,True
553,6,Desconocido,PE,24,atun,atun,False,¡Aún no eres Wong Prime!,Aprovecha el,150g,PE,LOCAL,79.9,22.507,,3.55,True,keep,heuristic_default [precio_usd fuera de rango 1–20],1.9831,False,median_category_country,1.8028,1.8028,3017,True
554,6,Desconocido,PE,1,azucar,sin_categoria,True,¡Aún no eres Wong Prime!,Aprovecha el,140g,PE,LOCAL,79.9,22.507,,3.55,True,keep,heuristic_default [precio_usd fuera de rango 1–20],4.2896,False,median_category_country,4.7662,4.7662,3018,True
554,6,Desconocido,PE,1,azucar,sin_categoria,True,¡Aún no eres Wong Prime!,Aprovecha el,140g,PE,LOCAL,79.9,22.507,,3.55,True,keep,heuristic_default [precio_usd fuera de rango 1–20],4.5279,False,median_category_country,4.7662,4.7662,3019,True
554,6,Desconocido,PE,1,azucar,sin_categoria,True,¡Aún no eres Wong Prime!,Aprovecha el,140g,PE,LOCAL,79.9,22.507,,3.55,True,keep,heuristic_default [precio_usd fuera de rango 1–20],5.0045,False,median_category_country,4.7662,4.7662,3020,True
554,6,Desconocido,PE,1,azucar,sin_categoria,True,¡Aún no eres Wong Prime!,Aprovecha el,140g,PE,LOCAL,79.9,22.507,,3.55,True,keep,heuristic_default [precio_usd fuera de rango 1–20],5.2428,False,median_category_country,4.7662,4.7662,3021,True
555,1,Desconocido,UNKNOWN,24,atun,atun,False,¡Lo mejor te está esperando!,Descarga la app,2 Kg,UNKNOWN,LOCAL,74.9,74.9,,1.0,True,keep,heuristic_default [precio_usd fuera de rango 1–20],2.5965,False,global_median,,2.885,3022,True
555,1,Desconocido,UNKNOWN,24,atun,atun,False,¡Lo mejor te está esperando!,Descarga la app,2 Kg,UNKNOWN,LOCAL,74.9,74.9,,1.0,True,keep,heuristic_default [precio_usd fuera de rango 1–20],2.7407,False,global_median,,2.885,3023,True
555,1,Desconocido,UNKNOWN,24,atun,atun,False,¡Lo mejor te está esperando!,Descarga la app,2 Kg,UNKNOWN,LOCAL,74.9,74.9,,1.0,True,keep,heuristic_default [precio_usd fuera de rango 1–20],3.0292,False,global_median,,2.885,3024,True
555,1,Desconocido,UNKNOWN,24,atun,atun,False,¡Lo mejor te está esperando!,Descarga la app,2 Kg,UNKNOWN,LOCAL,74.9,74.9,,1.0,True,keep,heuristic_default [precio_usd fuera de rango 1–20],3.1735,False,global_median,,2.885,3025,True
556,1,Desconocido,UNKNOWN,10,arroz,arroz,False,¡Lo mejor te está esperando!,Descarga la app,907 G,UNKNOWN,LOCAL,23.9,23.9,,1.0,True,keep,heuristic_default [precio_usd fuera de rango 1–20],1.431,False,median_category_country,1.59,1.59,3026,True
556,1,Desconocido,UNKNOWN,10,arroz,arroz,False,¡Lo mejor te está esperando!,Descarga la app,907 G,UNKNOWN,LOCAL,23.9,23.9,,1.0,True,keep,heuristic_default [precio_usd fuera de rango 1–20],1.5105,False,median_category_country,1.59,1.59,3027,True
556,1,Desconocido,UNKNOWN,10,arroz,arroz,False,¡Lo mejor te está esperando!,Descarga la app,907 G,UNKNOWN,LOCAL,23.9,23.9,,1.0,True,keep,heuristic_default [precio_usd fuera de rango 1–20],1.6695,False,median_category_country,1.59,1.59,3028,True
556,1,Desconocido,UNKNOWN,10,arroz,arroz,False,¡Lo mejor te está esperando!,Descarga la app,907 G,UNKNOWN,LOCAL,23.9,23.9,,1.0,True,keep,heuristic_default [precio_usd fuera de rango 1–20],1.749,False,median_category_country,1.59,1.59,3029,True
557,1,Desconocido,UNKNOWN,24,atun,atun,False,¡Lo mejor te está esperando!,Descarga la app,906 G,UNKNOWN,LOCAL,23.9,23.9,,1.0,True,keep,heuristic_default [precio_usd fuera de rango 1–20],2.5965,False,global_median,,2.885,3030,True
557,1,Desconocido,UNKNOWN,24,atun,atun,False,¡Lo mejor te está esperando!,Descarga la app,906 G,UNKNOWN,LOCAL,23.9,23.9,,1.0,True,keep,heuristic_default [precio_usd fuera de rango 1–20],2.7407,False,global_median,,2.885,3031,True
557,1,Desconocido,UNKNOWN,24,atun,atun,False,¡Lo mejor te está esperando!,Descarga la app,906 G,UNKNOWN,LOCAL,23.9,23.9,,1.0,True,keep,heuristic_default [precio_usd fuera de rango 1–20],3.0292,False,global_median,,2.885,3032,True
557,1,Desconocido,UNKNOWN,24,atun,atun,False,¡Lo mejor te está esperando!,Descarga la app,906 G,UNKNOWN,LOCAL,23.9,23.9,,1.0,True,keep,heuristic_default [precio_usd fuera de rango 1–20],3.1735,False,global_median,,2.885,3033,True
558,1,Desconocido,UNKNOWN,24,atun,atun,False,¡Lo mejor te está esperando!,Descarga la app,155 G,UNKNOWN,LOCAL,39.9,39.9,,1.0,True,keep,heuristic_default [precio_usd fuera de rango 1–20],2.5965,False,global_median,,2.885,3034,True
558,1,Desconocido,UNKNOWN,24,atun,atun,False,¡Lo mejor te está esperando!,Descarga la app,155 G,UNKNOWN,LOCAL,39.9,39.9,,1.0,True,keep,heuristic_default [precio_usd fuera de rango 1–20],2.7407,False,global_median,,2.885,3035,True
558,1,Desconocido,UNKNOWN,24,atun,atun,False,¡Lo mejor te está esperando!,Descarga la app,155 G,UNKNOWN,LOCAL,39.9,39.9,,1.0,True,keep,heuristic_default [precio_usd fuera de rango 1–20],3.0292,False,global_median,,2.885,3036,True
558,1,Desconocido,UNKNOWN,24,atun,atun,False,¡Lo mejor te está esperando!,Descarga la app,155 G,UNKNOWN,LOCAL,39.9,39.9,,1.0,True,keep,heuristic_default [precio_usd fuera de rango 1–20],3.1735,False,global_median,,2.885,3037,True
559,1,Desconocido,UNKNOWN,7,aceite vegetal,aceite vegetal,False,¡Lo mejor te está esperando!,Descarga la app,800 Ml,UNKNOWN,LOCAL,29.9,29.9,,1.0,True,keep,heuristic_default [precio_usd fuera de rango 1–20],3.591,False,median_category_country,3.99,3.99,3038,True
559,1,Desconocido,UNKNOWN,7,aceite vegetal,aceite vegetal,False,¡Lo mejor te está esperando!,Descarga la app,800 Ml,UNKNOWN,LOCAL,29.9,29.9,,1.0,True,keep,heuristic_default [precio_usd fuera de rango 1–20],3.7905,False,median_category_country,3.99,3.99,3039,True
559,1,Desconocido,UNKNOWN,7,aceite vegetal,aceite vegetal,False,¡Lo mejor te está esperando!,Descarga la app,800 Ml,UNKNOWN,LOCAL,29.9,29.9,,1.0,True,keep,heuristic_default [precio_usd fuera de rango 1–20],4.1895,False,median_category_country,3.99,3.99,3040,True
559,1,Desconocido,UNKNOWN,7,aceite vegetal,aceite vegetal,False,¡Lo mejor te está esperando!,Descarga la app,800 Ml,UNKNOWN,LOCAL,29.9,29.9,,1.0,True,keep,heuristic_default [precio_usd fuera de rango 1–20],4.389,False,median_category_country,3.99,3.99,3041,True
560,1,Desconocido,UNKNOWN,7,aceite vegetal,aceite vegetal,False,¡Lo mejor te está esperando!,Descarga la app,400 Ml,UNKNOWN,LOCAL,25.9,25.9,,1.0,True,keep,heuristic_default [precio_usd fuera de rango 1–20],3.591,False,median_category_country,3.99,3.99,3042,True
560,1,Desconocido,UNKNOWN,7,aceite vegetal,aceite vegetal,False,¡Lo mejor te está esperando!,Descarga la app,400 Ml,UNKNOWN,LOCAL,25.9,25.9,,1.0,True,keep,heuristic_default [precio_usd fuera de rango 1–20],3.7905,False,median_category_country,3.99,3.99,3043,True
560,1,Desconocido,UNKNOWN,7,aceite vegetal,aceite vegetal,False,¡Lo mejor te está esperando!,Descarga la app,400 Ml,UNKNOWN,LOCAL,25.9,25.9,,1.0,True,keep,heuristic_default [precio_usd fuera de rango 1–20],4.1895,False,median_category_country,3.99,3.99,3044,True
560,1,Desconocido,UNKNOWN,7,aceite vegetal,aceite vegetal,False,¡Lo mejor te está esperando!,Descarga la app,400 Ml,UNKNOWN,LOCAL,25.9,25.9,,1.0,True,keep,heuristic_default [precio_usd fuera de rango 1–20],4.389,False,median_category_country,3.99,3.99,3045,True
561,1,Desconocido,UNKNOWN,7,aceite vegetal,aceite vegetal,False,¡Lo mejor te está esperando!,Descarga la app,850 Ml,UNKNOWN,LOCAL,37.9,37.9,,1.0,True,keep,heuristic_default [precio_usd fuera de rango 1–20],3.591,False,median_category_country,3.99,3.99,3046,True
561,1,Desconocido,UNKNOWN,7,aceite vegetal,aceite vegetal,False,¡Lo mejor te está esperando!,Descarga la app,850 Ml,UNKNOWN,LOCAL,37.9,37.9,,1.0,True,keep,heuristic_default [precio_usd fuera de rango 1–20],3.7905,False,median_category_country,3.99,3.99,3047,True
561,1,Desconocido,UNKNOWN,7,aceite vegetal,aceite vegetal,False,¡Lo mejor te está esperando!,Descarga la app,850 Ml,UNKNOWN,LOCAL,37.9,37.9,,1.0,True,keep,heuristic_default [precio_usd fuera de rango 1–20],4.1895,False,median_category_country,3.99,3.99,3048,True
561,1,Desconocido,UNKNOWN,7,aceite vegetal,aceite vegetal,False,¡Lo mejor te está esperando!,Descarga la app,850 Ml,UNKNOWN,LOCAL,37.9,37.9,,1.0,True,keep,heuristic_default [precio_usd fuera de rango 1–20],4.389,False,median_category_country,3.99,3.99,3049,True
562,1,Desconocido,UNKNOWN,5,leche,sin_categoria,True,¡Lo mejor te está esperando!,Descarga la app,,UNKNOWN,LOCAL,234.19,234.1938,,1.0,True,keep_imputed,no_category_detected;price_parse_failed [precio_usd fuera de rango 1–20],3.3345,False,median_category_country,3.705,3.705,3050,True
562,1,Desconocido,UNKNOWN,5,leche,sin_categoria,True,¡Lo mejor te está esperando!,Descarga la app,,UNKNOWN,LOCAL,234.19,234.1938,,1.0,True,keep_imputed,no_category_detected;price_parse_failed [precio_usd fuera de rango 1–20],3.5197,False,median_category_country,3.705,3.705,3051,True
562,1,Desconocido,UNKNOWN,5,leche,sin_categoria,True,¡Lo mejor te está esperando!,Descarga la app,,UNKNOWN,LOCAL,234.19,234.1938,,1.0,True,keep_imputed,no_category_detected;price_parse_failed [precio_usd fuera de rango 1–20],3.8903,False,median_category_country,3.705,3.705,3052,True
562,1,Desconocido,UNKNOWN,5,leche,sin_categoria,True,¡Lo mejor te está esperando!,Descarga la app,,UNKNOWN,LOCAL,234.19,234.1938,,1.0,True,keep_imputed,no_category_detected;price_parse_failed [precio_usd fuera de rango 1–20],4.0755,False,median_category_country,3.705,3.705,3053,True
563,1,Desconocido,UNKNOWN,17,leche,leche,False,¡Lo mejor te está esperando!,Descarga la app,1 Lt,UNKNOWN,LOCAL,30.9,30.9,,1.0,True,keep,heuristic_default [precio_usd fuera de rango 1–20],0.999,False,median_category_country,1.11,1.11,3054,True
563,1,Desconocido,UNKNOWN,17,leche,leche,False,¡Lo mejor te está esperando!,Descarga la app,1 Lt,UNKNOWN,LOCAL,30.9,30.9,,1.0,True,keep,heuristic_default [precio_usd fuera de rango 1–20],1.0545,False,median_category_country,1.11,1.11,3055,True
563,1,Desconocido,UNKNOWN,17,leche,leche,False,¡Lo mejor te está esperando!,Descarga la app,1 Lt,UNKNOWN,LOCAL,30.9,30.9,,1.0,True,keep,heuristic_default [precio_usd fuera de rango 1–20],1.1655,False,median_category_country,1.11,1.11,3056,True
563,1,Desconocido,UNKNOWN,17,leche,leche,False,¡Lo mejor te está esperando!,Descarga la app,1 Lt,UNKNOWN,LOCAL,30.9,30.9,,1.0,True,keep,heuristic_default [precio_usd fuera de rango 1–20],1.221,False,median_category_country,1.11,1.11,3057,True
564,1,Desconocido,UNKNOWN,15,pan,pan,False,¡Lo mejor te está esperando!,Descarga la app,680 G,UNKNOWN,LOCAL,44.9,44.9,,1.0,True,keep,heuristic_default [precio_usd fuera de rango 1–20],2.241,False,median_category_country,2.49,2.49,3058,True
564,1,Desconocido,UNKNOWN,15,pan,pan,False,¡Lo mejor te está esperando!,Descarga la app,680 G,UNKNOWN,LOCAL,44.9,44.9,,1.0,True,keep,heuristic_default [precio_usd fuera de rango 1–20],2.3655,False,median_category_country,2.49,2.49,3059,True
564,1,Desconocido,UNKNOWN,15,pan,pan,False,¡Lo mejor te está esperando!,Descarga la app,680 G,UNKNOWN,LOCAL,44.9,44.9,,1.0,True,keep,heuristic_default [precio_usd fuera de rango 1–20],2.6145,False,median_category_country,2.49,2.49,3060,True
564,1,Desconocido,UNKNOWN,15,pan,pan,False,¡Lo mejor te está esperando!,Descarga la app,680 G,UNKNOWN,LOCAL,44.9,44.9,,1.0,True,keep,heuristic_default [precio_usd fuera de rango 1–20],2.739,False,median_category_country,2.49,2.49,3061,True
565,1,Desconocido,UNKNOWN,15,pan,pan,False,¡Lo mejor te está esperando!,Descarga la app,624 G,UNKNOWN,LOCAL,62.9,62.9,,1.0,True,keep,heuristic_default [precio_usd fuera de rango 1–20],2.241,False,median_category_country,2.49,2.49,3062,True
565,1,Desconocido,UNKNOWN,15,pan,pan,False,¡Lo mejor te está esperando!,Descarga la app,624 G,UNKNOWN,LOCAL,62.9,62.9,,1.0,True,keep,heuristic_default [precio_usd fuera de rango 1–20],2.3655,False,median_category_country,2.49,2.49,3063,True
565,1,Desconocido,UNKNOWN,15,pan,pan,False,¡Lo mejor te está esperando!,Descarga la app,624 G,UNKNOWN,LOCAL,62.9,62.9,,1.0,True,keep,heuristic_default [precio_usd fuera de rango 1–20],2.6145,False,median_category_country,2.49,2.49,3064,True
565,1,Desconocido,UNKNOWN,15,pan,pan,False,¡Lo mejor te está esperando!,Descarga la app,624 G,UNKNOWN,LOCAL,62.9,62.9,,1.0,True,keep,heuristic_default [precio_usd fuera de rango 1–20],2.739,False,median_category_country,2.49,2.49,3065,True
566,1,Desconocido,UNKNOWN,15,pan,pan,False,¡Lo mejor te está esperando!,Descarga la app,620 G,UNKNOWN,LOCAL,54.9,54.9,,1.0,True,keep,heuristic_default [precio_usd fuera de rango 1–20],2.241,False,median_category_country,2.49,2.49,3066,True
566,1,Desconocido,UNKNOWN,15,pan,pan,False,¡Lo mejor te está esperando!,Descarga la app,620 G,UNKNOWN,LOCAL,54.9,54.9,,1.0,True,keep,heuristic_default [precio_usd fuera de rango 1–20],2.3655,False,median_category_country,2.49,2.49,3067,True
566,1,Desconocido,UNKNOWN,15,pan,pan,False,¡Lo mejor te está esperando!,Descarga la app,620 G,UNKNOWN,LOCAL,54.9,54.9,,1.0,True,keep,heuristic_default [precio_usd fuera de rango 1–20],2.6145,False,median_category_country,2.49,2.49,3068,True
566,1,Desconocido,UNKNOWN,15,pan,pan,False,¡Lo mejor te está esperando!,Descarga la app,620 G,UNKNOWN,LOCAL,54.9,54.9,,1.0,True,keep,heuristic_default [precio_usd fuera de rango 1–20],2.739,False,median_category_country,2.49,2.49,3069,True
567,1,Desconocido,UNKNOWN,13,azucar,azucar,False,¡Lo mejor te está esperando!,Descarga la app,1 Kg,UNKNOWN,LOCAL,21.9,21.9,,1.0,True,keep,heuristic_default [precio_usd fuera de rango 1–20],2.493,False,median_category_country,2.77,2.77,3070,True
567,1,Desconocido,UNKNOWN,13,azucar,azucar,False,¡Lo mejor te está esperando!,Descarga la app,1 Kg,UNKNOWN,LOCAL,21.9,21.9,,1.0,True,keep,heuristic_default [precio_usd fuera de rango 1–20],2.6315,False,median_category_country,2.77,2.77,3071,True
567,1,Desconocido,UNKNOWN,13,azucar,azucar,False,¡Lo mejor te está esperando!,Descarga la app,1 Kg,UNKNOWN,LOCAL,21.9,21.9,,1.0,True,keep,heuristic_default [precio_usd fuera de rango 1–20],2.9085,False,median_category_country,2.77,2.77,3072,True
567,1,Desconocido,UNKNOWN,13,azucar,azucar,False,¡Lo mejor te está esperando!,Descarga la app,1 Kg,UNKNOWN,LOCAL,21.9,21.9,,1.0,True,keep,heuristic_default [precio_usd fuera de rango 1–20],3.047,False,median_category_country,2.77,2.77,3073,True
568,1,Desconocido,UNKNOWN,14,cafe,cafe,False,¡Lo mejor te está esperando!,Descarga la app,100 G,UNKNOWN,LOCAL,69.9,69.9,,1.0,True,keep,heuristic_default [precio_usd fuera de rango 1–20],5.58,False,median_category_country,6.2,6.2,3074,True
568,1,Desconocido,UNKNOWN,14,cafe,cafe,False,¡Lo mejor te está esperando!,Descarga la app,100 G,UNKNOWN,LOCAL,69.9,69.9,,1.0,True,keep,heuristic_default [precio_usd fuera de rango 1–20],5.89,False,median_category_country,6.2,6.2,3075,True
568,1,Desconocido,UNKNOWN,14,cafe,cafe,False,¡Lo mejor te está esperando!,Descarga la app,100 G,UNKNOWN,LOCAL,69.9,69.9,,1.0,True,keep,heuristic_default [precio_usd fuera de rango 1–20],6.51,False,median_category_country,6.2,6.2,3076,True
568,1,Desconocido,UNKNOWN,14,cafe,cafe,False,¡Lo mejor te está esperando!,Descarga la app,100 G,UNKNOWN,LOCAL,69.9,69.9,,1.0,True,keep,heuristic_default [precio_usd fuera de rango 1–20],6.82,False,median_category_country,6.2,6.2,3077,True
569,1,Desconocido,UNKNOWN,14,cafe,cafe,False,¡Lo mejor te está esperando!,Descarga la app,200 G,UNKNOWN,LOCAL,149.9,149.9,,1.0,True,keep,heuristic_default [precio_usd fuera de rango 1–20],5.58,False,median_category_country,6.2,6.2,3078,True
569,1,Desconocido,UNKNOWN,14,cafe,cafe,False,¡Lo mejor te está esperando!,Descarga la app,200 G,UNKNOWN,LOCAL,149.9,149.9,,1.0,True,keep,heuristic_default [precio_usd fuera de rango 1–20],5.89,False,median_category_country,6.2,6.2,3079,True
569,1,Desconocido,UNKNOWN,14,cafe,cafe,False,¡Lo mejor te está esperando!,Descarga la app,200 G,UNKNOWN,LOCAL,149.9,149.9,,1.0,True,keep,heuristic_default [precio_usd fuera de rango 1–20],6.51,False,median_category_country,6.2,6.2,3080,True
569,1,Desconocido,UNKNOWN,14,cafe,cafe,False,¡Lo mejor te está esperando!,Descarga la app,200 G,UNKNOWN,LOCAL,149.9,149.9,,1.0,True,keep,heuristic_default [precio_usd fuera de rango 1–20],6.82,False,median_category_country,6.2,6.2,3081,True
570,1,Desconocido,UNKNOWN,14,cafe,cafe,False,¡Lo mejor te está esperando!,Descarga la app,226 G,UNKNOWN,LOCAL,224.9,224.9,,1.0,True,keep,heuristic_default [precio_usd fuera de rango 1–20],5.58,False,median_category_country,6.2,6.2,3082,True
570,1,Desconocido,UNKNOWN,14,cafe,cafe,False,¡Lo mejor te está esperando!,Descarga la app,226 G,UNKNOWN,LOCAL,224.9,224.9,,1.0,True,keep,heuristic_default [precio_usd fuera de rango 1–20],5.89,False,median_category_country,6.2,6.2,3083,True
570,1,Desconocido,UNKNOWN,14,cafe,cafe,False,¡Lo mejor te está esperando!,Descarga la app,226 G,UNKNOWN,LOCAL,224.9,224.9,,1.0,True,keep,heuristic_default [precio_usd fuera de rango 1–20],6.51,False,median_category_country,6.2,6.2,3084,True
570,1,Desconocido,UNKNOWN,14,cafe,cafe,False,¡Lo mejor te está esperando!,Descarga la app,226 G,UNKNOWN,LOCAL,224.9,224.9,,1.0,True,keep,heuristic_default [precio_usd fuera de rango 1–20],6.82,False,median_category_country,6.2,6.2,3085,True
571,1,Desconocido,UNKNOWN,14,cafe,cafe,False,¡Lo mejor te está esperando!,Descarga la app,250 Gr,UNKNOWN,LOCAL,114.9,114.9,,1.0,True,keep,heuristic_default [precio_usd fuera de rango 1–20],5.58,False,median_category_country,6.2,6.2,3086,True
571,1,Desconocido,UNKNOWN,14,cafe,cafe,False,¡Lo mejor te está esperando!,Descarga la app,250 Gr,UNKNOWN,LOCAL,114.9,114.9,,1.0,True,keep,heuristic_default [precio_usd fuera de rango 1–20],5.89,False,median_category_country,6.2,6.2,3087,True
571,1,Desconocido,UNKNOWN,14,cafe,cafe,False,¡Lo mejor te está esperando!,Descarga la app,250 Gr,UNKNOWN,LOCAL,114.9,114.9,,1.0,True,keep,heuristic_default [precio_usd fuera de rango 1–20],6.51,False,median_category_country,6.2,6.2,3088,True
571,1,Desconocido,UNKNOWN,14,cafe,cafe,False,¡Lo mejor te está esperando!,Descarga la app,250 Gr,UNKNOWN,LOCAL,114.9,114.9,,1.0,True,keep,heuristic_default [precio_usd fuera de rango 1–20],6.82,False,median_category_country,6.2,6.2,3089,True
572,1,Desconocido,UNKNOWN,17,leche,leche,False,¡Lo mejor te está esperando!,Descarga la app,30 piezas,UNKNOWN,LOCAL,98.9,98.9,,1.0,True,keep,heuristic_default [precio_usd fuera de rango 1–20],0.999,False,median_category_country,1.11,1.11,3090,True
572,1,Desconocido,UNKNOWN,17,leche,leche,False,¡Lo mejor te está esperando!,Descarga la app,30 piezas,UNKNOWN,LOCAL,98.9,98.9,,1.0,True,keep,heuristic_default [precio_usd fuera de rango 1–20],1.0545,False,median_category_country,1.11,1.11,3091,True
572,1,Desconocido,UNKNOWN,17,leche,leche,False,¡Lo mejor te está esperando!,Descarga la app,30 piezas,UNKNOWN,LOCAL,98.9,98.9,,1.0,True,keep,heuristic_default [precio_usd fuera de rango 1–20],1.1655,False,median_category_country,1.11,1.11,3092,True
572,1,Desconocido,UNKNOWN,17,leche,leche,False,¡Lo mejor te está esperando!,Descarga la app,30 piezas,UNKNOWN,LOCAL,98.9,98.9,,1.0,True,keep,heuristic_default [precio_usd fuera de rango 1–20],1.221,False,median_category_country,1.11,1.11,3093,True
573,1,Desconocido,UNKNOWN,17,leche,leche,False,¡Lo mejor te está esperando!,Descarga la app,30 unidades,UNKNOWN,LOCAL,91.9,91.9,,1.0,True,keep,heuristic_default [precio_usd fuera de rango 1–20],0.999,False,median_category_country,1.11,1.11,3094,True
573,1,Desconocido,UNKNOWN,17,leche,leche,False,¡Lo mejor te está esperando!,Descarga la app,30 unidades,UNKNOWN,LOCAL,91.9,91.9,,1.0,True,keep,heuristic_default [precio_usd fuera de rango 1–20],1.0545,False,median_category_country,1.11,1.11,3095,True
573,1,Desconocido,UNKNOWN,17,leche,leche,False,¡Lo mejor te está esperando!,Descarga la app,30 unidades,UNKNOWN,LOCAL,91.9,91.9,,1.0,True,keep,heuristic_default [precio_usd fuera de rango 1–20],1.1655,False,median_category_country,1.11,1.11,3096,True
573,1,Desconocido,UNKNOWN,17,leche,leche,False,¡Lo mejor te está esperando!,Descarga la app,30 unidades,UNKNOWN,LOCAL,91.9,91.9,,1.0,True,keep,heuristic_default [precio_usd fuera de rango 1–20],1.221,False,median_category_country,1.11,1.11,3097,True
574,1,Desconocido,UNKNOWN,10,arroz,arroz,False,¡Lo mejor te está esperando!,Descarga la app,5 Lb,UNKNOWN,LOCAL,309.9,309.9,,1.0,True,keep,heuristic_default [precio_usd fuera de rango 1–20],1.431,False,median_category_country,1.59,1.59,3098,True
574,1,Desconocido,UNKNOWN,10,arroz,arroz,False,¡Lo mejor te está esperando!,Descarga la app,5 Lb,UNKNOWN,LOCAL,309.9,309.9,,1.0,True,keep,heuristic_default [precio_usd fuera de rango 1–20],1.5105,False,median_category_country,1.59,1.59,3099,True
574,1,Desconocido,UNKNOWN,10,arroz,arroz,False,¡Lo mejor te está esperando!,Descarga la app,5 Lb,UNKNOWN,LOCAL,309.9,309.9,,1.0,True,keep,heuristic_default [precio_usd fuera de rango 1–20],1.6695,False,median_category_country,1.59,1.59,3100,True
574,1,Desconocido,UNKNOWN,10,arroz,arroz,False,¡Lo mejor te está esperando!,Descarga la app,5 Lb,UNKNOWN,LOCAL,309.9,309.9,,1.0,True,keep,heuristic_default [precio_usd fuera de rango 1–20],1.749,False,median_category_country,1.59,1.59,3101,True
575,1,Desconocido,UNKNOWN,16,papa,papa,False,¡Lo mejor te está esperando!,Descarga la app,1 kg,UNKNOWN,LOCAL,36.9,36.9,,1.0,True,keep,heuristic_default [precio_usd fuera de rango 1–20],1.971,False,median_category_country,2.19,2.19,3102,True
575,1,Desconocido,UNKNOWN,16,papa,papa,False,¡Lo mejor te está esperando!,Descarga la app,1 kg,UNKNOWN,LOCAL,36.9,36.9,,1.0,True,keep,heuristic_default [precio_usd fuera de rango 1–20],2.0805,False,median_category_country,2.19,2.19,3103,True
575,1,Desconocido,UNKNOWN,16,papa,papa,False,¡Lo mejor te está esperando!,Descarga la app,1 kg,UNKNOWN,LOCAL,36.9,36.9,,1.0,True,keep,heuristic_default [precio_usd fuera de rango 1–20],2.2995,False,median_category_country,2.19,2.19,3104,True
575,1,Desconocido,UNKNOWN,16,papa,papa,False,¡Lo mejor te está esperando!,Descarga la app,1 kg,UNKNOWN,LOCAL,36.9,36.9,,1.0,True,keep,heuristic_default [precio_usd fuera de rango 1–20],2.409,False,median_category_country,2.19,2.19,3105,True
591,8,Desconocido,MX,8,huevo,sin_categoria,True,¡Nueva tarjeta de crédito HEB Afirme!,Consigue la tuya aquí,1 Kg,MX,LOCAL,18.0,0.9667,,18.62,True,keep_imputed,no_category_detected [precio_usd fuera de rango 1–20],2.2235,False,median_category_country,2.4705,2.4705,3106,True
591,8,Desconocido,MX,8,huevo,sin_categoria,True,¡Nueva tarjeta de crédito HEB Afirme!,Consigue la tuya aquí,1 Kg,MX,LOCAL,18.0,0.9667,,18.62,True,keep_imputed,no_category_detected [precio_usd fuera de rango 1–20],2.347,False,median_category_country,2.4705,2.4705,3107,True
591,8,Desconocido,MX,8,huevo,sin_categoria,True,¡Nueva tarjeta de crédito HEB Afirme!,Consigue la tuya aquí,1 Kg,MX,LOCAL,18.0,0.9667,,18.62,True,keep_imputed,no_category_detected [precio_usd fuera de rango 1–20],2.594,False,median_category_country,2.4705,2.4705,3108,True
591,8,Desconocido,MX,8,huevo,sin_categoria,True,¡Nueva tarjeta de crédito HEB Afirme!,Consigue la tuya aquí,1 Kg,MX,LOCAL,18.0,0.9667,,18.62,True,keep_imputed,no_category_detected [precio_usd fuera de rango 1–20],2.7176,False,median_category_country,2.4705,2.4705,3109,True
593,9,Desconocido,CR,8,huevo,sin_categoria,True,¿Cómo comprar?,Contáctanos al 800-8000-722,800 g,CR,LOCAL,1.7,0.0034,,503.8,True,keep_imputed,no_category_detected [precio_usd fuera de rango 1–20],2.5965,False,global_median,,2.885,3110,True
593,9,Desconocido,CR,8,huevo,sin_categoria,True,¿Cómo comprar?,Contáctanos al 800-8000-722,800 g,CR,LOCAL,1.7,0.0034,,503.8,True,keep_imputed,no_category_detected [precio_usd fuera de rango 1–20],2.7407,False,global_median,,2.885,3111,True
593,9,Desconocido,CR,8,huevo,sin_categoria,True,¿Cómo comprar?,Contáctanos al 800-8000-722,800 g,CR,LOCAL,1.7,0.0034,,503.8,True,keep_imputed,no_category_detected [precio_usd fuera de rango 1–20],3.0292,False,global_median,,2.885,3112,True
593,9,Desconocido,CR,8,huevo,sin_categoria,True,¿Cómo comprar?,Contáctanos al 800-8000-722,800 g,CR,LOCAL,1.7,0.0034,,503.8,True,keep_imputed,no_category_detected [precio_usd fuera de rango 1–20],3.1735,False,global_median,,2.885,3113,True
594,6,Desconocido,PE,10,arroz,arroz,False,¿Que buscas hoy?,Elegir,5kg,PE,LOCAL,3.0,0.8451,,3.55,True,keep,heuristic_default [precio_usd fuera de rango 1–20],2.5965,False,global_median,,2.885,3114,True
594,6,Desconocido,PE,10,arroz,arroz,False,¿Que buscas hoy?,Elegir,5kg,PE,LOCAL,3.0,0.8451,,3.55,True,keep,heuristic_default [precio_usd fuera de rango 1–20],2.7407,False,global_median,,2.885,3115,True
594,6,Desconocido,PE,10,arroz,arroz,False,¿Que buscas hoy?,Elegir,5kg,PE,LOCAL,3.0,0.8451,,3.55,True,keep,heuristic_default [precio_usd fuera de rango 1–20],3.0292,False,global_median,,2.885,3116,True
594,6,Desconocido,PE,10,arroz,arroz,False,¿Que buscas hoy?,Elegir,5kg,PE,LOCAL,3.0,0.8451,,3.55,True,keep,heuristic_default [precio_usd fuera de rango 1–20],3.1735,False,global_median,,2.885,3117,True
595,6,Desconocido,PE,8,huevo,sin_categoria,True,¿Que buscas hoy?,Elegir,5 kg,PE,LOCAL,55.14,15.5336,15.5336,3.55,True,keep_imputed,no_category_detected;price_parse_failed,13.9802,False,median_category_country,4.7662,15.5336,3118,True
595,6,Desconocido,PE,8,huevo,sin_categoria,True,¿Que buscas hoy?,Elegir,5 kg,PE,LOCAL,55.14,15.5336,15.5336,3.55,True,keep_imputed,no_category_detected;price_parse_failed,14.7569,False,median_category_country,4.7662,15.5336,3119,True
595,6,Desconocido,PE,8,huevo,sin_categoria,True,¿Que buscas hoy?,Elegir,5 kg,PE,LOCAL,55.14,15.5336,15.5336,3.55,True,keep_imputed,no_category_detected;price_parse_failed,16.3103,False,median_category_country,4.7662,15.5336,3120,True
595,6,Desconocido,PE,8,huevo,sin_categoria,True,¿Que buscas hoy?,Elegir,5 kg,PE,LOCAL,55.14,15.5336,15.5336,3.55,True,keep_imputed,no_category_detected;price_parse_failed,17.087,False,median_category_country,4.7662,15.5336,3121,True
596,6,Desconocido,PE,10,arroz,arroz,False,¿Que buscas hoy?,Elegir,,PE,LOCAL,2.0,0.5634,,3.55,True,keep_imputed,no_category_detected [precio_usd fuera de rango 1–20],2.5965,False,global_median,,2.885,3122,True
596,6,Desconocido,PE,10,arroz,arroz,False,¿Que buscas hoy?,Elegir,,PE,LOCAL,2.0,0.5634,,3.55,True,keep_imputed,no_category_detected [precio_usd fuera de rango 1–20],2.7407,False,global_median,,2.885,3123,True
596,6,Desconocido,PE,10,arroz,arroz,False,¿Que buscas hoy?,Elegir,,PE,LOCAL,2.0,0.5634,,3.55,True,keep_imputed,no_category_detected [precio_usd fuera de rango 1–20],3.0292,False,global_median,,2.885,3124,True
596,6,Desconocido,PE,10,arroz,arroz,False,¿Que buscas hoy?,Elegir,,PE,LOCAL,2.0,0.5634,,3.55,True,keep_imputed,no_category_detected [precio_usd fuera de rango 1–20],3.1735,False,global_median,,2.885,3125,True
600,6,Desconocido,PE,8,huevo,sin_categoria,True,¿Que buscas hoy?,Elegir,250g,PE,LOCAL,55.14,15.5336,15.5336,3.55,True,keep_imputed,no_category_detected;price_parse_failed,13.9802,False,median_category_country,4.7662,15.5336,3126,True
600,6,Desconocido,PE,8,huevo,sin_categoria,True,¿Que buscas hoy?,Elegir,250g,PE,LOCAL,55.14,15.5336,15.5336,3.55,True,keep_imputed,no_category_detected;price_parse_failed,14.7569,False,median_category_country,4.7662,15.5336,3127,True
600,6,Desconocido,PE,8,huevo,sin_categoria,True,¿Que buscas hoy?,Elegir,250g,PE,LOCAL,55.14,15.5336,15.5336,3.55,True,keep_imputed,no_category_detected;price_parse_failed,16.3103,False,median_category_country,4.7662,15.5336,3128,True
600,6,Desconocido,PE,8,huevo,sin_categoria,True,¿Que buscas hoy?,Elegir,250g,PE,LOCAL,55.14,15.5336,15.5336,3.55,True,keep_imputed,no_category_detected;price_parse_failed,17.087,False,median_category_country,4.7662,15.5336,3129,True
602,6,Desconocido,PE,24,atun,atun,False,¿Que buscas hoy?,Elegir,900ml,PE,LOCAL,3.0,0.8451,,3.55,True,keep,heuristic_default [precio_usd fuera de rango 1–20],1.6225,False,median_category_country,1.8028,1.8028,3130,True
602,6,Desconocido,PE,24,atun,atun,False,¿Que buscas hoy?,Elegir,900ml,PE,LOCAL,3.0,0.8451,,3.55,True,keep,heuristic_default [precio_usd fuera de rango 1–20],1.7127,False,median_category_country,1.8028,1.8028,3131,True
602,6,Desconocido,PE,24,atun,atun,False,¿Que buscas hoy?,Elegir,900ml,PE,LOCAL,3.0,0.8451,,3.55,True,keep,heuristic_default [precio_usd fuera de rango 1–20],1.8929,False,median_category_country,1.8028,1.8028,3132,True
602,6,Desconocido,PE,24,atun,atun,False,¿Que buscas hoy?,Elegir,900ml,PE,LOCAL,3.0,0.8451,,3.55,True,keep,heuristic_default [precio_usd fuera de rango 1–20],1.9831,False,median_category_country,1.8028,1.8028,3133,True
603,6,Desconocido,PE,17,leche,leche,False,¿Que buscas hoy?,Elegir,946ml,PE,LOCAL,55.14,15.5336,15.5336,3.55,True,keep_imputed,no_category_detected;price_parse_failed,13.9802,False,median_category_country,3.0704,15.5336,3134,True
603,6,Desconocido,PE,17,leche,leche,False,¿Que buscas hoy?,Elegir,946ml,PE,LOCAL,55.14,15.5336,15.5336,3.55,True,keep_imputed,no_category_detected;price_parse_failed,14.7569,False,median_category_country,3.0704,15.5336,3135,True
603,6,Desconocido,PE,17,leche,leche,False,¿Que buscas hoy?,Elegir,946ml,PE,LOCAL,55.14,15.5336,15.5336,3.55,True,keep_imputed,no_category_detected;price_parse_failed,16.3103,False,median_category_country,3.0704,15.5336,3136,True
603,6,Desconocido,PE,17,leche,leche,False,¿Que buscas hoy?,Elegir,946ml,PE,LOCAL,55.14,15.5336,15.5336,3.55,True,keep_imputed,no_category_detected;price_parse_failed,17.087,False,median_category_country,3.0704,15.5336,3137,True
610,6,Desconocido,PE,17,leche,leche,False,¿Que buscas hoy?,Elegir,600 g,PE,LOCAL,600.0,169.0141,,3.55,True,keep,heuristic_default [precio_usd fuera de rango 1–20],2.7634,False,median_category_country,3.0704,3.0704,3138,True
610,6,Desconocido,PE,17,leche,leche,False,¿Que buscas hoy?,Elegir,600 g,PE,LOCAL,600.0,169.0141,,3.55,True,keep,heuristic_default [precio_usd fuera de rango 1–20],2.9169,False,median_category_country,3.0704,3.0704,3139,True
610,6,Desconocido,PE,17,leche,leche,False,¿Que buscas hoy?,Elegir,600 g,PE,LOCAL,600.0,169.0141,,3.55,True,keep,heuristic_default [precio_usd fuera de rango 1–20],3.2239,False,median_category_country,3.0704,3.0704,3140,True
610,6,Desconocido,PE,17,leche,leche,False,¿Que buscas hoy?,Elegir,600 g,PE,LOCAL,600.0,169.0141,,3.55,True,keep,heuristic_default [precio_usd fuera de rango 1–20],3.3774,False,median_category_country,3.0704,3.0704,3141,True
613,6,Desconocido,PE,18,huevo,huevo,False,¿Que buscas hoy?,Elegir,500 g,PE,LOCAL,55.14,15.5336,15.5336,3.55,True,keep_imputed,price_parse_failed,13.9802,False,median_category_country,4.15495,15.5336,3142,True
613,6,Desconocido,PE,18,huevo,huevo,False,¿Que buscas hoy?,Elegir,500 g,PE,LOCAL,55.14,15.5336,15.5336,3.55,True,keep_imputed,price_parse_failed,14.7569,False,median_category_country,4.15495,15.5336,3143,True
613,6,Desconocido,PE,18,huevo,huevo,False,¿Que buscas hoy?,Elegir,500 g,PE,LOCAL,55.14,15.5336,15.5336,3.55,True,keep_imputed,price_parse_failed,16.3103,False,median_category_country,4.15495,15.5336,3144,True
613,6,Desconocido,PE,18,huevo,huevo,False,¿Que buscas hoy?,Elegir,500 g,PE,LOCAL,55.14,15.5336,15.5336,3.55,True,keep_imputed,price_parse_failed,17.087,False,median_category_country,4.15495,15.5336,3145,True
614,6,Desconocido,PE,18,huevo,huevo,False,¿Que buscas hoy?,Elegir,1kg,PE,LOCAL,55.14,15.5336,15.5336,3.55,True,keep_imputed,price_parse_failed,13.9802,False,median_category_country,4.15495,15.5336,3146,True
614,6,Desconocido,PE,18,huevo,huevo,False,¿Que buscas hoy?,Elegir,1kg,PE,LOCAL,55.14,15.5336,15.5336,3.55,True,keep_imputed,price_parse_failed,14.7569,False,median_category_country,4.15495,15.5336,3147,True
614,6,Desconocido,PE,18,huevo,huevo,False,¿Que buscas hoy?,Elegir,1kg,PE,LOCAL,55.14,15.5336,15.5336,3.55,True,keep_imputed,price_parse_failed,16.3103,False,median_category_country,4.15495,15.5336,3148,True
614,6,Desconocido,PE,18,huevo,huevo,False,¿Que buscas hoy?,Elegir,1kg,PE,LOCAL,55.14,15.5336,15.5336,3.55,True,keep_imputed,price_parse_failed,17.087,False,median_category_country,4.15495,15.5336,3149,True
617,2,Chedraui,MX,15,pan,pan,False,¿Qué estás buscando?,Tortilleria y pan empacados,620g,MX,LOCAL,72.0,3.8668,3.8668,18.62,True,keep_imputed,price_parse_failed;price<=0,3.4801,False,median_category_country,3.8668,3.8668,3150,True
617,2,Chedraui,MX,15,pan,pan,False,¿Qué estás buscando?,Tortilleria y pan empacados,620g,MX,LOCAL,72.0,3.8668,3.8668,18.62,True,keep_imputed,price_parse_failed;price<=0,3.6735,False,median_category_country,3.8668,3.8668,3151,True
617,2,Chedraui,MX,15,pan,pan,False,¿Qué estás buscando?,Tortilleria y pan empacados,620g,MX,LOCAL,72.0,3.8668,3.8668,18.62,True,keep_imputed,price_parse_failed;price<=0,4.0601,False,median_category_country,3.8668,3.8668,3152,True
617,2,Chedraui,MX,15,pan,pan,False,¿Qué estás buscando?,Tortilleria y pan empacados,620g,MX,LOCAL,72.0,3.8668,3.8668,18.62,True,keep_imputed,price_parse_failed;price<=0,4.2535,False,median_category_country,3.8668,3.8668,3153,True
618,2,Chedraui,MX,15,pan,pan,False,¿Qué estás buscando?,Tortilleria y pan empacados,567g,MX,LOCAL,72.0,3.8668,3.8668,18.62,True,keep_imputed,price_parse_failed;price<=0,3.4801,False,median_category_country,3.8668,3.8668,3154,True
618,2,Chedraui,MX,15,pan,pan,False,¿Qué estás buscando?,Tortilleria y pan empacados,567g,MX,LOCAL,72.0,3.8668,3.8668,18.62,True,keep_imputed,price_parse_failed;price<=0,3.6735,False,median_category_country,3.8668,3.8668,3155,True
618,2,Chedraui,MX,15,pan,pan,False,¿Qué estás buscando?,Tortilleria y pan empacados,567g,MX,LOCAL,72.0,3.8668,3.8668,18.62,True,keep_imputed,price_parse_failed;price<=0,4.0601,False,median_category_country,3.8668,3.8668,3156,True
618,2,Chedraui,MX,15,pan,pan,False,¿Qué estás buscando?,Tortilleria y pan empacados,567g,MX,LOCAL,72.0,3.8668,3.8668,18.62,True,keep_imputed,price_parse_failed;price<=0,4.2535,False,median_category_country,3.8668,3.8668,3157,True
619,2,Chedraui,MX,4,aceite vegetal,sin_categoria,True,¿Qué estás buscando?,Endulzantes,900g,MX,LOCAL,66.32,3.5617,3.5617,18.62,True,keep_imputed,no_category_detected;price_parse_failed,3.2055,False,median_category_country,2.4705,3.5617,3158,True
619,2,Chedraui,MX,4,aceite vegetal,sin_categoria,True,¿Qué estás buscando?,Endulzantes,900g,MX,LOCAL,66.32,3.5617,3.5617,18.62,True,keep_imputed,no_category_detected;price_parse_failed,3.3836,False,median_category_country,2.4705,3.5617,3159,True
619,2,Chedraui,MX,4,aceite vegetal,sin_categoria,True,¿Qué estás buscando?,Endulzantes,900g,MX,LOCAL,66.32,3.5617,3.5617,18.62,True,keep_imputed,no_category_detected;price_parse_failed,3.7398,False,median_category_country,2.4705,3.5617,3160,True
619,2,Chedraui,MX,4,aceite vegetal,sin_categoria,True,¿Qué estás buscando?,Endulzantes,900g,MX,LOCAL,66.32,3.5617,3.5617,18.62,True,keep_imputed,no_category_detected;price_parse_failed,3.9179,False,median_category_country,2.4705,3.5617,3161,True
620,2,Chedraui,MX,18,huevo,huevo,False,¿Qué estás buscando?,Lacteos y huevo,30 Piezas,MX,LOCAL,66.32,3.5617,3.5617,18.62,True,keep_imputed,price_parse_failed,3.2055,False,median_category_country,4.99195,3.5617,3162,True
620,2,Chedraui,MX,18,huevo,huevo,False,¿Qué estás buscando?,Lacteos y huevo,30 Piezas,MX,LOCAL,66.32,3.5617,3.5617,18.62,True,keep_imputed,price_parse_failed,3.3836,False,median_category_country,4.99195,3.5617,3163,True
620,2,Chedraui,MX,18,huevo,huevo,False,¿Qué estás buscando?,Lacteos y huevo,30 Piezas,MX,LOCAL,66.32,3.5617,3.5617,18.62,True,keep_imputed,price_parse_failed,3.7398,False,median_category_country,4.99195,3.5617,3164,True
620,2,Chedraui,MX,18,huevo,huevo,False,¿Qué estás buscando?,Lacteos y huevo,30 Piezas,MX,LOCAL,66.32,3.5617,3.5617,18.62,True,keep_imputed,price_parse_failed,3.9179,False,median_category_country,4.99195,3.5617,3165,True
621,2,Chedraui,MX,19,harina de trigo,harina de trigo,False,¿Qué estás buscando?,Harinas y reposteria,1Kg,MX,LOCAL,2902.4,155.8757,,18.62,True,keep_imputed,price_parse_failed;price<=0 [precio_usd fuera de rango 1–20],2.5965,False,global_median,,2.885,3166,True
621,2,Chedraui,MX,19,harina de trigo,harina de trigo,False,¿Qué estás buscando?,Harinas y reposteria,1Kg,MX,LOCAL,2902.4,155.8757,,18.62,True,keep_imputed,price_parse_failed;price<=0 [precio_usd fuera de rango 1–20],2.7407,False,global_median,,2.885,3167,True
621,2,Chedraui,MX,19,harina de trigo,harina de trigo,False,¿Qué estás buscando?,Harinas y reposteria,1Kg,MX,LOCAL,2902.4,155.8757,,18.62,True,keep_imputed,price_parse_failed;price<=0 [precio_usd fuera de rango 1–20],3.0292,False,global_median,,2.885,3168,True
621,2,Chedraui,MX,19,harina de trigo,harina de trigo,False,¿Qué estás buscando?,Harinas y reposteria,1Kg,MX,LOCAL,2902.4,155.8757,,18.62,True,keep_imputed,price_parse_failed;price<=0 [precio_usd fuera de rango 1–20],3.1735,False,global_median,,2.885,3169,True
622,2,Chedraui,MX,7,aceite vegetal,aceite vegetal,False,¿Qué estás buscando?,Aceites y vinagres,170g,MX,LOCAL,33.3,1.7884,1.7884,18.62,True,keep_imputed,price_parse_failed;price<=0,1.6096,False,median_category_country,1.8743,1.7884,3170,True
622,2,Chedraui,MX,7,aceite vegetal,aceite vegetal,False,¿Qué estás buscando?,Aceites y vinagres,170g,MX,LOCAL,33.3,1.7884,1.7884,18.62,True,keep_imputed,price_parse_failed;price<=0,1.699,False,median_category_country,1.8743,1.7884,3171,True
622,2,Chedraui,MX,7,aceite vegetal,aceite vegetal,False,¿Qué estás buscando?,Aceites y vinagres,170g,MX,LOCAL,33.3,1.7884,1.7884,18.62,True,keep_imputed,price_parse_failed;price<=0,1.8778,False,median_category_country,1.8743,1.7884,3172,True
622,2,Chedraui,MX,7,aceite vegetal,aceite vegetal,False,¿Qué estás buscando?,Aceites y vinagres,170g,MX,LOCAL,33.3,1.7884,1.7884,18.62,True,keep_imputed,price_parse_failed;price<=0,1.9672,False,median_category_country,1.8743,1.7884,3173,True
623,1,Desconocido,UNKNOWN,8,huevo,sin_categoria,True,‎ ‎ ‎ ‎ ‎ ‎ ‎ ‎ ‎ ‎ ‎ ‎ ‎ ‎ ‎ ‎ ‎ ‎ ‎ ‎ ‎ ‎ ‎ ‎ ‎ ‎ ‎ ‎ ‎ ‎ ‎ ‎ ‎ ‎ ‎ ‎ ‎ ‎ ‎ ‎ ‎ ‎ ‎ ‎ ‎ ‎ ‎ ‎ ‎ ‎ ‎ ‎ ‎ ‎ ‎ ‎ ‎ ‎ ‎ ‎ ‎ ‎ ‎ ‎ ‎ ‎ ‎ ‎ ‎ ‎ Hazte Socio Diamante para disfrutar de ofertas y beneficios exclusivos.,📍,,UNKNOWN,LOCAL,234.19,234.1938,,1.0,True,keep_imputed,no_category_detected;price_parse_failed [precio_usd fuera de rango 1–20],3.3345,False,median_category_country,3.705,3.705,3174,True
623,1,Desconocido,UNKNOWN,8,huevo,sin_categoria,True,‎ ‎ ‎ ‎ ‎ ‎ ‎ ‎ ‎ ‎ ‎ ‎ ‎ ‎ ‎ ‎ ‎ ‎ ‎ ‎ ‎ ‎ ‎ ‎ ‎ ‎ ‎ ‎ ‎ ‎ ‎ ‎ ‎ ‎ ‎ ‎ ‎ ‎ ‎ ‎ ‎ ‎ ‎ ‎ ‎ ‎ ‎ ‎ ‎ ‎ ‎ ‎ ‎ ‎ ‎ ‎ ‎ ‎ ‎ ‎ ‎ ‎ ‎ ‎ ‎ ‎ ‎ ‎ ‎ ‎ Hazte Socio Diamante para disfrutar de ofertas y beneficios exclusivos.,📍,,UNKNOWN,LOCAL,234.19,234.1938,,1.0,True,keep_imputed,no_category_detected;price_parse_failed [precio_usd fuera de rango 1–20],3.5197,False,median_category_country,3.705,3.705,3175,True
623,1,Desconocido,UNKNOWN,8,huevo,sin_categoria,True,‎ ‎ ‎ ‎ ‎ ‎ ‎ ‎ ‎ ‎ ‎ ‎ ‎ ‎ ‎ ‎ ‎ ‎ ‎ ‎ ‎ ‎ ‎ ‎ ‎ ‎ ‎ ‎ ‎ ‎ ‎ ‎ ‎ ‎ ‎ ‎ ‎ ‎ ‎ ‎ ‎ ‎ ‎ ‎ ‎ ‎ ‎ ‎ ‎ ‎ ‎ ‎ ‎ ‎ ‎ ‎ ‎ ‎ ‎ ‎ ‎ ‎ ‎ ‎ ‎ ‎ ‎ ‎ ‎ ‎ Hazte Socio Diamante para disfrutar de ofertas y beneficios exclusivos.,📍,,UNKNOWN,LOCAL,234.19,234.1938,,1.0,True,keep_imputed,no_category_detected;price_parse_failed [precio_usd fuera de rango 1–20],3.8903,False,median_category_country,3.705,3.705,3176,True
623,1,Desconocido,UNKNOWN,8,huevo,sin_categoria,True,‎ ‎ ‎ ‎ ‎ ‎ ‎ ‎ ‎ ‎ ‎ ‎ ‎ ‎ ‎ ‎ ‎ ‎ ‎ ‎ ‎ ‎ ‎ ‎ ‎ ‎ ‎ ‎ ‎ ‎ ‎ ‎ ‎ ‎ ‎ ‎ ‎ ‎ ‎ ‎ ‎ ‎ ‎ ‎ ‎ ‎ ‎ ‎ ‎ ‎ ‎ ‎ ‎ ‎ ‎ ‎ ‎ ‎ ‎ ‎ ‎ ‎ ‎ ‎ ‎ ‎ ‎ ‎ ‎ ‎ Hazte Socio Diamante para disfrutar de ofertas y beneficios exclusivos.,📍,,UNKNOWN,LOCAL,234.19,234.1938,,1.0,True,keep_imputed,no_category_detected;price_parse_failed [precio_usd fuera de rango 1–20],4.0755,False,median_category_country,3.705,3.705,3177,True
628,1,Desconocido,UNKNOWN,16,papa,papa,False,‎ ‎ ‎ ‎ ‎ ‎ ‎ ‎ ‎ ‎ ‎ ‎ ‎ ‎ ‎ ‎ ‎ ‎ ‎ ‎ ‎ ‎ ‎ ‎ ‎ ‎ ‎ ‎ ‎ ‎ ‎ ‎ ‎ ‎ ‎ ‎ ‎ ‎ ‎ ‎ ‎ ‎ ‎ ‎ ‎ ‎ ‎ ‎ ‎ ‎ ‎ ‎ ‎ ‎ ‎ ‎ ‎ ‎ ‎ ‎ ‎ ‎ ‎ ‎ ‎ ‎ ‎ ‎ ‎ ‎ Hazte Socio Diamante para disfrutar de ofertas y beneficios exclusivos.,📍,500 g,UNKNOWN,LOCAL,995.0,995.0,,1.0,True,keep,heuristic_default [precio_usd fuera de rango 1–20],1.971,False,median_category_country,2.19,2.19,3178,True
628,1,Desconocido,UNKNOWN,16,papa,papa,False,‎ ‎ ‎ ‎ ‎ ‎ ‎ ‎ ‎ ‎ ‎ ‎ ‎ ‎ ‎ ‎ ‎ ‎ ‎ ‎ ‎ ‎ ‎ ‎ ‎ ‎ ‎ ‎ ‎ ‎ ‎ ‎ ‎ ‎ ‎ ‎ ‎ ‎ ‎ ‎ ‎ ‎ ‎ ‎ ‎ ‎ ‎ ‎ ‎ ‎ ‎ ‎ ‎ ‎ ‎ ‎ ‎ ‎ ‎ ‎ ‎ ‎ ‎ ‎ ‎ ‎ ‎ ‎ ‎ ‎ Hazte Socio Diamante para disfrutar de ofertas y beneficios exclusivos.,📍,500 g,UNKNOWN,LOCAL,995.0,995.0,,1.0,True,keep,heuristic_default [precio_usd fuera de rango 1–20],2.0805,False,median_category_country,2.19,2.19,3179,True
628,1,Desconocido,UNKNOWN,16,papa,papa,False,‎ ‎ ‎ ‎ ‎ ‎ ‎ ‎ ‎ ‎ ‎ ‎ ‎ ‎ ‎ ‎ ‎ ‎ ‎ ‎ ‎ ‎ ‎ ‎ ‎ ‎ ‎ ‎ ‎ ‎ ‎ ‎ ‎ ‎ ‎ ‎ ‎ ‎ ‎ ‎ ‎ ‎ ‎ ‎ ‎ ‎ ‎ ‎ ‎ ‎ ‎ ‎ ‎ ‎ ‎ ‎ ‎ ‎ ‎ ‎ ‎ ‎ ‎ ‎ ‎ ‎ ‎ ‎ ‎ ‎ Hazte Socio Diamante para disfrutar de ofertas y beneficios exclusivos.,📍,500 g,UNKNOWN,LOCAL,995.0,995.0,,1.0,True,keep,heuristic_default [precio_usd fuera de rango 1–20],2.2995,False,median_category_country,2.19,2.19,3180,True
628,1,Desconocido,UNKNOWN,16,papa,papa,False,‎ ‎ ‎ ‎ ‎ ‎ ‎ ‎ ‎ ‎ ‎ ‎ ‎ ‎ ‎ ‎ ‎ ‎ ‎ ‎ ‎ ‎ ‎ ‎ ‎ ‎ ‎ ‎ ‎ ‎ ‎ ‎ ‎ ‎ ‎ ‎ ‎ ‎ ‎ ‎ ‎ ‎ ‎ ‎ ‎ ‎ ‎ ‎ ‎ ‎ ‎ ‎ ‎ ‎ ‎ ‎ ‎ ‎ ‎ ‎ ‎ ‎ ‎ ‎ ‎ ‎ ‎ ‎ ‎ ‎ Hazte Socio Diamante para disfrutar de ofertas y beneficios exclusivos.,📍,500 g,UNKNOWN,LOCAL,995.0,995.0,,1.0,True,keep,heuristic_default [precio_usd fuera de rango 1–20],2.409,False,median_category_country,2.19,2.19,3181,True
637,1,Desconocido,UNKNOWN,18,huevo,huevo,False,‎ ‎ ‎ ‎ ‎ ‎ ‎ ‎ ‎ ‎ ‎ ‎ ‎ ‎ ‎ ‎ ‎ ‎ ‎ ‎ ‎ ‎ ‎ ‎ ‎ ‎ ‎ ‎ ‎ ‎ ‎ ‎ ‎ ‎ ‎ ‎ ‎ ‎ ‎ ‎ ‎ ‎ ‎ ‎ ‎ ‎ ‎ ‎ ‎ ‎ ‎ ‎ ‎ ‎ ‎ ‎ ‎ ‎ ‎ ‎ ‎ ‎ ‎ ‎ ‎ ‎ ‎ ‎ ‎ ‎ Hazte Socio Diamante para disfrutar de ofertas y beneficios exclusivos.,📍,400 g,UNKNOWN,LOCAL,480.0,480.0,,1.0,True,keep_imputed,heuristic_default [precio_usd fuera de rango 1–20],4.671,False,median_category_country,5.19,5.19,3182,True
637,1,Desconocido,UNKNOWN,18,huevo,huevo,False,‎ ‎ ‎ ‎ ‎ ‎ ‎ ‎ ‎ ‎ ‎ ‎ ‎ ‎ ‎ ‎ ‎ ‎ ‎ ‎ ‎ ‎ ‎ ‎ ‎ ‎ ‎ ‎ ‎ ‎ ‎ ‎ ‎ ‎ ‎ ‎ ‎ ‎ ‎ ‎ ‎ ‎ ‎ ‎ ‎ ‎ ‎ ‎ ‎ ‎ ‎ ‎ ‎ ‎ ‎ ‎ ‎ ‎ ‎ ‎ ‎ ‎ ‎ ‎ ‎ ‎ ‎ ‎ ‎ ‎ Hazte Socio Diamante para disfrutar de ofertas y beneficios exclusivos.,📍,400 g,UNKNOWN,LOCAL,480.0,480.0,,1.0,True,keep_imputed,heuristic_default [precio_usd fuera de rango 1–20],4.9305,False,median_category_country,5.19,5.19,3183,True
637,1,Desconocido,UNKNOWN,18,huevo,huevo,False,‎ ‎ ‎ ‎ ‎ ‎ ‎ ‎ ‎ ‎ ‎ ‎ ‎ ‎ ‎ ‎ ‎ ‎ ‎ ‎ ‎ ‎ ‎ ‎ ‎ ‎ ‎ ‎ ‎ ‎ ‎ ‎ ‎ ‎ ‎ ‎ ‎ ‎ ‎ ‎ ‎ ‎ ‎ ‎ ‎ ‎ ‎ ‎ ‎ ‎ ‎ ‎ ‎ ‎ ‎ ‎ ‎ ‎ ‎ ‎ ‎ ‎ ‎ ‎ ‎ ‎ ‎ ‎ ‎ ‎ Hazte Socio Diamante para disfrutar de ofertas y beneficios exclusivos.,📍,400 g,UNKNOWN,LOCAL,480.0,480.0,,1.0,True,keep_imputed,heuristic_default [precio_usd fuera de rango 1–20],5.4495,False,median_category_country,5.19,5.19,3184,True
637,1,Desconocido,UNKNOWN,18,huevo,huevo,False,‎ ‎ ‎ ‎ ‎ ‎ ‎ ‎ ‎ ‎ ‎ ‎ ‎ ‎ ‎ ‎ ‎ ‎ ‎ ‎ ‎ ‎ ‎ ‎ ‎ ‎ ‎ ‎ ‎ ‎ ‎ ‎ ‎ ‎ ‎ ‎ ‎ ‎ ‎ ‎ ‎ ‎ ‎ ‎ ‎ ‎ ‎ ‎ ‎ ‎ ‎ ‎ ‎ ‎ ‎ ‎ ‎ ‎ ‎ ‎ ‎ ‎ ‎ ‎ ‎ ‎ ‎ ‎ ‎ ‎ Hazte Socio Diamante para disfrutar de ofertas y beneficios exclusivos.,📍,400 g,UNKNOWN,LOCAL,480.0,480.0,,1.0,True,keep_imputed,heuristic_default [precio_usd fuera de rango 1–20],5.709,False,median_category_country,5.19,5.19,3185,True
