producto_id,retailer_id,retailer,retailer_country,categoria_id,category_raw,category_canonical,category_is_imputed,nombre_producto,marca,unidad,product_country,moneda_local,precio_local,precio_usd,precio_usd_clean,fx_local_per_usd,is_imputed_clean,decision,razon_clean,precio_usd_model,is_price_imputed_model,imputation_source,precio_median_group,precio_usd_imputed
1,1,Desconocido,UNKNOWN,1,azucar,sin_categoria,True,$ 12.800,Ver detalles del producto,15G,UNKNOWN,LOCAL,12.8,12.8,12.8,1.0,False,keep_imputed,no_category_detected,12.8,False,original_clean,,
2,1,Desconocido,UNKNOWN,2,cafe,sin_categoria,True,(Gr a $ 10),$ 8.650,0.2 g,UNKNOWN,LOCAL,10.0,10.0,10.0,1.0,False,keep_imputed,no_category_detected,10.0,False,original_clean,,
3,1,Desconocido,UNKNOWN,2,cafe,sin_categoria,True,(Gr a $ 10),20,480G,UNKNOWN,LOCAL,10.0,10.0,10.0,1.0,False,keep_imputed,no_category_detected,10.0,False,original_clean,,
4,1,Desconocido,UNKNOWN,2,cafe,sin_categoria,True,(Gr a $ 10),20,NaN,UNKNOWN,LOCAL,10.0,10.0,10.0,1.0,False,keep_imputed,no_category_detected,10.0,False,original_clean,,
5,1,Desconocido,UNKNOWN,3,pan,sin_categoria,True,(Gr a $ 11),$ 6.700,NaN,UNKNOWN,LOCAL,11.0,11.0,11.0,1.0,False,keep_imputed,no_category_detected,11.0,False,original_clean,,
6,1,Desconocido,UNKNOWN,3,pan,sin_categoria,True,(Gr a $ 12),$ 7.150,NaN,UNKNOWN,LOCAL,12.0,12.0,12.0,1.0,False,keep_imputed,no_category_detected,12.0,False,original_clean,,
7,1,Desconocido,UNKNOWN,2,cafe,sin_categoria,True,(Gr a $ 19),$ 39.000,NaN,UNKNOWN,LOCAL,19.0,19.0,19.0,1.0,False,keep_imputed,no_category_detected,19.0,False,original_clean,,
13,1,Desconocido,UNKNOWN,3,pan,sin_categoria,True,(Gr a $ 4),$ 4.680,NaN,UNKNOWN,LOCAL,4.0,4.0,4.0,1.0,False,keep_imputed,no_category_detected,4.0,False,original_clean,,
14,1,Desconocido,UNKNOWN,2,cafe,sin_categoria,True,(Gr a $ 4),$ 10.650,NaN,UNKNOWN,LOCAL,4.0,4.0,4.0,1.0,False,keep_imputed,no_category_detected,4.0,False,original_clean,,
15,1,Desconocido,UNKNOWN,2,cafe,sin_categoria,True,(Gr a $ 4),19,NaN,UNKNOWN,LOCAL,4.0,4.0,4.0,1.0,False,keep_imputed,no_category_detected,4.0,False,original_clean,,
16,1,Desconocido,UNKNOWN,2,cafe,sin_categoria,True,(Gr a $ 4),10,NaN,UNKNOWN,LOCAL,4.0,4.0,4.0,1.0,False,keep_imputed,no_category_detected,4.0,False,original_clean,,
17,1,Desconocido,UNKNOWN,2,cafe,sin_categoria,True,(Gr a $ 4),$ 2.100,NaN,UNKNOWN,LOCAL,4.0,4.0,4.0,1.0,False,keep_imputed,no_category_detected,4.0,False,original_clean,,
23,1,Desconocido,UNKNOWN,2,cafe,sin_categoria,True,(Gr a $ 9),$ 9.980,NaN,UNKNOWN,LOCAL,9.0,9.0,9.0,1.0,False,keep_imputed,no_category_detected,9.0,False,original_clean,,
25,1,Desconocido,UNKNOWN,4,aceite vegetal,sin_categoria,True,(Ml a $ 3),$ 17.040,NaN,UNKNOWN,LOCAL,3.0,3.0,3.0,1.0,False,keep_imputed,no_category_detected,3.0,False,original_clean,,
26,1,Desconocido,UNKNOWN,4,aceite vegetal,sin_categoria,True,(Ml a $ 5),$ 4.900,NaN,UNKNOWN,LOCAL,5.0,5.0,5.0,1.0,False,keep_imputed,no_category_detected,5.0,False,original_clean,,
27,1,Desconocido,UNKNOWN,4,aceite vegetal,sin_categoria,True,(Ml a $ 6),$ 40.800,1100ml,UNKNOWN,LOCAL,6.0,6.0,6.0,1.0,False,keep_imputed,no_category_detected,6.0,False,original_clean,,
28,1,Desconocido,UNKNOWN,1,azucar,sin_categoria,True,(Und a $ 1.312),20,NaN,UNKNOWN,LOCAL,1.31,1.31,1.31,1.0,False,keep_imputed,no_category_detected,1.31,False,original_clean,,
29,1,Desconocido,UNKNOWN,5,leche,sin_categoria,True,(Und a $ 1.540),$ 1.540,NaN,UNKNOWN,LOCAL,1.54,1.54,1.54,1.0,False,keep_imputed,no_category_detected,1.54,False,original_clean,,
36,1,Desconocido,UNKNOWN,6,papa,sin_categoria,True,+595994 874276,Selecciona método de entrega,2 LT,UNKNOWN,LOCAL,2.0,2.0,2.0,1.0,False,keep_imputed,no_category_detected,2.0,False,original_clean,,
39,2,Chedraui,MX,7,aceite vegetal,aceite vegetal,False,Aceites y vinagres,123,1L,MX,LOCAL,37.0,1.9871,1.9871,18.62,False,keep,heuristic_default,1.9871,False,original_clean,,
41,2,Chedraui,MX,7,aceite vegetal,aceite vegetal,False,Aceites y vinagres,Aceite Chedraui Mixto 800ml,800ml,MX,LOCAL,28.0,1.5038,1.5038,18.62,False,keep,heuristic_default,1.5038,False,original_clean,,
43,3,Desconocido,BR,8,huevo,sin_categoria,True,"Al continuar navegando, usted acepta con nuestra",Política de privacidad,12 unidades,BR,LOCAL,20.0,3.6711,3.6711,5.448,False,keep_imputed,no_category_detected,3.6711,False,original_clean,,
47,3,Desconocido,BR,10,arroz,arroz,False,Alimentos básicos,Arroz,5Kg,BR,LOCAL,19.49,3.5775,3.5775,5.448,False,keep,heuristic_default,3.5775,False,original_clean,,
48,3,Desconocido,BR,10,arroz,arroz,False,Alimentos básicos,Arroz,2Kg,BR,LOCAL,11.99,2.2008,2.2008,5.448,False,keep,heuristic_default,2.2008,False,original_clean,,
49,3,Desconocido,BR,10,arroz,arroz,False,Alimentos básicos,Arroz,5 kg,BR,LOCAL,16.59,3.0452,3.0452,5.448,False,keep,heuristic_default,3.0452,False,original_clean,,
50,3,Desconocido,BR,11,frijoles,sin_categoria,True,Alimentos básicos,Cafés,40g,BR,LOCAL,8.89,1.6318,1.6318,5.448,False,keep_imputed,no_category_detected,1.6318,False,original_clean,,
53,3,Desconocido,BR,9,frijoles,frijoles,False,Alimentos básicos,Frijoles,1 kg,BR,LOCAL,6.89,1.2647,1.2647,5.448,False,keep,heuristic_default,1.2647,False,original_clean,,
54,1,Desconocido,UNKNOWN,10,arroz,arroz,False,App Frecuento,Descárgala gratis,330ml,UNKNOWN,LOCAL,7.45,7.45,7.45,1.0,False,keep,heuristic_default,7.45,False,original_clean,,
55,4,Desconocido,US,10,arroz,arroz,False,ARROZ CONEJO SACO 20 LB,Comparar,20 LB,US,LOCAL,9.99,9.99,9.99,1.0,False,keep,heuristic_default,9.99,False,original_clean,,
58,1,Desconocido,UNKNOWN,10,arroz,arroz,False,Arroz G1 largo ancho bolsa,1 Kg,1 Kg,UNKNOWN,LOCAL,1.89,1.89,1.89,1.0,False,keep,heuristic_default,1.89,False,original_clean,,
59,1,Desconocido,UNKNOWN,10,arroz,arroz,False,Arroz G2 gran selección ancha,1 Kg,1 Kg,UNKNOWN,LOCAL,1.37,1.37,1.37,1.0,False,keep,heuristic_default,1.37,False,original_clean,,
60,1,Desconocido,UNKNOWN,10,arroz,arroz,False,Arroz G2 largo delgado,1 Kg,1 Kg,UNKNOWN,LOCAL,1.02,1.02,1.02,1.0,False,keep,heuristic_default,1.02,False,original_clean,,
61,1,Desconocido,UNKNOWN,10,arroz,arroz,False,Arroz grano largo delgado grad...,900 g,900 g,UNKNOWN,LOCAL,1.39,1.39,1.39,1.0,False,keep,heuristic_default,1.39,False,original_clean,,
62,2,Chedraui,MX,10,arroz,arroz,False,Arroz La Merced Super Extra 900g,La Merced,900g,MX,LOCAL,21.0,1.1278,1.1278,18.62,False,keep,heuristic_default,1.1278,False,original_clean,,
63,4,Desconocido,US,10,arroz,arroz,False,ARROZ REAL 2 KG,Comparar,2 KG,US,LOCAL,2.99,2.99,2.99,1.0,False,keep,heuristic_default,2.99,False,original_clean,,
64,2,Chedraui,MX,10,arroz,arroz,False,Arroz Schettino Verde 900g,Schettino,900g,MX,LOCAL,19.8,1.0634,1.0634,18.62,False,keep,heuristic_default,1.0634,False,original_clean,,
83,3,Desconocido,BR,13,azucar,azucar,False,Azúcar Mascavo Orgánico Native Organic 500 G,Descripción,500 G,BR,LOCAL,15.99,2.935,2.935,5.448,False,keep,heuristic_default,2.935,False,original_clean,,
86,3,Desconocido,BR,13,azucar,azucar,False,Azúcar y Adoçante,Azúcar,1Kg,BR,LOCAL,10.19,1.8704,1.8704,5.448,False,keep,heuristic_default,1.8704,False,original_clean,,
88,6,Desconocido,PE,13,azucar,azucar,False,Azúcar y Endulzantes,Azúcar Rubia,25 Kg,PE,LOCAL,16.92,4.7662,4.7662,3.55,False,keep,heuristic_default,4.7662,False,original_clean,,
90,1,Desconocido,UNKNOWN,12,cebolla,cebolla,False,BANANO UNIDAD,Unidades disponibles,1000 G,UNKNOWN,LOCAL,1.0,1.0,1.0,1.0,False,keep,heuristic_default,1.0,False,original_clean,,
93,1,Desconocido,UNKNOWN,16,papa,papa,False,"Bebidas, Aguas y Jugos",Bebidas,1.5 L,UNKNOWN,LOCAL,1.99,1.99,1.99,1.0,False,keep,heuristic_default,1.99,False,original_clean,,
94,1,Desconocido,UNKNOWN,16,papa,papa,False,"Bebidas, Aguas y Jugos",Bebidas,1.5 LT,UNKNOWN,LOCAL,1.99,1.99,1.99,1.0,False,keep,heuristic_default,1.99,False,original_clean,,
103,2,Chedraui,MX,14,cafe,cafe,False,Cafe y te,Legal,180 g,MX,LOCAL,88.0,4.7261,4.7261,18.62,False,keep,heuristic_default,4.7261,False,original_clean,,
104,2,Chedraui,MX,14,cafe,cafe,False,Cafe y te,Los Portales de Córdoba,170g,MX,LOCAL,149.0,8.0021,8.0021,18.62,False,keep,heuristic_default,8.0021,False,original_clean,,
105,2,Chedraui,MX,14,cafe,cafe,False,Cafe y te,Blasón,400g,MX,LOCAL,150.0,8.0559,8.0559,18.62,False,keep,heuristic_default,8.0559,False,original_clean,,
106,2,Chedraui,MX,14,cafe,cafe,False,Cafe y te,Garat,340g,MX,LOCAL,150.0,8.0559,8.0559,18.62,False,keep,heuristic_default,8.0559,False,original_clean,,
107,6,Desconocido,PE,14,cafe,cafe,False,Café e Infusiones,Café Instantáneo,150g,PE,LOCAL,16.92,4.7662,4.7662,3.55,False,keep,heuristic_default,4.7662,False,original_clean,,
108,1,Desconocido,UNKNOWN,14,cafe,cafe,False,Café instantáneo clásico lata,170 g,170 g,UNKNOWN,LOCAL,4.94,4.94,4.94,1.0,False,keep,heuristic_default,4.94,False,original_clean,,
109,1,Desconocido,UNKNOWN,14,cafe,cafe,False,Café instantáneo institucional,400 g,400 g,UNKNOWN,LOCAL,13.09,13.09,13.09,1.0,False,keep,heuristic_default,13.09,False,original_clean,,
136,3,Desconocido,BR,22,cerveza,cerveza,False,Cervejas Tradicionais,Cerveja Heineken Garrafa 600ml,600ml,BR,LOCAL,13.49,2.4761,2.4761,5.448,False,keep,heuristic_default,2.4761,False,original_clean,,
137,3,Desconocido,BR,23,cerveza,sin_categoria,True,Cervejas Tradicionais,"R$ 6,39",330ml,BR,LOCAL,6.39,1.1729,1.1729,5.448,False,keep_imputed,no_category_detected,1.1729,False,original_clean,,
139,3,Desconocido,BR,23,cerveza,sin_categoria,True,Cervejas Tradicionais,"R$ 5,59",330ml,BR,LOCAL,5.59,1.0261,1.0261,5.448,False,keep_imputed,no_category_detected,1.0261,False,original_clean,,
141,3,Desconocido,BR,23,cerveza,sin_categoria,True,Cervejas Tradicionais,"R$ 6,49",330ml,BR,LOCAL,6.49,1.1913,1.1913,5.448,False,keep_imputed,no_category_detected,1.1913,False,original_clean,,
143,3,Desconocido,BR,23,cerveza,sin_categoria,True,Cervejas Tradicionais,"R$ 5,79",330ml,BR,LOCAL,5.79,1.0628,1.0628,5.448,False,keep_imputed,no_category_detected,1.0628,False,original_clean,,
144,3,Desconocido,BR,23,cerveza,sin_categoria,True,Cervejas Tradicionais,"R$ 5,69",330ml,BR,LOCAL,5.69,1.0444,1.0444,5.448,False,keep_imputed,no_category_detected,1.0444,False,original_clean,,
145,4,Desconocido,US,22,cerveza,cerveza,False,CERVEZA AMSTEL LATA 355 ML,Comparar,355 ML,US,LOCAL,1.2,1.2,1.2,1.0,False,keep,heuristic_default,1.2,False,original_clean,,
146,4,Desconocido,US,22,cerveza,cerveza,False,CERVEZA BIELA RESERVA LATA 355 ML,Comparar,355 ML,US,LOCAL,1.0,1.0,1.0,1.0,False,keep,heuristic_default,1.0,False,original_clean,,
147,4,Desconocido,US,22,cerveza,cerveza,False,CERVEZA CLUB PLATINO 330 ML,CLUB,330 ML,US,LOCAL,1.45,1.45,1.45,1.0,False,keep,heuristic_default,1.45,False,original_clean,,
148,4,Desconocido,US,22,cerveza,cerveza,False,CERVEZA CORONITA EXTRA 210 ML,Comparar,210 ML,US,LOCAL,1.18,1.18,1.18,1.0,False,keep,heuristic_default,1.18,False,original_clean,,
149,1,Desconocido,UNKNOWN,22,cerveza,cerveza,False,Cerveza extra botella,330 ml,330 ml,UNKNOWN,LOCAL,1.05,1.05,1.05,1.0,False,keep,heuristic_default,1.05,False,original_clean,,
151,1,Desconocido,UNKNOWN,23,cerveza,sin_categoria,True,"Cervezas, vinos y licores",Cervezas,473 ml,UNKNOWN,LOCAL,1.18,1.18,1.18,1.0,False,keep_imputed,no_category_detected,1.18,False,original_clean,,
153,4,Desconocido,US,23,cerveza,sin_categoria,True,COLA COCA COLA 2 L ORIGINAL,Comparar,2 L,US,LOCAL,1.86,1.86,1.86,1.0,False,keep_imputed,no_category_detected,1.86,False,original_clean,,
155,4,Desconocido,US,23,cerveza,sin_categoria,True,COLA INCA KOLA 2 L,Comparar,2 L,US,LOCAL,1.18,1.18,1.18,1.0,False,keep_imputed,no_category_detected,1.18,False,original_clean,,
156,4,Desconocido,US,23,cerveza,sin_categoria,True,COLA ORANGINE 3000 ML MANZANA,Comparar,3000 ML,US,LOCAL,1.55,1.55,1.55,1.0,False,keep_imputed,no_category_detected,1.55,False,original_clean,,
157,4,Desconocido,US,23,cerveza,sin_categoria,True,COLA SPRITE 1.35 L,Comparar,1.35 L,US,LOCAL,1.09,1.09,1.09,1.0,False,keep_imputed,no_category_detected,1.09,False,original_clean,,
158,6,Desconocido,PE,4,aceite vegetal,sin_categoria,True,colaborar con nuestros estudios para marketing. También puede configurarlas.,que podemos ofrecer.,5Kg,PE,LOCAL,16.92,4.7662,4.7662,3.55,False,keep_imputed,no_category_detected,4.7662,False,original_clean,,
159,6,Desconocido,PE,4,aceite vegetal,sin_categoria,True,colaborar con nuestros estudios para marketing. También puede configurarlas.,que podemos ofrecer.,5kg,PE,LOCAL,16.92,4.7662,4.7662,3.55,False,keep_imputed,no_category_detected,4.7662,False,original_clean,,
160,6,Desconocido,PE,8,huevo,sin_categoria,True,colaborar con nuestros estudios para marketing. También puede configurarlas.,que podemos ofrecer.,780g,PE,LOCAL,16.92,4.7662,4.7662,3.55,False,keep_imputed,no_category_detected,4.7662,False,original_clean,,
161,6,Desconocido,PE,8,huevo,sin_categoria,True,colaborar con nuestros estudios para marketing. También puede configurarlas.,que podemos ofrecer.,1Kg,PE,LOCAL,16.92,4.7662,4.7662,3.55,False,keep_imputed,no_category_detected,4.7662,False,original_clean,,
162,6,Desconocido,PE,8,huevo,sin_categoria,True,colaborar con nuestros estudios para marketing. También puede configurarlas.,que podemos ofrecer.,200g,PE,LOCAL,16.92,4.7662,4.7662,3.55,False,keep_imputed,no_category_detected,4.7662,False,original_clean,,
163,6,Desconocido,PE,8,huevo,sin_categoria,True,colaborar con nuestros estudios para marketing. También puede configurarlas.,que podemos ofrecer.,170g,PE,LOCAL,16.92,4.7662,4.7662,3.55,False,keep_imputed,no_category_detected,4.7662,False,original_clean,,
164,6,Desconocido,PE,4,aceite vegetal,sin_categoria,True,colaborar con nuestros estudios para marketing. También puede configurarlas.,que podemos ofrecer.,900ml,PE,LOCAL,16.92,4.7662,4.7662,3.55,False,keep_imputed,no_category_detected,4.7662,False,original_clean,,
165,6,Desconocido,PE,4,aceite vegetal,sin_categoria,True,colaborar con nuestros estudios para marketing. También puede configurarlas.,que podemos ofrecer.,1L,PE,LOCAL,16.92,4.7662,4.7662,3.55,False,keep_imputed,no_category_detected,4.7662,False,original_clean,,
166,6,Desconocido,PE,8,huevo,sin_categoria,True,colaborar con nuestros estudios para marketing. También puede configurarlas.,que podemos ofrecer.,800ml,PE,LOCAL,16.92,4.7662,4.7662,3.55,False,keep_imputed,no_category_detected,4.7662,False,original_clean,,
167,6,Desconocido,PE,3,pan,sin_categoria,True,colaborar con nuestros estudios para marketing. También puede configurarlas.,que podemos ofrecer.,500g,PE,LOCAL,16.92,4.7662,4.7662,3.55,False,keep_imputed,no_category_detected,4.7662,False,original_clean,,
168,6,Desconocido,PE,3,pan,sin_categoria,True,colaborar con nuestros estudios para marketing. También puede configurarlas.,que podemos ofrecer.,540g,PE,LOCAL,16.92,4.7662,4.7662,3.55,False,keep_imputed,no_category_detected,4.7662,False,original_clean,,
169,6,Desconocido,PE,3,pan,sin_categoria,True,colaborar con nuestros estudios para marketing. También puede configurarlas.,que podemos ofrecer.,560g,PE,LOCAL,16.92,4.7662,4.7662,3.55,False,keep_imputed,no_category_detected,4.7662,False,original_clean,,
170,6,Desconocido,PE,15,pan,pan,False,colaborar con nuestros estudios para marketing. También puede configurarlas.,que podemos ofrecer.,600g,PE,LOCAL,16.92,4.7662,4.7662,3.55,False,keep,heuristic_default,4.7662,False,original_clean,,
171,6,Desconocido,PE,8,huevo,sin_categoria,True,colaborar con nuestros estudios para marketing. También puede configurarlas.,que podemos ofrecer.,950g,PE,LOCAL,16.92,4.7662,4.7662,3.55,False,keep_imputed,no_category_detected,4.7662,False,original_clean,,
172,6,Desconocido,PE,8,huevo,sin_categoria,True,colaborar con nuestros estudios para marketing. También puede configurarlas.,que podemos ofrecer.,900g,PE,LOCAL,16.92,4.7662,4.7662,3.55,False,keep_imputed,no_category_detected,4.7662,False,original_clean,,
173,6,Desconocido,PE,24,atun,atun,False,colaborar con nuestros estudios para marketing. También puede configurarlas.,que podemos ofrecer.,140g,PE,LOCAL,16.92,4.7662,4.7662,3.55,False,keep_imputed,no_category_detected,4.7662,False,original_clean,,
174,6,Desconocido,PE,21,atun,sin_categoria,True,colaborar con nuestros estudios para marketing. También puede configurarlas.,que podemos ofrecer.,150g,PE,LOCAL,16.92,4.7662,4.7662,3.55,False,keep_imputed,no_category_detected,4.7662,False,original_clean,,
175,6,Desconocido,PE,4,aceite vegetal,sin_categoria,True,colaborar con nuestros estudios para marketing. También puede configurarlas.,que podemos ofrecer.,150gr,PE,LOCAL,16.92,4.7662,4.7662,3.55,False,keep_imputed,no_category_detected,4.7662,False,original_clean,,
176,1,Desconocido,UNKNOWN,16,papa,papa,False,Comida congelada,frutos del maipo,1 Kg,UNKNOWN,LOCAL,4.19,4.19,4.19,1.0,False,keep,heuristic_default,4.19,False,original_clean,,
177,3,Desconocido,BR,6,papa,sin_categoria,True,COMUNICADO IMPORTANTE!,"Caro cliente,",2l,BR,LOCAL,5.99,1.0995,1.0995,5.448,False,keep_imputed,no_category_detected,1.0995,False,original_clean,,
178,7,Desconocido,AR,14,cafe,cafe,False,DALE VIDA A TU JARDIN,🌷🌻​🌼​,1 L,AR,LOCAL,1597.52,1.2729,1.2729,1255.0,False,keep,heuristic_default,1.2729,False,original_clean,,
181,7,Desconocido,AR,14,cafe,cafe,False,DALE VIDA A TU JARDIN,🌷🌻​🌼​,560g,AR,LOCAL,4693.39,3.7398,3.7398,1255.0,False,keep,heuristic_default,3.7398,False,original_clean,,
182,7,Desconocido,AR,14,cafe,cafe,False,DALE VIDA A TU JARDIN,🌷🌻​🌼​,600 Gr,AR,LOCAL,2652.07,2.1132,2.1132,1255.0,False,keep,heuristic_default,2.1132,False,original_clean,,
183,7,Desconocido,AR,14,cafe,cafe,False,DALE VIDA A TU JARDIN,🌷🌻​🌼​,500 G,AR,LOCAL,1561.98,1.2446,1.2446,1255.0,False,keep,heuristic_default,1.2446,False,original_clean,,
184,7,Desconocido,AR,14,cafe,cafe,False,DALE VIDA A TU JARDIN,🌷🌻​🌼​,500G,AR,LOCAL,2257.92,1.7991,1.7991,1255.0,False,keep,heuristic_default,1.7991,False,original_clean,,
185,7,Desconocido,AR,14,cafe,cafe,False,DALE VIDA A TU JARDIN,🌷🌻​🌼​,500 GR,AR,LOCAL,1404.13,1.1188,1.1188,1255.0,False,keep,heuristic_default,1.1188,False,original_clean,,
186,7,Desconocido,AR,14,cafe,cafe,False,DALE VIDA A TU JARDIN,🌷🌻​🌼​,"2,5KG",AR,LOCAL,8316.74,6.6269,6.6269,1255.0,False,keep,heuristic_default,6.6269,False,original_clean,,
191,7,Desconocido,AR,14,cafe,cafe,False,DALE VIDA A TU JARDIN,🌷🌻​🌼​,"1,5 Lt",AR,LOCAL,2553.72,2.0348,2.0348,1255.0,False,keep,heuristic_default,2.0348,False,original_clean,,
192,7,Desconocido,AR,14,cafe,cafe,False,DALE VIDA A TU JARDIN,🌷🌻​🌼​,2000CC,AR,LOCAL,2644.63,2.1073,2.1073,1255.0,False,keep,heuristic_default,2.1073,False,original_clean,,
193,7,Desconocido,AR,14,cafe,cafe,False,DALE VIDA A TU JARDIN,🌷🌻​🌼​,2.25 Lt,AR,LOCAL,1900.83,1.5146,1.5146,1255.0,False,keep,heuristic_default,1.5146,False,original_clean,,
194,7,Desconocido,AR,14,cafe,cafe,False,DALE VIDA A TU JARDIN,🌷🌻​🌼​,2.25 L,AR,LOCAL,1809.92,1.4422,1.4422,1255.0,False,keep,heuristic_default,1.4422,False,original_clean,,
195,7,Desconocido,AR,14,cafe,cafe,False,DALE VIDA A TU JARDIN,🌷🌻​🌼​,600G,AR,LOCAL,6420.66,5.1161,5.1161,1255.0,False,keep,heuristic_default,5.1161,False,original_clean,,
196,1,Desconocido,UNKNOWN,14,cafe,cafe,False,Desayuno y Dulces,Café,250 GR,UNKNOWN,LOCAL,13.2,13.2,13.2,1.0,False,keep,heuristic_default,13.2,False,original_clean,,
197,1,Desconocido,UNKNOWN,14,cafe,cafe,False,Desayuno y Dulces,Café,250 G,UNKNOWN,LOCAL,3.99,3.99,3.99,1.0,False,keep,heuristic_default,3.99,False,original_clean,,
198,1,Desconocido,UNKNOWN,14,cafe,cafe,False,Desayuno y Dulces,Café,50 g,UNKNOWN,LOCAL,2.85,2.85,2.85,1.0,False,keep,heuristic_default,2.85,False,original_clean,,
199,1,Desconocido,UNKNOWN,14,cafe,cafe,False,Desayuno y Dulces,Café,170 GR,UNKNOWN,LOCAL,7.49,7.49,7.49,1.0,False,keep,heuristic_default,7.49,False,original_clean,,
208,1,Desconocido,UNKNOWN,7,aceite vegetal,aceite vegetal,False,Devolver este producto es gratis,SUPER POLLO,500 g,UNKNOWN,LOCAL,3.99,3.99,3.99,1.0,False,keep,heuristic_default,3.99,False,original_clean,,
209,4,Desconocido,US,23,cerveza,sin_categoria,True,El almacenamiento local parece estar deshabilitado en tu navegador.,Aprende,1L,US,LOCAL,2.05,2.05,2.05,1.0,False,keep_imputed,no_category_detected,2.05,False,original_clean,,
210,1,Desconocido,UNKNOWN,17,leche,leche,False,El almacenamiento local parece estar deshabilitado en tu navegador.,Aprende,1L,UNKNOWN,LOCAL,1.5,1.5,1.5,1.0,False,keep,heuristic_default,1.5,False,original_clean,,
212,1,Desconocido,UNKNOWN,22,cerveza,cerveza,False,El almacenamiento local parece estar deshabilitado en tu navegador.,Aprende,330ML,UNKNOWN,LOCAL,2.2,2.2,2.2,1.0,False,keep,heuristic_default,2.2,False,original_clean,,
213,1,Desconocido,UNKNOWN,23,cerveza,sin_categoria,True,El almacenamiento local parece estar deshabilitado en tu navegador.,Aprende,500ML,UNKNOWN,LOCAL,3.23,3.23,3.23,1.0,False,keep_imputed,no_category_detected,3.23,False,original_clean,,
214,1,Desconocido,UNKNOWN,22,cerveza,cerveza,False,El almacenamiento local parece estar deshabilitado en tu navegador.,Aprende,355ML,UNKNOWN,LOCAL,6.98,6.98,6.98,1.0,False,keep,heuristic_default,6.98,False,original_clean,,
215,1,Desconocido,UNKNOWN,22,cerveza,cerveza,False,El almacenamiento local parece estar deshabilitado en tu navegador.,Aprende,355ml,UNKNOWN,LOCAL,5.81,5.81,5.81,1.0,False,keep,heuristic_default,5.81,False,original_clean,,
216,1,Desconocido,UNKNOWN,15,pan,pan,False,El almacenamiento local parece estar deshabilitado en tu navegador.,Aprende,550GR,UNKNOWN,LOCAL,1.21,1.21,1.21,1.0,False,keep,heuristic_default,1.21,False,original_clean,,
217,1,Desconocido,UNKNOWN,19,harina de trigo,harina de trigo,False,El almacenamiento local parece estar deshabilitado en tu navegador.,Aprende,560g,UNKNOWN,LOCAL,2.12,2.12,2.12,1.0,False,keep,heuristic_default,2.12,False,original_clean,,
218,1,Desconocido,UNKNOWN,15,pan,pan,False,El almacenamiento local parece estar deshabilitado en tu navegador.,Aprende,580g,UNKNOWN,LOCAL,3.08,3.08,3.08,1.0,False,keep,heuristic_default,3.08,False,original_clean,,
219,1,Desconocido,UNKNOWN,1,azucar,sin_categoria,True,El almacenamiento local parece estar deshabilitado en tu navegador.,Aprende,3785Ml,UNKNOWN,LOCAL,1.97,1.97,1.97,1.0,False,keep_imputed,no_category_detected,1.97,False,original_clean,,
220,1,Desconocido,UNKNOWN,13,azucar,azucar,False,El almacenamiento local parece estar deshabilitado en tu navegador.,Aprende,3050 ML,UNKNOWN,LOCAL,2.99,2.99,2.99,1.0,False,keep,heuristic_default,2.99,False,original_clean,,
221,1,Desconocido,UNKNOWN,13,azucar,azucar,False,El almacenamiento local parece estar deshabilitado en tu navegador.,Aprende,3L,UNKNOWN,LOCAL,2.92,2.92,2.92,1.0,False,keep,heuristic_default,2.92,False,original_clean,,
223,1,Desconocido,UNKNOWN,23,cerveza,sin_categoria,True,El almacenamiento local parece estar deshabilitado en tu navegador.,Aprende,NaN,UNKNOWN,LOCAL,3.41,3.41,3.41,1.0,False,keep_imputed,no_category_detected,3.41,False,original_clean,,
224,1,Desconocido,UNKNOWN,23,cerveza,sin_categoria,True,El almacenamiento local parece estar deshabilitado en tu navegador.,Aprende,4Lb,UNKNOWN,LOCAL,2.25,2.25,2.25,1.0,False,keep_imputed,no_category_detected,2.25,False,original_clean,,
225,1,Desconocido,UNKNOWN,1,azucar,sin_categoria,True,El almacenamiento local parece estar deshabilitado en tu navegador.,Aprende,500G,UNKNOWN,LOCAL,1.75,1.75,1.75,1.0,False,keep_imputed,no_category_detected,1.75,False,original_clean,,
227,1,Desconocido,UNKNOWN,13,azucar,azucar,False,El almacenamiento local parece estar deshabilitado en tu navegador.,Aprende,1Kg,UNKNOWN,LOCAL,1.12,1.12,1.12,1.0,False,keep_imputed,no_category_detected,1.12,False,original_clean,,
239,1,Desconocido,UNKNOWN,14,cafe,cafe,False,Elige un método de entrega,Unimarc,170 g,UNKNOWN,LOCAL,6.2,6.2,6.2,1.0,False,keep,heuristic_default,6.2,False,original_clean,,
240,1,Desconocido,UNKNOWN,14,cafe,cafe,False,Elige un método de entrega,Unimarc,227 g,UNKNOWN,LOCAL,14.19,14.19,14.19,1.0,False,keep,heuristic_default,14.19,False,original_clean,,
241,1,Desconocido,UNKNOWN,14,cafe,cafe,False,Elige un método de entrega,Unimarc,250 g,UNKNOWN,LOCAL,1.25,1.25,1.25,1.0,False,keep_imputed,no_category_detected,1.25,False,original_clean,,
242,1,Desconocido,UNKNOWN,16,papa,papa,False,Elige un método de entrega,Unimarc,2 Kg,UNKNOWN,LOCAL,2.39,2.39,2.39,1.0,False,keep,heuristic_default,2.39,False,original_clean,,
243,1,Desconocido,UNKNOWN,16,papa,papa,False,Elige un método de entrega,Unimarc,1.3 Kg,UNKNOWN,LOCAL,1.79,1.79,1.79,1.0,False,keep,heuristic_default,1.79,False,original_clean,,
244,1,Desconocido,UNKNOWN,16,papa,papa,False,Elige un método de entrega,Unimarc,500 g,UNKNOWN,LOCAL,1.29,1.29,1.29,1.0,False,keep_imputed,no_category_detected,1.29,False,original_clean,,
245,1,Desconocido,UNKNOWN,15,pan,pan,False,Elige un método de entrega,Unimarc,750 g,UNKNOWN,LOCAL,2.51,2.51,2.51,1.0,False,keep,heuristic_default,2.51,False,original_clean,,
246,1,Desconocido,UNKNOWN,25,refresco de cola,refresco de cola,False,Elige un método de entrega,Unimarc,1.5 L,UNKNOWN,LOCAL,2.0,2.0,2.0,1.0,False,keep_imputed,no_category_detected,2.0,False,original_clean,,
247,1,Desconocido,UNKNOWN,2,cafe,sin_categoria,True,Elige un método de entrega,Unimarc,650 g,UNKNOWN,LOCAL,2.53,2.53,2.53,1.0,False,keep_imputed,no_category_detected,2.53,False,original_clean,,
248,1,Desconocido,UNKNOWN,2,cafe,sin_categoria,True,Elige un método de entrega,Unimarc,300 g,UNKNOWN,LOCAL,1.99,1.99,1.99,1.0,False,keep_imputed,no_category_detected,1.99,False,original_clean,,
249,1,Desconocido,UNKNOWN,6,papa,sin_categoria,True,Elige un método de entrega,Unimarc,1 Kg,UNKNOWN,LOCAL,1.8,1.8,1.8,1.0,False,keep_imputed,no_category_detected,1.8,False,original_clean,,
250,1,Desconocido,UNKNOWN,18,huevo,huevo,False,Elige un método de entrega,Unimarc,12 unidad,UNKNOWN,LOCAL,5.19,5.19,5.19,1.0,False,keep_imputed,heuristic_default,5.19,False,original_clean,,
251,1,Desconocido,UNKNOWN,6,papa,sin_categoria,True,Elige un método de entrega,Unimarc,2 L,UNKNOWN,LOCAL,2.0,2.0,2.0,1.0,False,keep_imputed,no_category_detected,2.0,False,original_clean,,
252,1,Desconocido,UNKNOWN,8,huevo,sin_categoria,True,Elige un método de entrega,Unimarc,20 unidad,UNKNOWN,LOCAL,6.59,6.59,6.59,1.0,False,keep_imputed,no_category_detected,6.59,False,original_clean,,
254,1,Desconocido,UNKNOWN,6,papa,sin_categoria,True,Elige un método de entrega,Unimarc,3 Kg,UNKNOWN,LOCAL,11.97,11.97,11.97,1.0,False,keep_imputed,no_category_detected,11.97,False,original_clean,,
256,1,Desconocido,UNKNOWN,13,azucar,azucar,False,Fiambres y Huevos,Huevos,12Unidades,UNKNOWN,LOCAL,3.85,3.85,3.85,1.0,False,keep,heuristic_default,3.85,False,original_clean,,
257,1,Desconocido,UNKNOWN,13,azucar,azucar,False,Fiambres y Huevos,Huevos,648g,UNKNOWN,LOCAL,4.1,4.1,4.1,1.0,False,keep,heuristic_default,4.1,False,original_clean,,
258,1,Desconocido,UNKNOWN,13,azucar,azucar,False,Fiambres y Huevos,Huevos,732g,UNKNOWN,LOCAL,4.69,4.69,4.69,1.0,False,keep,heuristic_default,4.69,False,original_clean,,
259,1,Desconocido,UNKNOWN,18,huevo,huevo,False,Fiambres y Huevos,Huevos,648 G,UNKNOWN,LOCAL,5.9,5.9,5.9,1.0,False,keep_imputed,heuristic_default,5.9,False,original_clean,,
260,1,Desconocido,UNKNOWN,12,cebolla,cebolla,False,Frutas y Verduras,Verduras,500 g,UNKNOWN,LOCAL,1.69,1.69,1.69,1.0,False,keep,heuristic_default,1.69,False,original_clean,,
261,1,Desconocido,UNKNOWN,12,cebolla,cebolla,False,Frutas y Verduras,Verduras,1 Kg,UNKNOWN,LOCAL,2.19,2.19,2.19,1.0,False,keep,heuristic_default,2.19,False,original_clean,,
262,1,Desconocido,UNKNOWN,26,tomates,tomates,False,Frutas y Verduras,Verduras,250 g,UNKNOWN,LOCAL,1.92,1.92,1.92,1.0,False,keep,heuristic_default,1.92,False,original_clean,,
282,1,Desconocido,UNKNOWN,18,huevo,huevo,False,Huevos blanco grande,12 un,NaN,UNKNOWN,LOCAL,4.11,4.11,4.11,1.0,False,keep_imputed,heuristic_default,4.11,False,original_clean,,
284,1,Desconocido,UNKNOWN,6,papa,sin_categoria,True,kem piña,Bebida desechable,1.5 Litro,UNKNOWN,LOCAL,1.39,1.39,1.39,1.0,False,keep_imputed,no_category_detected,1.39,False,original_clean,,
286,2,Chedraui,MX,17,leche,leche,False,Lacteos y huevo,Leche,1L,MX,LOCAL,37.0,1.9871,1.9871,18.62,False,keep,heuristic_default,1.9871,False,original_clean,,
287,2,Chedraui,MX,17,leche,leche,False,Lacteos y huevo,Leche,946ml,MX,LOCAL,39.0,2.0945,2.0945,18.62,False,keep,heuristic_default,2.0945,False,original_clean,,
288,2,Chedraui,MX,18,huevo,huevo,False,Lacteos y huevo,Huevos,30 piezas,MX,LOCAL,106.0,5.6928,5.6928,18.62,False,keep_imputed,heuristic_default,5.6928,False,original_clean,,
291,4,Desconocido,US,17,leche,leche,False,LECHE LA LECHERA TETRABRIK 1 L ENTERA,Comparar,1 L,US,LOCAL,1.39,1.39,1.39,1.0,False,keep,heuristic_default,1.39,False,original_clean,,
293,4,Desconocido,US,17,leche,leche,False,LECHE TONI TETRABRIK 1 L ENTERA,Comparar,1 L,US,LOCAL,1.45,1.45,1.45,1.0,False,keep,heuristic_default,1.45,False,original_clean,,
296,1,Desconocido,UNKNOWN,17,leche,leche,False,Lácteos y Quesos,Leches,1 LT,UNKNOWN,LOCAL,1.05,1.05,1.05,1.0,False,keep,heuristic_default,1.05,False,original_clean,,
298,3,Desconocido,BR,27,pasta seca,pasta seca,False,Macarrão Italiano Spaghetti La Campofilone 500 G,Descripción,500 G,BR,LOCAL,15.99,2.935,2.935,5.448,False,keep,heuristic_default,2.935,False,original_clean,,
299,3,Desconocido,BR,8,huevo,sin_categoria,True,Massa Italiana Integral Spaghetti La Molisana 500 G,Descripción,500 G,BR,LOCAL,15.99,2.935,2.935,5.448,False,keep_imputed,no_category_detected,2.935,False,original_clean,,
302,3,Desconocido,BR,15,pan,pan,False,Meu Desconto,Blog do Pão,1kg,BR,LOCAL,6.99,1.283,1.283,5.448,False,keep,heuristic_default,1.283,False,original_clean,,
303,3,Desconocido,BR,15,pan,pan,False,Meu Desconto,Blog do Pão,5kg,BR,LOCAL,23.99,4.4035,4.4035,5.448,False,keep,heuristic_default,4.4035,False,original_clean,,
305,1,Desconocido,UNKNOWN,15,pan,pan,False,Meu Desconto,Blog do Pão,5kg,UNKNOWN,LOCAL,1.0,1.0,1.0,1.0,False,keep,heuristic_default,1.0,False,original_clean,,
307,3,Desconocido,BR,15,pan,pan,False,Meu Desconto,Blog do Pão,250g,BR,LOCAL,27.99,5.1377,5.1377,5.448,False,keep,heuristic_default,5.1377,False,original_clean,,
308,3,Desconocido,BR,15,pan,pan,False,Meu Desconto,Blog do Pão,480g,BR,LOCAL,9.99,1.8337,1.8337,5.448,False,keep,heuristic_default,1.8337,False,original_clean,,
309,3,Desconocido,BR,15,pan,pan,False,Meu Desconto,Blog do Pão,450g,BR,LOCAL,8.59,1.5767,1.5767,5.448,False,keep,heuristic_default,1.5767,False,original_clean,,
311,3,Desconocido,BR,15,pan,pan,False,Meu Desconto,Blog do Pão,"1,5l",BR,LOCAL,8.59,1.5767,1.5767,5.448,False,keep,heuristic_default,1.5767,False,original_clean,,
313,3,Desconocido,BR,15,pan,pan,False,Meu Desconto,Blog do Pão,"1,5 Litros",BR,LOCAL,7.89,1.4482,1.4482,5.448,False,keep,heuristic_default,1.4482,False,original_clean,,
314,3,Desconocido,BR,15,pan,pan,False,Meu Desconto,Blog do Pão,1L,BR,LOCAL,7.99,1.4666,1.4666,5.448,False,keep,heuristic_default,1.4666,False,original_clean,,
315,1,Desconocido,UNKNOWN,15,pan,pan,False,Meu Desconto,Blog do Pão,1 Litro,UNKNOWN,LOCAL,18.0,18.0,18.0,1.0,False,keep,heuristic_default,18.0,False,original_clean,,
316,3,Desconocido,BR,15,pan,pan,False,Meu Desconto,Blog do Pão,1 Litro,BR,LOCAL,5.99,1.0995,1.0995,5.448,False,keep,heuristic_default,1.0995,False,original_clean,,
317,3,Desconocido,BR,15,pan,pan,False,Meu Desconto,Blog do Pão,330ml,BR,LOCAL,6.59,1.2096,1.2096,5.448,False,keep,heuristic_default,1.2096,False,original_clean,,
321,3,Desconocido,BR,3,pan,sin_categoria,True,Meu Desconto,Minha Lista,5kg,BR,LOCAL,28.99,5.3212,5.3212,5.448,False,keep_imputed,no_category_detected,5.3212,False,original_clean,,
322,1,Desconocido,UNKNOWN,3,pan,sin_categoria,True,Meu Desconto,Minha Lista,5kg,UNKNOWN,LOCAL,1.0,1.0,1.0,1.0,False,keep_imputed,no_category_detected,1.0,False,original_clean,,
323,3,Desconocido,BR,3,pan,sin_categoria,True,Meu Desconto,Minha Lista,500g,BR,LOCAL,5.59,1.0261,1.0261,5.448,False,keep_imputed,no_category_detected,1.0261,False,original_clean,,
324,3,Desconocido,BR,3,pan,sin_categoria,True,Meu Desconto,Minha Lista,250g,BR,LOCAL,12.29,2.2559,2.2559,5.448,False,keep_imputed,no_category_detected,2.2559,False,original_clean,,
325,3,Desconocido,BR,3,pan,sin_categoria,True,Meu Desconto,Minha Lista,480g,BR,LOCAL,9.99,1.8337,1.8337,5.448,False,keep_imputed,no_category_detected,1.8337,False,original_clean,,
326,3,Desconocido,BR,3,pan,sin_categoria,True,Meu Desconto,Minha Lista,450g,BR,LOCAL,6.99,1.283,1.283,5.448,False,keep_imputed,no_category_detected,1.283,False,original_clean,,
328,3,Desconocido,BR,3,pan,sin_categoria,True,Meu Desconto,Minha Lista,"1,5l",BR,LOCAL,7.29,1.3381,1.3381,5.448,False,keep_imputed,no_category_detected,1.3381,False,original_clean,,
330,1,Desconocido,UNKNOWN,3,pan,sin_categoria,True,Meu Desconto,Minha Lista,1 Litro,UNKNOWN,LOCAL,1.0,1.0,1.0,1.0,False,keep_imputed,no_category_detected,1.0,False,original_clean,,
334,3,Desconocido,BR,3,pan,sin_categoria,True,Meu Desconto,Minha Lista,330ml,BR,LOCAL,6.79,1.2463,1.2463,5.448,False,keep_imputed,no_category_detected,1.2463,False,original_clean,,
336,1,Desconocido,UNKNOWN,3,pan,sin_categoria,True,Meu Desconto,Minha Lista,NaN,UNKNOWN,LOCAL,18.0,18.0,18.0,1.0,False,keep_imputed,no_category_detected,18.0,False,original_clean,,
337,3,Desconocido,BR,3,pan,sin_categoria,True,Meu Desconto,Minha Lista,800g,BR,LOCAL,21.9,4.0198,4.0198,5.448,False,keep_imputed,no_category_detected,4.0198,False,original_clean,,
338,3,Desconocido,BR,3,pan,sin_categoria,True,Meu Desconto,Minha Lista,"2,2Kg",BR,LOCAL,28.99,5.3212,5.3212,5.448,False,keep_imputed,no_category_detected,5.3212,False,original_clean,,
339,3,Desconocido,BR,3,pan,sin_categoria,True,Meu Desconto,Minha Lista,700g,BR,LOCAL,33.99,6.239,6.239,5.448,False,keep_imputed,no_category_detected,6.239,False,original_clean,,
340,3,Desconocido,BR,3,pan,sin_categoria,True,Meu Desconto,Minha Lista,400g,BR,LOCAL,5.99,1.0995,1.0995,5.448,False,keep_imputed,no_category_detected,1.0995,False,original_clean,,
341,3,Desconocido,BR,3,pan,sin_categoria,True,Meu Desconto,Minha Lista,2l,BR,LOCAL,7.99,1.4666,1.4666,5.448,False,keep_imputed,no_category_detected,1.4666,False,original_clean,,
343,1,Desconocido,UNKNOWN,3,pan,sin_categoria,True,Meu Desconto,Minha Lista,500g,UNKNOWN,LOCAL,2.0,2.0,2.0,1.0,False,keep_imputed,no_category_detected,2.0,False,original_clean,,
344,1,Desconocido,UNKNOWN,3,pan,sin_categoria,True,Meu Desconto,Minha Lista,1l,UNKNOWN,LOCAL,1.0,1.0,1.0,1.0,False,keep_imputed,no_category_detected,1.0,False,original_clean,,
346,1,Desconocido,UNKNOWN,3,pan,sin_categoria,True,Meu Desconto,Minha Lista,1kg,UNKNOWN,LOCAL,1.0,1.0,1.0,1.0,False,keep_imputed,no_category_detected,1.0,False,original_clean,,
347,1,Desconocido,UNKNOWN,3,pan,sin_categoria,True,Meu Desconto,Minha Lista,1Kg,UNKNOWN,LOCAL,1.0,1.0,1.0,1.0,False,keep_imputed,no_category_detected,1.0,False,original_clean,,
348,3,Desconocido,BR,3,pan,sin_categoria,True,Meu Desconto,Minha Lista,1Kg,BR,LOCAL,6.39,1.1729,1.1729,5.448,False,keep_imputed,no_category_detected,1.1729,False,original_clean,,
349,1,Desconocido,UNKNOWN,16,papa,papa,False,Multi Marca,"Papa Malla, 2 Kg",2 Kg,UNKNOWN,LOCAL,2.69,2.69,2.69,1.0,False,keep,heuristic_default,2.69,False,original_clean,,
350,1,Desconocido,UNKNOWN,10,arroz,arroz,False,nuestra cocina,1 Kg,1 Kg,UNKNOWN,LOCAL,1.59,1.59,1.59,1.0,False,keep,heuristic_default,1.59,False,original_clean,,
351,3,Desconocido,BR,15,pan,pan,False,Padaria e Matinais,Panes y Torradas,500g,BR,LOCAL,9.49,1.7419,1.7419,5.448,False,keep,heuristic_default,1.7419,False,original_clean,,
352,3,Desconocido,BR,15,pan,pan,False,Padaria e Matinais,Panes y Torradas,450g,BR,LOCAL,6.19,1.1362,1.1362,5.448,False,keep,heuristic_default,1.1362,False,original_clean,,
353,3,Desconocido,BR,15,pan,pan,False,Padaria e Matinais,Panes y Torradas,400g,BR,LOCAL,9.69,1.7786,1.7786,5.448,False,keep,heuristic_default,1.7786,False,original_clean,,
355,3,Desconocido,BR,3,pan,sin_categoria,True,Padaria e Matinais,Leites,1L,BR,LOCAL,6.09,1.1178,1.1178,5.448,False,keep_imputed,no_category_detected,1.1178,False,original_clean,,
361,4,Desconocido,US,15,pan,pan,False,PAN MOLDE BLANCO FLOR DE ORO 550 G,Comparar,550 G,US,LOCAL,1.05,1.05,1.05,1.0,False,keep,heuristic_default,1.05,False,original_clean,,
362,4,Desconocido,US,15,pan,pan,False,PAN MOLDE BLANCO MODERNA 550 G,Comparar,550 G,US,LOCAL,1.59,1.59,1.59,1.0,False,keep,heuristic_default,1.59,False,original_clean,,
363,4,Desconocido,US,15,pan,pan,False,PAN MOLDE BLANCO SUPAN 550 G,Comparar,550 G,US,LOCAL,1.56,1.56,1.56,1.0,False,keep,heuristic_default,1.56,False,original_clean,,
369,1,Desconocido,UNKNOWN,15,pan,pan,False,Panadería y Pastelería,Panadería,570 GR,UNKNOWN,LOCAL,2.49,2.49,2.49,1.0,False,keep,heuristic_default,2.49,False,original_clean,,
370,1,Desconocido,UNKNOWN,15,pan,pan,False,Panadería y Pastelería,Panadería,580 GR,UNKNOWN,LOCAL,2.69,2.69,2.69,1.0,False,keep,heuristic_default,2.69,False,original_clean,,
371,1,Desconocido,UNKNOWN,15,pan,pan,False,Panadería y Pastelería,Panadería,740 g,UNKNOWN,LOCAL,2.59,2.59,2.59,1.0,False,keep,heuristic_default,2.59,False,original_clean,,
372,1,Desconocido,UNKNOWN,15,pan,pan,False,Panadería y Pastelería,Panadería,580 g,UNKNOWN,LOCAL,2.59,2.59,2.59,1.0,False,keep,heuristic_default,2.59,False,original_clean,,
373,1,Desconocido,UNKNOWN,15,pan,pan,False,Panadería y repostería,Pan,500 g,UNKNOWN,LOCAL,1.95,1.95,1.95,1.0,False,keep,heuristic_default,1.95,False,original_clean,,
374,1,Desconocido,UNKNOWN,15,pan,pan,False,Panadería y repostería,Pan,750 g,UNKNOWN,LOCAL,2.54,2.54,2.54,1.0,False,keep,heuristic_default,2.54,False,original_clean,,
375,1,Desconocido,UNKNOWN,15,pan,pan,False,Panadería y repostería,Pan,740 g,UNKNOWN,LOCAL,2.19,2.19,2.19,1.0,False,keep,heuristic_default,2.19,False,original_clean,,
377,1,Desconocido,UNKNOWN,15,pan,pan,False,Panadería y repostería,Pan,NaN,UNKNOWN,LOCAL,1.76,1.76,1.76,1.0,False,keep,heuristic_default,1.76,False,original_clean,,
385,1,Desconocido,UNKNOWN,18,huevo,huevo,False,Pasta spaghetti n°5 al huevo,400 g,400 g,UNKNOWN,LOCAL,1.22,1.22,1.22,1.0,False,keep_imputed,heuristic_default,1.22,False,original_clean,,
387,3,Desconocido,BR,29,pasta seca,sin_categoria,True,Pratos Prontos e Massas Frescas,Massas Frescas,500g,BR,LOCAL,10.79,1.9805,1.9805,5.448,False,keep_imputed,no_category_detected,1.9805,False,original_clean,,
388,3,Desconocido,BR,29,pasta seca,sin_categoria,True,Preços no Site e App podem ser diferentes das Lojas Físicas.,Shipping,500 G,BR,LOCAL,15.99,2.935,2.935,5.448,False,keep_imputed,no_category_detected,2.935,False,original_clean,,
389,3,Desconocido,BR,23,cerveza,sin_categoria,True,Preços no Site e App podem ser diferentes das Lojas Físicas.,Shipping,255 Ml,BR,LOCAL,29.99,5.5048,5.5048,5.448,False,keep_imputed,no_category_detected,5.5048,False,original_clean,,
390,3,Desconocido,BR,23,cerveza,sin_categoria,True,Preços no Site e App podem ser diferentes das Lojas Físicas.,Shipping,600 Ml,BR,LOCAL,24.99,4.587,4.587,5.448,False,keep_imputed,no_category_detected,4.587,False,original_clean,,
391,3,Desconocido,BR,23,cerveza,sin_categoria,True,Preços no Site e App podem ser diferentes das Lojas Físicas.,Shipping,350 Ml,BR,LOCAL,24.99,4.587,4.587,5.448,False,keep_imputed,no_category_detected,4.587,False,original_clean,,
392,3,Desconocido,BR,29,pasta seca,sin_categoria,True,Preços no Site e App podem ser diferentes das Lojas Físicas.,Shipping,1kg,BR,LOCAL,15.99,2.935,2.935,5.448,False,keep_imputed,no_category_detected,2.935,False,original_clean,,
397,1,Desconocido,UNKNOWN,1,azucar,sin_categoria,True,Queso Semiduro,Danbo,1kg,UNKNOWN,LOCAL,1.0,1.0,1.0,1.0,False,keep_imputed,no_category_detected,1.0,False,original_clean,,
401,3,Desconocido,BR,6,papa,sin_categoria,True,Refrigerante Coca-Cola Garrafa 2 L,"R$ 10,99",2 L,BR,LOCAL,10.99,2.0173,2.0173,5.448,False,keep_imputed,no_category_detected,2.0173,False,original_clean,,
402,3,Desconocido,BR,6,papa,sin_categoria,True,Refrigerante Coca-Cola Garrafa 2 L,"R$ 11,49",2 L,BR,LOCAL,11.49,2.109,2.109,5.448,False,keep_imputed,no_category_detected,2.109,False,original_clean,,
404,1,Desconocido,UNKNOWN,15,pan,pan,False,Resultados de búsqueda para: 'pan molde ta riko 450 g n 259628000',Ver como,450 g,UNKNOWN,LOCAL,1.45,1.45,1.45,1.0,False,keep,heuristic_default,1.45,False,original_clean,,
406,1,Desconocido,UNKNOWN,14,cafe,cafe,False,Saltar menú Cenco,Monterrey,230 g,UNKNOWN,LOCAL,5.59,5.59,5.59,1.0,False,keep,heuristic_default,5.59,False,original_clean,,
407,1,Desconocido,UNKNOWN,14,cafe,cafe,False,Saltar menú Cenco,Exclusivo online,100 g,UNKNOWN,LOCAL,6.89,6.89,6.89,1.0,False,keep,heuristic_default,6.89,False,original_clean,,
408,1,Desconocido,UNKNOWN,14,cafe,cafe,False,Saltar menú Cenco,Cruzeiro,250 g,UNKNOWN,LOCAL,5.95,5.95,5.95,1.0,False,keep,heuristic_default,5.95,False,original_clean,,
410,1,Desconocido,UNKNOWN,16,papa,papa,False,Saltar menú Cenco,Huertos del Ranco,1 kg,UNKNOWN,LOCAL,2.59,2.59,2.59,1.0,False,keep,heuristic_default,2.59,False,original_clean,,
412,1,Desconocido,UNKNOWN,15,pan,pan,False,Saltar menú Cenco,Oferta,750 g,UNKNOWN,LOCAL,2.39,2.39,2.39,1.0,False,keep,heuristic_default,2.39,False,original_clean,,
413,1,Desconocido,UNKNOWN,15,pan,pan,False,Saltar menú Cenco,Oferta,600 g,UNKNOWN,LOCAL,2.49,2.49,2.49,1.0,False,keep,heuristic_default,2.49,False,original_clean,,
414,1,Desconocido,UNKNOWN,15,pan,pan,False,Saltar menú Cenco,Castaño,770 g,UNKNOWN,LOCAL,2.99,2.99,2.99,1.0,False,keep,heuristic_default,2.99,False,original_clean,,
416,1,Desconocido,UNKNOWN,18,huevo,huevo,False,Saltar menú Cenco,Cintazul,12 unidades,UNKNOWN,LOCAL,4.19,4.19,4.19,1.0,False,keep_imputed,heuristic_default,4.19,False,original_clean,,
417,1,Desconocido,UNKNOWN,18,huevo,huevo,False,Saltar menú Cenco,Coliumo,NaN,UNKNOWN,LOCAL,3.99,3.99,3.99,1.0,False,keep_imputed,heuristic_default,3.99,False,original_clean,,
418,1,Desconocido,UNKNOWN,18,huevo,huevo,False,Saltar menú Cenco,Ecoterra,NaN,UNKNOWN,LOCAL,5.89,5.89,5.89,1.0,False,keep_imputed,heuristic_default,5.89,False,original_clean,,
419,1,Desconocido,UNKNOWN,16,papa,papa,False,Saltar menú Cenco,Ariztía,480 g,UNKNOWN,LOCAL,8.78,8.78,8.78,1.0,False,keep,heuristic_default,8.78,False,original_clean,,
420,1,Desconocido,UNKNOWN,32,pollo entero,pollo entero,False,Saltar menú Cenco,Agotado,2.3 kg,UNKNOWN,LOCAL,8.78,8.78,8.78,1.0,False,keep,heuristic_default,8.78,False,original_clean,,
421,1,Desconocido,UNKNOWN,16,papa,papa,False,Saltar menú Cenco,Agotado,380 g,UNKNOWN,LOCAL,5.75,5.75,5.75,1.0,False,keep,heuristic_default,5.75,False,original_clean,,
422,1,Desconocido,UNKNOWN,16,papa,papa,False,Saltar menú Cenco,Canto del Gallo,550 g,UNKNOWN,LOCAL,8.98,8.98,8.98,1.0,False,keep,heuristic_default,8.98,False,original_clean,,
423,1,Desconocido,UNKNOWN,17,leche,leche,False,Saltar menú Cenco,Cuisine & Co,1 L,UNKNOWN,LOCAL,1.11,1.11,1.11,1.0,False,keep,heuristic_default,1.11,False,original_clean,,
424,1,Desconocido,UNKNOWN,31,banano,banano,False,Saltar menú Cenco,Frutas y Verduras Propias,1 kg,UNKNOWN,LOCAL,1.29,1.29,1.29,1.0,False,keep,heuristic_default,1.29,False,original_clean,,
426,6,Desconocido,PE,8,huevo,sin_categoria,True,Seja Bem Vindo à Plaza Vea,Abarrotes,10Kg,PE,LOCAL,43.0,12.1127,12.1127,3.55,False,keep_imputed,no_category_detected,12.1127,False,original_clean,,
427,6,Desconocido,PE,8,huevo,sin_categoria,True,Seja Bem Vindo à Plaza Vea,Abarrotes,5Kg,PE,LOCAL,21.0,5.9155,5.9155,3.55,False,keep_imputed,no_category_detected,5.9155,False,original_clean,,
430,6,Desconocido,PE,8,huevo,sin_categoria,True,Seja Bem Vindo à Plaza Vea,"Carnes, Aves y Pescados",1.5Kg,PE,LOCAL,14.0,3.9437,3.9437,3.55,False,keep_imputed,no_category_detected,3.9437,False,original_clean,,
431,6,Desconocido,PE,8,huevo,sin_categoria,True,Seja Bem Vindo à Plaza Vea,"Carnes, Aves y Pescados",1.3Kg,PE,LOCAL,7.0,1.9718,1.9718,3.55,False,keep_imputed,no_category_detected,1.9718,False,original_clean,,
432,6,Desconocido,PE,8,huevo,sin_categoria,True,Seja Bem Vindo à Plaza Vea,"Carnes, Aves y Pescados",1Kg,PE,LOCAL,12.0,3.3803,3.3803,3.55,False,keep_imputed,no_category_detected,3.3803,False,original_clean,,
433,6,Desconocido,PE,2,cafe,sin_categoria,True,Seja Bem Vindo à Plaza Vea,Desayunos,500g,PE,LOCAL,58.0,16.338,16.338,3.55,False,keep_imputed,no_category_detected,16.338,False,original_clean,,
434,6,Desconocido,PE,2,cafe,sin_categoria,True,Seja Bem Vindo à Plaza Vea,Desayunos,150g,PE,LOCAL,26.0,7.3239,7.3239,3.55,False,keep_imputed,no_category_detected,7.3239,False,original_clean,,
435,6,Desconocido,PE,4,aceite vegetal,sin_categoria,True,Seja Bem Vindo à Plaza Vea,Abarrotes,3L,PE,LOCAL,20.0,5.6338,5.6338,3.55,False,keep_imputed,no_category_detected,5.6338,False,original_clean,,
436,6,Desconocido,PE,4,aceite vegetal,sin_categoria,True,Seja Bem Vindo à Plaza Vea,Abarrotes,900ml,PE,LOCAL,6.0,1.6901,1.6901,3.55,False,keep_imputed,no_category_detected,1.6901,False,original_clean,,
437,6,Desconocido,PE,4,aceite vegetal,sin_categoria,True,Seja Bem Vindo à Plaza Vea,Abarrotes,5L,PE,LOCAL,34.0,9.5775,9.5775,3.55,False,keep_imputed,no_category_detected,9.5775,False,original_clean,,
438,6,Desconocido,PE,17,leche,leche,False,Seja Bem Vindo à Plaza Vea,Makro,1L,PE,LOCAL,16.92,4.7662,4.7662,3.55,False,keep,heuristic_default,4.7662,False,original_clean,,
439,6,Desconocido,PE,18,huevo,huevo,False,Seja Bem Vindo à Plaza Vea,Lácteos y Huevos,800ml,PE,LOCAL,4.0,1.1268,1.1268,3.55,False,keep_imputed,heuristic_default,1.1268,False,original_clean,,
440,6,Desconocido,PE,18,huevo,huevo,False,Seja Bem Vindo à Plaza Vea,Lácteos y Huevos,900ml,PE,LOCAL,7.0,1.9718,1.9718,3.55,False,keep_imputed,heuristic_default,1.9718,False,original_clean,,
441,6,Desconocido,PE,18,huevo,huevo,False,Seja Bem Vindo à Plaza Vea,Lácteos y Huevos,1Kg,PE,LOCAL,13.0,3.662,3.662,3.55,False,keep_imputed,heuristic_default,3.662,False,original_clean,,
442,6,Desconocido,PE,8,huevo,sin_categoria,True,Seja Bem Vindo à Plaza Vea,Abarrotes,1Kg,PE,LOCAL,4.0,1.1268,1.1268,3.55,False,keep_imputed,no_category_detected,1.1268,False,original_clean,,
443,6,Desconocido,PE,3,pan,sin_categoria,True,Seja Bem Vindo à Plaza Vea,Panadería y Pastelería,600g,PE,LOCAL,8.0,2.2535,2.2535,3.55,False,keep_imputed,no_category_detected,2.2535,False,original_clean,,
444,6,Desconocido,PE,3,pan,sin_categoria,True,Seja Bem Vindo à Plaza Vea,Panadería y Pastelería,495g,PE,LOCAL,11.0,3.0986,3.0986,3.55,False,keep_imputed,no_category_detected,3.0986,False,original_clean,,
445,6,Desconocido,PE,3,pan,sin_categoria,True,Seja Bem Vindo à Plaza Vea,Panadería y Pastelería,500g,PE,LOCAL,6.0,1.6901,1.6901,3.55,False,keep_imputed,no_category_detected,1.6901,False,original_clean,,
446,6,Desconocido,PE,3,pan,sin_categoria,True,Seja Bem Vindo à Plaza Vea,Panadería y Pastelería,810g,PE,LOCAL,11.0,3.0986,3.0986,3.55,False,keep_imputed,no_category_detected,3.0986,False,original_clean,,
447,6,Desconocido,PE,8,huevo,sin_categoria,True,Seja Bem Vindo à Plaza Vea,Abarrotes,500g,PE,LOCAL,11.0,3.0986,3.0986,3.55,False,keep_imputed,no_category_detected,3.0986,False,original_clean,,
448,6,Desconocido,PE,8,huevo,sin_categoria,True,Seja Bem Vindo à Plaza Vea,Abarrotes,950g,PE,LOCAL,5.0,1.4085,1.4085,3.55,False,keep_imputed,no_category_detected,1.4085,False,original_clean,,
449,6,Desconocido,PE,21,atun,sin_categoria,True,Seja Bem Vindo à Plaza Vea,Abarrotes,160g,PE,LOCAL,19.0,5.3521,5.3521,3.55,False,keep_imputed,no_category_detected,5.3521,False,original_clean,,
450,6,Desconocido,PE,21,atun,sin_categoria,True,Seja Bem Vindo à Plaza Vea,Abarrotes,170g,PE,LOCAL,25.0,7.0423,7.0423,3.55,False,keep_imputed,no_category_detected,7.0423,False,original_clean,,
474,4,Desconocido,US,2,cafe,sin_categoria,True,Selecciona un local,X,000 Ml,US,LOCAL,12.0,12.0,12.0,1.0,False,keep_imputed,no_category_detected,12.0,False,original_clean,,
475,4,Desconocido,US,2,cafe,sin_categoria,True,Selecciona un local,X,1000 Ml,US,LOCAL,12.0,12.0,12.0,1.0,False,keep_imputed,no_category_detected,12.0,False,original_clean,,
476,4,Desconocido,US,2,cafe,sin_categoria,True,Selecciona un local,X,NaN,US,LOCAL,12.0,12.0,12.0,1.0,False,keep_imputed,no_category_detected,12.0,False,original_clean,,
477,1,Desconocido,UNKNOWN,2,cafe,sin_categoria,True,Selecciona un local,X,NaN,UNKNOWN,LOCAL,12.0,12.0,12.0,1.0,False,keep_imputed,no_category_detected,12.0,False,original_clean,,
478,4,Desconocido,US,2,cafe,sin_categoria,True,Selecciona un local,X,250 Ml,US,LOCAL,12.0,12.0,12.0,1.0,False,keep_imputed,no_category_detected,12.0,False,original_clean,,
479,4,Desconocido,US,2,cafe,sin_categoria,True,Selecciona un local,X,355 ML,US,LOCAL,12.0,12.0,12.0,1.0,False,keep_imputed,no_category_detected,12.0,False,original_clean,,
480,4,Desconocido,US,1,azucar,sin_categoria,True,Selecciona un local,X,330 ML,US,LOCAL,12.0,12.0,12.0,1.0,False,keep_imputed,no_category_detected,12.0,False,original_clean,,
481,4,Desconocido,US,2,cafe,sin_categoria,True,Selecciona un local,X,550 G,US,LOCAL,12.0,12.0,12.0,1.0,False,keep_imputed,no_category_detected,12.0,False,original_clean,,
482,1,Desconocido,UNKNOWN,2,cafe,sin_categoria,True,Selecciona un local,X,3 L,UNKNOWN,LOCAL,12.0,12.0,12.0,1.0,False,keep_imputed,no_category_detected,12.0,False,original_clean,,
483,4,Desconocido,US,2,cafe,sin_categoria,True,Selecciona un local,X,500 G,US,LOCAL,12.0,12.0,12.0,1.0,False,keep_imputed,no_category_detected,12.0,False,original_clean,,
484,1,Desconocido,UNKNOWN,2,cafe,sin_categoria,True,Selecciona un local,X,"1,25 L",UNKNOWN,LOCAL,12.0,12.0,12.0,1.0,False,keep_imputed,no_category_detected,12.0,False,original_clean,,
485,4,Desconocido,US,2,cafe,sin_categoria,True,Selecciona un local,X,500 Ml,US,LOCAL,12.0,12.0,12.0,1.0,False,keep_imputed,no_category_detected,12.0,False,original_clean,,
486,4,Desconocido,US,2,cafe,sin_categoria,True,Selecciona un local,X,355 Ml,US,LOCAL,12.0,12.0,12.0,1.0,False,keep_imputed,no_category_detected,12.0,False,original_clean,,
487,4,Desconocido,US,2,cafe,sin_categoria,True,Selecciona un local,X,400 G,US,LOCAL,12.0,12.0,12.0,1.0,False,keep_imputed,no_category_detected,12.0,False,original_clean,,
488,4,Desconocido,US,2,cafe,sin_categoria,True,Selecciona un local,X,1 kg,US,LOCAL,12.0,12.0,12.0,1.0,False,keep_imputed,no_category_detected,12.0,False,original_clean,,
489,4,Desconocido,US,2,cafe,sin_categoria,True,Selecciona un local,X,250 G,US,LOCAL,12.0,12.0,12.0,1.0,False,keep_imputed,no_category_detected,12.0,False,original_clean,,
490,4,Desconocido,US,2,cafe,sin_categoria,True,Selecciona un local,X,5000 g,US,LOCAL,12.0,12.0,12.0,1.0,False,keep_imputed,no_category_detected,12.0,False,original_clean,,
491,1,Desconocido,UNKNOWN,2,cafe,sin_categoria,True,Selecciona un local,X,750 ML,UNKNOWN,LOCAL,12.0,12.0,12.0,1.0,False,keep_imputed,no_category_detected,12.0,False,original_clean,,
492,4,Desconocido,US,2,cafe,sin_categoria,True,Selecciona un local,X,1000 G,US,LOCAL,12.0,12.0,12.0,1.0,False,keep_imputed,no_category_detected,12.0,False,original_clean,,
493,4,Desconocido,US,2,cafe,sin_categoria,True,Selecciona un local,X,5000 G,US,LOCAL,12.0,12.0,12.0,1.0,False,keep_imputed,no_category_detected,12.0,False,original_clean,,
494,3,Desconocido,BR,13,azucar,azucar,False,Sem Açúcar,"R$ 9,49",2L,BR,LOCAL,9.49,1.7419,1.7419,5.448,False,keep,heuristic_default,1.7419,False,original_clean,,
495,3,Desconocido,BR,13,azucar,azucar,False,Sem Açúcar,"R$ 8,49",2L,BR,LOCAL,8.49,1.5584,1.5584,5.448,False,keep,heuristic_default,1.5584,False,original_clean,,
496,3,Desconocido,BR,1,azucar,sin_categoria,True,SEM GLÚTEN,1,200 G,BR,LOCAL,24.99,4.587,4.587,5.448,False,keep_imputed,no_category_detected,4.587,False,original_clean,,
497,3,Desconocido,BR,23,cerveza,sin_categoria,True,SEM GLÚTEN,1,275 Ml,BR,LOCAL,24.99,4.587,4.587,5.448,False,keep_imputed,no_category_detected,4.587,False,original_clean,,
498,1,Desconocido,UNKNOWN,31,banano,banano,False,SOL NACIENTE,Unidades disponibles,12 unidades,UNKNOWN,LOCAL,1.0,1.0,1.0,1.0,False,keep,heuristic_default,1.0,False,original_clean,,
499,1,Desconocido,UNKNOWN,13,azucar,azucar,False,This app could not find url /acucar-cristal-organico-itaja-1-kg-100002544/p,Preferências,NaN,UNKNOWN,LOCAL,1.0,1.0,1.0,1.0,False,keep,heuristic_default,1.0,False,original_clean,,
500,1,Desconocido,UNKNOWN,13,azucar,azucar,False,This app could not find url /acucar-extra-fino-mais-doce-1-kg-3783/p,Preferências,NaN,UNKNOWN,LOCAL,1.0,1.0,1.0,1.0,False,keep,heuristic_default,1.0,False,original_clean,,
501,1,Desconocido,UNKNOWN,10,arroz,arroz,False,This app could not find url /arroz-camil-1-kg-100004793/p,Preferências,NaN,UNKNOWN,LOCAL,1.0,1.0,1.0,1.0,False,keep,heuristic_default,1.0,False,original_clean,,
502,1,Desconocido,UNKNOWN,22,cerveza,cerveza,False,This app could not find url /cerveja-pure-gold-long-neck-stella-artois-sem-gluten-330-ml-100008859/p,Preferências,NaN,UNKNOWN,LOCAL,1.0,1.0,1.0,1.0,False,keep,heuristic_default,1.0,False,original_clean,,
505,2,Chedraui,MX,15,pan,pan,False,Tortilleria y pan empacados,Natures Own,624g,MX,LOCAL,72.0,3.8668,3.8668,18.62,False,keep,heuristic_default,3.8668,False,original_clean,,
508,1,Desconocido,UNKNOWN,22,cerveza,cerveza,False,Valoramos tu privacidad,Personalizar,330ml,UNKNOWN,LOCAL,5.8,5.8,5.8,1.0,False,keep,heuristic_default,5.8,False,original_clean,,
510,1,Desconocido,UNKNOWN,15,pan,pan,False,Valoramos tu privacidad,Personalizar,750g,UNKNOWN,LOCAL,1.89,1.89,1.89,1.0,False,keep,heuristic_default,1.89,False,original_clean,,
511,1,Desconocido,UNKNOWN,15,pan,pan,False,Valoramos tu privacidad,Personalizar,550g,UNKNOWN,LOCAL,1.54,1.54,1.54,1.0,False,keep,heuristic_default,1.54,False,original_clean,,
512,1,Desconocido,UNKNOWN,15,pan,pan,False,Valoramos tu privacidad,Personalizar,580g,UNKNOWN,LOCAL,1.99,1.99,1.99,1.0,False,keep,heuristic_default,1.99,False,original_clean,,
513,1,Desconocido,UNKNOWN,13,azucar,azucar,False,Valoramos tu privacidad,Personalizar,3.05 L,UNKNOWN,LOCAL,2.62,2.62,2.62,1.0,False,keep,heuristic_default,2.62,False,original_clean,,
518,1,Desconocido,UNKNOWN,10,arroz,arroz,False,Valoramos tu privacidad,Personalizar,10Kg,UNKNOWN,LOCAL,10.45,10.45,10.45,1.0,False,keep,heuristic_default,10.45,False,original_clean,,
519,1,Desconocido,UNKNOWN,10,arroz,arroz,False,Valoramos tu privacidad,Personalizar,5kg,UNKNOWN,LOCAL,6.45,6.45,6.45,1.0,False,keep,heuristic_default,6.45,False,original_clean,,
520,1,Desconocido,UNKNOWN,10,arroz,arroz,False,Valoramos tu privacidad,Personalizar,400g,UNKNOWN,LOCAL,1.14,1.14,1.14,1.0,False,keep,heuristic_default,1.14,False,original_clean,,
521,1,Desconocido,UNKNOWN,10,arroz,arroz,False,Valoramos tu privacidad,Personalizar,500g,UNKNOWN,LOCAL,2.25,2.25,2.25,1.0,False,keep,heuristic_default,2.25,False,original_clean,,
522,1,Desconocido,UNKNOWN,13,azucar,azucar,False,Valoramos tu privacidad,Personalizar,2 kg,UNKNOWN,LOCAL,1.89,1.89,1.89,1.0,False,keep,heuristic_default,1.89,False,original_clean,,
524,1,Desconocido,UNKNOWN,16,papa,papa,False,Verduras Congeladas,FRUTOS DEL MAIPO,1 Kg,UNKNOWN,LOCAL,3.99,3.99,3.99,1.0,False,keep,heuristic_default,3.99,False,original_clean,,
576,8,Desconocido,MX,8,huevo,sin_categoria,True,¡Nueva tarjeta de crédito HEB Afirme!,Consigue la tuya aquí,900 g,MX,LOCAL,21.0,1.1278,1.1278,18.62,False,keep_imputed,no_category_detected,1.1278,False,original_clean,,
577,8,Desconocido,MX,1,azucar,sin_categoria,True,¡Nueva tarjeta de crédito HEB Afirme!,Consigue la tuya aquí,1 kg,MX,LOCAL,24.0,1.2889,1.2889,18.62,False,keep_imputed,no_category_detected,1.2889,False,original_clean,,
578,8,Desconocido,MX,8,huevo,sin_categoria,True,¡Nueva tarjeta de crédito HEB Afirme!,Consigue la tuya aquí,1 L,MX,LOCAL,37.0,1.9871,1.9871,18.62,False,keep_imputed,no_category_detected,1.9871,False,original_clean,,
579,8,Desconocido,MX,7,aceite vegetal,aceite vegetal,False,¡Nueva tarjeta de crédito HEB Afirme!,Consigue la tuya aquí,900 Ml,MX,LOCAL,34.9,1.8743,1.8743,18.62,False,keep,heuristic_default,1.8743,False,original_clean,,
580,8,Desconocido,MX,2,cafe,sin_categoria,True,¡Nueva tarjeta de crédito HEB Afirme!,Consigue la tuya aquí,NaN,MX,LOCAL,84.5,4.5381,4.5381,18.62,False,keep_imputed,no_category_detected,4.5381,False,original_clean,,
581,8,Desconocido,MX,1,azucar,sin_categoria,True,¡Nueva tarjeta de crédito HEB Afirme!,Consigue la tuya aquí,680 g,MX,LOCAL,35.0,1.8797,1.8797,18.62,False,keep_imputed,no_category_detected,1.8797,False,original_clean,,
582,8,Desconocido,MX,13,azucar,azucar,False,¡Nueva tarjeta de crédito HEB Afirme!,Consigue la tuya aquí,425 g,MX,LOCAL,65.0,3.4909,3.4909,18.62,False,keep,heuristic_default,3.4909,False,original_clean,,
583,8,Desconocido,MX,13,azucar,azucar,False,¡Nueva tarjeta de crédito HEB Afirme!,Consigue la tuya aquí,750 g,MX,LOCAL,20.5,1.101,1.101,18.62,False,keep,heuristic_default,1.101,False,original_clean,,
584,8,Desconocido,MX,8,huevo,sin_categoria,True,¡Nueva tarjeta de crédito HEB Afirme!,Consigue la tuya aquí,907 g,MX,LOCAL,46.0,2.4705,2.4705,18.62,False,keep_imputed,no_category_detected,2.4705,False,original_clean,,
585,8,Desconocido,MX,14,cafe,cafe,False,¡Nueva tarjeta de crédito HEB Afirme!,Consigue la tuya aquí,120 g,MX,LOCAL,98.0,5.2632,5.2632,18.62,False,keep,heuristic_default,5.2632,False,original_clean,,
586,8,Desconocido,MX,14,cafe,cafe,False,¡Nueva tarjeta de crédito HEB Afirme!,Consigue la tuya aquí,90 g,MX,LOCAL,51.9,2.7873,2.7873,18.62,False,keep,heuristic_default,2.7873,False,original_clean,,
587,8,Desconocido,MX,2,cafe,sin_categoria,True,¡Nueva tarjeta de crédito HEB Afirme!,Consigue la tuya aquí,100 g,MX,LOCAL,71.0,3.8131,3.8131,18.62,False,keep_imputed,no_category_detected,3.8131,False,original_clean,,
588,8,Desconocido,MX,2,cafe,sin_categoria,True,¡Nueva tarjeta de crédito HEB Afirme!,Consigue la tuya aquí,180 Gr,MX,LOCAL,140.0,7.5188,7.5188,18.62,False,keep_imputed,no_category_detected,7.5188,False,original_clean,,
589,8,Desconocido,MX,18,huevo,huevo,False,¡Nueva tarjeta de crédito HEB Afirme!,Consigue la tuya aquí,60 g,MX,LOCAL,79.9,4.2911,4.2911,18.62,False,keep_imputed,heuristic_default,4.2911,False,original_clean,,
590,8,Desconocido,MX,8,huevo,sin_categoria,True,¡Nueva tarjeta de crédito HEB Afirme!,Consigue la tuya aquí,30 piezas,MX,LOCAL,94.0,5.0483,5.0483,18.62,False,keep_imputed,no_category_detected,5.0483,False,original_clean,,
592,1,Desconocido,UNKNOWN,7,aceite vegetal,aceite vegetal,False,¡Qué mal! Justo se agotó,ARIZTIA,1 Kg,UNKNOWN,LOCAL,3.99,3.99,3.99,1.0,False,keep,heuristic_default,3.99,False,original_clean,,
597,6,Desconocido,PE,14,cafe,cafe,False,¿Que buscas hoy?,Elegir,170g,PE,LOCAL,37.0,10.4225,10.4225,3.55,False,keep,heuristic_default,10.4225,False,original_clean,,
598,6,Desconocido,PE,14,cafe,cafe,False,¿Que buscas hoy?,Elegir,454g,PE,LOCAL,45.0,12.6761,12.6761,3.55,False,keep,heuristic_default,12.6761,False,original_clean,,
599,6,Desconocido,PE,14,cafe,cafe,False,¿Que buscas hoy?,Elegir,200g,PE,LOCAL,27.9,7.8592,7.8592,3.55,False,keep,heuristic_default,7.8592,False,original_clean,,
601,6,Desconocido,PE,14,cafe,cafe,False,¿Que buscas hoy?,Elegir,500g,PE,LOCAL,6.1,1.7183,1.7183,3.55,False,keep,heuristic_default,1.7183,False,original_clean,,
604,6,Desconocido,PE,17,leche,leche,False,¿Que buscas hoy?,Elegir,800ml,PE,LOCAL,5.5,1.5493,1.5493,3.55,False,keep,heuristic_default,1.5493,False,original_clean,,
605,6,Desconocido,PE,13,azucar,azucar,False,¿Que buscas hoy?,Elegir,1L,PE,LOCAL,11.9,3.3521,3.3521,3.55,False,keep,heuristic_default,3.3521,False,original_clean,,
606,6,Desconocido,PE,18,huevo,huevo,False,¿Que buscas hoy?,Elegir,30 unidades,PE,LOCAL,16.5,4.6479,4.6479,3.55,False,keep_imputed,heuristic_default,4.6479,False,original_clean,,
607,6,Desconocido,PE,18,huevo,huevo,False,¿Que buscas hoy?,Elegir,30 Unidades,PE,LOCAL,20.9,5.8873,5.8873,3.55,False,keep_imputed,heuristic_default,5.8873,False,original_clean,,
608,6,Desconocido,PE,18,huevo,huevo,False,¿Que buscas hoy?,Elegir,15 unidades,PE,LOCAL,16.5,4.6479,4.6479,3.55,False,keep_imputed,heuristic_default,4.6479,False,original_clean,,
609,6,Desconocido,PE,15,pan,pan,False,¿Que buscas hoy?,Elegir,770g,PE,LOCAL,16.5,4.6479,4.6479,3.55,False,keep,heuristic_default,4.6479,False,original_clean,,
611,6,Desconocido,PE,15,pan,pan,False,¿Que buscas hoy?,Elegir,560 g,PE,LOCAL,10.9,3.0704,3.0704,3.55,False,keep,heuristic_default,3.0704,False,original_clean,,
612,6,Desconocido,PE,17,leche,leche,False,¿Que buscas hoy?,Elegir,540g,PE,LOCAL,10.9,3.0704,3.0704,3.55,False,keep,heuristic_default,3.0704,False,original_clean,,
615,6,Desconocido,PE,24,atun,atun,False,¿Que buscas hoy?,Elegir,150g,PE,LOCAL,4.6,1.2958,1.2958,3.55,False,keep,heuristic_default,1.2958,False,original_clean,,
616,6,Desconocido,PE,24,atun,atun,False,¿Que buscas hoy?,Elegir,140g,PE,LOCAL,6.4,1.8028,1.8028,3.55,False,keep,heuristic_default,1.8028,False,original_clean,,
624,1,Desconocido,UNKNOWN,14,cafe,cafe,False,‎ ‎ ‎ ‎ ‎ ‎ ‎ ‎ ‎ ‎ ‎ ‎ ‎ ‎ ‎ ‎ ‎ ‎ ‎ ‎ ‎ ‎ ‎ ‎ ‎ ‎ ‎ ‎ ‎ ‎ ‎ ‎ ‎ ‎ ‎ ‎ ‎ ‎ ‎ ‎ ‎ ‎ ‎ ‎ ‎ ‎ ‎ ‎ ‎ ‎ ‎ ‎ ‎ ‎ ‎ ‎ ‎ ‎ ‎ ‎ ‎ ‎ ‎ ‎ ‎ ‎ ‎ ‎ ‎ ‎ Hazte Socio Diamante para disfrutar de ofertas y beneficios exclusivos.,📍,170 g,UNKNOWN,LOCAL,7.99,7.99,7.99,1.0,False,keep,heuristic_default,7.99,False,original_clean,,
625,1,Desconocido,UNKNOWN,14,cafe,cafe,False,‎ ‎ ‎ ‎ ‎ ‎ ‎ ‎ ‎ ‎ ‎ ‎ ‎ ‎ ‎ ‎ ‎ ‎ ‎ ‎ ‎ ‎ ‎ ‎ ‎ ‎ ‎ ‎ ‎ ‎ ‎ ‎ ‎ ‎ ‎ ‎ ‎ ‎ ‎ ‎ ‎ ‎ ‎ ‎ ‎ ‎ ‎ ‎ ‎ ‎ ‎ ‎ ‎ ‎ ‎ ‎ ‎ ‎ ‎ ‎ ‎ ‎ ‎ ‎ ‎ ‎ ‎ ‎ ‎ ‎ Hazte Socio Diamante para disfrutar de ofertas y beneficios exclusivos.,📍,227 g,UNKNOWN,LOCAL,14.59,14.59,14.59,1.0,False,keep,heuristic_default,14.59,False,original_clean,,
626,1,Desconocido,UNKNOWN,14,cafe,cafe,False,‎ ‎ ‎ ‎ ‎ ‎ ‎ ‎ ‎ ‎ ‎ ‎ ‎ ‎ ‎ ‎ ‎ ‎ ‎ ‎ ‎ ‎ ‎ ‎ ‎ ‎ ‎ ‎ ‎ ‎ ‎ ‎ ‎ ‎ ‎ ‎ ‎ ‎ ‎ ‎ ‎ ‎ ‎ ‎ ‎ ‎ ‎ ‎ ‎ ‎ ‎ ‎ ‎ ‎ ‎ ‎ ‎ ‎ ‎ ‎ ‎ ‎ ‎ ‎ ‎ ‎ ‎ ‎ ‎ ‎ Hazte Socio Diamante para disfrutar de ofertas y beneficios exclusivos.,📍,250 g,UNKNOWN,LOCAL,1.25,1.25,1.25,1.0,False,keep,heuristic_default,1.25,False,original_clean,,
627,1,Desconocido,UNKNOWN,16,papa,papa,False,‎ ‎ ‎ ‎ ‎ ‎ ‎ ‎ ‎ ‎ ‎ ‎ ‎ ‎ ‎ ‎ ‎ ‎ ‎ ‎ ‎ ‎ ‎ ‎ ‎ ‎ ‎ ‎ ‎ ‎ ‎ ‎ ‎ ‎ ‎ ‎ ‎ ‎ ‎ ‎ ‎ ‎ ‎ ‎ ‎ ‎ ‎ ‎ ‎ ‎ ‎ ‎ ‎ ‎ ‎ ‎ ‎ ‎ ‎ ‎ ‎ ‎ ‎ ‎ ‎ ‎ ‎ ‎ ‎ ‎ Hazte Socio Diamante para disfrutar de ofertas y beneficios exclusivos.,📍,2 Kg,UNKNOWN,LOCAL,1.99,1.99,1.99,1.0,False,keep,heuristic_default,1.99,False,original_clean,,
629,1,Desconocido,UNKNOWN,16,papa,papa,False,‎ ‎ ‎ ‎ ‎ ‎ ‎ ‎ ‎ ‎ ‎ ‎ ‎ ‎ ‎ ‎ ‎ ‎ ‎ ‎ ‎ ‎ ‎ ‎ ‎ ‎ ‎ ‎ ‎ ‎ ‎ ‎ ‎ ‎ ‎ ‎ ‎ ‎ ‎ ‎ ‎ ‎ ‎ ‎ ‎ ‎ ‎ ‎ ‎ ‎ ‎ ‎ ‎ ‎ ‎ ‎ ‎ ‎ ‎ ‎ ‎ ‎ ‎ ‎ ‎ ‎ ‎ ‎ ‎ ‎ Hazte Socio Diamante para disfrutar de ofertas y beneficios exclusivos.,📍,1.3 Kg,UNKNOWN,LOCAL,1.35,1.35,1.35,1.0,False,keep,heuristic_default,1.35,False,original_clean,,
630,1,Desconocido,UNKNOWN,15,pan,pan,False,‎ ‎ ‎ ‎ ‎ ‎ ‎ ‎ ‎ ‎ ‎ ‎ ‎ ‎ ‎ ‎ ‎ ‎ ‎ ‎ ‎ ‎ ‎ ‎ ‎ ‎ ‎ ‎ ‎ ‎ ‎ ‎ ‎ ‎ ‎ ‎ ‎ ‎ ‎ ‎ ‎ ‎ ‎ ‎ ‎ ‎ ‎ ‎ ‎ ‎ ‎ ‎ ‎ ‎ ‎ ‎ ‎ ‎ ‎ ‎ ‎ ‎ ‎ ‎ ‎ ‎ ‎ ‎ ‎ ‎ Hazte Socio Diamante para disfrutar de ofertas y beneficios exclusivos.,📍,750 g,UNKNOWN,LOCAL,2.55,2.55,2.55,1.0,False,keep,heuristic_default,2.55,False,original_clean,,
631,1,Desconocido,UNKNOWN,15,pan,pan,False,‎ ‎ ‎ ‎ ‎ ‎ ‎ ‎ ‎ ‎ ‎ ‎ ‎ ‎ ‎ ‎ ‎ ‎ ‎ ‎ ‎ ‎ ‎ ‎ ‎ ‎ ‎ ‎ ‎ ‎ ‎ ‎ ‎ ‎ ‎ ‎ ‎ ‎ ‎ ‎ ‎ ‎ ‎ ‎ ‎ ‎ ‎ ‎ ‎ ‎ ‎ ‎ ‎ ‎ ‎ ‎ ‎ ‎ ‎ ‎ ‎ ‎ ‎ ‎ ‎ ‎ ‎ ‎ ‎ ‎ Hazte Socio Diamante para disfrutar de ofertas y beneficios exclusivos.,📍,650 g,UNKNOWN,LOCAL,3.15,3.15,3.15,1.0,False,keep,heuristic_default,3.15,False,original_clean,,
632,1,Desconocido,UNKNOWN,25,refresco de cola,refresco de cola,False,‎ ‎ ‎ ‎ ‎ ‎ ‎ ‎ ‎ ‎ ‎ ‎ ‎ ‎ ‎ ‎ ‎ ‎ ‎ ‎ ‎ ‎ ‎ ‎ ‎ ‎ ‎ ‎ ‎ ‎ ‎ ‎ ‎ ‎ ‎ ‎ ‎ ‎ ‎ ‎ ‎ ‎ ‎ ‎ ‎ ‎ ‎ ‎ ‎ ‎ ‎ ‎ ‎ ‎ ‎ ‎ ‎ ‎ ‎ ‎ ‎ ‎ ‎ ‎ ‎ ‎ ‎ ‎ ‎ ‎ Hazte Socio Diamante para disfrutar de ofertas y beneficios exclusivos.,📍,1.5 L,UNKNOWN,LOCAL,2.15,2.15,2.15,1.0,False,keep_imputed,no_category_detected,2.15,False,original_clean,,
633,1,Desconocido,UNKNOWN,16,papa,papa,False,‎ ‎ ‎ ‎ ‎ ‎ ‎ ‎ ‎ ‎ ‎ ‎ ‎ ‎ ‎ ‎ ‎ ‎ ‎ ‎ ‎ ‎ ‎ ‎ ‎ ‎ ‎ ‎ ‎ ‎ ‎ ‎ ‎ ‎ ‎ ‎ ‎ ‎ ‎ ‎ ‎ ‎ ‎ ‎ ‎ ‎ ‎ ‎ ‎ ‎ ‎ ‎ ‎ ‎ ‎ ‎ ‎ ‎ ‎ ‎ ‎ ‎ ‎ ‎ ‎ ‎ ‎ ‎ ‎ ‎ Hazte Socio Diamante para disfrutar de ofertas y beneficios exclusivos.,📍,1 Kg,UNKNOWN,LOCAL,1.99,1.99,1.99,1.0,False,keep,heuristic_default,1.99,False,original_clean,,
634,1,Desconocido,UNKNOWN,16,papa,papa,False,‎ ‎ ‎ ‎ ‎ ‎ ‎ ‎ ‎ ‎ ‎ ‎ ‎ ‎ ‎ ‎ ‎ ‎ ‎ ‎ ‎ ‎ ‎ ‎ ‎ ‎ ‎ ‎ ‎ ‎ ‎ ‎ ‎ ‎ ‎ ‎ ‎ ‎ ‎ ‎ ‎ ‎ ‎ ‎ ‎ ‎ ‎ ‎ ‎ ‎ ‎ ‎ ‎ ‎ ‎ ‎ ‎ ‎ ‎ ‎ ‎ ‎ ‎ ‎ ‎ ‎ ‎ ‎ ‎ ‎ Hazte Socio Diamante para disfrutar de ofertas y beneficios exclusivos.,📍,300 g,UNKNOWN,LOCAL,1.99,1.99,1.99,1.0,False,keep,heuristic_default,1.99,False,original_clean,,
635,1,Desconocido,UNKNOWN,18,huevo,huevo,False,‎ ‎ ‎ ‎ ‎ ‎ ‎ ‎ ‎ ‎ ‎ ‎ ‎ ‎ ‎ ‎ ‎ ‎ ‎ ‎ ‎ ‎ ‎ ‎ ‎ ‎ ‎ ‎ ‎ ‎ ‎ ‎ ‎ ‎ ‎ ‎ ‎ ‎ ‎ ‎ ‎ ‎ ‎ ‎ ‎ ‎ ‎ ‎ ‎ ‎ ‎ ‎ ‎ ‎ ‎ ‎ ‎ ‎ ‎ ‎ ‎ ‎ ‎ ‎ ‎ ‎ ‎ ‎ ‎ ‎ Hazte Socio Diamante para disfrutar de ofertas y beneficios exclusivos.,📍,12 unidad,UNKNOWN,LOCAL,5.55,5.55,5.55,1.0,False,keep_imputed,heuristic_default,5.55,False,original_clean,,
636,1,Desconocido,UNKNOWN,18,huevo,huevo,False,‎ ‎ ‎ ‎ ‎ ‎ ‎ ‎ ‎ ‎ ‎ ‎ ‎ ‎ ‎ ‎ ‎ ‎ ‎ ‎ ‎ ‎ ‎ ‎ ‎ ‎ ‎ ‎ ‎ ‎ ‎ ‎ ‎ ‎ ‎ ‎ ‎ ‎ ‎ ‎ ‎ ‎ ‎ ‎ ‎ ‎ ‎ ‎ ‎ ‎ ‎ ‎ ‎ ‎ ‎ ‎ ‎ ‎ ‎ ‎ ‎ ‎ ‎ ‎ ‎ ‎ ‎ ‎ ‎ ‎ Hazte Socio Diamante para disfrutar de ofertas y beneficios exclusivos.,📍,20 unidad,UNKNOWN,LOCAL,7.39,7.39,7.39,1.0,False,keep_imputed,heuristic_default,7.39,False,original_clean,,
8,1,Desconocido,UNKNOWN,3,pan,sin_categoria,True,(Gr a $ 21),$ 10.550,NaN,UNKNOWN,LOCAL,21.0,21.0,,1.0,True,keep_imputed,no_category_detected [precio_usd fuera de rango 1–20],3.705,True,median_category_country,3.705,3.705
9,1,Desconocido,UNKNOWN,3,pan,sin_categoria,True,(Gr a $ 21),20,NaN,UNKNOWN,LOCAL,21.0,21.0,,1.0,True,keep_imputed,no_category_detected [precio_usd fuera de rango 1–20],3.705,True,median_category_country,3.705,3.705
10,1,Desconocido,UNKNOWN,3,pan,sin_categoria,True,(Gr a $ 23),$ 11.600,NaN,UNKNOWN,LOCAL,23.0,23.0,,1.0,True,keep_imputed,no_category_detected [precio_usd fuera de rango 1–20],3.705,True,median_category_country,3.705,3.705
11,1,Desconocido,UNKNOWN,2,cafe,sin_categoria,True,(Gr a $ 29),$ 13.450,NaN,UNKNOWN,LOCAL,29.0,29.0,,1.0,True,keep_imputed,no_category_detected [precio_usd fuera de rango 1–20],3.705,True,median_category_country,3.705,3.705
12,1,Desconocido,UNKNOWN,3,pan,sin_categoria,True,(Gr a $ 34),$ 15.700,NaN,UNKNOWN,LOCAL,34.0,34.0,,1.0,True,keep_imputed,no_category_detected [precio_usd fuera de rango 1–20],3.705,True,median_category_country,3.705,3.705
18,1,Desconocido,UNKNOWN,3,pan,sin_categoria,True,(Gr a $ 45),20,NaN,UNKNOWN,LOCAL,45.0,45.0,,1.0,True,keep_imputed,no_category_detected [precio_usd fuera de rango 1–20],3.705,True,median_category_country,3.705,3.705
19,1,Desconocido,UNKNOWN,2,cafe,sin_categoria,True,(Gr a $ 46),$ 7.635,NaN,UNKNOWN,LOCAL,46.0,46.0,,1.0,True,keep_imputed,no_category_detected [precio_usd fuera de rango 1–20],3.705,True,median_category_country,3.705,3.705
20,1,Desconocido,UNKNOWN,3,pan,sin_categoria,True,(Gr a $ 47),20,NaN,UNKNOWN,LOCAL,47.0,47.0,,1.0,True,keep_imputed,no_category_detected [precio_usd fuera de rango 1–20],3.705,True,median_category_country,3.705,3.705
21,1,Desconocido,UNKNOWN,2,cafe,sin_categoria,True,(Gr a $ 65),$ 18.100,NaN,UNKNOWN,LOCAL,65.0,65.0,,1.0,True,keep_imputed,no_category_detected [precio_usd fuera de rango 1–20],3.705,True,median_category_country,3.705,3.705
22,1,Desconocido,UNKNOWN,2,cafe,sin_categoria,True,(Gr a $ 68),$ 14.400,NaN,UNKNOWN,LOCAL,68.0,68.0,,1.0,True,keep_imputed,no_category_detected [precio_usd fuera de rango 1–20],3.705,True,median_category_country,3.705,3.705
24,1,Desconocido,UNKNOWN,3,pan,sin_categoria,True,(Gr a $ 90),$ 21.600,NaN,UNKNOWN,LOCAL,90.0,90.0,,1.0,True,keep_imputed,no_category_detected [precio_usd fuera de rango 1–20],3.705,True,median_category_country,3.705,3.705
30,1,Desconocido,UNKNOWN,1,azucar,sin_categoria,True,(Und a $ 544),20,NaN,UNKNOWN,LOCAL,544.0,544.0,,1.0,True,keep_imputed,no_category_detected [precio_usd fuera de rango 1–20],3.705,True,median_category_country,3.705,3.705
31,1,Desconocido,UNKNOWN,3,pan,sin_categoria,True,(Und a $ 750),$ 24.500,NaN,UNKNOWN,LOCAL,750.0,750.0,,1.0,True,keep_imputed,no_category_detected [precio_usd fuera de rango 1–20],3.705,True,median_category_country,3.705,3.705
32,1,Desconocido,UNKNOWN,3,pan,sin_categoria,True,+595994 874276,Selecciona método de entrega,580 GR,UNKNOWN,LOCAL,234.19,234.1938,,1.0,True,keep_imputed,no_category_detected;price_parse_failed [precio_usd fuera de rango 1–20],3.705,True,median_category_country,3.705,3.705
33,1,Desconocido,UNKNOWN,3,pan,sin_categoria,True,+595994 874276,Selecciona método de entrega,700 GR,UNKNOWN,LOCAL,234.19,234.1938,,1.0,True,keep_imputed,no_category_detected;price_parse_failed [precio_usd fuera de rango 1–20],3.705,True,median_category_country,3.705,3.705
34,1,Desconocido,UNKNOWN,2,cafe,sin_categoria,True,+595994 874276,Selecciona método de entrega,400 GR,UNKNOWN,LOCAL,400.0,400.0,,1.0,True,keep_imputed,no_category_detected [precio_usd fuera de rango 1–20],3.705,True,median_category_country,3.705,3.705
35,1,Desconocido,UNKNOWN,6,papa,sin_categoria,True,+595994 874276,Selecciona método de entrega,1 LT,UNKNOWN,LOCAL,234.19,234.1938,,1.0,True,keep_imputed,no_category_detected;price_parse_failed [precio_usd fuera de rango 1–20],3.705,True,median_category_country,3.705,3.705
37,1,Desconocido,UNKNOWN,2,cafe,sin_categoria,True,+595994 874276,Selecciona método de entrega,250 GR,UNKNOWN,LOCAL,234.19,234.1938,,1.0,True,keep_imputed,no_category_detected;price_parse_failed [precio_usd fuera de rango 1–20],3.705,True,median_category_country,3.705,3.705
38,1,Desconocido,UNKNOWN,2,cafe,sin_categoria,True,+595994 874276,Selecciona método de entrega,120 GR,UNKNOWN,LOCAL,234.19,234.1938,,1.0,True,keep_imputed,no_category_detected;price_parse_failed [precio_usd fuera de rango 1–20],3.705,True,median_category_country,3.705,3.705
40,2,Chedraui,MX,7,aceite vegetal,aceite vegetal,False,Aceites y vinagres,Nutrioli,700ml,MX,LOCAL,33.3,1.7884,1.7884,18.62,True,keep_imputed,price_parse_failed;price<=0,1.7884,True,median_category_country,1.8743,1.7884
42,2,Chedraui,MX,7,aceite vegetal,aceite vegetal,False,Aceites y vinagres,Patrona,1 L,MX,LOCAL,33.3,1.7884,1.7884,18.62,True,keep_imputed,price_parse_failed;price<=0,1.7884,True,median_category_country,1.8743,1.7884
44,1,Desconocido,UNKNOWN,9,frijoles,frijoles,False,Alimentos básicos,Frijoles,1 Kg,UNKNOWN,LOCAL,1.02,1.02,1.02,1.0,True,keep_imputed,price_parse_failed;price<=0,1.02,True,median_category_country,,1.02
45,1,Desconocido,UNKNOWN,9,frijoles,frijoles,False,Alimentos básicos,Frijoles,1Kg,UNKNOWN,LOCAL,1.02,1.02,1.02,1.0,True,keep_imputed,price_parse_failed;price<=0,1.02,True,median_category_country,,1.02
46,1,Desconocido,UNKNOWN,9,frijoles,frijoles,False,Alimentos básicos,Frijoles,1 kg,UNKNOWN,LOCAL,1.02,1.02,1.02,1.0,True,keep_imputed,price_parse_failed;price<=0,1.02,True,median_category_country,,1.02
51,3,Desconocido,BR,9,frijoles,frijoles,False,Alimentos básicos,Frijoles,1 Kg,BR,LOCAL,5.29,0.971,,5.448,True,keep,heuristic_default [precio_usd fuera de rango 1–20],1.2647,True,median_category_country,1.2647,1.2647
52,3,Desconocido,BR,9,frijoles,frijoles,False,Alimentos básicos,Frijoles,1Kg,BR,LOCAL,4.49,0.8242,,5.448,True,keep,heuristic_default [precio_usd fuera de rango 1–20],1.2647,True,median_category_country,1.2647,1.2647
56,1,Desconocido,UNKNOWN,12,cebolla,cebolla,False,ARROZ DIANA 500 G,Unidades disponibles,500 G,UNKNOWN,LOCAL,500.0,500.0,,1.0,True,keep,heuristic_default [precio_usd fuera de rango 1–20],1.69,True,median_category_country,1.69,1.69
57,1,Desconocido,UNKNOWN,13,azucar,azucar,False,ARROZ ESTÁNDAR ALBAR 500 GRS,Unidades disponibles,500 g,UNKNOWN,LOCAL,500.0,500.0,,1.0,True,keep,heuristic_default [precio_usd fuera de rango 1–20],2.77,True,median_category_country,2.77,2.77
65,2,Chedraui,MX,10,arroz,arroz,False,Arroz SOS Super Extra Rojo 900g,SOS,900g,MX,LOCAL,20.4,1.0956,1.0956,18.62,True,keep_imputed,price_parse_failed;price<=0,1.0956,True,median_category_country,1.0956,1.0956
66,2,Chedraui,MX,10,arroz,arroz,False,Arroz Super Extra Chedraui 900g,Chedraui,900g,MX,LOCAL,20.4,1.0956,1.0956,18.62,True,keep_imputed,price_parse_failed;price<=0,1.0956,True,median_category_country,1.0956,1.0956
67,2,Chedraui,MX,10,arroz,arroz,False,Arroz Verde Valle Super Extra 900g,Verde Valle,900g,MX,LOCAL,20.4,1.0956,1.0956,18.62,True,keep_imputed,price_parse_failed;price<=0,1.0956,True,median_category_country,1.0956,1.0956
68,5,Desconocido,CO,2,cafe,sin_categoria,True,Asesoramos tu compra WEB: 📞(601) 6672004 -,"Otras Ciudades clic aquí,",NaN,CO,LOCAL,25.0,0.0062,,4047.0,True,keep_imputed,no_category_detected [precio_usd fuera de rango 1–20],2.885,True,global_median,,2.885
69,5,Desconocido,CO,14,cafe,cafe,False,"ASESORAMOS TU COMPRA: 📞(601) 6672004, lun a sab de 7am.a 7pm dom hasta las 6pm",otras ciudades consulta aquí,NaN,CO,LOCAL,9.6,0.0024,,4047.0,True,keep,heuristic_default [precio_usd fuera de rango 1–20],2.885,True,global_median,,2.885
70,5,Desconocido,CO,14,cafe,cafe,False,"ASESORAMOS TU COMPRA: 📞(601) 6672004, lun a sab de 7am.a 7pm dom hasta las 6pm",otras ciudades consulta aquí,500gr,CO,LOCAL,1.69,0.0004,,4047.0,True,keep_imputed,no_category_detected [precio_usd fuera de rango 1–20],2.885,True,global_median,,2.885
71,5,Desconocido,CO,14,cafe,cafe,False,"ASESORAMOS TU COMPRA: 📞(601) 6672004, lun a sab de 7am.a 7pm dom hasta las 6pm",otras ciudades consulta aquí,480G,CO,LOCAL,8.19,0.002,,4047.0,True,keep,heuristic_default [precio_usd fuera de rango 1–20],2.885,True,global_median,,2.885
72,5,Desconocido,CO,15,pan,pan,False,"ASESORAMOS TU COMPRA: 📞(601) 6672004, lun a sab de 7am.a 7pm dom hasta las 6pm",otras ciudades consulta aquí,750 g,CO,LOCAL,7.63,0.0019,,4047.0,True,keep,heuristic_default [precio_usd fuera de rango 1–20],2.885,True,global_median,,2.885
73,5,Desconocido,CO,14,cafe,cafe,False,"ASESORAMOS TU COMPRA: 📞(601) 6672004, lun a sab de 7am.a 7pm dom hasta las 6pm",otras ciudades consulta aquí,460 g,CO,LOCAL,10.55,0.0026,,4047.0,True,keep,heuristic_default [precio_usd fuera de rango 1–20],2.885,True,global_median,,2.885
74,5,Desconocido,CO,2,cafe,sin_categoria,True,"ASESORAMOS TU COMPRA: 📞(601) 6672004, lun a sab de 7am.a 7pm dom hasta las 6pm",otras ciudades consulta aquí,550 g,CO,LOCAL,6.89,0.0017,,4047.0,True,keep_imputed,no_category_detected [precio_usd fuera de rango 1–20],2.885,True,global_median,,2.885
75,5,Desconocido,CO,14,cafe,cafe,False,"ASESORAMOS TU COMPRA: 📞(601) 6672004, lun a sab de 7am.a 7pm dom hasta las 6pm",otras ciudades consulta aquí,1000 gr,CO,LOCAL,19.49,0.0048,,4047.0,True,keep,heuristic_default [precio_usd fuera de rango 1–20],2.885,True,global_median,,2.885
76,5,Desconocido,CO,14,cafe,cafe,False,"ASESORAMOS TU COMPRA: 📞(601) 6672004, lun a sab de 7am.a 7pm dom hasta las 6pm",otras ciudades consulta aquí,500 gr,CO,LOCAL,1.84,0.0005,,4047.0,True,keep,heuristic_default [precio_usd fuera de rango 1–20],2.885,True,global_median,,2.885
77,5,Desconocido,CO,14,cafe,cafe,False,"ASESORAMOS TU COMPRA: 📞(601) 6672004, lun a sab de 7am.a 7pm dom hasta las 6pm",otras ciudades consulta aquí,200 gr,CO,LOCAL,11.98,0.003,,4047.0,True,keep,heuristic_default [precio_usd fuera de rango 1–20],2.885,True,global_median,,2.885
78,5,Desconocido,CO,14,cafe,cafe,False,"ASESORAMOS TU COMPRA: 📞(601) 6672004, lun a sab de 7am.a 7pm dom hasta las 6pm",otras ciudades consulta aquí,1000gr,CO,LOCAL,17.99,0.0044,,4047.0,True,keep,heuristic_default [precio_usd fuera de rango 1–20],2.885,True,global_median,,2.885
79,5,Desconocido,CO,14,cafe,cafe,False,"ASESORAMOS TU COMPRA: 📞(601) 6672004, lun a sab de 7am.a 7pm dom hasta las 6pm",otras ciudades consulta aquí,2500gr,CO,LOCAL,4.99,0.0012,,4047.0,True,keep,heuristic_default [precio_usd fuera de rango 1–20],2.885,True,global_median,,2.885
80,5,Desconocido,CO,14,cafe,cafe,False,"ASESORAMOS TU COMPRA: 📞(601) 6672004, lun a sab de 7am.a 7pm dom hasta las 6pm",otras ciudades consulta aquí,70g,CO,LOCAL,70.0,0.0173,,4047.0,True,keep,heuristic_default [precio_usd fuera de rango 1–20],2.885,True,global_median,,2.885
81,5,Desconocido,CO,14,cafe,cafe,False,"ASESORAMOS TU COMPRA: 📞(601) 6672004, lun a sab de 7am.a 7pm dom hasta las 6pm",otras ciudades consulta aquí,5kg,CO,LOCAL,10.89,0.0027,,4047.0,True,keep,heuristic_default [precio_usd fuera de rango 1–20],2.885,True,global_median,,2.885
82,1,Desconocido,UNKNOWN,17,leche,leche,False,AZÚCAR BLANCA 1000 GRS,Unidades disponibles,1000 g,UNKNOWN,LOCAL,1000.0,1000.0,,1.0,True,keep,heuristic_default [precio_usd fuera de rango 1–20],1.11,True,median_category_country,1.11,1.11
84,1,Desconocido,UNKNOWN,14,cafe,cafe,False,AZÚCAR MORENA 1000 GRS,Unidades disponibles,1000 g,UNKNOWN,LOCAL,1000.0,1000.0,,1.0,True,keep,heuristic_default [precio_usd fuera de rango 1–20],6.2,True,median_category_country,6.2,6.2
85,3,Desconocido,BR,13,azucar,azucar,False,Azúcar y Adoçante,Azúcar,1kg,BR,LOCAL,3.99,0.7324,,5.448,True,keep,heuristic_default [precio_usd fuera de rango 1–20],1.8061500000000001,True,median_category_country,1.8061500000000001,1.8061500000000001
87,3,Desconocido,BR,13,azucar,azucar,False,Azúcar y Adoçante,Azúcar,500g,BR,LOCAL,4.99,0.9159,,5.448,True,keep,heuristic_default [precio_usd fuera de rango 1–20],1.8061500000000001,True,median_category_country,1.8061500000000001,1.8061500000000001
89,2,Chedraui,MX,13,azucar,azucar,False,Azúcar Zulka Glass 500g,Zulka,500g,MX,LOCAL,42.75,2.296,2.296,18.62,True,keep_imputed,price_parse_failed;price<=0,2.296,True,median_category_country,2.29595,2.296
91,1,Desconocido,UNKNOWN,6,papa,sin_categoria,True,Bebidas Sin Alcohol,Gaseosas,2.25 L,UNKNOWN,LOCAL,1265.6,1265.6,,1.0,True,keep_imputed,no_category_detected [precio_usd fuera de rango 1–20],3.705,True,median_category_country,3.705,3.705
92,1,Desconocido,UNKNOWN,6,papa,sin_categoria,True,Bebidas Sin Alcohol,Gaseosas,2l,UNKNOWN,LOCAL,3450.0,3450.0,,1.0,True,keep_imputed,no_category_detected [precio_usd fuera de rango 1–20],3.705,True,median_category_country,3.705,3.705
95,1,Desconocido,UNKNOWN,18,huevo,huevo,False,BUSCAR PRODUCTOS,Ingresa,30 piezas,UNKNOWN,LOCAL,443.0,443.0,,1.0,True,keep_imputed,heuristic_default [precio_usd fuera de rango 1–20],5.19,True,median_category_country,5.19,5.19
96,1,Desconocido,UNKNOWN,2,cafe,sin_categoria,True,BUSCAR PRODUCTOS,Ingresa,NaN,UNKNOWN,LOCAL,443.0,443.0,,1.0,True,keep_imputed,no_category_detected [precio_usd fuera de rango 1–20],3.705,True,median_category_country,3.705,3.705
97,1,Desconocido,UNKNOWN,19,harina de trigo,harina de trigo,False,BUSCAR PRODUCTOS,Ingresa,1 KG,UNKNOWN,LOCAL,443.0,443.0,,1.0,True,keep,heuristic_default [precio_usd fuera de rango 1–20],2.12,True,median_category_country,2.12,2.12
98,1,Desconocido,UNKNOWN,2,cafe,sin_categoria,True,BUSCAR PRODUCTOS,Ingresa,100.00 g,UNKNOWN,LOCAL,443.0,443.0,,1.0,True,keep_imputed,no_category_detected [precio_usd fuera de rango 1–20],3.705,True,median_category_country,3.705,3.705
99,1,Desconocido,UNKNOWN,2,cafe,sin_categoria,True,BUSCAR PRODUCTOS,Ingresa,100.00 ml,UNKNOWN,LOCAL,443.0,443.0,,1.0,True,keep_imputed,no_category_detected [precio_usd fuera de rango 1–20],3.705,True,median_category_country,3.705,3.705
100,1,Desconocido,UNKNOWN,13,azucar,azucar,False,BUSCAR PRODUCTOS,Ingresa,800 ML,UNKNOWN,LOCAL,443.0,443.0,,1.0,True,keep,heuristic_default [precio_usd fuera de rango 1–20],2.77,True,median_category_country,2.77,2.77
101,1,Desconocido,UNKNOWN,2,cafe,sin_categoria,True,BUSCAR PRODUCTOS,Ingresa,240.00 g,UNKNOWN,LOCAL,443.0,443.0,,1.0,True,keep_imputed,no_category_detected [precio_usd fuera de rango 1–20],3.705,True,median_category_country,3.705,3.705
102,2,Chedraui,MX,14,cafe,cafe,False,Cafe y te,Café Nescafé Clásico 300g,300g,MX,LOCAL,114.48,6.1484,6.1484,18.62,True,keep_imputed,price_parse_failed;price<=0,6.1484,True,median_category_country,6.63265,6.1484
110,1,Desconocido,UNKNOWN,12,cebolla,cebolla,False,Cebolla Blanca  1  und,(,NaN,UNKNOWN,LOCAL,680.98,680.985,,1.0,True,keep_imputed,price_parse_failed;price<=0 [precio_usd fuera de rango 1–20],1.69,True,median_category_country,1.69,1.69
111,1,Desconocido,UNKNOWN,12,cebolla,cebolla,False,CEBOLLA CABEZONA X 1000G,Unidades disponibles,1000G,UNKNOWN,LOCAL,1000.0,1000.0,,1.0,True,keep,heuristic_default [precio_usd fuera de rango 1–20],1.69,True,median_category_country,1.69,1.69
112,6,Desconocido,PE,20,arroz,sin_categoria,True,Centro de preferencia de la privacidad,Activas siempre,750g,PE,LOCAL,55.14,15.5336,15.5336,3.55,True,keep_imputed,no_category_detected;price_parse_failed,15.5336,True,median_category_country,4.7662,15.5336
113,6,Desconocido,PE,20,arroz,sin_categoria,True,Centro de preferencia de la privacidad,Activas siempre,5Kg,PE,LOCAL,55.14,15.5336,15.5336,3.55,True,keep_imputed,no_category_detected;price_parse_failed,15.5336,True,median_category_country,4.7662,15.5336
114,6,Desconocido,PE,8,huevo,sin_categoria,True,Centro de preferencia de la privacidad,Activas siempre,8 Piezas,PE,LOCAL,55.14,15.5336,15.5336,3.55,True,keep_imputed,no_category_detected;price_parse_failed,15.5336,True,median_category_country,4.7662,15.5336
115,6,Desconocido,PE,4,aceite vegetal,sin_categoria,True,Centro de preferencia de la privacidad,Activas siempre,1.4Kg,PE,LOCAL,55.14,15.5336,15.5336,3.55,True,keep_imputed,no_category_detected;price_parse_failed,15.5336,True,median_category_country,4.7662,15.5336
116,6,Desconocido,PE,1,azucar,sin_categoria,True,Centro de preferencia de la privacidad,Activas siempre,1Kg,PE,LOCAL,55.14,15.5336,15.5336,3.55,True,keep_imputed,no_category_detected;price_parse_failed,15.5336,True,median_category_country,4.7662,15.5336
117,6,Desconocido,PE,2,cafe,sin_categoria,True,Centro de preferencia de la privacidad,Activas siempre,200g,PE,LOCAL,55.14,15.5336,15.5336,3.55,True,keep_imputed,no_category_detected;price_parse_failed,15.5336,True,median_category_country,4.7662,15.5336
118,6,Desconocido,PE,2,cafe,sin_categoria,True,Centro de preferencia de la privacidad,Activas siempre,190g,PE,LOCAL,55.14,15.5336,15.5336,3.55,True,keep_imputed,no_category_detected;price_parse_failed,15.5336,True,median_category_country,4.7662,15.5336
119,6,Desconocido,PE,2,cafe,sin_categoria,True,Centro de preferencia de la privacidad,Activas siempre,170g,PE,LOCAL,55.14,15.5336,15.5336,3.55,True,keep_imputed,no_category_detected;price_parse_failed,15.5336,True,median_category_country,4.7662,15.5336
120,6,Desconocido,PE,2,cafe,sin_categoria,True,Centro de preferencia de la privacidad,Activas siempre,850g,PE,LOCAL,55.14,15.5336,15.5336,3.55,True,keep_imputed,no_category_detected;price_parse_failed,15.5336,True,median_category_country,4.7662,15.5336
121,6,Desconocido,PE,4,aceite vegetal,sin_categoria,True,Centro de preferencia de la privacidad,Activas siempre,900ml,PE,LOCAL,55.14,15.5336,15.5336,3.55,True,keep_imputed,no_category_detected;price_parse_failed,15.5336,True,median_category_country,4.7662,15.5336
122,6,Desconocido,PE,4,aceite vegetal,sin_categoria,True,Centro de preferencia de la privacidad,Activas siempre,500ml,PE,LOCAL,55.14,15.5336,15.5336,3.55,True,keep_imputed,no_category_detected;price_parse_failed,15.5336,True,median_category_country,4.7662,15.5336
123,6,Desconocido,PE,4,aceite vegetal,sin_categoria,True,Centro de preferencia de la privacidad,Activas siempre,1L,PE,LOCAL,55.14,15.5336,15.5336,3.55,True,keep_imputed,no_category_detected;price_parse_failed,15.5336,True,median_category_country,4.7662,15.5336
124,6,Desconocido,PE,5,leche,sin_categoria,True,Centro de preferencia de la privacidad,Activas siempre,946ml,PE,LOCAL,55.14,15.5336,15.5336,3.55,True,keep_imputed,no_category_detected;price_parse_failed,15.5336,True,median_category_country,4.7662,15.5336
125,6,Desconocido,PE,5,leche,sin_categoria,True,Centro de preferencia de la privacidad,Activas siempre,800ml,PE,LOCAL,55.14,15.5336,15.5336,3.55,True,keep_imputed,no_category_detected;price_parse_failed,15.5336,True,median_category_country,4.7662,15.5336
126,6,Desconocido,PE,8,huevo,sin_categoria,True,Centro de preferencia de la privacidad,Activas siempre,500g,PE,LOCAL,55.14,15.5336,15.5336,3.55,True,keep_imputed,no_category_detected;price_parse_failed,15.5336,True,median_category_country,4.7662,15.5336
127,6,Desconocido,PE,1,azucar,sin_categoria,True,Centro de preferencia de la privacidad,Activas siempre,2Kg,PE,LOCAL,55.14,15.5336,15.5336,3.55,True,keep_imputed,no_category_detected;price_parse_failed,15.5336,True,median_category_country,4.7662,15.5336
128,6,Desconocido,PE,3,pan,sin_categoria,True,Centro de preferencia de la privacidad,Activas siempre,810g,PE,LOCAL,600.0,169.0141,,3.55,True,keep_imputed,no_category_detected [precio_usd fuera de rango 1–20],4.7662,True,median_category_country,4.7662,4.7662
129,6,Desconocido,PE,3,pan,sin_categoria,True,Centro de preferencia de la privacidad,Activas siempre,780g,PE,LOCAL,55.14,15.5336,15.5336,3.55,True,keep_imputed,no_category_detected;price_parse_failed,15.5336,True,median_category_country,4.7662,15.5336
130,6,Desconocido,PE,3,pan,sin_categoria,True,Centro de preferencia de la privacidad,Activas siempre,560g,PE,LOCAL,55.14,15.5336,15.5336,3.55,True,keep_imputed,no_category_detected;price_parse_failed,15.5336,True,median_category_country,4.7662,15.5336
131,6,Desconocido,PE,8,huevo,sin_categoria,True,Centro de preferencia de la privacidad,Activas siempre,450g,PE,LOCAL,55.14,15.5336,15.5336,3.55,True,keep_imputed,no_category_detected;price_parse_failed,15.5336,True,median_category_country,4.7662,15.5336
132,6,Desconocido,PE,21,atun,sin_categoria,True,Centro de preferencia de la privacidad,Activas siempre,140g,PE,LOCAL,55.14,15.5336,15.5336,3.55,True,keep_imputed,no_category_detected;price_parse_failed,15.5336,True,median_category_country,4.7662,15.5336
133,6,Desconocido,PE,21,atun,sin_categoria,True,Centro de preferencia de la privacidad,Activas siempre,150g,PE,LOCAL,55.14,15.5336,15.5336,3.55,True,keep_imputed,no_category_detected;price_parse_failed,15.5336,True,median_category_country,4.7662,15.5336
134,6,Desconocido,PE,21,atun,sin_categoria,True,Centro de preferencia de la privacidad,Activas siempre,150gr,PE,LOCAL,55.14,15.5336,15.5336,3.55,True,keep_imputed,no_category_detected;price_parse_failed,15.5336,True,median_category_country,4.7662,15.5336
135,1,Desconocido,UNKNOWN,22,cerveza,cerveza,False,Cerveja Praya Witbier 600ml,Descripción,600ml,UNKNOWN,LOCAL,127.27,127.2675,,1.0,True,keep_imputed,price_parse_failed;price<=0 [precio_usd fuera de rango 1–20],4.0,True,median_category_country,4.0,4.0
138,3,Desconocido,BR,23,cerveza,sin_categoria,True,Cervejas Tradicionais,de,350ml,BR,LOCAL,3.99,0.7324,,5.448,True,keep_imputed,no_category_detected [precio_usd fuera de rango 1–20],1.9805,True,median_category_country,1.9805,1.9805
140,3,Desconocido,BR,23,cerveza,sin_categoria,True,Cervejas Tradicionais,"R$ 5,19",330ml,BR,LOCAL,5.19,0.9526,,5.448,True,keep_imputed,no_category_detected [precio_usd fuera de rango 1–20],1.9805,True,median_category_country,1.9805,1.9805
142,3,Desconocido,BR,23,cerveza,sin_categoria,True,Cervejas Tradicionais,"R$ 3,99",350ml,BR,LOCAL,3.99,0.7324,,5.448,True,keep_imputed,no_category_detected [precio_usd fuera de rango 1–20],1.9805,True,median_category_country,1.9805,1.9805
150,4,Desconocido,US,22,cerveza,cerveza,False,CERVEZA PILSENER LATA 355 ML,Comparar,355 ML,US,LOCAL,0.99,0.99,,1.0,True,keep,heuristic_default [precio_usd fuera de rango 1–20],1.19,True,median_category_country,1.19,1.19
152,1,Desconocido,UNKNOWN,22,cerveza,cerveza,False,"Cervezas, vinos y licores",Cervezas,330 ml,UNKNOWN,LOCAL,990.0,990.0,,1.0,True,keep,heuristic_default [precio_usd fuera de rango 1–20],4.0,True,median_category_country,4.0,4.0
154,4,Desconocido,US,23,cerveza,sin_categoria,True,COLA FANTA 500 ML NARANJA,Comparar,500 ML,US,LOCAL,0.49,0.49,,1.0,True,keep_imputed,no_category_detected [precio_usd fuera de rango 1–20],12.0,True,median_category_country,12.0,12.0
179,7,Desconocido,AR,14,cafe,cafe,False,DALE VIDA A TU JARDIN,🌷🌻​🌼​,1L,AR,LOCAL,1145.45,0.9127,,1255.0,True,keep,heuristic_default [precio_usd fuera de rango 1–20],1.91695,True,median_category_country,1.91695,1.91695
180,7,Desconocido,AR,14,cafe,cafe,False,DALE VIDA A TU JARDIN,🌷🌻​🌼​,NaN,AR,LOCAL,904.07,0.7204,,1255.0,True,keep,heuristic_default [precio_usd fuera de rango 1–20],1.91695,True,median_category_country,1.91695,1.91695
187,7,Desconocido,AR,14,cafe,cafe,False,DALE VIDA A TU JARDIN,🌷🌻​🌼​,800 GR,AR,LOCAL,800.0,0.6375,,1255.0,True,keep,heuristic_default [precio_usd fuera de rango 1–20],1.91695,True,median_category_country,1.91695,1.91695
188,7,Desconocido,AR,14,cafe,cafe,False,DALE VIDA A TU JARDIN,🌷🌻​🌼​,450G,AR,LOCAL,450.0,0.3586,,1255.0,True,keep,heuristic_default [precio_usd fuera de rango 1–20],1.91695,True,median_category_country,1.91695,1.91695
189,7,Desconocido,AR,14,cafe,cafe,False,DALE VIDA A TU JARDIN,🌷🌻​🌼​,250 GR,AR,LOCAL,250.0,0.1992,,1255.0,True,keep,heuristic_default [precio_usd fuera de rango 1–20],1.91695,True,median_category_country,1.91695,1.91695
190,7,Desconocido,AR,14,cafe,cafe,False,DALE VIDA A TU JARDIN,🌷🌻​🌼​,250 G,AR,LOCAL,250.0,0.1992,,1255.0,True,keep,heuristic_default [precio_usd fuera de rango 1–20],1.91695,True,median_category_country,1.91695,1.91695
200,1,Desconocido,UNKNOWN,5,leche,sin_categoria,True,Descripción del producto,MARCA,1l,UNKNOWN,LOCAL,50.0,50.0,,1.0,True,keep_imputed,no_category_detected [precio_usd fuera de rango 1–20],3.705,True,median_category_country,3.705,3.705
201,1,Desconocido,UNKNOWN,5,leche,sin_categoria,True,Descripción del producto,MARCA,610g,UNKNOWN,LOCAL,6550.0,6550.0,,1.0,True,keep_imputed,no_category_detected [precio_usd fuera de rango 1–20],3.705,True,median_category_country,3.705,3.705
202,1,Desconocido,UNKNOWN,5,leche,sin_categoria,True,Descripción del producto,MARCA,550g,UNKNOWN,LOCAL,600.0,600.0,,1.0,True,keep_imputed,no_category_detected [precio_usd fuera de rango 1–20],3.705,True,median_category_country,3.705,3.705
203,1,Desconocido,UNKNOWN,3,pan,sin_categoria,True,Descripción del producto,MARCA,1kg,UNKNOWN,LOCAL,1312.0,1312.0,,1.0,True,keep_imputed,no_category_detected [precio_usd fuera de rango 1–20],3.705,True,median_category_country,3.705,3.705
204,1,Desconocido,UNKNOWN,1,azucar,sin_categoria,True,Descripción del producto,MARCA,1 Kg,UNKNOWN,LOCAL,1299.0,1299.0,,1.0,True,keep_imputed,no_category_detected [precio_usd fuera de rango 1–20],3.705,True,median_category_country,3.705,3.705
205,1,Desconocido,UNKNOWN,13,azucar,azucar,False,Descripción del producto,Azúcar Cristal Uniao 1kg,1kg,UNKNOWN,LOCAL,990.0,990.0,,1.0,True,keep,heuristic_default [precio_usd fuera de rango 1–20],2.77,True,median_category_country,2.77,2.77
206,1,Desconocido,UNKNOWN,1,azucar,sin_categoria,True,Descripción del producto,MARCA,800g,UNKNOWN,LOCAL,1699.0,1699.0,,1.0,True,keep_imputed,no_category_detected [precio_usd fuera de rango 1–20],3.705,True,median_category_country,3.705,3.705
207,1,Desconocido,UNKNOWN,13,azucar,azucar,False,Descripción del producto,Azúcar AZUCEL 1kg,1kg,UNKNOWN,LOCAL,4399.0,4399.0,,1.0,True,keep,heuristic_default [precio_usd fuera de rango 1–20],2.77,True,median_category_country,2.77,2.77
211,1,Desconocido,UNKNOWN,17,leche,leche,False,El almacenamiento local parece estar deshabilitado en tu navegador.,Aprende,900 ML,UNKNOWN,LOCAL,0.89,0.89,,1.0,True,keep,heuristic_default [precio_usd fuera de rango 1–20],1.11,True,median_category_country,1.11,1.11
222,1,Desconocido,UNKNOWN,23,cerveza,sin_categoria,True,El almacenamiento local parece estar deshabilitado en tu navegador.,Aprende,350G,UNKNOWN,LOCAL,350.0,350.0,,1.0,True,keep_imputed,no_category_detected [precio_usd fuera de rango 1–20],3.705,True,median_category_country,3.705,3.705
226,1,Desconocido,UNKNOWN,23,cerveza,sin_categoria,True,El almacenamiento local parece estar deshabilitado en tu navegador.,Aprende,200G,UNKNOWN,LOCAL,0.41,0.41,,1.0,True,keep_imputed,no_category_detected [precio_usd fuera de rango 1–20],3.705,True,median_category_country,3.705,3.705
228,7,Desconocido,AR,14,cafe,cafe,False,Elegí tu envío,"Hola, Limpía tú cache",1 Lt,AR,LOCAL,1.38,0.0011,,1255.0,True,keep,heuristic_default [precio_usd fuera de rango 1–20],1.91695,True,median_category_country,1.91695,1.91695
229,7,Desconocido,AR,2,cafe,sin_categoria,True,Elegí tu envío,"Hola, Limpía tú cache",NaN,AR,LOCAL,1663.58,1.3256,1.3256,1255.0,True,keep_imputed,no_category_detected;price_parse_failed,1.3256,True,median_category_country,,1.3256
230,7,Desconocido,AR,17,leche,leche,False,Elegí tu envío,"Hola, Limpía tú cache",400 Gr,AR,LOCAL,400.0,0.3187,,1255.0,True,keep_imputed,no_category_detected [precio_usd fuera de rango 1–20],2.885,True,global_median,,2.885
231,7,Desconocido,AR,17,leche,leche,False,Elegí tu envío,"Hola, Limpía tú cache",610 Gr,AR,LOCAL,6.43,0.0051,,1255.0,True,keep,heuristic_default [precio_usd fuera de rango 1–20],2.885,True,global_median,,2.885
232,7,Desconocido,AR,2,cafe,sin_categoria,True,Elegí tu envío,"Hola, Limpía tú cache",600 Gr,AR,LOCAL,3.49,0.0028,,1255.0,True,keep_imputed,no_category_detected [precio_usd fuera de rango 1–20],2.885,True,global_median,,2.885
233,7,Desconocido,AR,14,cafe,cafe,False,Elegí tu envío,"Hola, Limpía tú cache",1 Kg,AR,LOCAL,4.69,0.0037,,1255.0,True,keep_imputed,no_category_detected [precio_usd fuera de rango 1–20],1.91695,True,median_category_country,1.91695,1.91695
234,7,Desconocido,AR,2,cafe,sin_categoria,True,Elegí tu envío,"Hola, Limpía tú cache",500 Gr,AR,LOCAL,3.19,0.0025,,1255.0,True,keep_imputed,no_category_detected [precio_usd fuera de rango 1–20],2.885,True,global_median,,2.885
235,7,Desconocido,AR,2,cafe,sin_categoria,True,Elegí tu envío,"Hola, Limpía tú cache",800 Gr,AR,LOCAL,3.0,0.0024,,1255.0,True,keep_imputed,no_category_detected [precio_usd fuera de rango 1–20],2.885,True,global_median,,2.885
236,7,Desconocido,AR,14,cafe,cafe,False,Elegí tu envío,"Hola, Limpía tú cache",250 Gr,AR,LOCAL,250.0,0.1992,,1255.0,True,keep,heuristic_default [precio_usd fuera de rango 1–20],1.91695,True,median_category_country,1.91695,1.91695
237,7,Desconocido,AR,2,cafe,sin_categoria,True,Elegí tu envío,"Hola, Limpía tú cache",2.25 Lt,AR,LOCAL,4.6,0.0037,,1255.0,True,keep_imputed,no_category_detected [precio_usd fuera de rango 1–20],2.885,True,global_median,,2.885
238,7,Desconocido,AR,2,cafe,sin_categoria,True,Elegí tu envío,"Hola, Limpía tú cache","2,25 Lt",AR,LOCAL,1.5,0.0012,,1255.0,True,keep_imputed,no_category_detected [precio_usd fuera de rango 1–20],2.885,True,global_median,,2.885
253,1,Desconocido,UNKNOWN,8,huevo,sin_categoria,True,Elige un método de entrega,Unimarc,400 g,UNKNOWN,LOCAL,490.0,490.0,,1.0,True,keep_imputed,no_category_detected [precio_usd fuera de rango 1–20],3.705,True,median_category_country,3.705,3.705
255,1,Desconocido,UNKNOWN,5,leche,sin_categoria,True,"Este gato no debería estar en esta caja, ni tú en esta página",Live Chat,NaN,UNKNOWN,LOCAL,234.19,234.1938,,1.0,True,keep_imputed,no_category_detected;price_parse_failed [precio_usd fuera de rango 1–20],3.705,True,median_category_country,3.705,3.705
263,2,Chedraui,MX,12,cebolla,cebolla,False,Frutas y verduras,Verduras,NaN,MX,LOCAL,12679.94,680.985,,18.62,True,keep_imputed,price_parse_failed;price<=0 [precio_usd fuera de rango 1–20],2.885,True,global_median,,2.885
264,1,Desconocido,UNKNOWN,6,papa,sin_categoria,True,Frutas Y Verduras,Verduras,2.25 L,UNKNOWN,LOCAL,2300.0,2300.0,,1.0,True,keep_imputed,no_category_detected [precio_usd fuera de rango 1–20],3.705,True,median_category_country,3.705,3.705
265,1,Desconocido,UNKNOWN,6,papa,sin_categoria,True,Frutas Y Verduras,Verduras,500g,UNKNOWN,LOCAL,599.0,599.0,,1.0,True,keep_imputed,no_category_detected [precio_usd fuera de rango 1–20],3.705,True,median_category_country,3.705,3.705
266,1,Desconocido,UNKNOWN,6,papa,sin_categoria,True,Frutas Y Verduras,Verduras,600 Gr,UNKNOWN,LOCAL,2799.0,2799.0,,1.0,True,keep_imputed,no_category_detected [precio_usd fuera de rango 1–20],3.705,True,median_category_country,3.705,3.705
267,1,Desconocido,UNKNOWN,6,papa,sin_categoria,True,Frutas Y Verduras,Verduras,300 Gr,UNKNOWN,LOCAL,2999.0,2999.0,,1.0,True,keep_imputed,no_category_detected [precio_usd fuera de rango 1–20],3.705,True,median_category_country,3.705,3.705
268,2,Chedraui,MX,19,harina de trigo,harina de trigo,False,Harinas y reposteria,San Blas,500g,MX,LOCAL,2902.4,155.8757,,18.62,True,keep_imputed,price_parse_failed;price<=0 [precio_usd fuera de rango 1–20],2.885,True,global_median,,2.885
269,2,Chedraui,MX,3,pan,sin_categoria,True,Harinas y reposteria,Harina Chedraui Trigo 1Kg,1Kg,MX,LOCAL,66.32,3.5617,3.5617,18.62,True,keep_imputed,no_category_detected;price_parse_failed,3.5617,True,median_category_country,2.4705,3.5617
270,2,Chedraui,MX,19,harina de trigo,harina de trigo,False,Harinas y reposteria,La Moderna,1kg,MX,LOCAL,2902.4,155.8757,,18.62,True,keep_imputed,price_parse_failed;price<=0 [precio_usd fuera de rango 1–20],2.885,True,global_median,,2.885
271,2,Chedraui,MX,19,harina de trigo,harina de trigo,False,Harinas y reposteria,Sol de Oro,1kg,MX,LOCAL,2902.4,155.8757,,18.62,True,keep_imputed,price_parse_failed;price<=0 [precio_usd fuera de rango 1–20],2.885,True,global_median,,2.885
272,7,Desconocido,AR,5,leche,sin_categoria,True,"Hola, Limpía tú cache",IR AL PAGO,1 Lt,AR,LOCAL,1.2,0.001,,1255.0,True,keep_imputed,no_category_detected [precio_usd fuera de rango 1–20],2.885,True,global_median,,2.885
273,7,Desconocido,AR,17,leche,leche,False,"Hola, Limpía tú cache",¿Quéres terminar tu compra?,560 Gr,AR,LOCAL,5.01,0.004,,1255.0,True,keep,heuristic_default [precio_usd fuera de rango 1–20],2.885,True,global_median,,2.885
274,7,Desconocido,AR,5,leche,sin_categoria,True,"Hola, Limpía tú cache",¿Quéres terminar tu compra?,1 Kg,AR,LOCAL,1.3,0.001,,1255.0,True,keep_imputed,no_category_detected [precio_usd fuera de rango 1–20],2.885,True,global_median,,2.885
275,7,Desconocido,AR,5,leche,sin_categoria,True,"Hola, Limpía tú cache",¿Quéres terminar tu compra?,500 Gr,AR,LOCAL,500.0,0.3984,,1255.0,True,keep_imputed,no_category_detected [precio_usd fuera de rango 1–20],2.885,True,global_median,,2.885
276,7,Desconocido,AR,5,leche,sin_categoria,True,"Hola, Limpía tú cache",¿Quéres terminar tu compra?,"1,5 Lt",AR,LOCAL,800.0,0.6375,,1255.0,True,keep_imputed,no_category_detected [precio_usd fuera de rango 1–20],2.885,True,global_median,,2.885
277,1,Desconocido,UNKNOWN,3,pan,sin_categoria,True,Horarios de entrega,LISTA,400 GR,UNKNOWN,LOCAL,234.19,234.1938,,1.0,True,keep_imputed,no_category_detected;price_parse_failed [precio_usd fuera de rango 1–20],3.705,True,median_category_country,3.705,3.705
278,1,Desconocido,UNKNOWN,6,papa,sin_categoria,True,Horarios de entrega,LISTA,1.5LT,UNKNOWN,LOCAL,100.0,100.0,,1.0,True,keep_imputed,no_category_detected [precio_usd fuera de rango 1–20],3.705,True,median_category_country,3.705,3.705
279,1,Desconocido,UNKNOWN,3,pan,sin_categoria,True,Horarios de entrega,LISTA,400 GRAMOS,UNKNOWN,LOCAL,400.0,400.0,,1.0,True,keep_imputed,no_category_detected [precio_usd fuera de rango 1–20],3.705,True,median_category_country,3.705,3.705
280,1,Desconocido,UNKNOWN,3,pan,sin_categoria,True,Horarios de entrega,LISTA,85 GRAMOS,UNKNOWN,LOCAL,234.19,234.1938,,1.0,True,keep_imputed,no_category_detected;price_parse_failed [precio_usd fuera de rango 1–20],3.705,True,median_category_country,3.705,3.705
281,1,Desconocido,UNKNOWN,18,huevo,huevo,False,Huevos Blanco,Descripción del producto,500 Gr,UNKNOWN,LOCAL,4241.5,4241.5,,1.0,True,keep_imputed,heuristic_default [precio_usd fuera de rango 1–20],5.19,True,median_category_country,5.19,5.19
283,1,Desconocido,UNKNOWN,18,huevo,huevo,False,Huevos Color,Descripción del producto,500 Gr,UNKNOWN,LOCAL,1596.0,1596.0,,1.0,True,keep_imputed,heuristic_default [precio_usd fuera de rango 1–20],5.19,True,median_category_country,5.19,5.19
285,1,Desconocido,UNKNOWN,18,huevo,huevo,False,la herradura,Huevo primera color,NaN,UNKNOWN,LOCAL,234.19,234.1938,,1.0,True,keep_imputed,price_parse_failed [precio_usd fuera de rango 1–20],5.19,True,median_category_country,5.19,5.19
289,2,Chedraui,MX,18,huevo,huevo,False,Lacteos y huevo,Huevos,30 Piezas,MX,LOCAL,66.32,3.5617,3.5617,18.62,True,keep_imputed,price_parse_failed,3.5617,True,median_category_country,4.99195,3.5617
290,1,Desconocido,UNKNOWN,17,leche,leche,False,LECHE EQUILIBRIO TETRAPAK UHTLATTI 900ML,Unidades disponibles,900ML,UNKNOWN,LOCAL,900.0,900.0,,1.0,True,keep,heuristic_default [precio_usd fuera de rango 1–20],1.11,True,median_category_country,1.11,1.11
292,4,Desconocido,US,17,leche,leche,False,LECHE PARMALAT 900 ML ENTERA,Comparar,900 ML,US,LOCAL,0.99,0.99,,1.0,True,keep,heuristic_default [precio_usd fuera de rango 1–20],1.42,True,median_category_country,1.42,1.42
294,1,Desconocido,UNKNOWN,17,leche,leche,False,Leches Frescas,Leches Enteras,NaN,UNKNOWN,LOCAL,428.01,428.0052,,1.0,True,keep_imputed,price_parse_failed;price<=0 [precio_usd fuera de rango 1–20],1.11,True,median_category_country,1.11,1.11
295,1,Desconocido,UNKNOWN,17,leche,leche,False,Leches Larga Vida,Leches Enteras,1l,UNKNOWN,LOCAL,1911.0,1911.0,,1.0,True,keep,heuristic_default [precio_usd fuera de rango 1–20],1.11,True,median_category_country,1.11,1.11
297,1,Desconocido,UNKNOWN,17,leche,leche,False,"Lácteos, refrigerados y huevos",Leches líquidas,1 Litro,UNKNOWN,LOCAL,970.0,970.0,,1.0,True,keep,heuristic_default [precio_usd fuera de rango 1–20],1.11,True,median_category_country,1.11,1.11
300,1,Desconocido,UNKNOWN,28,cebolla,sin_categoria,True,Massas e Molhos,Descripción del producto,500g,UNKNOWN,LOCAL,234.19,234.1938,,1.0,True,keep_imputed,no_category_detected;price_parse_failed [precio_usd fuera de rango 1–20],3.705,True,median_category_country,3.705,3.705
301,1,Desconocido,UNKNOWN,29,pasta seca,sin_categoria,True,Massas e Molhos,fideos,500g,UNKNOWN,LOCAL,234.19,234.1938,,1.0,True,keep_imputed,no_category_detected;price_parse_failed [precio_usd fuera de rango 1–20],3.705,True,median_category_country,3.705,3.705
304,1,Desconocido,UNKNOWN,15,pan,pan,False,Meu Desconto,Blog do Pão,1kg,UNKNOWN,LOCAL,50.0,50.0,,1.0,True,keep,heuristic_default [precio_usd fuera de rango 1–20],2.49,True,median_category_country,2.49,2.49
306,3,Desconocido,BR,15,pan,pan,False,Meu Desconto,Blog do Pão,500g,BR,LOCAL,4.89,0.8976,,5.448,True,keep,heuristic_default [precio_usd fuera de rango 1–20],1.5767,True,median_category_country,1.5767,1.5767
310,1,Desconocido,UNKNOWN,15,pan,pan,False,Meu Desconto,Blog do Pão,400g,UNKNOWN,LOCAL,400.0,400.0,,1.0,True,keep,heuristic_default [precio_usd fuera de rango 1–20],2.49,True,median_category_country,2.49,2.49
312,3,Desconocido,BR,15,pan,pan,False,Meu Desconto,Blog do Pão,600ml,BR,LOCAL,4.49,0.8242,,5.448,True,keep,heuristic_default [precio_usd fuera de rango 1–20],1.5767,True,median_category_country,1.5767,1.5767
318,3,Desconocido,BR,15,pan,pan,False,Meu Desconto,Blog do Pão,350ml,BR,LOCAL,5.29,0.971,,5.448,True,keep,heuristic_default [precio_usd fuera de rango 1–20],1.5767,True,median_category_country,1.5767,1.5767
319,3,Desconocido,BR,15,pan,pan,False,Meu Desconto,Blog do Pão,269ml,BR,LOCAL,2.99,0.5488,,5.448,True,keep,heuristic_default [precio_usd fuera de rango 1–20],1.5767,True,median_category_country,1.5767,1.5767
320,3,Desconocido,BR,3,pan,sin_categoria,True,Meu Desconto,Minha Lista,1kg,BR,LOCAL,5.09,0.9343,,5.448,True,keep_imputed,no_category_detected [precio_usd fuera de rango 1–20],1.9805,True,median_category_country,1.9805,1.9805
327,1,Desconocido,UNKNOWN,3,pan,sin_categoria,True,Meu Desconto,Minha Lista,400g,UNKNOWN,LOCAL,400.0,400.0,,1.0,True,keep_imputed,no_category_detected [precio_usd fuera de rango 1–20],3.705,True,median_category_country,3.705,3.705
329,3,Desconocido,BR,3,pan,sin_categoria,True,Meu Desconto,Minha Lista,600ml,BR,LOCAL,5.39,0.9894,,5.448,True,keep_imputed,no_category_detected [precio_usd fuera de rango 1–20],1.9805,True,median_category_country,1.9805,1.9805
331,3,Desconocido,BR,3,pan,sin_categoria,True,Meu Desconto,Minha Lista,1L,BR,LOCAL,4.99,0.9159,,5.448,True,keep_imputed,no_category_detected [precio_usd fuera de rango 1–20],1.9805,True,median_category_country,1.9805,1.9805
332,3,Desconocido,BR,3,pan,sin_categoria,True,Meu Desconto,Minha Lista,1 Litro,BR,LOCAL,4.69,0.8609,,5.448,True,keep_imputed,no_category_detected [precio_usd fuera de rango 1–20],1.9805,True,median_category_country,1.9805,1.9805
333,3,Desconocido,BR,3,pan,sin_categoria,True,Meu Desconto,Minha Lista,350ml,BR,LOCAL,3.79,0.6957,,5.448,True,keep_imputed,no_category_detected [precio_usd fuera de rango 1–20],1.9805,True,median_category_country,1.9805,1.9805
335,3,Desconocido,BR,3,pan,sin_categoria,True,Meu Desconto,Minha Lista,269ml,BR,LOCAL,3.19,0.5855,,5.448,True,keep_imputed,no_category_detected [precio_usd fuera de rango 1–20],1.9805,True,median_category_country,1.9805,1.9805
342,3,Desconocido,BR,3,pan,sin_categoria,True,Meu Desconto,Minha Lista,200ml,BR,LOCAL,1.89,0.3469,,5.448,True,keep_imputed,no_category_detected [precio_usd fuera de rango 1–20],1.9805,True,median_category_country,1.9805,1.9805
345,3,Desconocido,BR,3,pan,sin_categoria,True,Meu Desconto,Minha Lista,1l,BR,LOCAL,4.49,0.8242,,5.448,True,keep_imputed,no_category_detected [precio_usd fuera de rango 1–20],1.9805,True,median_category_country,1.9805,1.9805
354,3,Desconocido,BR,3,pan,sin_categoria,True,Padaria e Matinais,Leites,1 L,BR,LOCAL,4.79,0.8792,,5.448,True,keep_imputed,no_category_detected [precio_usd fuera de rango 1–20],1.9805,True,median_category_country,1.9805,1.9805
356,3,Desconocido,BR,3,pan,sin_categoria,True,Padaria e Matinais,Leites,1 Litro,BR,LOCAL,5.15,0.9453,,5.448,True,keep_imputed,no_category_detected [precio_usd fuera de rango 1–20],1.9805,True,median_category_country,1.9805,1.9805
357,1,Desconocido,UNKNOWN,15,pan,pan,False,Padaria e Matinais,Panes y Torradas,450g,UNKNOWN,LOCAL,44.23,44.2339,,1.0,True,keep_imputed,price_parse_failed;price<=0 [precio_usd fuera de rango 1–20],2.49,True,median_category_country,2.49,2.49
358,1,Desconocido,UNKNOWN,3,pan,sin_categoria,True,Padaria e Matinais,Leites,1 Litro,UNKNOWN,LOCAL,234.19,234.1938,,1.0,True,keep_imputed,no_category_detected;price_parse_failed [precio_usd fuera de rango 1–20],3.705,True,median_category_country,3.705,3.705
359,1,Desconocido,UNKNOWN,3,pan,sin_categoria,True,Padaria e Matinais,Leites,1 L,UNKNOWN,LOCAL,234.19,234.1938,,1.0,True,keep_imputed,no_category_detected;price_parse_failed [precio_usd fuera de rango 1–20],3.705,True,median_category_country,3.705,3.705
360,1,Desconocido,UNKNOWN,3,pan,sin_categoria,True,Padaria e Matinais,Leites,1L,UNKNOWN,LOCAL,234.19,234.1938,,1.0,True,keep_imputed,no_category_detected;price_parse_failed [precio_usd fuera de rango 1–20],3.705,True,median_category_country,3.705,3.705
364,1,Desconocido,UNKNOWN,17,leche,leche,False,PAN TAJADO MANTEQUILLA 450G,Unidades disponibles,450G,UNKNOWN,LOCAL,450.0,450.0,,1.0,True,keep,heuristic_default [precio_usd fuera de rango 1–20],1.11,True,median_category_country,1.11,1.11
365,1,Desconocido,UNKNOWN,15,pan,pan,False,PAN TAJADO MULTIGRANOS 450 G,Unidades disponibles,450 G,UNKNOWN,LOCAL,450.0,450.0,,1.0,True,keep,heuristic_default [precio_usd fuera de rango 1–20],2.49,True,median_category_country,2.49,2.49
366,1,Desconocido,UNKNOWN,15,pan,pan,False,PAN VITAL FRUTICEREAL 500 G,Unidades disponibles,500 G,UNKNOWN,LOCAL,500.0,500.0,,1.0,True,keep,heuristic_default [precio_usd fuera de rango 1–20],2.49,True,median_category_country,2.49,2.49
367,1,Desconocido,UNKNOWN,5,leche,sin_categoria,True,Panaderia Propia,Panificados,550g,UNKNOWN,LOCAL,600.0,600.0,,1.0,True,keep_imputed,no_category_detected [precio_usd fuera de rango 1–20],3.705,True,median_category_country,3.705,3.705
368,2,Chedraui,MX,15,pan,pan,False,Panaderia y tortilleria,Pan salado,675g,MX,LOCAL,72.0,3.8668,3.8668,18.62,True,keep_imputed,price_parse_failed;price<=0,3.8668,True,median_category_country,3.8668,3.8668
376,1,Desconocido,UNKNOWN,15,pan,pan,False,Panadería y repostería,Pan,800 g,UNKNOWN,LOCAL,44.23,44.2339,,1.0,True,keep_imputed,price_parse_failed;price<=0 [precio_usd fuera de rango 1–20],2.49,True,median_category_country,2.49,2.49
378,1,Desconocido,UNKNOWN,16,papa,papa,False,PAPA AIRFRYER MCCAIN X 500G,Unidades disponibles,500G,UNKNOWN,LOCAL,500.0,500.0,,1.0,True,keep,heuristic_default [precio_usd fuera de rango 1–20],2.19,True,median_category_country,2.19,2.19
379,1,Desconocido,UNKNOWN,12,cebolla,cebolla,False,PAPA CAPIRA X 2500 G,Unidades disponibles,2500 G,UNKNOWN,LOCAL,2500.0,2500.0,,1.0,True,keep,heuristic_default [precio_usd fuera de rango 1–20],1.69,True,median_category_country,1.69,1.69
380,1,Desconocido,UNKNOWN,27,pasta seca,pasta seca,False,"Pasta Seca, Lista Y Rellenas",Pastas Secas,500g,UNKNOWN,LOCAL,975.0,975.0,,1.0,True,keep,heuristic_default [precio_usd fuera de rango 1–20],2.885,True,global_median,,2.885
381,1,Desconocido,UNKNOWN,27,pasta seca,pasta seca,False,"Pasta Seca, Lista Y Rellenas",Pastas Secas,500 GR,UNKNOWN,LOCAL,4088.5,4088.5,,1.0,True,keep,heuristic_default [precio_usd fuera de rango 1–20],2.885,True,global_median,,2.885
382,1,Desconocido,UNKNOWN,27,pasta seca,pasta seca,False,"Pasta Seca, Lista Y Rellenas",Pastas Secas,500 Gr,UNKNOWN,LOCAL,4224.35,4224.35,,1.0,True,keep,heuristic_default [precio_usd fuera de rango 1–20],2.885,True,global_median,,2.885
383,1,Desconocido,UNKNOWN,8,huevo,sin_categoria,True,Pasta spaghetti integral,400 g,400 g,UNKNOWN,LOCAL,950.0,950.0,,1.0,True,keep_imputed,no_category_detected [precio_usd fuera de rango 1–20],3.705,True,median_category_country,3.705,3.705
384,1,Desconocido,UNKNOWN,8,huevo,sin_categoria,True,Pasta spaghetti n°5,400 g,400 g,UNKNOWN,LOCAL,470.0,470.0,,1.0,True,keep_imputed,no_category_detected [precio_usd fuera de rango 1–20],3.705,True,median_category_country,3.705,3.705
386,1,Desconocido,UNKNOWN,30,pollo entero,sin_categoria,True,Pechuga deshuesada de pollo co...,4.5 Kg,4.5 Kg,UNKNOWN,LOCAL,234.19,234.1938,,1.0,True,keep_imputed,no_category_detected;price_parse_failed [precio_usd fuera de rango 1–20],3.705,True,median_category_country,3.705,3.705
393,1,Desconocido,UNKNOWN,17,leche,leche,False,QUESITO ALPINA 185 G,Unidades disponibles,185 G,UNKNOWN,LOCAL,185.0,185.0,,1.0,True,keep,heuristic_default [precio_usd fuera de rango 1–20],1.11,True,median_category_country,1.11,1.11
394,4,Desconocido,US,23,cerveza,sin_categoria,True,QUESO FRESCO LUCILITA 250 G,Comparar,250 G,US,LOCAL,250.0,250.0,,1.0,True,keep_imputed,no_category_detected [precio_usd fuera de rango 1–20],12.0,True,median_category_country,12.0,12.0
395,4,Desconocido,US,23,cerveza,sin_categoria,True,QUESO FRESCO NANDITO 500 G,Comparar,500 G,US,LOCAL,500.0,500.0,,1.0,True,keep_imputed,no_category_detected [precio_usd fuera de rango 1–20],12.0,True,median_category_country,12.0,12.0
396,4,Desconocido,US,23,cerveza,sin_categoria,True,QUESO FRESCO REYQUESO 700 G,Comparar,700 G,US,LOCAL,700.0,700.0,,1.0,True,keep_imputed,no_category_detected [precio_usd fuera de rango 1–20],12.0,True,median_category_country,12.0,12.0
398,1,Desconocido,UNKNOWN,8,huevo,sin_categoria,True,Quesos Blandos,Queso Muzzarella,500g,UNKNOWN,LOCAL,500.0,500.0,,1.0,True,keep_imputed,no_category_detected [precio_usd fuera de rango 1–20],3.705,True,median_category_country,3.705,3.705
399,1,Desconocido,UNKNOWN,8,huevo,sin_categoria,True,Quesos Blandos,Queso Cremoso,500g,UNKNOWN,LOCAL,8999.0,8999.0,,1.0,True,keep_imputed,no_category_detected [precio_usd fuera de rango 1–20],3.705,True,median_category_country,3.705,3.705
400,1,Desconocido,UNKNOWN,5,leche,sin_categoria,True,Quesos Blandos,Queso Muzzarella,170g,UNKNOWN,LOCAL,170.0,170.0,,1.0,True,keep_imputed,no_category_detected [precio_usd fuera de rango 1–20],3.705,True,median_category_country,3.705,3.705
403,1,Desconocido,UNKNOWN,15,pan,pan,False,Resultados de búsqueda para: 'pan molde mas ahorro 550 g 259789000',Ver como,550 g,UNKNOWN,LOCAL,0.78,0.78,,1.0,True,keep,heuristic_default [precio_usd fuera de rango 1–20],2.49,True,median_category_country,2.49,2.49
405,1,Desconocido,UNKNOWN,3,pan,sin_categoria,True,Resultados de búsqueda para: 'queso cremoso toni 500 g 270558000',Ver como,500 g,UNKNOWN,LOCAL,600.0,600.0,,1.0,True,keep_imputed,no_category_detected [precio_usd fuera de rango 1–20],3.705,True,median_category_country,3.705,3.705
409,1,Desconocido,UNKNOWN,16,papa,papa,False,Saltar menú Cenco,Frutas y Verduras Propias,2 kg,UNKNOWN,LOCAL,495.0,495.0,,1.0,True,keep,heuristic_default [precio_usd fuera de rango 1–20],2.19,True,median_category_country,2.19,2.19
411,1,Desconocido,UNKNOWN,6,papa,sin_categoria,True,Saltar menú Cenco,Frutas y verduras,NaN,UNKNOWN,LOCAL,234.19,234.1938,,1.0,True,keep_imputed,no_category_detected;price_parse_failed [precio_usd fuera de rango 1–20],3.705,True,median_category_country,3.705,3.705
415,1,Desconocido,UNKNOWN,31,banano,banano,False,Saltar menú Cenco,Frutas y Verduras Propias,NaN,UNKNOWN,LOCAL,995.0,995.0,,1.0,True,keep,heuristic_default [precio_usd fuera de rango 1–20],1.145,True,median_category_country,1.145,1.145
425,1,Desconocido,UNKNOWN,8,huevo,sin_categoria,True,Seja Bem Vindo à Plaza Vea,que podemos ofrecer.,NaN,UNKNOWN,LOCAL,234.19,234.1938,,1.0,True,keep_imputed,no_category_detected;price_parse_failed [precio_usd fuera de rango 1–20],3.705,True,median_category_country,3.705,3.705
428,6,Desconocido,PE,8,huevo,sin_categoria,True,Seja Bem Vindo à Plaza Vea,Abarrotes,49Kg,PE,LOCAL,174.0,49.0141,,3.55,True,keep_imputed,no_category_detected [precio_usd fuera de rango 1–20],4.7662,True,median_category_country,4.7662,4.7662
429,6,Desconocido,PE,4,aceite vegetal,sin_categoria,True,Seja Bem Vindo à Plaza Vea,Abarrotes,49kg,PE,LOCAL,210.0,59.1549,,3.55,True,keep_imputed,no_category_detected [precio_usd fuera de rango 1–20],4.7662,True,median_category_country,4.7662,4.7662
451,5,Desconocido,CO,2,cafe,sin_categoria,True,Selecciona tu,Método de envío,500 G,CO,LOCAL,97.32,0.024,,4047.0,True,keep_imputed,price_parse_failed;price<=0 [precio_usd fuera de rango 1–20],2.885,True,global_median,,2.885
452,5,Desconocido,CO,15,pan,pan,False,Selecciona tu,Método de envío,540 G,CO,LOCAL,97.32,0.024,,4047.0,True,keep_imputed,price_parse_failed;price<=0 [precio_usd fuera de rango 1–20],2.885,True,global_median,,2.885
453,5,Desconocido,CO,14,cafe,cafe,False,Selecciona tu,Método de envío,450 G,CO,LOCAL,97.32,0.024,,4047.0,True,keep_imputed,price_parse_failed;price<=0 [precio_usd fuera de rango 1–20],2.885,True,global_median,,2.885
454,5,Desconocido,CO,18,huevo,huevo,False,Selecciona tu,Método de envío,NaN,CO,LOCAL,100.78,0.0249,,4047.0,True,keep_imputed,no_category_detected;price_parse_failed [precio_usd fuera de rango 1–20],2.885,True,global_median,,2.885
455,5,Desconocido,CO,14,cafe,cafe,False,Selecciona tu,Método de envío,30 Unidades,CO,LOCAL,97.32,0.024,,4047.0,True,keep_imputed,price_parse_failed;price<=0 [precio_usd fuera de rango 1–20],2.885,True,global_median,,2.885
456,5,Desconocido,CO,14,cafe,cafe,False,Selecciona tu,Método de envío,1000 Ml,CO,LOCAL,400.0,0.0988,,4047.0,True,keep,heuristic_default [precio_usd fuera de rango 1–20],2.885,True,global_median,,2.885
457,5,Desconocido,CO,10,arroz,arroz,False,Selecciona tu,Método de envío,5 Kg,CO,LOCAL,97.32,0.024,,4047.0,True,keep_imputed,price_parse_failed;price<=0 [precio_usd fuera de rango 1–20],2.885,True,global_median,,2.885
458,5,Desconocido,CO,14,cafe,cafe,False,Selecciona tu,Método de envío,10 Kg,CO,LOCAL,97.32,0.024,,4047.0,True,keep_imputed,price_parse_failed;price<=0 [precio_usd fuera de rango 1–20],2.885,True,global_median,,2.885
459,5,Desconocido,CO,14,cafe,cafe,False,Selecciona tu,Método de envío,3 Kg,CO,LOCAL,97.32,0.024,,4047.0,True,keep_imputed,price_parse_failed;price<=0 [precio_usd fuera de rango 1–20],2.885,True,global_median,,2.885
460,5,Desconocido,CO,2,cafe,sin_categoria,True,Selecciona tu,Método de envío,12.5 KG,CO,LOCAL,100.78,0.0249,,4047.0,True,keep_imputed,no_category_detected;price_parse_failed [precio_usd fuera de rango 1–20],2.885,True,global_median,,2.885
461,5,Desconocido,CO,14,cafe,cafe,False,Selecciona tu,Método de envío,650 G,CO,LOCAL,250.0,0.0618,,4047.0,True,keep,heuristic_default [precio_usd fuera de rango 1–20],2.885,True,global_median,,2.885
462,5,Desconocido,CO,14,cafe,cafe,False,Selecciona tu,Método de envío,400 G,CO,LOCAL,97.32,0.024,,4047.0,True,keep_imputed,price_parse_failed;price<=0 [precio_usd fuera de rango 1–20],2.885,True,global_median,,2.885
463,5,Desconocido,CO,14,cafe,cafe,False,Selecciona tu,Método de envío,440 G,CO,LOCAL,97.32,0.024,,4047.0,True,keep_imputed,price_parse_failed;price<=0 [precio_usd fuera de rango 1–20],2.885,True,global_median,,2.885
464,5,Desconocido,CO,14,cafe,cafe,False,Selecciona tu,Método de envío,"1,1 Lt",CO,LOCAL,97.32,0.024,,4047.0,True,keep_imputed,price_parse_failed;price<=0 [precio_usd fuera de rango 1–20],2.885,True,global_median,,2.885
465,5,Desconocido,CO,2,cafe,sin_categoria,True,Selecciona tu,Método de envío,800 Ml,CO,LOCAL,100.78,0.0249,,4047.0,True,keep_imputed,no_category_detected;price_parse_failed [precio_usd fuera de rango 1–20],2.885,True,global_median,,2.885
466,5,Desconocido,CO,12,cebolla,cebolla,False,Selecciona tu,Método de envío,1 Kg,CO,LOCAL,604582.9,149.3904,,4047.0,True,keep_imputed,price_parse_failed;price<=0 [precio_usd fuera de rango 1–20],2.885,True,global_median,,2.885
467,5,Desconocido,CO,14,cafe,cafe,False,Selecciona tu,Método de envío,1000 Gramos,CO,LOCAL,2755946.3,680.985,,4047.0,True,keep_imputed,price_parse_failed;price<=0 [precio_usd fuera de rango 1–20],2.885,True,global_median,,2.885
468,5,Desconocido,CO,14,cafe,cafe,False,Selecciona tu,Método de envío,411 G,CO,LOCAL,97.32,0.024,,4047.0,True,keep_imputed,price_parse_failed;price<=0 [precio_usd fuera de rango 1–20],2.885,True,global_median,,2.885
469,5,Desconocido,CO,14,cafe,cafe,False,Selecciona tu,Método de envío,"2,5 Kg",CO,LOCAL,97.32,0.024,,4047.0,True,keep_imputed,price_parse_failed;price<=0 [precio_usd fuera de rango 1–20],2.885,True,global_median,,2.885
470,5,Desconocido,CO,14,cafe,cafe,False,Selecciona tu,Método de envío,1000 G,CO,LOCAL,97.32,0.024,,4047.0,True,keep_imputed,price_parse_failed;price<=0 [precio_usd fuera de rango 1–20],2.885,True,global_median,,2.885
471,5,Desconocido,CO,14,cafe,cafe,False,Selecciona tu,Método de envío,375 G,CO,LOCAL,375.0,0.0927,,4047.0,True,keep,heuristic_default [precio_usd fuera de rango 1–20],2.885,True,global_median,,2.885
472,5,Desconocido,CO,2,cafe,sin_categoria,True,Selecciona tu,Método de envío,210gr,CO,LOCAL,210.0,0.0519,,4047.0,True,keep_imputed,no_category_detected [precio_usd fuera de rango 1–20],2.885,True,global_median,,2.885
473,5,Desconocido,CO,14,cafe,cafe,False,Selecciona tu,Método de envío,200 G,CO,LOCAL,200.0,0.0494,,4047.0,True,keep,heuristic_default [precio_usd fuera de rango 1–20],2.885,True,global_median,,2.885
503,1,Desconocido,UNKNOWN,12,cebolla,cebolla,False,TOMATE CHONTO X 1000 G,Unidades disponibles,1000 G,UNKNOWN,LOCAL,1000.0,1000.0,,1.0,True,keep,heuristic_default [precio_usd fuera de rango 1–20],1.69,True,median_category_country,1.69,1.69
504,1,Desconocido,UNKNOWN,13,azucar,azucar,False,TOMATES SECOS AINOA 180 G,Unidades disponibles,180 G,UNKNOWN,LOCAL,100.0,100.0,,1.0,True,keep,heuristic_default [precio_usd fuera de rango 1–20],2.77,True,median_category_country,2.77,2.77
506,1,Desconocido,UNKNOWN,17,leche,leche,False,Valoramos tu privacidad,Personalizar,1L,UNKNOWN,LOCAL,0.44,0.44,,1.0,True,keep_imputed,no_category_detected [precio_usd fuera de rango 1–20],1.11,True,median_category_country,1.11,1.11
507,1,Desconocido,UNKNOWN,20,arroz,sin_categoria,True,Valoramos tu privacidad,Personalizar,NaN,UNKNOWN,LOCAL,234.19,234.1938,,1.0,True,keep_imputed,no_category_detected;price_parse_failed [precio_usd fuera de rango 1–20],3.705,True,median_category_country,3.705,3.705
509,1,Desconocido,UNKNOWN,15,pan,pan,False,Valoramos tu privacidad,Personalizar,450g,UNKNOWN,LOCAL,0.99,0.99,,1.0,True,keep,heuristic_default [precio_usd fuera de rango 1–20],2.49,True,median_category_country,2.49,2.49
514,1,Desconocido,UNKNOWN,20,arroz,sin_categoria,True,Valoramos tu privacidad,Personalizar,2L,UNKNOWN,LOCAL,0.92,0.92,,1.0,True,keep_imputed,no_category_detected [precio_usd fuera de rango 1–20],3.705,True,median_category_country,3.705,3.705
515,1,Desconocido,UNKNOWN,13,azucar,azucar,False,Valoramos tu privacidad,Personalizar,226g,UNKNOWN,LOCAL,226.0,226.0,,1.0,True,keep,heuristic_default [precio_usd fuera de rango 1–20],2.77,True,median_category_country,2.77,2.77
516,1,Desconocido,UNKNOWN,10,arroz,arroz,False,Valoramos tu privacidad,Personalizar,100Lb,UNKNOWN,LOCAL,43.45,43.45,,1.0,True,keep,heuristic_default [precio_usd fuera de rango 1–20],1.59,True,median_category_country,1.59,1.59
517,1,Desconocido,UNKNOWN,10,arroz,arroz,False,Valoramos tu privacidad,Personalizar,100lb,UNKNOWN,LOCAL,41.59,41.59,,1.0,True,keep,heuristic_default [precio_usd fuera de rango 1–20],1.59,True,median_category_country,1.59,1.59
523,1,Desconocido,UNKNOWN,13,azucar,azucar,False,Valoramos tu privacidad,Personalizar,1 kg,UNKNOWN,LOCAL,0.99,0.99,,1.0,True,keep,heuristic_default [precio_usd fuera de rango 1–20],2.77,True,median_category_country,2.77,2.77
525,1,Desconocido,UNKNOWN,6,papa,sin_categoria,True,Verificar que usted es un ser humano. Esto podría tardar algunos segundos.,Verificación exitosa,NaN,UNKNOWN,LOCAL,234.19,234.1938,,1.0,True,keep_imputed,no_category_detected;price_parse_failed [precio_usd fuera de rango 1–20],3.705,True,median_category_country,3.705,3.705
526,6,Desconocido,PE,1,azucar,sin_categoria,True,¡Aún no eres Wong Prime!,Aprovecha el,5 Kg,PE,LOCAL,79.9,22.507,,3.55,True,keep_imputed,no_category_detected [precio_usd fuera de rango 1–20],4.7662,True,median_category_country,4.7662,4.7662
527,6,Desconocido,PE,10,arroz,arroz,False,¡Aún no eres Wong Prime!,Aprovecha el,5 kg,PE,LOCAL,79.9,22.507,,3.55,True,keep,heuristic_default [precio_usd fuera de rango 1–20],2.885,True,global_median,,2.885
528,6,Desconocido,PE,10,arroz,arroz,False,¡Aún no eres Wong Prime!,Aprovecha el,5kg,PE,LOCAL,79.9,22.507,,3.55,True,keep,heuristic_default [precio_usd fuera de rango 1–20],2.885,True,global_median,,2.885
529,6,Desconocido,PE,32,pollo entero,pollo entero,False,¡Aún no eres Wong Prime!,Aprovecha el,NaN,PE,LOCAL,79.9,22.507,,3.55,True,keep_imputed,no_category_detected [precio_usd fuera de rango 1–20],2.885,True,global_median,,2.885
530,6,Desconocido,PE,13,azucar,azucar,False,¡Aún no eres Wong Prime!,Aprovecha el,800 g,PE,LOCAL,79.9,22.507,,3.55,True,keep,heuristic_default [precio_usd fuera de rango 1–20],4.059150000000001,True,median_category_country,4.059150000000001,4.059150000000001
531,6,Desconocido,PE,14,cafe,cafe,False,¡Aún no eres Wong Prime!,Aprovecha el,900g,PE,LOCAL,79.9,22.507,,3.55,True,keep,heuristic_default [precio_usd fuera de rango 1–20],7.8592,True,median_category_country,7.8592,7.8592
532,6,Desconocido,PE,14,cafe,cafe,False,¡Aún no eres Wong Prime!,Aprovecha el,500g,PE,LOCAL,79.9,22.507,,3.55,True,keep,heuristic_default [precio_usd fuera de rango 1–20],7.8592,True,median_category_country,7.8592,7.8592
533,6,Desconocido,PE,7,aceite vegetal,aceite vegetal,False,¡Aún no eres Wong Prime!,Aprovecha el,1.8L,PE,LOCAL,79.9,22.507,,3.55,True,keep,heuristic_default [precio_usd fuera de rango 1–20],2.885,True,global_median,,2.885
534,6,Desconocido,PE,1,azucar,sin_categoria,True,¡Aún no eres Wong Prime!,Aprovecha el,1 Litro,PE,LOCAL,79.9,22.507,,3.55,True,keep_imputed,no_category_detected [precio_usd fuera de rango 1–20],4.7662,True,median_category_country,4.7662,4.7662
535,6,Desconocido,PE,21,atun,sin_categoria,True,¡Aún no eres Wong Prime!,Aprovecha el,1L,PE,LOCAL,79.9,22.507,,3.55,True,keep_imputed,no_category_detected [precio_usd fuera de rango 1–20],4.7662,True,median_category_country,4.7662,4.7662
536,6,Desconocido,PE,4,aceite vegetal,sin_categoria,True,¡Aún no eres Wong Prime!,Aprovecha el,750ml,PE,LOCAL,79.9,22.507,,3.55,True,keep_imputed,no_category_detected [precio_usd fuera de rango 1–20],4.7662,True,median_category_country,4.7662,4.7662
537,6,Desconocido,PE,13,azucar,azucar,False,¡Aún no eres Wong Prime!,Aprovecha el,946ml,PE,LOCAL,79.9,22.507,,3.55,True,keep,heuristic_default [precio_usd fuera de rango 1–20],4.059150000000001,True,median_category_country,4.059150000000001,4.059150000000001
538,6,Desconocido,PE,17,leche,leche,False,¡Aún no eres Wong Prime!,Aprovecha el,900ml,PE,LOCAL,79.9,22.507,,3.55,True,keep,heuristic_default [precio_usd fuera de rango 1–20],3.0704,True,median_category_country,3.0704,3.0704
539,6,Desconocido,PE,13,azucar,azucar,False,¡Aún no eres Wong Prime!,Aprovecha el,950 ml,PE,LOCAL,79.9,22.507,,3.55,True,keep,heuristic_default [precio_usd fuera de rango 1–20],4.059150000000001,True,median_category_country,4.059150000000001,4.059150000000001
540,6,Desconocido,PE,17,leche,leche,False,¡Aún no eres Wong Prime!,Aprovecha el,800ml,PE,LOCAL,79.9,22.507,,3.55,True,keep,heuristic_default [precio_usd fuera de rango 1–20],3.0704,True,median_category_country,3.0704,3.0704
541,6,Desconocido,PE,7,aceite vegetal,aceite vegetal,False,¡Aún no eres Wong Prime!,Aprovecha el,30 unidades,PE,LOCAL,79.9,22.507,,3.55,True,keep,heuristic_default [precio_usd fuera de rango 1–20],2.885,True,global_median,,2.885
542,6,Desconocido,PE,18,huevo,huevo,False,¡Aún no eres Wong Prime!,Aprovecha el,15 unidades,PE,LOCAL,79.9,22.507,,3.55,True,keep_imputed,heuristic_default [precio_usd fuera de rango 1–20],4.1549499999999995,True,median_category_country,4.1549499999999995,4.1549499999999995
543,6,Desconocido,PE,13,azucar,azucar,False,¡Aún no eres Wong Prime!,Aprovecha el,2 kg,PE,LOCAL,79.9,22.507,,3.55,True,keep,heuristic_default [precio_usd fuera de rango 1–20],4.059150000000001,True,median_category_country,4.059150000000001,4.059150000000001
544,6,Desconocido,PE,13,azucar,azucar,False,¡Aún no eres Wong Prime!,Aprovecha el,1kg,PE,LOCAL,79.9,22.507,,3.55,True,keep,heuristic_default [precio_usd fuera de rango 1–20],4.059150000000001,True,median_category_country,4.059150000000001,4.059150000000001
545,6,Desconocido,PE,13,azucar,azucar,False,¡Aún no eres Wong Prime!,Aprovecha el,770g,PE,LOCAL,79.9,22.507,,3.55,True,keep,heuristic_default [precio_usd fuera de rango 1–20],4.059150000000001,True,median_category_country,4.059150000000001,4.059150000000001
546,6,Desconocido,PE,17,leche,leche,False,¡Aún no eres Wong Prime!,Aprovecha el,360 g,PE,LOCAL,79.9,22.507,,3.55,True,keep,heuristic_default [precio_usd fuera de rango 1–20],3.0704,True,median_category_country,3.0704,3.0704
547,6,Desconocido,PE,13,azucar,azucar,False,¡Aún no eres Wong Prime!,Aprovecha el,300g,PE,LOCAL,79.9,22.507,,3.55,True,keep,heuristic_default [precio_usd fuera de rango 1–20],4.059150000000001,True,median_category_country,4.059150000000001,4.059150000000001
548,6,Desconocido,PE,1,azucar,sin_categoria,True,¡Aún no eres Wong Prime!,Aprovecha el,400g,PE,LOCAL,79.9,22.507,,3.55,True,keep_imputed,no_category_detected [precio_usd fuera de rango 1–20],4.7662,True,median_category_country,4.7662,4.7662
549,6,Desconocido,PE,15,pan,pan,False,¡Aún no eres Wong Prime!,Aprovecha el,560 g,PE,LOCAL,79.9,22.507,,3.55,True,keep,heuristic_default [precio_usd fuera de rango 1–20],4.6479,True,median_category_country,4.6479,4.6479
550,6,Desconocido,PE,18,huevo,huevo,False,¡Aún no eres Wong Prime!,Aprovecha el,950g,PE,LOCAL,79.9,22.507,,3.55,True,keep,heuristic_default [precio_usd fuera de rango 1–20],4.1549499999999995,True,median_category_country,4.1549499999999995,4.1549499999999995
551,6,Desconocido,PE,18,huevo,huevo,False,¡Aún no eres Wong Prime!,Aprovecha el,400 g,PE,LOCAL,79.9,22.507,,3.55,True,keep_imputed,heuristic_default [precio_usd fuera de rango 1–20],4.1549499999999995,True,median_category_country,4.1549499999999995,4.1549499999999995
552,6,Desconocido,PE,1,azucar,sin_categoria,True,¡Aún no eres Wong Prime!,Aprovecha el,500 g,PE,LOCAL,79.9,22.507,,3.55,True,keep_imputed,no_category_detected [precio_usd fuera de rango 1–20],4.7662,True,median_category_country,4.7662,4.7662
553,6,Desconocido,PE,24,atun,atun,False,¡Aún no eres Wong Prime!,Aprovecha el,150g,PE,LOCAL,79.9,22.507,,3.55,True,keep,heuristic_default [precio_usd fuera de rango 1–20],1.8028,True,median_category_country,1.8028,1.8028
554,6,Desconocido,PE,1,azucar,sin_categoria,True,¡Aún no eres Wong Prime!,Aprovecha el,140g,PE,LOCAL,79.9,22.507,,3.55,True,keep,heuristic_default [precio_usd fuera de rango 1–20],4.7662,True,median_category_country,4.7662,4.7662
555,1,Desconocido,UNKNOWN,24,atun,atun,False,¡Lo mejor te está esperando!,Descarga la app,2 Kg,UNKNOWN,LOCAL,74.9,74.9,,1.0,True,keep,heuristic_default [precio_usd fuera de rango 1–20],2.885,True,global_median,,2.885
556,1,Desconocido,UNKNOWN,10,arroz,arroz,False,¡Lo mejor te está esperando!,Descarga la app,907 G,UNKNOWN,LOCAL,23.9,23.9,,1.0,True,keep,heuristic_default [precio_usd fuera de rango 1–20],1.59,True,median_category_country,1.59,1.59
557,1,Desconocido,UNKNOWN,24,atun,atun,False,¡Lo mejor te está esperando!,Descarga la app,906 G,UNKNOWN,LOCAL,23.9,23.9,,1.0,True,keep,heuristic_default [precio_usd fuera de rango 1–20],2.885,True,global_median,,2.885
558,1,Desconocido,UNKNOWN,24,atun,atun,False,¡Lo mejor te está esperando!,Descarga la app,155 G,UNKNOWN,LOCAL,39.9,39.9,,1.0,True,keep,heuristic_default [precio_usd fuera de rango 1–20],2.885,True,global_median,,2.885
559,1,Desconocido,UNKNOWN,7,aceite vegetal,aceite vegetal,False,¡Lo mejor te está esperando!,Descarga la app,800 Ml,UNKNOWN,LOCAL,29.9,29.9,,1.0,True,keep,heuristic_default [precio_usd fuera de rango 1–20],3.99,True,median_category_country,3.99,3.99
560,1,Desconocido,UNKNOWN,7,aceite vegetal,aceite vegetal,False,¡Lo mejor te está esperando!,Descarga la app,400 Ml,UNKNOWN,LOCAL,25.9,25.9,,1.0,True,keep,heuristic_default [precio_usd fuera de rango 1–20],3.99,True,median_category_country,3.99,3.99
561,1,Desconocido,UNKNOWN,7,aceite vegetal,aceite vegetal,False,¡Lo mejor te está esperando!,Descarga la app,850 Ml,UNKNOWN,LOCAL,37.9,37.9,,1.0,True,keep,heuristic_default [precio_usd fuera de rango 1–20],3.99,True,median_category_country,3.99,3.99
562,1,Desconocido,UNKNOWN,5,leche,sin_categoria,True,¡Lo mejor te está esperando!,Descarga la app,NaN,UNKNOWN,LOCAL,234.19,234.1938,,1.0,True,keep_imputed,no_category_detected;price_parse_failed [precio_usd fuera de rango 1–20],3.705,True,median_category_country,3.705,3.705
563,1,Desconocido,UNKNOWN,17,leche,leche,False,¡Lo mejor te está esperando!,Descarga la app,1 Lt,UNKNOWN,LOCAL,30.9,30.9,,1.0,True,keep,heuristic_default [precio_usd fuera de rango 1–20],1.11,True,median_category_country,1.11,1.11
564,1,Desconocido,UNKNOWN,15,pan,pan,False,¡Lo mejor te está esperando!,Descarga la app,680 G,UNKNOWN,LOCAL,44.9,44.9,,1.0,True,keep,heuristic_default [precio_usd fuera de rango 1–20],2.49,True,median_category_country,2.49,2.49
565,1,Desconocido,UNKNOWN,15,pan,pan,False,¡Lo mejor te está esperando!,Descarga la app,624 G,UNKNOWN,LOCAL,62.9,62.9,,1.0,True,keep,heuristic_default [precio_usd fuera de rango 1–20],2.49,True,median_category_country,2.49,2.49
566,1,Desconocido,UNKNOWN,15,pan,pan,False,¡Lo mejor te está esperando!,Descarga la app,620 G,UNKNOWN,LOCAL,54.9,54.9,,1.0,True,keep,heuristic_default [precio_usd fuera de rango 1–20],2.49,True,median_category_country,2.49,2.49
567,1,Desconocido,UNKNOWN,13,azucar,azucar,False,¡Lo mejor te está esperando!,Descarga la app,1 Kg,UNKNOWN,LOCAL,21.9,21.9,,1.0,True,keep,heuristic_default [precio_usd fuera de rango 1–20],2.77,True,median_category_country,2.77,2.77
568,1,Desconocido,UNKNOWN,14,cafe,cafe,False,¡Lo mejor te está esperando!,Descarga la app,100 G,UNKNOWN,LOCAL,69.9,69.9,,1.0,True,keep,heuristic_default [precio_usd fuera de rango 1–20],6.2,True,median_category_country,6.2,6.2
569,1,Desconocido,UNKNOWN,14,cafe,cafe,False,¡Lo mejor te está esperando!,Descarga la app,200 G,UNKNOWN,LOCAL,149.9,149.9,,1.0,True,keep,heuristic_default [precio_usd fuera de rango 1–20],6.2,True,median_category_country,6.2,6.2
570,1,Desconocido,UNKNOWN,14,cafe,cafe,False,¡Lo mejor te está esperando!,Descarga la app,226 G,UNKNOWN,LOCAL,224.9,224.9,,1.0,True,keep,heuristic_default [precio_usd fuera de rango 1–20],6.2,True,median_category_country,6.2,6.2
571,1,Desconocido,UNKNOWN,14,cafe,cafe,False,¡Lo mejor te está esperando!,Descarga la app,250 Gr,UNKNOWN,LOCAL,114.9,114.9,,1.0,True,keep,heuristic_default [precio_usd fuera de rango 1–20],6.2,True,median_category_country,6.2,6.2
572,1,Desconocido,UNKNOWN,17,leche,leche,False,¡Lo mejor te está esperando!,Descarga la app,30 piezas,UNKNOWN,LOCAL,98.9,98.9,,1.0,True,keep,heuristic_default [precio_usd fuera de rango 1–20],1.11,True,median_category_country,1.11,1.11
573,1,Desconocido,UNKNOWN,17,leche,leche,False,¡Lo mejor te está esperando!,Descarga la app,30 unidades,UNKNOWN,LOCAL,91.9,91.9,,1.0,True,keep,heuristic_default [precio_usd fuera de rango 1–20],1.11,True,median_category_country,1.11,1.11
574,1,Desconocido,UNKNOWN,10,arroz,arroz,False,¡Lo mejor te está esperando!,Descarga la app,5 Lb,UNKNOWN,LOCAL,309.9,309.9,,1.0,True,keep,heuristic_default [precio_usd fuera de rango 1–20],1.59,True,median_category_country,1.59,1.59
575,1,Desconocido,UNKNOWN,16,papa,papa,False,¡Lo mejor te está esperando!,Descarga la app,1 kg,UNKNOWN,LOCAL,36.9,36.9,,1.0,True,keep,heuristic_default [precio_usd fuera de rango 1–20],2.19,True,median_category_country,2.19,2.19
591,8,Desconocido,MX,8,huevo,sin_categoria,True,¡Nueva tarjeta de crédito HEB Afirme!,Consigue la tuya aquí,1 Kg,MX,LOCAL,18.0,0.9667,,18.62,True,keep_imputed,no_category_detected [precio_usd fuera de rango 1–20],2.4705,True,median_category_country,2.4705,2.4705
593,9,Desconocido,CR,8,huevo,sin_categoria,True,¿Cómo comprar?,Contáctanos al 800-8000-722,800 g,CR,LOCAL,1.7,0.0034,,503.8,True,keep_imputed,no_category_detected [precio_usd fuera de rango 1–20],2.885,True,global_median,,2.885
594,6,Desconocido,PE,10,arroz,arroz,False,¿Que buscas hoy?,Elegir,5kg,PE,LOCAL,3.0,0.8451,,3.55,True,keep,heuristic_default [precio_usd fuera de rango 1–20],2.885,True,global_median,,2.885
595,6,Desconocido,PE,8,huevo,sin_categoria,True,¿Que buscas hoy?,Elegir,5 kg,PE,LOCAL,55.14,15.5336,15.5336,3.55,True,keep_imputed,no_category_detected;price_parse_failed,15.5336,True,median_category_country,4.7662,15.5336
596,6,Desconocido,PE,10,arroz,arroz,False,¿Que buscas hoy?,Elegir,NaN,PE,LOCAL,2.0,0.5634,,3.55,True,keep_imputed,no_category_detected [precio_usd fuera de rango 1–20],2.885,True,global_median,,2.885
600,6,Desconocido,PE,8,huevo,sin_categoria,True,¿Que buscas hoy?,Elegir,250g,PE,LOCAL,55.14,15.5336,15.5336,3.55,True,keep_imputed,no_category_detected;price_parse_failed,15.5336,True,median_category_country,4.7662,15.5336
602,6,Desconocido,PE,24,atun,atun,False,¿Que buscas hoy?,Elegir,900ml,PE,LOCAL,3.0,0.8451,,3.55,True,keep,heuristic_default [precio_usd fuera de rango 1–20],1.8028,True,median_category_country,1.8028,1.8028
603,6,Desconocido,PE,17,leche,leche,False,¿Que buscas hoy?,Elegir,946ml,PE,LOCAL,55.14,15.5336,15.5336,3.55,True,keep_imputed,no_category_detected;price_parse_failed,15.5336,True,median_category_country,3.0704,15.5336
610,6,Desconocido,PE,17,leche,leche,False,¿Que buscas hoy?,Elegir,600 g,PE,LOCAL,600.0,169.0141,,3.55,True,keep,heuristic_default [precio_usd fuera de rango 1–20],3.0704,True,median_category_country,3.0704,3.0704
613,6,Desconocido,PE,18,huevo,huevo,False,¿Que buscas hoy?,Elegir,500 g,PE,LOCAL,55.14,15.5336,15.5336,3.55,True,keep_imputed,price_parse_failed,15.5336,True,median_category_country,4.1549499999999995,15.5336
614,6,Desconocido,PE,18,huevo,huevo,False,¿Que buscas hoy?,Elegir,1kg,PE,LOCAL,55.14,15.5336,15.5336,3.55,True,keep_imputed,price_parse_failed,15.5336,True,median_category_country,4.1549499999999995,15.5336
617,2,Chedraui,MX,15,pan,pan,False,¿Qué estás buscando?,Tortilleria y pan empacados,620g,MX,LOCAL,72.0,3.8668,3.8668,18.62,True,keep_imputed,price_parse_failed;price<=0,3.8668,True,median_category_country,3.8668,3.8668
618,2,Chedraui,MX,15,pan,pan,False,¿Qué estás buscando?,Tortilleria y pan empacados,567g,MX,LOCAL,72.0,3.8668,3.8668,18.62,True,keep_imputed,price_parse_failed;price<=0,3.8668,True,median_category_country,3.8668,3.8668
619,2,Chedraui,MX,4,aceite vegetal,sin_categoria,True,¿Qué estás buscando?,Endulzantes,900g,MX,LOCAL,66.32,3.5617,3.5617,18.62,True,keep_imputed,no_category_detected;price_parse_failed,3.5617,True,median_category_country,2.4705,3.5617
620,2,Chedraui,MX,18,huevo,huevo,False,¿Qué estás buscando?,Lacteos y huevo,30 Piezas,MX,LOCAL,66.32,3.5617,3.5617,18.62,True,keep_imputed,price_parse_failed,3.5617,True,median_category_country,4.99195,3.5617
621,2,Chedraui,MX,19,harina de trigo,harina de trigo,False,¿Qué estás buscando?,Harinas y reposteria,1Kg,MX,LOCAL,2902.4,155.8757,,18.62,True,keep_imputed,price_parse_failed;price<=0 [precio_usd fuera de rango 1–20],2.885,True,global_median,,2.885
622,2,Chedraui,MX,7,aceite vegetal,aceite vegetal,False,¿Qué estás buscando?,Aceites y vinagres,170g,MX,LOCAL,33.3,1.7884,1.7884,18.62,True,keep_imputed,price_parse_failed;price<=0,1.7884,True,median_category_country,1.8743,1.7884
623,1,Desconocido,UNKNOWN,8,huevo,sin_categoria,True,‎ ‎ ‎ ‎ ‎ ‎ ‎ ‎ ‎ ‎ ‎ ‎ ‎ ‎ ‎ ‎ ‎ ‎ ‎ ‎ ‎ ‎ ‎ ‎ ‎ ‎ ‎ ‎ ‎ ‎ ‎ ‎ ‎ ‎ ‎ ‎ ‎ ‎ ‎ ‎ ‎ ‎ ‎ ‎ ‎ ‎ ‎ ‎ ‎ ‎ ‎ ‎ ‎ ‎ ‎ ‎ ‎ ‎ ‎ ‎ ‎ ‎ ‎ ‎ ‎ ‎ ‎ ‎ ‎ ‎ Hazte Socio Diamante para disfrutar de ofertas y beneficios exclusivos.,📍,NaN,UNKNOWN,LOCAL,234.19,234.1938,,1.0,True,keep_imputed,no_category_detected;price_parse_failed [precio_usd fuera de rango 1–20],3.705,True,median_category_country,3.705,3.705
628,1,Desconocido,UNKNOWN,16,papa,papa,False,‎ ‎ ‎ ‎ ‎ ‎ ‎ ‎ ‎ ‎ ‎ ‎ ‎ ‎ ‎ ‎ ‎ ‎ ‎ ‎ ‎ ‎ ‎ ‎ ‎ ‎ ‎ ‎ ‎ ‎ ‎ ‎ ‎ ‎ ‎ ‎ ‎ ‎ ‎ ‎ ‎ ‎ ‎ ‎ ‎ ‎ ‎ ‎ ‎ ‎ ‎ ‎ ‎ ‎ ‎ ‎ ‎ ‎ ‎ ‎ ‎ ‎ ‎ ‎ ‎ ‎ ‎ ‎ ‎ ‎ Hazte Socio Diamante para disfrutar de ofertas y beneficios exclusivos.,📍,500 g,UNKNOWN,LOCAL,995.0,995.0,,1.0,True,keep,heuristic_default [precio_usd fuera de rango 1–20],2.19,True,median_category_country,2.19,2.19
637,1,Desconocido,UNKNOWN,18,huevo,huevo,False,‎ ‎ ‎ ‎ ‎ ‎ ‎ ‎ ‎ ‎ ‎ ‎ ‎ ‎ ‎ ‎ ‎ ‎ ‎ ‎ ‎ ‎ ‎ ‎ ‎ ‎ ‎ ‎ ‎ ‎ ‎ ‎ ‎ ‎ ‎ ‎ ‎ ‎ ‎ ‎ ‎ ‎ ‎ ‎ ‎ ‎ ‎ ‎ ‎ ‎ ‎ ‎ ‎ ‎ ‎ ‎ ‎ ‎ ‎ ‎ ‎ ‎ ‎ ‎ ‎ ‎ ‎ ‎ ‎ ‎ Hazte Socio Diamante para disfrutar de ofertas y beneficios exclusivos.,📍,400 g,UNKNOWN,LOCAL,480.0,480.0,,1.0,True,keep_imputed,heuristic_default [precio_usd fuera de rango 1–20],5.19,True,median_category_country,5.19,5.19
