Pais,Retail,Producto,Nombre marca,URL,Tipo Pagina,Captcha?,,,,
Mexico,Chedraui,Arroz,Schettino,https://www.chedraui.com.mx/arroz-schettino-verde-900g-3008386/p,D,recaptcha,,SI TIENE V8 SE ENCUENTRA,,
Mexico,Chedraui,Arroz,Verde Valle,https://www.chedraui.com.mx/arroz-verde-valle-super-extra-900g-3008380/p,D,recaptcha,,,,
Mexico,Chedraui,Arroz,Arroz SOS,https://www.chedraui.com.mx/arroz-sos-super-extra-rojo-900g-3008327/p,D,recaptcha,,,,
Mexico,Chedraui,Arroz,Chedraui,https://www.chedraui.com.mx/arroz-super-extra-chedraui-900g-3250655/p,D,recaptcha,,,,
Mexico,Chedraui,Arroz,La Merced,https://www.chedraui.com.mx/arroz-la-merced-super-extra-900g-3247692/p,D,recaptcha,,,,
Mexico,Chedraui,Aceite vegetal,Nutrioli,https://www.chedraui.com.mx/aceite-vegetal-nutrioli-antigoteo-puro-de-soya-700ml-3738492/p,D,recaptcha,,,,
Mexico,Chedraui,Aceite vegetal,Chedraui,https://www.chedraui.com.mx/aceite-chedraui-mixto-800ml-3717376/p,D,recaptcha,,,,
Mexico,Chedraui,Aceite vegetal,Patrona,https://www.chedraui.com.mx/aceite-patrona-mixto-1-l-3009886/p,D,recaptcha,,,,
Mexico,Chedraui,Aceite vegetal,PAM,https://www.chedraui.com.mx/aceite-pam-original-170g-3010037/p,D,recaptcha,,,,
Mexico,Chedraui,Aceite vegetal,1 2 3,https://www.chedraui.com.mx/aceite-123-vegetal-123-1l-3009948/p,D,recaptcha,,,,
Mexico,Chedraui,Leche líquida,Lala,https://www.chedraui.com.mx/leche-fresca-lala-entera-1l-3012021/p,D,recaptcha,,,,
Mexico,Chedraui,Leche líquida,Alpura,https://www.chedraui.com.mx/leche-alpura-selecta-entera-1l-3019413/p,D,recaptcha,,,,
Mexico,Chedraui,Leche líquida,Forti ,https://www.chedraui.com.mx/leche-alpura-clasica-4-piezas-de-1l-cu-3713405/p,D,recaptcha,,,,
Mexico,Chedraui,Leche líquida,Santa Clara,https://www.chedraui.com.mx/leche-santa-clara-entera-1l-3019421/p,D,recaptcha,,,,
Mexico,Chedraui,Leche líquida,Bové,https://www.chedraui.com.mx/leche-barista-bove-entera-946ml-3804250/p,D,recaptcha,,,,
Mexico,Chedraui,Pan de molde,Bimbo,https://www.chedraui.com.mx/pan-bimbo-blanco-620g-3817240/p,D,recaptcha,,,,
Mexico,Chedraui,Pan de molde,ButterKrust,https://www.chedraui.com.mx/pan-butter-krust-blanco-567g-3851928/p,D,recaptcha,,,,
Mexico,Chedraui,Pan de molde,Nature Own,https://www.chedraui.com.mx/pan-natures-own-blanco-624g-3750236/p,D,recaptcha,,,,
Mexico,Chedraui,Pan de molde,Selecto,https://www.chedraui.com.mx/pan-blanco-de-caja-selecto-675g-3105808/p,D,recaptcha,,,,
Mexico,Chedraui,Pan de molde,Wonder,https://www.chedraui.com.mx/pan-wonder-super-blanco-ajonjoli-567g-3271695/p,D,recaptcha,,,,
Mexico,Chedraui,Azúcar,Chedraui ,https://www.chedraui.com.mx/azucar-chedraui-estandar-900g-3793492/p,D,recaptcha,,,,
Mexico,Chedraui,Azúcar,Zulka,https://www.chedraui.com.mx/azucar-zulka-glass-500g-3546184/p,D,recaptcha,,,,
Mexico,Chedraui,Café molido,Nescafé,https://www.chedraui.com.mx/cafe-nescafe-clasico-300g-3822396/p,D,recaptcha,,,,
Mexico,Chedraui,Café molido,Café Legal,https://www.chedraui.com.mx/cafe-legal-soluble-regular-180-g-3278434/p,D,recaptcha,,,,
Mexico,Chedraui,Café molido,Oro Los Portales,https://www.chedraui.com.mx/cafe-gold-los-portales-de-cordoba-de-170g-3734679/p,D,recaptcha,,,,
Mexico,Chedraui,Café molido,Blasón,https://www.chedraui.com.mx/cafe-molido-blason-gourmet-americano-400g-3202009/p,D,recaptcha,,,,
Mexico,Chedraui,Café molido,Garat,https://www.chedraui.com.mx/cafe-garat-americano-molido-340g-3019146/p,D,recaptcha,,,,
Mexico,Chedraui,Huevos,Bacocho,https://www.chedraui.com.mx/huevo-blanco-bachoco-30-piezas-3101196/p,D,recaptcha,,,,
Mexico,Chedraui,Huevos,San juan,https://www.chedraui.com.mx/huevo-san-juan-blanco-30-piezas-3101215/p,D,recaptcha,,,,
Mexico,Chedraui,Huevos,Tehuacán,https://www.chedraui.com.mx/huevos-blancos-tehuacan-30-piezas-3101222/p,D,recaptcha,,,,
Mexico,Chedraui,Huevos,El calvario,https://www.chedraui.com.mx/huevo-blanco-el-calvario-30-piezas-3295668/p,D,recaptcha,,,,
Mexico,Chedraui,Huevos,del rancho,https://www.chedraui.com.mx/huevo-rojo-del-rancho-30-piezas-3793290/p,D,recaptcha,,,,
Mexico,Chedraui,Harina de trigo,San Blas,https://www.chedraui.com.mx/harina-san-blas-trigo-500g-3775966/p,D,recaptcha,,,,
Mexico,Chedraui,Harina de trigo,Selecta,https://www.chedraui.com.mx/harina-de-trigo-selecta-1kg-3018596/p,D,recaptcha,,,,
Mexico,Chedraui,Harina de trigo,Chedraui ,https://www.chedraui.com.mx/harina-chedraui-trigo-1kg-3793489/p,D,recaptcha,,,,
Mexico,Chedraui,Harina de trigo,La Moderna,https://www.chedraui.com.mx/harina-de-trigo-la-moderna-1kg-3256831/p,D,recaptcha,,,,
Mexico,Chedraui,Harina de trigo,Sol de Oro,https://www.chedraui.com.mx/harina-de-trigo-sol-de-oro-1kg-3168625/p,D,recaptcha,,,,
Mexico,Chedraui,Papas,Chedraui ,https://www.chedraui.com.mx/papa-blanca-por-kg-3102855/p,D,recaptcha,,,,
Mexico,Chedraui,Cebollas,Chedraui ,https://www.chedraui.com.mx/cebolla-blanca-por-kg-3102851/p,D,recaptcha,,,,
Mexico,HEB,Arroz,Verde Valle,https://www.heb.com.mx/verde-valle-arroz-super-extra-900-gr-252246/p,D,recaptcha,,,,
Mexico,HEB,Arroz,HCF,https://www.heb.com.mx/hcf-arroz-super-extra-1-kg-434035/p,D,recaptcha,,,,
Mexico,HEB,Arroz,Mi tienda,https://www.heb.com.mx/mi-tienda-arroz-extra-907-gr-497025/p,D,recaptcha,,,,
Mexico,HEB,Arroz,HEB,https://www.heb.com.mx/heb-arroz-super-extra-1-kg-895435/p,D,recaptcha,,,,
Mexico,HEB,Aceite vegetal,Mi tienda,https://www.heb.com.mx/mi-tienda-aceite-comestible-vegetal-946-ml-971036/p,D,recaptcha,,,,
Mexico,HEB,Aceite vegetal,123,https://www.heb.com.mx/aceite-123-aceite-vegetal-comestible-1-l-4335/p,D,recaptcha,,,,
Mexico,HEB,Aceite vegetal,Kartamus,https://www.heb.com.mx/kartamus-aceite-vegetal-comestible-900-ml-192033/p,D,recaptcha,,,,
Mexico,HEB,Aceite vegetal,Capullo,https://www.heb.com.mx/capullo-aceite-comestible-puro-de-cartamo-750-ml-969223/p,D,recaptcha,,,,
Mexico,HEB,Leche líquida,Santa Clara,https://www.heb.com.mx/santa-clara-leche-entera-1-l-371415/p,D,recaptcha,,,,
Mexico,HEB,Leche líquida,HCF,https://www.heb.com.mx/hcf-leche-entera-1-l-561471/p,D,recaptcha,,,,
Mexico,HEB,Leche líquida,HEB,https://www.heb.com.mx/heb-sabor-tradicional-leche-entera-1-89-lt-1020752/p,D,recaptcha,,,,
Mexico,HEB,Leche líquida,Lala,https://www.heb.com.mx/lala-leche-entera-1-l-1108/p,D,recaptcha,,,,
Mexico,HEB,Leche líquida,Mootopia,https://www.heb.com.mx/heb-mootopia-leche-entera-905-gr-1017476/p,D,recaptcha,,,,
Mexico,HEB,Pan de molde,Bimbo,https://www.heb.com.mx/bimbo-pan-pan-blanco-bimbo-1-pz-781357/p,D,recaptcha,,,,
Mexico,HEB,Pan de molde,HEB,https://www.heb.com.mx/pan-de-barra-blanco-sabor-tradicional-heb-680-g-786069/p,D,recaptcha,,,,
Mexico,HEB,Pan de molde,SaraLee,https://www.heb.com.mx/sara-lee-pan-de-barra-45-calorias-delightful--425-gr-834981/p,D,recaptcha,,,,
Mexico,HEB,Azúcar,HCF,https://www.heb.com.mx/hcf-azucar-estandar-1-kg-790117/p,D,recaptcha,,,,
Mexico,HEB,Azúcar,Mi tienda,https://www.heb.com.mx/mi-tienda-azucar-blanca-estandar-750-gr-808169/p,D,recaptcha,,,,
Mexico,HEB,Azúcar,Morena,https://www.heb.com.mx/heb-azucar-morena--907-pz-755095/p,D,recaptcha,,,,
Mexico,HEB,Café molido,Nescafé,https://www.heb.com.mx/nescafe-cafe-soluble-clasico-120-gr-580154/p,D,recaptcha,,,,
Mexico,HEB,Café molido,HCF,https://www.heb.com.mx/hcf-cafe-soluble-regular-90-g-754722/p,D,recaptcha,,,,
Mexico,HEB,Café molido,Monky,https://www.heb.com.mx/cafe-monky-cafe-monky-soluble-100-gr-36362/p,D,recaptcha,,,,
Mexico,HEB,Café molido,Moretto,https://www.heb.com.mx/moretto-cafe-soluble-moretto-puro-180-gr-180-gr-867257/p,D,recaptcha,,,,
Mexico,HEB,Café molido,Vehav,https://www.heb.com.mx/cafe-cafe-oaxaca-340-gr-813996/p,D,recaptcha,,,,
Mexico,HEB,Huevos,HCF,https://www.heb.com.mx/hcf-huevo-blanco-jumbo-18-pz-202642/p,D,recaptcha,,,,
Mexico,HEB,Huevos,Mi tienda,https://www.heb.com.mx/mi-tienda-huevo-blanco-mediano-18-pz-255228/p,D,recaptcha,,,,
Mexico,HEB,Huevos,Allende,https://www.heb.com.mx/seleccionado-de-allende-huevo-blanco-12-pz-962906/p,D,recaptcha,,,,
Mexico,HEB,Huevos,San Juan,https://www.heb.com.mx/san-juan-huevo-blanco-30-pz-201132/p,D,recaptcha,,,,
Mexico,HEB,Huevos,HEB,https://www.heb.com.mx/huevo-mediano-30-pz-821862/p,D,recaptcha,,,,
Mexico,HEB,Harina de trigo,Selecta,https://www.heb.com.mx/selecta-harina-de-trigo-extra-fina-1-kg-5342/p,D,recaptcha,,,,
Mexico,HEB,Harina de trigo,HCF,https://www.heb.com.mx/hcf-harina-de-trigo-extra-fina-1-kg-86515/p,D,recaptcha,,,,
Mexico,HEB,Harina de trigo,La Perla,https://www.heb.com.mx/la-perla-harina-de-trigo-extra-fina-800-gr-539434/p,D,recaptcha,,,,
Mexico,HEB,Papas,HEB,https://www.heb.com.mx/papa-blanca-23882/p,D,recaptcha,,,,
Mexico,HEB,Cebollas,HEB,https://www.heb.com.mx/cebolla-blanca-con-cascara-234094/p,D,recaptcha,,,,
Mexico,La Comer,Arroz,Italriso,https://www.lacomer.com.mx/lacomer/#!/detarticulo/7501079310012/0/67/1///67?succId=287&succFmt=100,D,no,,"Si esta, el xhr es ",https://www.lacomer.com.mx/lacomer-api/api/v1/public/articulopasillo/detalleArticulo?artEan=7506409023112&noPagina=1&succId=287,
Mexico,La Comer,Arroz,Arroz SOS,https://www.lacomer.com.mx/lacomer/#!/detarticulo/7501372812718/0/67/1///67?succId=287&succFmt=100,D,no,,,,
Mexico,La Comer,Arroz,Verde Valle,https://www.lacomer.com.mx/lacomer/#!/detarticulo/7501071301452/0/67/1///67?succId=287&succFmt=100,D,no,,,,
Mexico,La Comer,Arroz,Schettino,https://www.lacomer.com.mx/lacomer/#!/detarticulo/7501372800913/0/67/1///67?succId=287&succFmt=100,D,no,,,,
Mexico,La Comer,Aceite vegetal,1 2 3,https://www.lacomer.com.mx/lacomer/#!/detarticulo/75002343/0/69/1///69?succId=287&succFmt=100,D,no,,,,
Mexico,La Comer,Aceite vegetal,Ke Precio,https://www.lacomer.com.mx/lacomer/#!/detarticulo/7506409023112/0/69/1///69?succId=287&succFmt=100,D,no,,,,
Mexico,La Comer,Aceite vegetal,Ave,https://www.lacomer.com.mx/lacomer/#!/detarticulo/7501039122105/0/69/1///69?succId=287&succFmt=100,D,no,,,,
Mexico,La Comer,Aceite vegetal,Golden Hills,https://www.lacomer.com.mx/lacomer/#!/detarticulo/7506409016473/0/69/1///69?succId=287&succFmt=100,D,no,,,,
Mexico,La Comer,Aceite vegetal,Cristal,https://www.lacomer.com.mx/lacomer/#!/detarticulo/7501048100163/0/69/1///69?succId=287&succFmt=100,D,no,,,,
Mexico,La Comer,Leche líquida,Lala Orgánica,https://www.lacomer.com.mx/lacomer/#!/detarticulo/7501020568066/0/63/1///63?succId=287&succFmt=100,D,no,,,,
Mexico,La Comer,Leche líquida,Alpura,https://www.lacomer.com.mx/lacomer/#!/detarticulo/7501055905034/0/27/1///27?succId=287&succFmt=100,D,no,,,,
Mexico,La Comer,Leche líquida,Lala,https://www.lacomer.com.mx/lacomer/#!/detarticulo/7501020520088/0/27/1///27?succId=287&succFmt=100,D,no,,,,
Mexico,La Comer,Leche líquida,Bové,https://www.lacomer.com.mx/lacomer/#!/detarticulo/7501639313507/0/63/1///63?succId=287&succFmt=100,D,no,,,,
Mexico,La Comer,Leche líquida,Santa Clara,https://www.lacomer.com.mx/lacomer/#!/detarticulo/7501295600126/0/27/1///27?succId=287&succFmt=100,D,no,,,,
Mexico,La Comer,Pan de molde,Bimbo,https://www.lacomer.com.mx/lacomer/#!/detarticulo/7500810029183/0/66/1///66?succId=287&succFmt=100,D,no,,,,
Mexico,La Comer,Pan de molde,Butter Krust,https://www.lacomer.com.mx/lacomer/#!/detarticulo/71955107113/0/66/1///66?succId=287&succFmt=100,D,no,,,,
Mexico,La Comer,Azúcar,Salwil,https://www.lacomer.com.mx/lacomer/#!/detarticulo/7503028194001/0/60/1///60?succId=287&succFmt=100,D,no,,,,
Mexico,La Comer,Azúcar,Ke Precio,https://www.lacomer.com.mx/lacomer/#!/detarticulo/7506409009185/0/60/1///60?succId=287&succFmt=100,D,no,,,,
Mexico,La Comer,Azúcar,Golden Hills,https://www.lacomer.com.mx/lacomer/#!/detarticulo/7506409018743/0/60/1///60?succId=287&succFmt=100,D,no,,,,
Mexico,La Comer,Café molido,Negro,https://www.lacomer.com.mx/lacomer/#!/detarticulo/633852513130/0/61/1///61?succId=287&succFmt=100,D,no,,,,
Mexico,La Comer,Café molido,Tim Hortons,https://www.lacomer.com.mx/lacomer/#!/detarticulo/63209146429/0/61/1///61?succId=287&succFmt=100,D,no,,,,
Mexico,La Comer,Café molido,Oro,https://www.lacomer.com.mx/lacomer/#!/detarticulo/7501052417493/0/61/1///61?succId=287&succFmt=100,D,no,,,,
Mexico,La Comer,Café molido,Kirkland Signature,https://www.lacomer.com.mx/lacomer/#!/detarticulo/96619229734/0/61/1///61?succId=287&succFmt=100,D,no,,,,
Mexico,La Comer,Café molido,Internacional,https://www.lacomer.com.mx/lacomer/#!/detarticulo/7501052418834/0/61/1///61?succId=287&succFmt=100,D,no,,,,
Mexico,La Comer,Huevos,El Dorado,https://www.lacomer.com.mx/lacomer/#!/detarticulo/7501101528057/0/1188/1///1188?succId=287&succFmt=100,D,no,,,,
Mexico,La Comer,Huevos,San Juan,https://www.lacomer.com.mx/lacomer/#!/detarticulo/7503000555172/0/1188/1///1188?succId=287&succFmt=100,D,no,,,,
Mexico,La Comer,Huevos,Bacocho,https://www.lacomer.com.mx/lacomer/#!/detarticulo/7501101525513/0/1188/1///1188?succId=287&succFmt=100,D,no,,,,
Mexico,La Comer,Huevos,Alvisa,https://www.lacomer.com.mx/lacomer/#!/detarticulo/7503000240122/0/1188/1///1188?succId=287&succFmt=100,D,no,,,,
Mexico,La Comer,Huevos,Gena ,https://www.lacomer.com.mx/lacomer/#!/detarticulo/7503017916034/0/1188/1///1188?succId=287&succFmt=100,D,no,,,,
Mexico,La Comer,Harina de trigo,La Moderna,https://www.lacomer.com.mx/lacomer/#!/detarticulo/7501018316006/0/67/1///67?succId=287&succFmt=100,D,no,,,,
Mexico,La Comer,Harina de trigo,San Blas,https://www.lacomer.com.mx/lacomer/#!/detarticulo/7501079338177/0/67/1///67?succId=287&succFmt=100,D,no,,,,
Mexico,La Comer,Harina de trigo,Selecta,https://www.lacomer.com.mx/lacomer/#!/detarticulo/7501404609088/0/67/1///67?succId=287&succFmt=100,D,no,,,,
Mexico,La Comer,Harina de trigo,Tia Cata,https://www.lacomer.com.mx/lacomer/#!/detarticulo/7501079334049/0/67/1///67?succId=287&succFmt=100,D,no,,,,
Mexico,La Comer,Harina de trigo,Ke Precio,https://www.lacomer.com.mx/lacomer/#!/detarticulo/7506409008027/0/67/1///67?succId=287&succFmt=100,D,no,,,,
Mexico,La Comer,Papas,La Comer,https://www.lacomer.com.mx/lacomer/#!/detarticulo/4572/0/19/1///19?succId=287&succFmt=100,D,no,,,,
Mexico,La Comer,Cebollas,La Comer,https://www.lacomer.com.mx/lacomer/#!/detarticulo/46633/0/19/1///19?succId=287&succFmt=100,D,no,,,,
Mexico,Alsuper,Arroz,Verde Valle,https://www.alsuper.com/producto/arroz-super-extra-374296,D,no,,TAMBIEN SE PUEDE ACCERDER,,https://prod.alsuperapi.com/products/374296/branch/6
Mexico,Alsuper,Arroz,Cazerola,https://www.alsuper.com/producto/arroz-379848,D,no,,,,
Mexico,Alsuper,Arroz,Mimarca,https://www.alsuper.com/producto/arroz-extra-404441,D,no,,,,
Mexico,Alsuper,Arroz,Mybrand,https://www.alsuper.com/producto/arroz-super-extra-406506,D,no,,,,
Mexico,Alsuper,Arroz,Knorr,https://www.alsuper.com/producto/arroz-instantaneo-403429,D,no,,,,
Mexico,Alsuper,Aceite vegetal,Mimarca,https://www.alsuper.com/producto/aceite-vegetal-329635,D,no,,,,
Mexico,Alsuper,Aceite vegetal,Kartamus,https://www.alsuper.com/producto/aceite-vegetal-356595,D,no,,,,
Mexico,Alsuper,Aceite vegetal,Capullo,https://www.alsuper.com/producto/aceite-vegetal-383758,D,no,,,,
Mexico,Alsuper,Aceite vegetal,Ave,https://www.alsuper.com/producto/aceite-vegetal-449166,D,no,,,,
Mexico,Alsuper,Aceite vegetal,1 2 3,https://www.alsuper.com/producto/aceite-vegetal-comestible-472840,D,no,,,,
Mexico,Alsuper,Leche líquida,Mybrand ,https://www.alsuper.com/producto/leche-entera-uht-451075,D,no,,,,
Mexico,Alsuper,Leche líquida,Zaragosa,https://www.alsuper.com/producto/leche-uht-entera-premium-424114,D,no,,,,
Mexico,Alsuper,Leche líquida,Santa Clara,https://www.alsuper.com/producto/leche-uht-entera-396619,D,no,,,,
Mexico,Alsuper,Leche líquida,Borden,https://www.alsuper.com/producto/leche-uht-entera-426702,D,no,,,,
Mexico,Alsuper,Leche líquida,Lala Orgánica,https://www.alsuper.com/producto/leche-entera-uht-467449,D,no,,,,
Mexico,Alsuper,Pan de molde,Mybrand,https://www.alsuper.com/producto/%28t%29pan-blanco-361791,D,no,,,,
Mexico,Alsuper,Pan de molde, Perfect Crafted Nature'S Own,https://www.alsuper.com/producto/%28t%29pan-blanco-perfect-crafted-435449,D,no,,,,
Mexico,Alsuper,Pan de molde,Bimbo,https://www.alsuper.com/producto/pan-blanco--paquete-495977,D,no,,,,
Mexico,Alsuper,Azúcar,Mimarca,https://www.alsuper.com/producto/azucar-estandar-363113,D,no,,,,
Mexico,Alsuper,Azúcar,Aires de Campo,https://www.alsuper.com/producto/azucar-organica-365405,D,no,,,,
Mexico,Alsuper,Azúcar,Zulka,https://www.alsuper.com/producto/azucar-refinada-404071,D,no,,,,
Mexico,Alsuper,Café molido,El marino,https://www.alsuper.com/producto/cafe-soluble-mezclado-con-azucar-135296,D,no,,,,
Mexico,Alsuper,Café molido,Oro,https://www.alsuper.com/producto/cafe-soluble-337987,D,no,,,,
Mexico,Alsuper,Café molido,Nescafé,https://www.alsuper.com/producto/cafe-soluble-351220,D,no,,,,
Mexico,Alsuper,Café molido,Folgers,https://www.alsuper.com/producto/cafe--instantaneo-.-37629,D,no,,,,
Mexico,Alsuper,Café molido,Combate,https://www.alsuper.com/producto/cafe-tostado-y-molido-402366,D,no,,,,
Mexico,Alsuper,Huevos,Bacocho,https://www.alsuper.com/producto/huevo-blanco-con-30-653,D,no,,,,
Mexico,Alsuper,Huevos,Huevissimo,https://www.alsuper.com/producto/huevo-blanco-con-30-467225,D,no,,,,
Mexico,Alsuper,Huevos,Huizache,https://www.alsuper.com/producto/huevo-blanco-con-30-394553,D,no,,,,
Mexico,Alsuper,Huevos,Mybrand,https://www.alsuper.com/producto/huevo-blanco-con-30-410581,D,no,,,,
Mexico,Alsuper,Huevos,San Juan,https://www.alsuper.com/producto/huevo-blanco-con-30-323673,D,no,,,,
Mexico,Alsuper,Harina de trigo,Pasta Fresca,https://www.alsuper.com/producto/harina-de-trigo-pasta-fresca-411665,D,no,,,,
Mexico,Alsuper,Harina de trigo,El Globo,https://www.alsuper.com/producto/%28t%29harina-fina-de-trigo-5131735,D,no,,,,
Mexico,Alsuper,Harina de trigo,Bob's Red Mill,https://www.alsuper.com/producto/harina-de-trigo-440582,D,no,,,,
Mexico,Alsuper,Harina de trigo,Mimarca,https://www.alsuper.com/producto/harina-de-trigo-438821,D,no,,,,
Mexico,Alsuper,Harina de trigo,Selecta,https://www.alsuper.com/producto/harina-de-trigo-323310,D,no,,,,
Mexico,Alsuper,Papas,Alsuper,https://www.alsuper.com/producto/papa-cambray-47,D,no,,,,
Mexico,Alsuper,Cebollas,Alsuper,https://www.alsuper.com/producto/cebolla-blanca-924,D,no,,,,
Mexico,Bodega Aurrera,Arroz,Italriso,https://despensa.bodegaaurrera.com.mx/ip/arroz-italriso-super-extra-900-g/00750107931001,D,no,,TAMBIEN SE PUEDE PERO SALEN TODOS LOS PRECIOS DE TODAS LAS TIENDAS QUE EXISTEN POR CIUDAD,https://beacon.despensa.bodegaaurrera.com.mx/rum.gif,
Mexico,Bodega Aurrera,Arroz,Arroz SOS,https://despensa.bodegaaurrera.com.mx/ip/arroz-sos-grano-largo-uruguayo-1-kg/00750137281256,D,no,,,,
Mexico,Bodega Aurrera,Arroz,Schettino,https://despensa.bodegaaurrera.com.mx/ip/arroz-schettino-super-extra-907-g/00750137281167,D,no,,,,
Mexico,Bodega Aurrera,Arroz,La Merced,https://despensa.bodegaaurrera.com.mx/ip/arroz-la-merced-super-extra-907-g/00750104720340,D,no,,,,
Mexico,Bodega Aurrera,Arroz,Aurrera,https://despensa.bodegaaurrera.com.mx/ip/arroz-aurrera-super-extra-900-g/00750179163862,D,no,,,,
Mexico,Bodega Aurrera,Aceite vegetal,Aurrera,https://despensa.bodegaaurrera.com.mx/ip/aceite-aurrera-puro-de-soya-800-ml/00750649501087?from=/search,D,no,,,,
Mexico,Bodega Aurrera,Aceite vegetal,1 2 3,https://despensa.bodegaaurrera.com.mx/ip/aceite-vegetal-123-1-l/00000007500234?from=/search,D,no,,,,
Mexico,Bodega Aurrera,Aceite vegetal,Capullo,https://despensa.bodegaaurrera.com.mx/ip/aceite-puro-de-canola-capullo-750-ml/00750222377259?from=/search,D,no,,,,
Mexico,Bodega Aurrera,Aceite vegetal,Gran Tradición,https://despensa.bodegaaurrera.com.mx/ip/aceite-vegetal-gran-tradicion-850-ml/00750103912389?from=/search,D,no,,,,
Mexico,Bodega Aurrera,Aceite vegetal,Great Value,https://despensa.bodegaaurrera.com.mx/ip/aceite-great-value-puro-de-canola-946-ml/00750179160986?from=/search,D,no,,,,
Mexico,Bodega Aurrera,Leche líquida,Santa Clara,https://despensa.bodegaaurrera.com.mx/ip/leche-santa-clara-entera-1-5-l/00750105537546?from=/search,D,no,,,,
Mexico,Bodega Aurrera,Leche líquida,Nutri,https://despensa.bodegaaurrera.com.mx/ip/producto-lacteo-combinado-nutri-entera-1-5-l/00750102054521?from=/search,D,no,,,,
Mexico,Bodega Aurrera,Leche líquida,Alpura,https://despensa.bodegaaurrera.com.mx/ip/leche-alpura-selecta-entera-1-l/00750105590503?from=/search,D,no,,,,
Mexico,Bodega Aurrera,Leche líquida,Lala,https://despensa.bodegaaurrera.com.mx/ip/leche-fresca-lala-entera-1-l/00750102052606?from=/search,D,no,,,,
Mexico,Bodega Aurrera,Leche líquida,San Marcos,https://despensa.bodegaaurrera.com.mx/ip/leche-san-marcos-entera-ultrapasteurizada-1-l/00750115841447?from=/search,D,no,,,,
Mexico,Bodega Aurrera,Pan de molde,Bimbo,https://despensa.bodegaaurrera.com.mx/ip/pan-bimbo-blanco-620-g/00750081002918?from=/search,D,no,,,,
Mexico,Bodega Aurrera,Azúcar,Aurrera,https://despensa.bodegaaurrera.com.mx/ip/azucar-estandar-aurrera-900-g/00750649504573?from=/search,D,no,,,,
Mexico,Bodega Aurrera,Azúcar,Great Value,https://despensa.bodegaaurrera.com.mx/ip/azucar-great-value-refinada-2-kg/00750179162335?from=/search,D,no,,,,
Mexico,Bodega Aurrera,Café molido,Nescafé	,https://despensa.bodegaaurrera.com.mx/ip/cafe-soluble-nescafe-clasico-400-g/00750105862020?from=/search,D,no,,,,
Mexico,Bodega Aurrera,Café molido,Aurrera,https://despensa.bodegaaurrera.com.mx/ip/cafe-soluble-aurrera-100-puro-200-g/00750179162349?from=/search,D,no,,,,
Mexico,Bodega Aurrera,Café molido,Garat,https://despensa.bodegaaurrera.com.mx/ip/cafe-garat-molido-americano-454-g/00750105241901?from=/search,D,no,,,,
Mexico,Bodega Aurrera,Café molido,Oro,https://despensa.bodegaaurrera.com.mx/ip/cafe-soluble-oro-200-g/00750105241760?from=/search,D,no,,,,
Mexico,Bodega Aurrera,Café molido,Great Value,https://despensa.bodegaaurrera.com.mx/ip/cafe-soluble-great-value-colombiano-gourmet-100-g/00750179160068?from=/search,D,no,,,,
Mexico,Bodega Aurrera,Huevos,Tehuacán,https://despensa.bodegaaurrera.com.mx/ip/huevo-blanco-tehuacan-30-pzas/00750300024003?from=/search,D,no,,,,
Mexico,Bodega Aurrera,Huevos,Bacocho,https://despensa.bodegaaurrera.com.mx/ip/huevo-blanco-bachoco-fresco-30-pzas/00750110152551?from=/search,D,no,,,,
Mexico,Bodega Aurrera,Huevos,Dorado,https://despensa.bodegaaurrera.com.mx/ip/huevo-blanco-dorado-30-pzas/00750110152805?from=/search,D,no,,,,
Mexico,Bodega Aurrera,Harina de trigo,San Blas,https://despensa.bodegaaurrera.com.mx/ip/harina-de-trigo-san-blas-1-kg/00750107933401?from=/search,D,no,,,,
Mexico,Bodega Aurrera,Harina de trigo,Tres Estrellas,https://despensa.bodegaaurrera.com.mx/ip/harina-de-trigo-tres-estrellas-san-antonio-extra-fina-1-kg/00750106921003?from=/search,D,no,,,,
Mexico,Bodega Aurrera,Harina de trigo,Selecta,https://despensa.bodegaaurrera.com.mx/ip/harina-de-trigo-selecta-1-kg/00750140460311?from=/search,D,no,,,,
Mexico,Bodega Aurrera,Harina de trigo,Great Value,https://despensa.bodegaaurrera.com.mx/ip/harina-de-trigo-great-value-1-kg/00750179164405?from=/search,D,no,,,,
Mexico,Bodega Aurrera,Papas,Aurrera,https://despensa.bodegaaurrera.com.mx/ip/papa-blanca-alfa-por-kilo/00000000004083?from=/search,D,no,,,,
Mexico,Bodega Aurrera,Cebollas,Aurrera,https://despensa.bodegaaurrera.com.mx/ip/cebolla-blanca-por-kilo/00000000004663?from=/search,D,no,,,,
Brasil,Carrefour,Arroz,Camil,https://mercado.carrefour.com.br/arroz-branco-longofino-tipo-1-camil-todo-dia-5kg-115789/p,D,no,,,,
Brasil,Carrefour,Arroz,Solito,https://mercado.carrefour.com.br/arroz-solito-tipo-1-5kg-962740/p,D,no,,NO SE SABE SI SE PUEDE AUN,,
Brasil,Carrefour,Arroz,Tio João,https://mercado.carrefour.com.br/arroz-branco-longofino-tipo-1-tio-joao-2kg-115657/p,D,no,,,,
Brasil,Carrefour,Arroz,Bom no Prato,https://mercado.carrefour.com.br/arroz-bom-no-prato-5-kg-branco-tipo-1-6574050/p,D,no,,,,
Brasil,Carrefour,Arroz,Carrefour,https://mercado.carrefour.com.br/arroz-branco-longofino-tipo-1-graos-selecionados-carrefour-5kg-239887/p,D,no,,,,
Brasil,Carrefour,Cafe,L'Or,https://mercado.carrefour.com.br/cafe-soluvel-lor-intense-40g-3102343/p,D,no,,,,
Brasil,Carrefour,Cafe,Starbucks,https://mercado.carrefour.com.br/cafe-starbucks-pike-place-roast-torrado-e-moido-250g-5688450/p,D,no,,,,
Brasil,Carrefour,Cafe,Melitta,https://mercado.carrefour.com.br/cafe-melitta-soluvel-extra-forte-sache-com-40g-5370280/p,D,no,,,,
Brasil,Carrefour,Cafe,Cafe do ponto,https://mercado.carrefour.com.br/cafe-torrado-e-moido-do-ponto-tradicional-vacuo-500-g-4416066/p,D,no,,,,
Brasil,Carrefour,Cafe,Carrefour,https://mercado.carrefour.com.br/cafe-soluvel-tradicional-carrefour-sc-50g-6459153/p,D,no,,,,
Brasil,Carrefour,Pan de molde ,Panco,https://mercado.carrefour.com.br/pao-de-forma-panco-premium-500g-241970/p,D,no,,,,
Brasil,Carrefour,Pan de molde ,Wickbold,https://mercado.carrefour.com.br/pao-de-forma-wickbold-5-zeros-viva-integralmente-400g-3148211/p,D,no,,,,
Brasil,Carrefour,Pan de molde ,pullman,https://mercado.carrefour.com.br/pao-de-forma-sem-casca-pullman-450g-9767312/p,D,no,,,,
Brasil,Carrefour,Pan de molde ,Nutrella,https://mercado.carrefour.com.br/pao-integral-nutrella-450g-9498370/p,D,no,,,,
Brasil,Carrefour,Pan de molde ,Seven Boys,https://mercado.carrefour.com.br/pao-de-forma-seven-boys-450g-1109740/p,D,no,,,,
Brasil,Carrefour,refrescos de cola ,Coca-cola,https://mercado.carrefour.com.br/refrigerante-cocacola-garrafa-2-l-5761719/p,D,no,,,,
Brasil,Carrefour,refrescos de cola ,guarana antartica,https://mercado.carrefour.com.br/refrigerante-guarana-antarctica-sem-acucar-garrafa-2l-156205/p,D,no,,,,
Brasil,Carrefour,refrescos de cola ,pepsi,https://mercado.carrefour.com.br/refrigerante-pepsi-black-garrafa-2l-9767339/p,D,no,,,,
Brasil,Carrefour,refrescos de cola ,Kuat,https://mercado.carrefour.com.br/refrigerante-kuat-guarana-2l-673846/p,D,no,,,,
Brasil,Carrefour,refrescos de cola ,Fanta,https://mercado.carrefour.com.br/refrigerante-fanta-laranja-2l-157201/p,D,no,,,,
Brasil,Carrefour,Pasta seca ,Camp Oro,https://mercado.carrefour.com.br/macarrao-talharim-camp-oro-grano-duro-500g-9930876/p,D,no,,,,
Brasil,Carrefour,Pasta seca ,Barilla,https://mercado.carrefour.com.br/macarrao-espaguete-n8-com-ovos-barilla-500g-9289240/p,D,no,,,,
Brasil,Carrefour,Pasta seca ,Adria,https://mercado.carrefour.com.br/macarrao-de-semola-com-ovos-fidelinho-10-adria-500g-4235606/p,D,no,,,,
Brasil,Carrefour,Pasta seca ,Massa Leve,https://mercado.carrefour.com.br/macarrao-talharim-massa-fresca-leve-500g-366366/p,D,no,,,,
Brasil,Carrefour,Pasta seca ,Tivva,https://mercado.carrefour.com.br/massa-de-milho-fusilli-sem-gluten-quinoa-6282571/p,D,no,,,,
Brasil,Carrefour,Leche liquida ,Italac,https://mercado.carrefour.com.br/leite-integral-uht-italac-1-litro-8819505/p,D,no,,,,
Brasil,Carrefour,Leche liquida ,Parmalat,https://mercado.carrefour.com.br/leite-zero-lactose-semidesnatado-parmalat-zymil-1l-5633672/p,D,no,,,,
Brasil,Carrefour,Leche liquida ,Lider,https://mercado.carrefour.com.br/leite-integral-lider-1-l-8150516/p,D,no,,,,
Brasil,Carrefour,Leche liquida ,Itambé,https://mercado.carrefour.com.br/leite-uht-integral-itambe-caixa-com-tampa-1-l-115517/p,D,no,,,,
Brasil,Carrefour,Leche liquida ,Nestlé,https://mercado.carrefour.com.br/leite-integral-uht-ninho-fortificado-1l-6289258/p,D,no,,,,
Brasil,Carrefour,cerveza,Heineken,https://mercado.carrefour.com.br/cerveja-heineken-garrafa-600ml-7941234/p,D,no,,,,
Brasil,Carrefour,cerveza,Stella Artois,https://mercado.carrefour.com.br/cerveja-lager-premium-puro-malte-stella-artois-330ml-6242740/p,D,no,,,,
Brasil,Carrefour,cerveza,Brahma,https://mercado.carrefour.com.br/cerveja-brahma-duplo-malte-puro-malte-350ml-lata-6643426/p,D,no,,,,
Brasil,Carrefour,cerveza,Spaten,https://mercado.carrefour.com.br/cerveja-munich-helles-puro-malte-spaten-garrafa-330ml-3486176/p,D,no,,,,
Brasil,Carrefour,cerveza,Budweiser,https://mercado.carrefour.com.br/cerveja-budweiser-american-lager-330ml-long-neck-5513286/p,D,no,,,,
Brasil,Carrefour,Pollo entero ,Seara,https://mercado.carrefour.com.br/frango-inteiro-congelado-temperado-seara-frango-de-padaria-aproximadamente-14-kg-275689/p,D,no,,,,
Brasil,Carrefour,Pollo entero ,Perdigão,https://mercado.carrefour.com.br/file-de-peito-de-frango-congelado-sem-osso-perdigao-1kg-sassami-655007/p,D,no,,,,
Brasil,Carrefour,Pollo entero ,Sadia,https://mercado.carrefour.com.br/file-de-frango-peito-congelado-sem-osso-sadia-1kg-7087942/p,D,no,,,,
Brasil,Carrefour,Pollo entero ,Korin,https://mercado.carrefour.com.br/file-de-peito-de-frango-congelado-korin-boa-pedida-700g-3170586/p,D,no,,,,
Brasil,Carrefour,Pollo entero ,Lar,https://mercado.carrefour.com.br/coxinha-da-asa-de-frango-iqf-lar-700g-3438902/p,D,no,,,,
Brasil,Carrefour,Azúcar,União,https://mercado.carrefour.com.br/acucar-refinado-uniao-1kg-197564/p,D,no,,,,
Brasil,Carrefour,Azúcar,Native,https://mercado.carrefour.com.br/acucar-cristal-organico-native-1kg-2176556/p,D,no,,,,
Brasil,Carrefour,Azúcar,Caravelas,https://mercado.carrefour.com.br/acucar-cristal-caravelas-2kg/p,D,no,,,,
Brasil,Carrefour,Azúcar,Carrefour,https://mercado.carrefour.com.br/acucar-refinado-carrefour-1kg-5699614/p,D,no,,,,
Brasil,Carrefour,Azúcar,Itaja,https://mercado.carrefour.com.br/acucar-cristal-organico-itaja-500g-8623848/p,D,no,,,,
Brasil,Carrefour,Frijoles,Camil,https://mercado.carrefour.com.br/feijao-preto-tipo-1-camil-todo-dia-1-kg-875716/p,D,no,,,,
Brasil,Carrefour,Frijoles,Kicaldo,https://mercado.carrefour.com.br/feijao-preto-tipo-1-kicaldo-1kg-8160708/p,D,no,,,,
Brasil,Carrefour,Frijoles,Carrefour classic,https://mercado.carrefour.com.br/feijao-preto-carrefour-1-kg-5668255/p,D,no,,,,
Brasil,Carrefour,Frijoles,Solito,https://mercado.carrefour.com.br/feijao-solito-preto-tipo-1kg-9772561/p,D,no,,,,
Brasil,Carrefour,Frijoles,Fantastico,https://mercado.carrefour.com.br/feijao-preto-tipo-1-fantastico-1-kg-4790146/p,D,no,,,,
Brasil,Pao de Açúcar,Arroz,Tio João,https://www.paodeacucar.com/produto/31117/arroz-agulhinha-tipo-1-tio-joao-pacote-1kg,D,no,,tambien se puede: se encuentra en,https://api.vendas.gpa.digital/pa/v4/products/ecom/31117/bestPrices?storeId=461&sellType=&isClienteMais=true ,
Brasil,Pao de Açúcar,Arroz,Camil,https://www.paodeacucar.com/produto/99080/arroz-agulhinha-tipo-1-camil-pacote-1kg,D,no,,,,
Brasil,Pao de Açúcar,Arroz,Solito,https://www.paodeacucar.com/produto/201984/arroz-branco-tipo-1-solito-pacote-5kg,D,no,,,,
Brasil,Pao de Açúcar,Arroz,Momuji,https://www.paodeacucar.com/produto/36891/arroz-culinaria-oriental-tipo-1-momiji-pacote-1kg,D,no,,,,
Brasil,Pao de Açúcar,Arroz,Qualitá,https://www.paodeacucar.com/produto/107050/arroz-branco-tipo-1-qualita-pacote-5kg,D,no,,,,
Brasil,Pao de Açúcar,Cafe,Caboclo,https://www.paodeacucar.com/produto/90263/cafe-torrado-e-moido-a-vacuo-tradicional-caboclo-pacote-500g,D,no,,,,
Brasil,Pao de Açúcar,Cafe,Melitta,https://www.paodeacucar.com/produto/37565/cafe-torrado-e-moido-tradicional-melitta-caixa-500g,D,no,,,,
Brasil,Pao de Açúcar,Cafe,Café do ponto,https://www.paodeacucar.com/produto/38480/cafe-torrado-e-moido-a-vacuo-tradicional-cafe-do-ponto-pacote-500g,D,no,,,,
Brasil,Pao de Açúcar,Cafe,Pilao,https://www.paodeacucar.com/produto/90515/cafe-torrado-e-moido-a-vacuo-tradicional-pilao-pacote-500g,D,no,,,,
Brasil,Pao de Açúcar,Cafe,L´Or,https://www.paodeacucar.com/produto/596302/cafe-torrado-e-moido-delicado-lor-torras-gourmet-sache-250g,D,no,,,,
Brasil,Pao de Açúcar,Pan de molde ,Pullman,https://www.paodeacucar.com/produto/1944/pao-de-forma-tradicional-pullman-480g,D,no,,,,
Brasil,Pao de Açúcar,Pan de molde ,Panco,https://www.paodeacucar.com/produto/144583/pao-de-forma-panco-premium-pacote-500g,D,no,,,,
Brasil,Pao de Açúcar,Pan de molde ,Seven Boys,https://www.paodeacucar.com/produto/13253/pao-de-forma-seven-boys-pacote-450g,D,no,,,,
Brasil,Pao de Açúcar,Pan de molde ,Wickbold,https://www.paodeacucar.com/produto/431765/pao-de-forma-wickbold-do-forno-100-nutricao-pacote-500g,D,no,,,,
Brasil,Pao de Açúcar,Pan de molde ,Qualitá,https://www.paodeacucar.com/produto/1627191/pao-de-forma-tradicional-qualita-pacote-400g,D,no,,,,
Brasil,Pao de Açúcar,refrescos de cola ,Coca cola,"https://www.paodeacucar.com/produto/13204/refrigerante-coca-cola-original-garrafa-1,5l",D,no,,,,
Brasil,Pao de Açúcar,Refrescos de cola ,Fanta,https://www.paodeacucar.com/produto/106062/refrigerante-laranja-fanta-garrafa-600ml,D,no,,,,
Brasil,Pao de Açúcar,Refrescos de cola ,Schweppes,"https://www.paodeacucar.com/produto/444513/refrigerante-citrus-original-schweppes-garrafa-1,5l",D,no,,,,
Brasil,Pao de Açúcar,Refrescos de cola ,Sprite,"https://www.paodeacucar.com/produto/444513/refrigerante-citrus-original-schweppes-garrafa-1,5l",D,no,,,,
Brasil,Pao de Açúcar,Refrescos de cola ,Del Valle,"https://www.paodeacucar.com/produto/306340/bebida-mista-sabor-citrus-punch-del-valle-frut-garrafa-1,5-litros",D,no,,,,
Brasil,Pao de Açúcar,Pasta seca , Barrilla,https://www.paodeacucar.com/produto/279929/macarrao-com-ovos-parafuso-barilla-pacote-500g,D,no,,,,
Brasil,Pao de Açúcar,Pasta seca ,Adria,https://www.paodeacucar.com/produto/111323/macarrao-adria-com-ovos-parafuso-500g,D,no,,,,
Brasil,Pao de Açúcar,Pasta seca ,Petybon,https://www.paodeacucar.com/produto/147299/macarrao-com-ovos-parafuso-petybon-pacote-500g,D,no,,,,
Brasil,Pao de Açúcar,Pasta seca ,Urbano,https://www.paodeacucar.com/produto/147299/macarrao-com-ovos-parafuso-petybon-pacote-500g,D,no,,,,
Brasil,Pao de Açúcar,Pasta seca ,Renata,https://www.paodeacucar.com/produto/105098/macarrao-de-semola-com-ovos-parafuso-renata-pacote-500g,D,no,,,,
Brasil,Pao de Açúcar,Leche liquida ,Qualitá,https://www.paodeacucar.com/produto/145673/leite-longa-vida-semidesnatado-qualita-1-litro,D,no,,,,
Brasil,Pao de Açúcar,Leche liquida ,Molico,https://www.paodeacucar.com/produto/463524/leite-desnatado-molico-1l,D,no,,,,
Brasil,Pao de Açúcar,Leche liquida ,Italac,https://www.paodeacucar.com/produto/176191/leite-longa-vida-integral--italac-1-litro,D,no,,,,
Brasil,Pao de Açúcar,Leche liquida ,Ninho,https://www.paodeacucar.com/produto/463527/leite-ninho-integral-1l,D,no,,,,
Brasil,Pao de Açúcar,Leche liquida ,Jussara,https://www.paodeacucar.com/produto/472792/leite-uht-desnatado-jussara-edge-1-litro,D,no,,,,
Brasil,Pao de Açúcar,Cerveza,Heineken,https://www.paodeacucar.com/produto/1606865/cerveja-lager-heineken-lata-350ml,D,no,,,,
Brasil,Pao de Açúcar,Cerveza,Corona,https://www.paodeacucar.com/produto/456783/cerveja-pilsen-corona-garrafa-330ml,D,no,,,,
Brasil,Pao de Açúcar,Cerveza,Amstel,https://www.paodeacucar.com/produto/339944/cerveja-lager-puro-malte-amstel-lata-269ml,D,no,,,,
Brasil,Pao de Açúcar,Cerveza,Michelob,https://www.paodeacucar.com/produto/1107472/cerveja-superior-light-michelob-ultra-lata-350ml,D,no,,,,
Brasil,Pao de Açúcar,Cerveza,Brahma,https://www.paodeacucar.com/produto/44486/cerveja-malzbier-brahma-lata-350ml,D,no,,,,
Brasil,Pao de Açúcar,Pollo entero ,Sadia,https://www.paodeacucar.com/produto/22301/file-de-peito-de-frango-congelado-sadia-1kg,D,no,,,,
Brasil,Pao de Açúcar,Pollo entero ,Swift,https://www.paodeacucar.com/produto/708594/sobrecoxas-temperadas-ja-pro-forno-swift-800g,D,no,,,,
Brasil,Pao de Açúcar,Pollo entero ,Korin,"https://www.paodeacucar.com/produto/1623624/frango-resfriado-korin-boa-pedida-1,2kg",D,no,,,,
Brasil,Pao de Açúcar,Pollo entero ,Copacol,https://www.paodeacucar.com/produto/321079/filezinho-de-frango-empanado-congelado-copacol-700g,D,no,,,,
Brasil,Pao de Açúcar,Pollo entero ,Seara,https://www.paodeacucar.com/produto/461058/file-de-coxa-e-sobrecoxa-seara-organico-iqf-600g,D,no,,,,
Brasil,Pao de Açúcar,Azúcar,União,https://www.paodeacucar.com/produto/74215/acucar-refinado-uniao-pacote-1kg,D,no,,,,
Brasil,Pao de Açúcar,Azúcar,Caravelas,https://www.paodeacucar.com/produto/61474/acucar-refinado-caravelas-pacote-1kg,D,no,,,,
Brasil,Pao de Açúcar,Azúcar,Barra,https://www.paodeacucar.com/produto/10669/acucar-refinado-da-barra-pacote-1kg,D,no,,,,
Brasil,Pao de Açúcar,Azúcar,Native,https://www.paodeacucar.com/produto/166661/acucar-claro-organico-native-pacote-1kg,D,no,,,,
Brasil,Pao de Açúcar,Azúcar,Taeq,https://www.paodeacucar.com/produto/602691/acucar-demerara-organico-taeq-pacote-1kg,D,no,,,,
Brasil,Pao de Açúcar,Frijoles,Camil,https://www.paodeacucar.com/produto/116902/feijao-rajado-camil-pacote-500g,D,no,,,,
Brasil,Pao de Açúcar,Frijoles,Urbano,https://www.paodeacucar.com/produto/685064/feijao-vermelho-urbano-500g,D,no,,,,
Brasil,Pao de Açúcar,Frijoles,Broto legal,https://www.paodeacucar.com/produto/115217/feijao-carioca-broto-legal-pacote-1kg,D,no,,,,
Brasil,Pao de Açúcar,Frijoles,Maximo,https://www.paodeacucar.com/produto/159452/feijao-carioca-tipo-1-sabor-maximo-pacote-1kg,D,no,,,,
Brasil,Pao de Açúcar,Frijoles,Vapza,https://www.paodeacucar.com/produto/323829/feijao-carioca-organico-cozido-no-vapor-vapza-caixa-250g,D,no,,,,
Brasil,Oba Hortifruti,Arroz,OBA BEM QUERER,https://www.obahortifruti.com.br/arroz-branco-oba-bem-querer-1-kg-100008787/p,D,recaptcha,,"TAMBIEN SE PUEDE, EL ENCABEZADO ES:",https://rc.vtex.com/v8 NO SE SABE LA URL TODAVIA,
Brasil,Oba Hortifruti,Arroz,Prato Fino,https://www.obahortifruti.com.br/arroz-tipo-1-prato-fino-2-kg-3652/p,D,recaptcha,,,,
Brasil,Oba Hortifruti,Arroz,Camil,https://www.obahortifruti.com.br/arroz-camil-1-kg-100004793/p,D,recaptcha,,,,
Brasil,Oba Hortifruti,Cafe,3 Corações,https://www.obahortifruti.com.br/cafe-torrado-e-moido-gourmet-mogiana-3-coracoes-250-g-100000683/p,D,recaptcha,,,,
Brasil,Oba Hortifruti,Cafe,coffe++,https://www.obahortifruti.com.br/cafe-coffee-mais-intenso-graos-tor-250g-100010354/p,D,recaptcha,,,,
Brasil,Oba Hortifruti,Cafe,Cafe Da Montanha,https://www.obahortifruti.com.br/cafe-selecoes-da-montanha-500-g-3184/p,D,recaptcha,,,,
Brasil,Oba Hortifruti,Cafe,Cafe Orfeu,https://www.obahortifruti.com.br/cafe-torrado-e-moido-sache-drip-coffee-classico-cafe-orfeu-com-10-unidades-100002902/p,D,recaptcha,,,,
Brasil,Oba Hortifruti,Pan de molde ,Wickbold,https://www.obahortifruti.com.br/pao-forma-5-zeros-fonte-fibras-wickbold-400g-100007031/p,D,recaptcha,,,,
Brasil,Oba Hortifruti,Pan de molde ,Dr Schar,https://www.obahortifruti.com.br/pao-de-forma-sem-gluten-e-sem-lactose-multigraos-schar-200-g-100001937/p,D,recaptcha,,,,
Brasil,Oba Hortifruti,Pan de molde ,Produto Oba Bem Querer,https://www.obahortifruti.com.br/pao-de-forma-multigraos-com-fermentacao-natural-oba-bem-querer-400-g-100008541/p,D,recaptcha,,,,
Brasil,Oba Hortifruti,Pan de molde ,Panco,https://www.obahortifruti.com.br/pao-de-forma-premium-panco-500-g-5190/p,D,recaptcha,,,,
Brasil,Oba Hortifruti,Pan de molde ,Belive,https://www.obahortifruti.com.br/pao-de-forma-multigraos-com-castanha-do-para-sem-gluten-belive-400-g-100007764/p,D,recaptcha,,,,
Brasil,Oba Hortifruti,Refrescos de cola ,Coca-cola,https://www.obahortifruti.com.br/refrigerante-coca-cola-zero-350-ml-21896-11092/p,D,recaptcha,,,,
Brasil,Oba Hortifruti,Refrescos de cola ,Pepsi ,https://www.obahortifruti.com.br/refrigerante-pepsi-black-zero-2-l-100007007/p,D,recaptcha,,,,
Brasil,Oba Hortifruti,Refrescos de cola ,Wewi,https://www.obahortifruti.com.br/refrigerante-de-cola-organico-wewi--255-ml-10295/p,D,recaptcha,,,,
Brasil,Oba Hortifruti,Pasta seca ,De Cecco,https://www.obahortifruti.com.br/massa-italiana-spaghetti-semola-de-cecco-500-g-3555/p,D,recaptcha,,,,
Brasil,Oba Hortifruti,Pasta seca ,Garofalo,https://www.obahortifruti.com.br/macarrao-italiano-spaghetti-sem-gluten-garofalo-400-g-4843/p,D,recaptcha,,,,
Brasil,Oba Hortifruti,Pasta seca ,Campofilone,https://www.obahortifruti.com.br/macarrao-italiano-spaghetti-la-campofilone-500-g-1478/p,D,recaptcha,,,,
Brasil,Oba Hortifruti,Pasta seca ,La Molisana,https://www.obahortifruti.com.br/massa-italiana-integral-spaghetti-la-molisana-500-g-2173/p,D,recaptcha,,,,
Brasil,Oba Hortifruti,Leche liquida ,Piracanjuba,https://www.obahortifruti.com.br/leite-zero-lactose-zero-piracanjuba-1-l-3612/p,D,recaptcha,,,,
Brasil,Oba Hortifruti,Leche liquida ,Nestle,https://www.obahortifruti.com.br/leite-zero-lactose-molico-1-l-100001538/p,D,recaptcha,,,,
Brasil,Oba Hortifruti,Leche liquida ,Xando,https://www.obahortifruti.com.br/leite-zero-lactose-xando-1l-6528/p,D,recaptcha,,,,
Brasil,Oba Hortifruti,Leche liquida ,Produto Oba Bem Querer,https://www.obahortifruti.com.br/leite-semidesnatado-zero-lactose-oba-bem-querer-1-l-100008894/p,D,recaptcha,,,,
Brasil,Oba Hortifruti,Leche liquida ,Leitissimo,https://www.obahortifruti.com.br/leite-integral-leitissimo-1-litro-2784/p,D,recaptcha,,,,
Brasil,Oba Hortifruti,Cerveza,Praya,https://www.obahortifruti.com.br/cerveja-praya-witbier-600ml-1798/p,D,recaptcha,,,,
Brasil,Oba Hortifruti,Cerveza,Stella Artois,https://www.obahortifruti.com.br/cerveja-pure-gold-long-neck-stella-artois-sem-gluten-330-ml-100008859/p,D,recaptcha,,,,
Brasil,Oba Hortifruti,Cerveza,Amstel,https://www.obahortifruti.com.br/cerveja-lager-puro-malte-sem-gluten-amstel-ultra-275-ml-5519/p,D,recaptcha,,,,
Brasil,Oba Hortifruti,Cerveza,Dama Bier,https://www.obahortifruti.com.br/cerveja-nacional-dama-bier-weiss-600-ml-1263/p,D,recaptcha,,,,
Brasil,Oba Hortifruti,Cerveza,Original,https://www.obahortifruti.com.br/cerveja-original-350-ml-10279/p,D,recaptcha,,,,
Brasil,Oba Hortifruti,Pollo entero ,Aurora,https://www.obahortifruti.com.br/filezinho-de-frango-sassami-kg-100001582/p,D,recaptcha,,,,
Brasil,Oba Hortifruti,Pollo entero ,OBA ,https://www.obahortifruti.com.br/meio-da-asa-frango-temperada-selec-dia-a-dia-750-g-100010072/p,D,recaptcha,,,,
Brasil,Oba Hortifruti,Pollo entero ,Sadia ,https://www.obahortifruti.com.br/nuggets-de-frango-tradicional-sadia-300g-100004751/p,D,recaptcha,,,,
Brasil,Oba Hortifruti,Pollo entero ,Produto Selecao Dia A Dia,https://www.obahortifruti.com.br/coxa-com-sobrecoxa-sem-osso-frango-temperado-selecao-dia-a-dia-atm-750-g-100009313/p,D,recaptcha,,,,
Brasil,Oba Hortifruti,Azúcar,Uniao,https://www.obahortifruti.com.br/acucar-refinado-especial-uniao-1kg-10598/p,D,recaptcha,,,,
Brasil,Oba Hortifruti,Azúcar,Native,https://www.obahortifruti.com.br/acucar-demerara-organico-dourado-native-1-kg-3900/p,D,recaptcha,,,,
Brasil,Oba Hortifruti,Azúcar,Saud Natural,https://www.obahortifruti.com.br/acucar-mascavo-organico-organic-saude-natural-500-g-8660/p,D,recaptcha,,,,
Brasil,Oba Hortifruti,Azúcar,Itaja,https://www.obahortifruti.com.br/acucar-cristal-organico-itaja-1-kg-100002544/p,D,recaptcha,,,,
Brasil,Oba Hortifruti,Azúcar,Mais Doce,https://www.obahortifruti.com.br/acucar-extra-fino-mais-doce-1-kg-3783/p,D,recaptcha,,,,
Brasil,Oba Hortifruti,Frijoles,Produto Oba Bem Querer,https://www.obahortifruti.com.br/feijao-preto-oba-bem-querer-1-kg-100008978/p,D,recaptcha,,,,
Brasil,Oba Hortifruti,Frijoles,Broto Legal,https://www.obahortifruti.com.br/feijao-carioca-broto-legal-1-kg-10108/p,D,recaptcha,,,,
Brasil,Oba Hortifruti,Frijoles,Camil,https://www.obahortifruti.com.br/feijao-preto-1-kg-camil-10594/p,D,recaptcha,,,,
Brasil,Oba Hortifruti,Frijoles,Vapza,https://www.obahortifruti.com.br/feijao-preto-organico-cozido-vapza--250-g-6365/p,D,recaptcha,,,,
Brasil,Oba Hortifruti,Frijoles,Spa Line,https://www.obahortifruti.com.br/sopa-de-feijao-com-macarrao-spa-line-450g-10/p,D,recaptcha,,,,
Brasil,Zaffari,Arroz,Capalleni,https://www.zaffari.com.br/arroz-parboilizado-capellini-1kg-1103813/p,D,recaptcha,,"TAMBIEN SE PUEDE, ES CON: ",https://zaffari.vtexcommercestable.com.br/api/catalog_system/pub/products/search/?fq=productId:1103813&sc=1,
Brasil,Zaffari,Arroz,Tio João,https://www.zaffari.com.br/arroz-branco-tio-joao-1kg-1008308/p,D,recaptcha,,,,
Brasil,Zaffari,Arroz,Blue Ville,https://www.zaffari.com.br/arroz-branco-blue-ville-1kg-1010643/p,D,recaptcha,,,,
Brasil,Zaffari,Arroz,Prato Fino,https://www.zaffari.com.br/arroz-branco-prato-fino-1kg-1035403/p,D,recaptcha,,,,
Brasil,Zaffari,Arroz,Namorado,https://www.zaffari.com.br/arroz-branco-namorado-1kg-1106840/p,D,recaptcha,,,,
Brasil,Zaffari,Cafe,Coboclo,https://www.zaffari.com.br/cafe-tradicional-caboclo-500g-1010021/p,D,recaptcha,,,,
Brasil,Zaffari,Cafe,Iguacu,https://www.zaffari.com.br/cafe-soluvel-em-po-tradicional-iguacu-200g-embalagem-promocional-1102594/p,D,recaptcha,,,,
Brasil,Zaffari,Cafe,Melitta,https://www.zaffari.com.br/cafe-100--canephora-regioes-brasileiras-terras-capixabas-melitta-250g-1118989/p,D,recaptcha,,,,
Brasil,Zaffari,Cafe,L´Or,https://www.zaffari.com.br/cafe-soluvel-liofilizado-classique-l-or-40g-1108876/p,D,recaptcha,,,,
Brasil,Zaffari,Cafe,Baggio,https://www.zaffari.com.br/cafe-aromatizado-chocolate-trufado-baggio-250g-1047267/p,D,recaptcha,,,,
Brasil,Zaffari,Pan de molde ,Zaffari,https://www.zaffari.com.br/pao-de-forma-de-leite-zaffari-450g-1031956/p,D,recaptcha,,,,
Brasil,Zaffari,Pan de molde ,Seven Boys,https://www.zaffari.com.br/pao-de-forma-de-leite-seven-boys-450g-1010591/p,D,recaptcha,,,,
Brasil,Zaffari,Pan de molde ,Pullman,https://www.zaffari.com.br/pao-de-forma-sem-casca-tradicional-pullman-450g-1031707/p,D,recaptcha,,,,
Brasil,Zaffari,Pan de molde ,Wickbold,https://www.zaffari.com.br/pao-de-forma-5-zeros-tradicional-wickbold-350g-1108845/p,D,recaptcha,,,,
Brasil,Zaffari,Pan de molde ,Nutrella,https://www.zaffari.com.br/pao-de-forma-integral-graos---castanhas-nutrella-450g-1027522/p,D,recaptcha,,,,
Brasil,Zaffari,Refrescos de cola ,Coca -cola,https://www.zaffari.com.br/refrigerante-coca-cola-sem-acucar-2-litros-1010188/p,D,recaptcha,,,,
Brasil,Zaffari,Refrescos de cola ,H2OH,https://www.zaffari.com.br/refrigerante-h2oh--limao-zero-acucares-1-5-litro-1009343/p,D,recaptcha,,,,
Brasil,Zaffari,Refrescos de cola ,Charrua,https://www.zaffari.com.br/refrigerante-charrua-guarana-2-litros-1010798/p,D,recaptcha,,,,
Brasil,Zaffari,Refrescos de cola ,Guarana Antartica,https://www.zaffari.com.br/refrigerante-antarctica-guarana-zero-2-litros-1008953/p,D,recaptcha,,,,
Brasil,Zaffari,Refrescos de cola ,Fanta,https://www.zaffari.com.br/refrigerante-fanta-laranja-2-litros-1010783/p,D,recaptcha,,,,
Brasil,Zaffari,Pasta seca ,Mercatto,https://www.zaffari.com.br/massa-de-semola-spaghetti-mercatto-500g-1087928/p,D,recaptcha,,,,
Brasil,Zaffari,Pasta seca ,Capelleni,https://www.zaffari.com.br/massa-de-semola-com-ovos-spaghetti-capellini-500g-1096818/p,D,recaptcha,,,,
Brasil,Zaffari,Pasta seca ,Barilla,https://www.zaffari.com.br/massa-capellini-n-1-barilla-500g-1020872/p,D,recaptcha,,,,
Brasil,Zaffari,Pasta seca ,Renata,https://www.zaffari.com.br/massa-spaghetti-veggie-protein-grano-duro-n8-renata-500g-1097422/p,D,recaptcha,,,,
Brasil,Zaffari,Pasta seca ,Urbano,https://www.zaffari.com.br/massa-de-arroz-espaguete-sem-gluten-urbano-500g-1084664/p,D,recaptcha,,,,
Brasil,Zaffari,Leche liquida ,Parmalat,https://www.zaffari.com.br/leite-uht-semidesnatado-parmalat-garrafa-1-litro-1057160/p,D,recaptcha,,,,
Brasil,Zaffari,Leche liquida ,Santa Clara,https://www.zaffari.com.br/santa%20clara?map=ft,D,recaptcha,,,,
Brasil,Zaffari,Leche liquida ,Nestle,https://www.zaffari.com.br/leite-uht-integral-ninho-nestle-1-litro-1027031/p,D,recaptcha,,,,
Brasil,Zaffari,Leche liquida ,Molico,https://www.zaffari.com.br/leite-uht-desnatado-zero-lactose-proteina-molico-nestle-1-litro-1045576/p,D,recaptcha,,,,
Brasil,Zaffari,Leche liquida ,Itambe,https://www.zaffari.com.br/leite-uht-desnatado-pro-zero-lactose-itambe-1-litro-1096791/p,D,recaptcha,,,,
Brasil,Zaffari,Cerveza,Heineken,https://www.zaffari.com.br/cerveja-heineken-lata-sleek-350ml-1111003/p,D,recaptcha,,,,
Brasil,Zaffari,Cerveza,Corona,https://www.zaffari.com.br/cerveja-coronita-extra-long-neck-210ml-1031910/p,D,recaptcha,,,,
Brasil,Zaffari,Cerveza,Amstel,https://www.zaffari.com.br/cerveja-amstel-lager-long-neck-355ml-1113834/p,D,recaptcha,,,,
Brasil,Zaffari,Cerveza,Spaten,https://www.zaffari.com.br/cerveja-spaten-puro-malte-lata-473ml--1104618/p,D,recaptcha,,,,
Brasil,Zaffari,Cerveza,Itaipava,https://www.zaffari.com.br/cerveja-itaipava-pilsen-lata-473ml-1018546/p,D,recaptcha,,,,
Brasil,Zaffari,Pollo entero ,Seara,https://www.zaffari.com.br/frango-caipira-inteiro-congelado-nho-bento-seara-1007429/p,D,recaptcha,,,,
Brasil,Zaffari,Pollo entero ,Nat,https://www.zaffari.com.br/sobrecoxa-de-frango-congelada-nat-verde-1kg-1112057/p,D,recaptcha,,,,
Brasil,Zaffari,Pollo entero ,Peito,https://www.zaffari.com.br/peito-de-frango-resfriado-sem-pele-ave-serra-900g-1084453/p,D,recaptcha,,,,
Brasil,Zaffari,Pollo entero ,Lar,https://www.zaffari.com.br/file-de-peito-de-frango-congelado-iqf-lar-1kg-1063081/p,D,recaptcha,,,,
Brasil,Zaffari,Pollo entero ,Frango Caipira ,https://www.zaffari.com.br/frango-caipira-inteiro-congelado-com-miudos-do-campo-1006345/p,D,recaptcha,,,,
Brasil,Zaffari,Azúcar,União,https://www.zaffari.com.br/acucar-refinado-uniao-1kg-1004471/p,D,recaptcha,,,,
Brasil,Zaffari,Azúcar,Caravelas,https://www.zaffari.com.br/acucar-refinado-caravelas-1kg-1014575/p,D,recaptcha,,,,
Brasil,Zaffari,Azúcar,Colombo,https://www.zaffari.com.br/acucar-cristal-colombo-1kg-1069373/p,D,recaptcha,,,,
Brasil,Zaffari,Azúcar,Native,https://www.zaffari.com.br/acucar-demerara-organico-native-1kg-1025116/p,D,recaptcha,,,,
Brasil,Zaffari,Azúcar,Saúde da Terra,https://www.zaffari.com.br/acucar-mascavo-organico-saude-da-terra-500g-1016546/p,D,recaptcha,,,,
Brasil,Zaffari,Frijoles,Namorado,https://www.zaffari.com.br/feijao-preto-namorado-1kg-1029891/p,D,recaptcha,,,,
Brasil,Zaffari,Frijoles,Capellini,https://www.zaffari.com.br/feijao-preto-capellini-500g-1071552/p,D,recaptcha,,,,
Brasil,Zaffari,Frijoles,Fritz & Frida,https://www.zaffari.com.br/feijao-preto-premium-fritz---frida-1kg-1075693/p,D,recaptcha,,,,
Brasil,Zaffari,Frijoles,Butui,https://www.zaffari.com.br/feijao-preto-butui-1kg-1098549/p,D,recaptcha,,,,
Brasil,Zaffari,Frijoles,Camil,https://www.zaffari.com.br/feijao-preto-pronto-sem-tempero-camil-490g-1064160/p,D,recaptcha,,,,
Brasil,Extramercado,Arroz,Qualitá,https://www.extramercado.com.br/produto/107050/arroz-branco-tipo-1-qualita-pacote-5kg,D,recaptcha,,"tambien esta, la url es esta: ",,
Brasil,Extramercado,Arroz,Camil,https://www.extramercado.com.br/produto/99080/arroz-agulhinha-tipo-1-camil-pacote-1kg,D,recaptcha,,,https://api.vendas.gpa.digital/ex/v4/products/ecom/107050/bestPrices?storeId=483&sellType=&isClienteMais=true,
Brasil,Extramercado,Arroz,Tio João,https://www.extramercado.com.br/produto/31117/arroz-agulhinha-tipo-1-tio-joao-pacote-1kg,D,recaptcha,,,,
Brasil,Extramercado,Arroz,Solito,https://www.extramercado.com.br/produto/201984/arroz-branco-tipo-1-solito-pacote-5kg,D,recaptcha,,,,
Brasil,Extramercado,Arroz,Prato Fino,https://www.extramercado.com.br/produto/61036/arroz-agulhinha-tipo-1-prato-fino-pacote-5kg,D,recaptcha,,,,
Brasil,Extramercado,Cafe,3 Corações,https://www.extramercado.com.br/produto/82810/cafe-torrado-e-moido-tradicional-3-coracoes-pacote-500g,D,recaptcha,,,,
Brasil,Extramercado,Cafe,Pilao,https://www.extramercado.com.br/produto/90515/cafe-torrado-e-moido-a-vacuo-tradicional-pilao-pacote-500g,D,recaptcha,,,,
Brasil,Extramercado,Cafe,Caboclo,https://www.extramercado.com.br/produto/333995/cafe-torrado-e-moido-a-vacuo-extraforte-caboclo-pacote-500g,D,recaptcha,,,,
Brasil,Extramercado,Cafe,Café Brasileiro,https://www.extramercado.com.br/produto/1445580/cafe-torrado-e-moido-a-vacuo-extraforte-cafe-brasileiro-pacote-500g,D,recaptcha,,,,
Brasil,Extramercado,Cafe,União,https://www.extramercado.com.br/produto/1442268/cafe-torrado-e-moido-tradicional-uniao-pacote-500g,D,recaptcha,,,,
Brasil,Extramercado,Pan de molde ,Qualitá,https://www.extramercado.com.br/produto/1657660/pao-de-forma-tradicional-qualita-pacote-400g,D,recaptcha,,,,
Brasil,Extramercado,Pan de molde ,Seven boys,https://www.extramercado.com.br/produto/13253/pao-de-forma-seven-boys-pacote-450g,D,recaptcha,,,,
Brasil,Extramercado,Pan de molde ,Pullman,https://www.extramercado.com.br/produto/1944/pao-de-forma-tradicional-pullman-480g,D,recaptcha,,,,
Brasil,Extramercado,Pan de molde ,Pullman,https://www.extramercado.com.br/produto/1944/pao-de-forma-tradicional-pullman-480g,D,recaptcha,,,,
Brasil,Extramercado,Pan de molde ,Plufi nut ,https://www.extramercado.com.br/produto/1488676/pao-de-forma-plufi-nut-400g,D,recaptcha,,,,
Brasil,Extramercado,refrescos de cola ,Guaraná antártica,https://www.extramercado.com.br/produto/117446/refrigerante-zero-acucar-guarana-antarctica-lata-350ml,D,recaptcha,,,,
Brasil,Extramercado,refrescos de cola ,Coca-cola,https://www.extramercado.com.br/produto/453201/refrigerante-coca-cola-original-garrafa-2l,D,recaptcha,,,,
Brasil,Extramercado,refrescos de cola ,Sprite,https://www.extramercado.com.br/produto/408072/refrigerante-limao-sprite-garrafa-2l,D,recaptcha,,,,
Brasil,Extramercado,refrescos de cola ,Pepsi,https://www.extramercado.com.br/produto/480298/refrigerante-cola-pepsi-garrafa-200ml,D,recaptcha,,,,
Brasil,Extramercado,,,https://www.bretas.com.br/refrigerante-guarana-kuat-pet-2l/p,D,recaptcha,,,,
Brasil,Extramercado,Pasta seca ,Adria,https://www.extramercado.com.br/produto/111375/macarrao-adria-com-ovos-espaguete---8-500g,D,recaptcha,,,,
Brasil,Extramercado,Pasta seca ,Barilla,https://www.extramercado.com.br/produto/305593/macarrao-com-ovos-espaguete-8-barilla-pacote-500g,D,recaptcha,,,,
Brasil,Extramercado,Pasta seca ,Qualita,https://www.extramercado.com.br/produto/483233/massa-alimenticia-macarrao-com-ovos-caseiro-ninho-2-qualita-pacote-500g,D,recaptcha,,,,
Brasil,Extramercado,Pasta seca ,Massa leve,https://www.extramercado.com.br/produto/91888/massa-para-spaghetti-receita-italiana-massa-leve-500g,D,recaptcha,,,,
Brasil,Extramercado,Pasta seca ,DE,https://www.extramercado.com.br/produto/116513/macarrao-com-ovos-caseiro-talharim-n%C2%BA-1-de-pacote-500g,D,recaptcha,,,,
Brasil,Extramercado,Leche liquida ,Qualita,https://www.extramercado.com.br/produto/164887/leite-uht-integral-qualita-caixa-com-tampa-1l,D,recaptcha,,,,
Brasil,Extramercado,Leche liquida ,Italac,https://www.extramercado.com.br/produto/176191/leite-longa-vida-integral--italac-1-litro,D,recaptcha,,,,
Brasil,Extramercado,Leche liquida ,Jussara,https://www.extramercado.com.br/produto/501171/leite-uht-integral-jussara-caixa-com-tampa-1l,D,recaptcha,,,,
Brasil,Extramercado,Leche liquida ,Piracanjuba,https://www.extramercado.com.br/produto/164065/leite-uht-integral-piracanjuba-caixa-com-tampa-1l,D,recaptcha,,,,
Brasil,Extramercado,Leche liquida ,Dalia,https://www.extramercado.com.br/produto/5729/leite-longa-vida-integral-dalia-1-litro,D,recaptcha,,,,
Brasil,Extramercado,Cerveza,antarctica,https://www.extramercado.com.br/produto/519820/cerveja-pilsen-antarctica-original-lata-269ml,D,recaptcha,,,,
Brasil,Extramercado,Cerveza, Heineken,https://www.extramercado.com.br/produto/1641976/cerveja-lager-heineken-lata-350ml,D,recaptcha,,,,
Brasil,Extramercado,Cerveza,Corona,https://www.extramercado.com.br/produto/452503/cerveja-pilsen-corona-garrafa-330ml,D,recaptcha,,,,
Brasil,Extramercado,Cerveza,Amstel,https://www.extramercado.com.br/produto/1641973/cerveja-lager-puro-malte-amstel-lata-350ml,D,recaptcha,,,,
Brasil,Extramercado,Cerveza,Budweiser,https://www.extramercado.com.br/produto/347007/cerveja-pilsen-budweiser-lata-269ml,D,recaptcha,,,,
Brasil,Extramercado,Pollo entero ,Sadia,https://www.extramercado.com.br/produto/65885/file-de-peito-de-frango-congelado-sem-pele-sem-osso-sadia-1kg,D,recaptcha,,,,
Brasil,Extramercado,Pollo entero ,Seara,https://www.extramercado.com.br/produto/217036/filezinho-de-frango-sassami-seara-iqf-1kg,D,recaptcha,,,,
Brasil,Extramercado,Pollo entero ,Aurora,https://www.extramercado.com.br/produto/1649286/frango-sobrecoxa-temperada-aurora-premium-800g,D,recaptcha,,,,
Brasil,Extramercado,Pollo entero ,Cancao,https://www.extramercado.com.br/produto/1441815/coxinha-da-asa-de-frango-cancao-congelada-iqf-1kg,D,recaptcha,,,,
Brasil,Extramercado,Azúcar,Caravelas,https://www.extramercado.com.br/produto/61474/acucar-refinado-caravelas-pacote-1kg,D,recaptcha,,,,
Brasil,Extramercado,Azúcar,Ecoçúcar,https://www.extramercado.com.br/produto/74215/acucar-refinado-uniao-pacote-1kg,D,recaptcha,,,,
Brasil,Extramercado,Azúcar,Qualita,https://www.extramercado.com.br/produto/103403/acucar-refinado-qualita-pacote-1kg,D,recaptcha,,,,
Brasil,Extramercado,Azúcar,Guarani,https://www.extramercado.com.br/produto/359075/acucar-refinado-guarani-pacote-1kg,D,recaptcha,,,,
Brasil,Extramercado,Azúcar,Da barra,https://www.extramercado.com.br/produto/10669/acucar-refinado-da-barra-pacote-1kg,D,recaptcha,,,,
Brasil,Extramercado,Frijoles,Camil,https://www.extramercado.com.br/produto/9461/feijao-carioca-tipo-1-camil-pacote-1kg,D,recaptcha,,,,
Brasil,Extramercado,Frijoles,Kicaldo,https://www.extramercado.com.br/produto/109209/feijao-carioca-tipo-1-kicaldo-pacote-1kg,D,recaptcha,,,,
Brasil,Extramercado,Frijoles,Maximo,https://www.extramercado.com.br/produto/40554/feijao-preto-tipo-1-super-maximo-pacote-1kg,D,recaptcha,,,,
Brasil,Extramercado,Frijoles,Qualita,https://www.extramercado.com.br/produto/162207/feijao-carioca-tipo-1-cores-qualita-pacote-1kg,D,recaptcha,,,,
Brasil,Extramercado,Frijoles,Nene,https://www.extramercado.com.br/produto/181919/feijao-carioca-tipo-1-nene-pacote-1kg,D,recaptcha,,,,
Argentina,Carrefour,Leche liquida ,La Serenisima  ,https://www.carrefour.com.ar/leche-la-serenisima-uat-entera-clasica-3-pet-1-lt-653792/p,D,cloudflare,,Esta en V8 todavia no se sabe como acceder a ella,,
Argentina,Carrefour,Leche liquida ,Carrefour,"https://www.carrefour.com.ar/leche%20etera?_q=leche%20etera&fuzzy=auto&initialMap=ft&initialQuery=leche%20etera&map=brand,ft&operator=and&priceRange=959%20TO%2022669&query=/carrefour/leche%20etera&searchState#reviews",D,cloudflare,,,,
Argentina,Carrefour,Leche liquida ,Tregar  ,https://www.carrefour.com.ar/leche-entera-larga-vida-tregar-1-l/p,D,cloudflare,,,,
Argentina,Carrefour,Leche liquida ,Las Tres Niñas  ,https://www.carrefour.com.ar/leche-entera-larga-vida-las-tres-ninas-1-l/p,D,cloudflare,,,,
Argentina,Carrefour,Leche liquida ,Lechelita  ,https://www.carrefour.com.ar/leche-entera-lechelita-uat-tetra-1-l-689731-689731/p,D,cloudflare,,,,
Argentina,Carrefour,Pan de molde ,Fargo  ,https://www.carrefour.com.ar/pan-blanco-lacteado-fargo-en-bolsa-370-grs-758221/p,D,cloudflare,,,,
Argentina,Carrefour,Pan de molde ,Bimbo  ,https://www.carrefour.com.ar/pan-blanco-bimbo-610-grs-753534/p,D,cloudflare,,,,
Argentina,Carrefour,Pan de molde ,Bulnez,https://www.carrefour.com.ar/pan-lacteado-blanco-bulnez-600-grs-752408/p,D,cloudflare,,,,
Argentina,Carrefour,Pan de molde ,Carrefour  ,https://www.carrefour.com.ar/pan-lacteado-de-mesa-carrefour-classic-590-grs-749200/p,D,cloudflare,,,,
Argentina,Carrefour,Pan de molde ,La Perla  ,https://www.carrefour.com.ar/pan-con-salvado-la-perla-640-g-723273/p,D,cloudflare,,,,
Argentina,Carrefour,Azúcar,Ledesma  ,https://www.carrefour.com.ar/Desayuno-y-merienda/Azucar-y-endulzantes/Azucar?order=#reviews,D,cloudflare,,,,
Argentina,Carrefour,Azúcar,Bella Vista  ,https://www.carrefour.com.ar/azucar-comun-tipo-a-bella-vista-1-kg-421740/p,D,cloudflare,,,,
Argentina,Carrefour,Azúcar,Dicomere  ,https://www.carrefour.com.ar/azucar-organica-dicomere-paquete-1000-g/p,D,cloudflare,,,,
Argentina,Carrefour,Azúcar,Beepure,https://www.carrefour.com.ar/azucar-mascabo-beepure-zip-pack-700-g-737537/p,D,cloudflare,,,,
Argentina,Carrefour,Azúcar,Carrefour  ,https://www.carrefour.com.ar/azucar-comun-carrefour-classic-tipo-a-en-bolsa-1-kg-723266/p,D,cloudflare,,,,
Argentina,Carrefour,Pasta seca ,Lucchetti  ,https://www.carrefour.com.ar/fideos-tallarin-n5-lucchetti-500-g-726311/p,D,cloudflare,,,,
Argentina,Carrefour,Pasta seca ,Matarazzo  ,https://www.carrefour.com.ar/fideos-spaghetti-n3-matarazzo-500-g-729399/p,D,cloudflare,,,,
Argentina,Carrefour,Pasta seca ,Don Vicente  ,https://www.carrefour.com.ar/fideos-fettuccini-don-vicente-de-morron-500-grs-759613/p,D,cloudflare,,,,
Argentina,Carrefour,Pasta seca ,Terrabusi,https://www.carrefour.com.ar/fideos-spaghetti-n3-terrabusi-500-g-729393/p,D,cloudflare,,,,
Argentina,Carrefour,Pasta seca ,Favorita  ,https://www.carrefour.com.ar/fideos-spaghetti-fortificado-favorita-500-g-601096/p,D,cloudflare,,,,
Argentina,Carrefour,Pollo entero ,Granja Tres Arroyos,https://www.carrefour.com.ar/medio-pollo-congelado-x-kg-738510/p,D,cloudflare,,,,
Argentina,Carrefour,Pollo entero ,Campos de Areco,https://www.carrefour.com.ar/pollo-seco-campos-de-areco-x-kg-689034/p,D,cloudflare,,,,
Argentina,Carrefour,Pollo entero ,Carrefour,https://www.carrefour.com.ar/pollo-entero-congelado-x-kg-699692/p,D,cloudflare,,,,
Argentina,Carrefour,Huevos,El Mercado  ,https://www.carrefour.com.ar/huevos-blancos-el-mercado-6-uni-380313/p,D,cloudflare,,,,
Argentina,Carrefour,Huevos,Avicoper  ,https://www.carrefour.com.ar/huevos-blancos-avicoper-6-u/p,D,cloudflare,,,,
Argentina,Carrefour,Huevos,Carrefour  ,https://www.carrefour.com.ar/huevo-blanco-carrefour-plastico-x-12-uni-291306/p,D,cloudflare,,,,
Argentina,Carrefour,Queso blando ,La Paulina  ,https://www.carrefour.com.ar/queso-cremoso-la-paulina-x-kg-647989/p,D,cloudflare,,,,
Argentina,Carrefour,Queso blando ,Bulnez,https://www.carrefour.com.ar/queso-cremoso-bulnez-300-grs-742624/p,D,cloudflare,,,,
Argentina,Carrefour,Queso blando ,Puyehue  ,https://www.carrefour.com.ar/queso-cremoso-puyehue-horma-x-kg/p,D,cloudflare,,,,
Argentina,Carrefour,Queso blando ,Milkaut  ,https://www.carrefour.com.ar/queso-cheddar-en-fetas-milkaut-blister-145-g/p,D,cloudflare,,,,
Argentina,Carrefour,Queso blando ,La Serenisima  ,https://www.carrefour.com.ar/mozzarella-la-serenisima-500-grs-747469/p,D,cloudflare,,,,
Argentina,Carrefour,Refrescos de cola ,Coca-Cola  ,https://www.carrefour.com.ar/Bebidas/Gaseosas?order=#reviews,D,cloudflare,,,,
Argentina,Carrefour,Refrescos de cola ,Pepsi  ,https://www.carrefour.com.ar/gaseosa-cola-pepsi-regular-pet-2-lts-740265/p,D,cloudflare,,,,
Argentina,Carrefour,Refrescos de cola ,Paso de los Torros  ,https://www.carrefour.com.ar/gaseosa-pomelo-paso-de-los-toros-225-lts-15444/p,D,cloudflare,,,,
Argentina,Carrefour,Refrescos de cola ,Cunnington  ,https://www.carrefour.com.ar/gaseosa-cola-cunnington-classic-pet-225-lts-721460/p,D,cloudflare,,,,
Argentina,Carrefour,Refrescos de cola ,Carrefour  ,https://www.carrefour.com.ar/gaseosa-cola-carrefour-classic-225-lts-572675/p,D,cloudflare,,,,
Argentina,Carrefour,Papas,Carrefour  ,https://www.carrefour.com.ar/papas?_q=papas&map=ft#reviews,D,cloudflare,,,,
Argentina,Carrefour,Tomates,Huella natural  ,https://www.carrefour.com.ar/tomate-redondo-en-racimo-huella-natural-x-kg/p,D,cloudflare,,,,
Argentina,Carrefour,Tomates,Rocky  ,https://www.carrefour.com.ar/tomate-racimo-500-g-9303/p,D,cloudflare,,,,
Argentina,Jumbo,Leche liquida ,La Serenisima  ,https://www.jumbo.com.ar/leche-entera-la-serenisima-3sachet-1lt/p,D,recaptcha,,,,
Argentina,Jumbo,Leche liquida ,Cuisine & Co NBE MP  ,https://www.jumbo.com.ar/leche-entera-1-l-cuisine-co-nbe-mp/p,D,recaptcha,,,,
Argentina,Jumbo,Leche liquida ,Tregar  ,https://www.jumbo.com.ar/leche-tregar-enterax-1-litro/p,D,recaptcha,,,,
Argentina,Jumbo,Leche liquida ,Manfrey  ,https://www.jumbo.com.ar/leche-manfrey-entera-u-a-t-sin-atributo-sin-atributo-sin-atributo-sin-atributo/p,D,recaptcha,,,,
Argentina,Jumbo,Leche liquida ,Lechelita  ,https://www.jumbo.com.ar/leche-entera-lechelita-uat-1-l/p,D,recaptcha,,,,
Argentina,Jumbo,Pan de molde ,Fargo  ,https://www.jumbo.com.ar/pan-lacteado-x-585-gr-fargo/p,D,recaptcha,,,,
Argentina,Jumbo,Pan de molde ,Bimbo  ,https://www.jumbo.com.ar/pan-blanco-x-400-gr-bimbo/p,D,recaptcha,,,,
Argentina,Jumbo,Pan de molde ,La Perla  ,https://www.jumbo.com.ar/pan-de-mesa-tradicional-la-perla-330-gr/p,D,recaptcha,,,,
Argentina,Jumbo,Pan de molde ,Lactal  ,https://www.jumbo.com.ar/pan-blanco-lactal-460-gr/p,D,recaptcha,,,,
Argentina,Jumbo,Pan de molde ,Fresh MP Jumbo  ,https://www.jumbo.com.ar/pan-lactal-artesanal-premiun-semillas-590-grs-2/p,D,recaptcha,,,,
Argentina,Jumbo,Azúcar,Ledesma  ,https://www.jumbo.com.ar/azucar-ledesma-x-1kg/p,D,recaptcha,,,,
Argentina,Jumbo,Azúcar,Chango  ,https://www.jumbo.com.ar/azucar-premium-refinada-chango-x-1-kg/p,D,recaptcha,,,,
Argentina,Jumbo,Azúcar,Cuisine & Co NBE MP  ,https://www.jumbo.com.ar/azucar-1-kg-cuisine-co-nbe-mp/p,D,recaptcha,,,,
Argentina,Jumbo,Azúcar,Pergola  ,https://www.jumbo.com.ar/azucar-impalpable-sin-tacc-250-gr-pergola/p,D,recaptcha,,,,
Argentina,Jumbo,Pasta seca ,Lucchetti  ,https://www.jumbo.com.ar/fideos-lucchetti-tallarin-n5-x500g/p,D,recaptcha,,,,
Argentina,Jumbo,Pasta seca ,Matarazzo  ,https://www.jumbo.com.ar/fideos-matarazzo-spaghetti-n7-x-500-gr/p,D,recaptcha,,,,
Argentina,Jumbo,Pasta seca ,Don Vicente  ,https://www.jumbo.com.ar/fideos-don-vicente-tallarin-x500g/p,D,recaptcha,,,,
Argentina,Jumbo,Pasta seca ,Molto  ,https://www.jumbo.com.ar/fideos-tallarines-molto-500-gr/p,D,recaptcha,,,,
Argentina,Jumbo,Pasta seca ,Barilla,https://www.jumbo.com.ar/fideos-spaghetti-barilla-500-gr/p,D,recaptcha,,,,
Argentina,Jumbo,Pollo entero ,Granja Tres Arroyos  ,https://www.jumbo.com.ar/pollo-campo-de-areco/p,D,recaptcha,,,,
Argentina,Jumbo,Pollo entero ,Jumbo  ,https://www.jumbo.com.ar/pollo-fresco-con-menudos-2/p,D,recaptcha,,,,
Argentina,Jumbo,Huevos,Avicoper  ,https://www.jumbo.com.ar/huevos-blancos-avicoper-12-u-1-paquete-2/p,D,recaptcha,,,,
Argentina,Jumbo,Huevos,Maxima MP Jumbo  ,https://www.jumbo.com.ar/huevos-blancos-12-un-maxima-mp-3/p,D,recaptcha,,,,
Argentina,Jumbo,Huevos,Doña Lala  ,https://www.jumbo.com.ar/huevos-blancos-dona-lala-x-6u-carton/p,D,recaptcha,,,,
Argentina,Jumbo,Huevos,Cuisine & Co NBE MP  ,https://www.jumbo.com.ar/huevos-blancos-extra-grandes-12-un-cuisine-co-nbe-mp/p,D,recaptcha,,,,
Argentina,Jumbo,Huevos,Carnave  ,https://www.jumbo.com.ar/huevos-blancos-carnave-docena/p,D,recaptcha,,,,
Argentina,Jumbo,Queso blando,La Serenisima  ,https://www.jumbo.com.ar/mozzarella-la-serenisima-220gr/p,D,recaptcha,,,,
Argentina,Jumbo,Queso blando,La Paulina  ,https://www.jumbo.com.ar/queso-cremoso-la-paulina-doble-crema-hma-x-kg/p,D,recaptcha,,,,
Argentina,Jumbo,Queso blando,Punta del Agua  ,https://www.jumbo.com.ar/queso-cremoso-punta-del-agua-horma-x-kg-2/p,D,recaptcha,,,,
Argentina,Jumbo,Queso blando,Milkaut  ,https://www.jumbo.com.ar/queso-cheddar-milkaut-x-145-gr/p,D,recaptcha,,,,
Argentina,Jumbo,Queso blando,Adler,https://www.jumbo.com.ar/queso-adler-feteado-danbo-144-gr/p,D,recaptcha,,,,
Argentina,Jumbo,Refrescos de cola,Coca-Cola  ,https://www.jumbo.com.ar/gaseosa-coca-cola-sabor-original-2-25-l/p,D,recaptcha,,,,
Argentina,Jumbo,Refrescos de cola,Pepsi  ,https://www.jumbo.com.ar/gaseosa-pepsi-botella-2-l/p,D,recaptcha,,,,
Argentina,Jumbo,Refrescos de cola,Paso de los Torros  ,https://www.jumbo.com.ar/gaseosa-paso-de-los-toros-pomelo-botella-500mlx1/p,D,recaptcha,,,,
Argentina,Jumbo,Refrescos de cola,Cunnington  ,https://www.jumbo.com.ar/gaseosa-cunnington-cola-suave-2-25lt/p,D,recaptcha,,,,
Argentina,Jumbo,Refrescos de cola,Crush  ,https://www.jumbo.com.ar/gaseosa-crush-pomelo-2-25lt/p,D,recaptcha,,,,
Argentina,Jumbo,Papas,Jumbo  ,https://www.jumbo.com.ar/papa-negra-por-kg/p,D,recaptcha,,,,
Argentina,Jumbo,Papas,Sueño Verde  ,https://www.jumbo.com.ar/papas-andinas-sueno-verde-600-gr/p,D,recaptcha,,,,
Argentina,Jumbo,Papas,Polychaco  ,https://www.jumbo.com.ar/papas-plychaco-noisette-500-gr/p,D,recaptcha,,,,
Argentina,Jumbo,Tomates,Jumbo  ,https://www.jumbo.com.ar/tomate-redondo-grande-por-kg/p,D,recaptcha,,,,
Argentina,Jumbo,Tomates,Buy & Eat  ,https://www.jumbo.com.ar/tomate-cherry-buy-eat-250-gr/p,D,recaptcha,,,,
Argentina,Jumbo,Tomates,Sueño Verde  ,https://www.jumbo.com.ar/cherry-rojo-sueno-verde/p,D,recaptcha,,,,
Argentina,Coto,Leche liquida,La Serenisima  ,https://www.cotodigital.com.ar/sitios/cdigi/productos/leche-entera-clasica-la-serenisima-sachet-1l/_/R-00015929-00015929-200,D,recaptcha,,"tambien se puede, la url es: ",https://www.cotodigital.com.ar/sitios/cdigi/productos/leche-entera-clasica-la-serenisima-sachet-1l/_/R-00015929-00015929-200?format=json,
Argentina,Coto,Leche liquida,Ilolay  ,https://www.cotodigital.com.ar/sitios/cdigi/productos/leche-entera-larga-vida-ilolay-ttb-1-ltr/_/R-00527739-00527739-200,D,recaptcha,,,,
Argentina,Coto,Leche liquida,Tregar  ,https://www.cotodigital.com.ar/sitios/cdigi/productos/leche-larga-vida-entera-tregar-ttb-1-l/_/R-00262249-00262249-200?showMoreIds=10093,D,recaptcha,,,,
Argentina,Coto,Leche liquida,Veronica  ,https://www.cotodigital.com.ar/sitios/cdigi/productos/leche-larga-vida-entera-veronica-1l/_/R-00081546-00081546-200?showMoreIds=10093,D,recaptcha,,,,
Argentina,Coto,Leche liquida,Las Tres Niñas  ,https://www.cotodigital.com.ar/sitios/cdigi/productos/leche-larga-vida-entera-las-tres-niñas-ttb-1l/_/R-00254550-00254550-200?showMoreIds=10093,D,recaptcha,,,,
Argentina,Coto,Pan de molde,Fargo  ,https://www.cotodigital.com.ar/sitios/cdigi/productos/pan-de-salvado-fargo-620g/_/R-00602242-00602242-200?Dy=1&showMoreIds=10093,D,recaptcha,,,,
Argentina,Coto,Pan de molde,Bimbo  ,https://www.cotodigital.com.ar/sitios/cdigi/productos/pan-lacteado-blanco-rebanada-mas-grande-bimbo-610g/_/R-00598184-00598184-200?Dy=1&showMoreIds=10093,D,recaptcha,,,,
Argentina,Coto,Pan de molde,La Perla  ,https://www.cotodigital.com.ar/sitios/cdigi/productos/pan-de-mesa-grande-la-perla-550g/_/R-00584778-00584778-200?Dy=1&showMoreIds=10093,D,recaptcha,,,,
Argentina,Coto,Pan de molde,Noly  ,https://www.cotodigital.com.ar/sitios/cdigi/productos/pan-salvado-grande-noly-bsa-600-grm/_/R-00532424-00532424-200?Dy=1&showMoreIds=10093,D,recaptcha,,,,
Argentina,Coto,Pan de molde,Coto  ,https://www.cotodigital.com.ar/sitios/cdigi/productos/baguette-coto/_/R-00044078-00044078-200?Dy=1&showMoreIds=10093,D,recaptcha,,,,
Argentina,Coto,Azúcar,Ledesma  ,https://www.cotodigital.com.ar/sitios/cdigi/productos/azúcar-superior-real-ledesma-1kg/_/R-00218834-00218834-200,D,recaptcha,,,,
Argentina,Coto,Azúcar,La Perla  ,https://www.cotodigital.com.ar/sitios/cdigi/productos/azúcar-la-perla-1-kg/_/R-00585475-00585475-200,D,recaptcha,,,,
Argentina,Coto,Azúcar,Uniao  ,https://www.cotodigital.com.ar/sitios/cdigi/productos/azúcar-cristal-uniao-1kg/_/R-00581102-00581102-200,D,recaptcha,,,,
Argentina,Coto,Azúcar,Sugar Pot  ,https://www.cotodigital.com.ar/sitios/cdigi/productos/azúcar-organica-sugar-pot-800g/_/R-00581297-00581297-200,D,recaptcha,,,,
Argentina,Coto,Azúcar,Azucel  ,https://www.cotodigital.com.ar/sitios/cdigi/productos/azúcar-azucel-1kg/_/R-00298412-00298412-200,D,recaptcha,,,,
Argentina,Coto,Pasta seca,Lucchetti  ,https://www.cotodigital.com.ar/sitios/cdigi/productos/fideos-tallarin-n5-lucchetti-500g/_/R-00572005-00572005-200?Dy=1&showMoreIds=10093,D,recaptcha,,,,
Argentina,Coto,Pasta seca,Matarazzo  ,https://www.cotodigital.com.ar/sitios/cdigi/productos/fideos-tallarin-n-5-matarazzo-500g/_/R-00573920-00573920-200?Dy=1&showMoreIds=10093,D,recaptcha,,,,
Argentina,Coto,Pasta seca,Barilla  ,https://www.cotodigital.com.ar/sitios/cdigi/productos/espagueti-barilla-caja-500-gr/_/R-00010423-00010423-200?Dy=1&showMoreIds=10093,D,recaptcha,,,,
Argentina,Coto,Pasta seca,Dalverde,https://www.cotodigital.com.ar/sitios/cdigi/productos/fid-lar-sem-spaghetti-nuev-delverde-paq-500-grm/_/R-00461730-00461730-200?Dy=1&showMoreIds=10093,D,recaptcha,,,,
Argentina,Coto,Pasta seca,Favorita  ,https://www.cotodigital.com.ar/sitios/cdigi/productos/espagueti-favorita-500-gr/_/R-00249446-00249446-200?Dy=1&showMoreIds=10093,D,recaptcha,,,,
Argentina,Coto,Pollo entero,Coto  ,https://www.cotodigital.com.ar/sitios/cdigi/productos/pollo-entero-fresco-x-uni-2-8-kg-/_/R-00012784-00012784-200?Dy=1,D,recaptcha,,,,
Argentina,Coto,Huevos,Avicoper  ,https://www.cotodigital.com.ar/sitios/cdigi/productos/huevo-blanco-extra-bli-12-uni/_/R-00022867-00022867-200?Dy=1,D,recaptcha,,,,
Argentina,Coto,Huevos,Coto  ,https://www.cotodigital.com.ar/sitios/cdigi/productos/huevo-blanco-coto-bli-12-uni/_/R-00234311-00234311-200?Dy=1,D,recaptcha,,,,
Argentina,Coto,Huevos,Avicola Brandsen  ,https://www.cotodigital.com.ar/sitios/cdigi/productos/huevo-blanco-grande-6u/_/R-00022863-00022863-200?Dy=1,D,recaptcha,,,,
Argentina,Coto,Huevos,Libre Jaula  ,https://www.cotodigital.com.ar/sitios/cdigi/productos/huevo-color-libre-jaula-carnave-6-uni/_/R-00499841-00499841-200?Dy=1,D,recaptcha,,,,
Argentina,Coto,Queso blando,La Serenisima  ,https://www.cotodigital.com.ar/sitios/cdigi/productos/queso-mozzarella-sin-lactosa-la-serenisima-500g/_/R-00590250-00590250-200?Dy=1,D,recaptcha,,,,
Argentina,Coto,Queso blando,La Paulina  ,https://www.cotodigital.com.ar/sitios/cdigi/productos/queso-cremoso-fraccionado-la-paulina-xkg/_/R-00000199-00000199-200?Dy=1,D,recaptcha,,,,
Argentina,Coto,Queso blando,Punta del Agua  ,https://www.cotodigital.com.ar/sitios/cdigi/productos/queso-cremoso-punta-del-agua-x-kg/_/R-00000161-00000161-200?Dy=1,D,recaptcha,,,,
Argentina,Coto,Queso blando,Doña Aurora,https://www.cotodigital.com.ar/sitios/cdigi/productos/queso-mozzarella-feteado-doña-aurora-x-170g/_/R-00562370-00562370-200?Dy=1&showMoreIds=10093,D,recaptcha,,,,
Argentina,Coto,Queso blando,Las Tres Niñas  ,https://www.cotodigital.com.ar/sitios/cdigi/productos/queso-danbo-las-tres-niñas-x-1kg/_/R-00013179-00013179-200?Dy=1&showMoreIds=10093,D,recaptcha,,,,
Argentina,Coto,Refrescos de cola,Coca-Cola  ,https://www.cotodigital.com.ar/sitios/cdigi/productos/gaseosa-coca-cola-sabor-original-2-25-lt/_/R-00014450-00014450-200?Dy=1,D,recaptcha,,,,
Argentina,Coto,Refrescos de cola,Pepsi  ,https://www.cotodigital.com.ar/sitios/cdigi/productos/gaseosa-cola-pepsi-2l/_/R-00568189-00568189-200?Dy=1,D,recaptcha,,,,
Argentina,Coto,Refrescos de cola,Paso de los Torros  ,https://www.cotodigital.com.ar/sitios/cdigi/productos/gaseosa-paso-de-los-toros-botella-2-25-l-/_/R-00015373-00015373-200?Dy=1,D,recaptcha,,,,
Argentina,Coto,Refrescos de cola,Cunnington  ,https://www.cotodigital.com.ar/sitios/cdigi/productos/gaseosa-cola-cunnington-1500cmq/_/R-00569385-00569385-200?Dy=1,D,recaptcha,,,,
Argentina,Coto,Refrescos de cola,Pritty  ,https://www.cotodigital.com.ar/sitios/cdigi/productos/gaseosa-pritty-limón-botella-2-25-l-/_/R-00058589-00058589-200?Dy=1,D,recaptcha,,,,
Argentina,Coto,Papas,Coto  ,https://www.cotodigital.com.ar/sitios/cdigi/productos/papa-negra-selección-x-kg/_/R-00060947-00060947-200?Dy=1,D,recaptcha,,,,
Argentina,Coto,Papas,Santa Maria  ,https://www.cotodigital.com.ar/sitios/cdigi/productos/papa-natural-cortada-precocida-santa-maria-500g/_/R-00584286-00584286-200?Dy=1,D,recaptcha,,,,
Argentina,Coto,Papas,Sueño Verde  ,https://www.cotodigital.com.ar/sitios/cdigi/productos/papas-andinas-sueño-verde-x-600-gr/_/R-00186722-00186722-200?Dy=1,D,recaptcha,,,,
Argentina,Coto,Tomates,Coto  ,https://www.cotodigital.com.ar/sitios/cdigi/productos/tomate-red-x-kg/_/R-00000684-00000684-200?Dy=1,D,recaptcha,,,,
Argentina,Coto,Tomates,Cosecha Criolla  ,https://www.cotodigital.com.ar/sitios/cdigi/productos/tomate-red-especial-x-kg-xkg/_/R-00035072-00035072-200?Dy=1,D,recaptcha,,,,
Argentina,Coto,Tomates,Rocky  ,https://www.cotodigital.com.ar/sitios/cdigi/productos/tomate-cherry-rocky-x-300-gr/_/R-00040367-00040367-200?Dy=1&showMoreIds=10093,D,recaptcha,,,,
Argentina,Dia,Leche liquida,La Serenisima  ,https://diaonline.supermercadosdia.com.ar/leche-multidefensa-3--la-serenisima-1-lt-274565/p,D,recaptcha,,,,
Argentina,Dia,Leche liquida,Lechelita  ,https://diaonline.supermercadosdia.com.ar/leche-entera-larga-vida-lechelita-1-lt-300130/p,D,recaptcha,,,,
Argentina,Dia,Leche liquida,Dia  ,https://diaonline.supermercadosdia.com.ar/leche-entera-dia-larga-vida-1-lt-608/p,D,recaptcha,,,,
Argentina,Dia,Leche liquida,Casanto,https://diaonline.supermercadosdia.com.ar/leche-fresca-entera-3--fortificada-casanto-sachet-1-lt-288868/p,D,recaptcha,,,,
Argentina,Dia,Leche liquida,Las Tres Niñas  ,https://diaonline.supermercadosdia.com.ar/leche-entera-las-3-ninas-larga-vida-1-lt-58463/p,D,recaptcha,,,,
Argentina,Dia,Pan de molde,Fargo  ,https://diaonline.supermercadosdia.com.ar/pan-integral-fargo-400-gr-263877/p,D,recaptcha,,,,
Argentina,Dia,Pan de molde,Bimbo  ,https://diaonline.supermercadosdia.com.ar/pan-blanco-bimbo-610-gr-263871/p,D,recaptcha,,,,
Argentina,Dia,Pan de molde,Noly  ,https://diaonline.supermercadosdia.com.ar/pan-lacteado-noly-grande-600-gr-138110/p,D,recaptcha,,,,
Argentina,Dia,Pan de molde,Lactal  ,https://diaonline.supermercadosdia.com.ar/pan-salvado-lactal-560-gr-241835/p,D,recaptcha,,,,
Argentina,Dia,Pan de molde,Dia  ,https://diaonline.supermercadosdia.com.ar/pan-blanco-grande-dia-460-gr-295395/p,D,recaptcha,,,,
Argentina,Dia,Azúcar,Ledesma  ,https://diaonline.supermercadosdia.com.ar/azucar-ledesma-refinado-superior-1-kg-129208/p,D,recaptcha,,,,
Argentina,Dia,Azúcar,Dia  ,https://diaonline.supermercadosdia.com.ar/azucar-plus-dia-comun-tipo-a-1-kg-130321/p,D,recaptcha,,,,
Argentina,Dia,Azúcar,La Providencia  ,https://diaonline.supermercadosdia.com.ar/azucar-la-providencia-1-kg-294967/p,D,recaptcha,,,,
Argentina,Dia,Azúcar,Arcor  ,https://diaonline.supermercadosdia.com.ar/azucar-comun-arcor-tipo--a--1-kg-260592/p,D,recaptcha,,,,
Argentina,Dia,Azúcar,Azucel  ,https://diaonline.supermercadosdia.com.ar/azucar-azucel-comun-tipo--a--500-gr-266204/p,D,recaptcha,,,,
Argentina,Dia,Pasta seca,Lucchetti  ,https://diaonline.supermercadosdia.com.ar/fideos-spaghetti-n7-luchetti-500-gr-40877/p,D,recaptcha,,,,
Argentina,Dia,Pasta seca,Matarazzo  ,https://diaonline.supermercadosdia.com.ar/fideos-spaghetti-n3-matarazzo-500-gr-38576/p,D,recaptcha,,,,
Argentina,Dia,Pasta seca,Dia  ,https://diaonline.supermercadosdia.com.ar/fideos-spaghetti-dia-500-gr-285831/p,D,recaptcha,,,,
Argentina,Dia,Pasta seca,Don Vicente  ,https://diaonline.supermercadosdia.com.ar/fideos-tallarin-don-vicente-500-gr-299848/p,D,recaptcha,,,,
Argentina,Dia,Pasta seca,Favorita  ,https://diaonline.supermercadosdia.com.ar/fideos-spaghetti-favorita-500-gr-61256/p,D,recaptcha,,,,
Argentina,Dia,Pollo entero,Granja Tres Arroyos  ,https://diaonline.supermercadosdia.com.ar/patamuslo-iqf-granja-3-arroyos-800-gr-298506/p,D,recaptcha,,,,
Argentina,Dia,Pollo entero,Dia  ,https://diaonline.supermercadosdia.com.ar/pollo-fresco-x-1-kg-90150/p,D,recaptcha,,,,
Argentina,Dia,Huevos,Dia  ,https://diaonline.supermercadosdia.com.ar/huevo-blanco-grande-12-ud-48133/p,D,recaptcha,,,,
Argentina,Dia,Queso blando,La Serenisima  ,https://diaonline.supermercadosdia.com.ar/queso-cremoso-la-serenisima-1-kg-299838/p,D,recaptcha,,,,
Argentina,Dia,Queso blando,La Paulina  ,https://diaonline.supermercadosdia.com.ar/queso-cremoso-la-paulina-x-kg-90181/p,D,recaptcha,,,,
Argentina,Dia,Queso blando,Vacalin,https://diaonline.supermercadosdia.com.ar/queso-cremoso-vacalin-400-gr-150653/p,D,recaptcha,,,,
Argentina,Dia,Queso blando,Doña Aurora,https://diaonline.supermercadosdia.com.ar/queso-muzzarella-dona-aurora-ahumado-500-gr-268361/p,D,recaptcha,,,,
Argentina,Dia,Queso blando,Dia  ,https://diaonline.supermercadosdia.com.ar/queso-muzzarella-dia-250-gr-271414/p,D,recaptcha,,,,
Argentina,Dia,Refrescos de cola,Coca-Cola  ,https://diaonline.supermercadosdia.com.ar/gaseosa-coca-cola-sabor-original-225-lt-14837/p,D,recaptcha,,,,
Argentina,Dia,Refrescos de cola,Pepsi  ,https://diaonline.supermercadosdia.com.ar/gaseosa-cola-regular-pepsi-2-lt-115102/p,D,recaptcha,,,,
Argentina,Dia,Refrescos de cola,Dia  ,https://diaonline.supermercadosdia.com.ar/gaseosa-cola-dia-15-lt-24841/p,D,recaptcha,,,,
Argentina,Dia,Refrescos de cola,Cunnington  ,https://diaonline.supermercadosdia.com.ar/gaseosa-cola-cunnington-225-lt-264018/p,D,recaptcha,,,,
Argentina,Dia,Refrescos de cola,Crush  ,https://diaonline.supermercadosdia.com.ar/gaseosa-crush-sin-azucar-pomelo-amarillo-225-lt-114822/p,D,recaptcha,,,,
Argentina,Dia,Papas,Dia  ,https://diaonline.supermercadosdia.com.ar/papa-negra-x-1-kg-90094/p,D,recaptcha,,,,
Argentina,Dia,Tomates,Dia  ,https://diaonline.supermercadosdia.com.ar/tomate-redondo-x-1-kg-90127/p,D,recaptcha,,,,
Argentina,Libertad,Leche liquida,La Serenisima  ,https://www.hiperlibertad.com.ar/leche-entera-la-seren-sima-mult-vit-3-sachet-x-1-lt/p?sc=1,D,recaptcha,,,,
Argentina,Libertad,Leche liquida,Tregar  ,https://www.hiperlibertad.com.ar/leche-larga-vida-entera-tregar-1-lt/p?sc=1,D,recaptcha,,,,
Argentina,Libertad,Leche liquida,Manfrey  ,https://www.hiperlibertad.com.ar/leche-entera-manfrey-sachet-1l/p?sc=1,D,recaptcha,,,,
Argentina,Libertad,Leche liquida,MIR,https://www.hiperlibertad.com.ar/leche-larga-vida-parcialmente-descremada-la-seren-sima-liviana-1-x-1-lt/p?sc=1,D,recaptcha,,,,
Argentina,Libertad,Leche liquida,Las Tres Niñas  ,https://www.hiperlibertad.com.ar/leche-las-tres-ninas-descremada-1l/p?sc=1,D,recaptcha,,,,
Argentina,Libertad,Pan de molde,Fargo  ,https://www.hiperlibertad.com.ar/pan-blanco-lacteado-fargo-x-380g/p?sc=1,D,recaptcha,,,,
Argentina,Libertad,Pan de molde,Bimbo  ,https://www.hiperlibertad.com.ar/pan-blanco-bimbo-x-610g/p?sc=1,D,recaptcha,,,,
Argentina,Libertad,Pan de molde,Lactal  ,https://www.hiperlibertad.com.ar/pan-salvado-lactal-x-560g/p?sc=1,D,recaptcha,,,,
Argentina,Libertad,Pan de molde,La Veneziana  ,https://www.hiperlibertad.com.ar/pan-lactal-familiar-veneziana-blanco-x-600-gr/p?sc=1,D,recaptcha,,,,
Argentina,Libertad,Pan de molde,Libertad  ,https://www.hiperlibertad.com.ar/pan-frances-x-500-g/p?sc=1,D,recaptcha,,,,
Argentina,Libertad,Azúcar,Ledesma  ,https://www.hiperlibertad.com.ar/azucar-ledesma-clasica-1-kg/p?sc=1,D,recaptcha,,,,
Argentina,Libertad,Azúcar,La Perla  ,https://www.hiperlibertad.com.ar/azucar-la-perla-1kg/p?sc=1,D,recaptcha,,,,
Argentina,Libertad,Azúcar,Domino,https://www.hiperlibertad.com.ar/azucar-comun-domino-1-kg/p?sc=1,D,recaptcha,,,,
Argentina,Libertad,Azúcar,Azucel  ,https://www.hiperlibertad.com.ar/azucar-azucel-1-kilo/p?sc=1,D,recaptcha,,,,
Argentina,Libertad,Pasta seca,Lucchetti  ,https://www.hiperlibertad.com.ar/fideos-spaghetti-n7-lucchetti-x-500-gr/p?sc=1,D,recaptcha,,,,
Argentina,Libertad,Pasta seca,Matarazzo  ,https://www.hiperlibertad.com.ar/fideos-spaghetti-n-3-matarazzo-500g/p?sc=1,D,recaptcha,,,,
Argentina,Libertad,Pasta seca,Terrabusi  ,https://www.hiperlibertad.com.ar/fideos-terrabusi-spaghetti-n-3-x-500-gr/p?sc=1,D,recaptcha,,,,
Argentina,Libertad,Pasta seca,La Providencia  ,https://www.hiperlibertad.com.ar/fideos-la-providencia-tallarin-500-gr/p?sc=1,D,recaptcha,,,,
Argentina,Libertad,Pasta seca,Don Vicente  ,https://www.hiperlibertad.com.ar/fideos-fettuccini-don-vicente-x-500-gr/p?sc=1,D,recaptcha,,,,
Argentina,Libertad,Pollo entero,Libertad  ,https://www.hiperlibertad.com.ar/pollo-fresco-x-un-aprox-2-5kg/p?sc=1,D,recaptcha,,,,
Argentina,Libertad,Pollo entero,Granja los Arroyos,https://www.hiperlibertad.com.ar/inner-fillette-de-pollo-congelado-iqf-supremitas-x-800-gr/p?sc=1,D,recaptcha,,,,
Argentina,Libertad,Huevos,Libertad  ,https://www.hiperlibertad.com.ar/huevo-blanco-mediterranea-x6u/p?sc=1,D,recaptcha,,,,
Argentina,Libertad,Huevos,Los Martinez  ,https://www.hiperlibertad.com.ar/huevos-gallina-color-x-12u/p?sc=1,D,recaptcha,,,,
Argentina,Libertad,Queso blando,La Serenisima  ,https://www.hiperlibertad.com.ar/queso-cremon-cremoso-x-500gr/p?sc=1,D,recaptcha,,,,
Argentina,Libertad,Queso blando,La Paulina  ,https://www.hiperlibertad.com.ar/queso-cremoso-la-paulina-x-450-gr/p?sc=1,D,recaptcha,,,,
Argentina,Libertad,Queso blando,Milkaut  ,https://www.hiperlibertad.com.ar/queso-cheddar-fetas-milkaut-x-145g/p?sc=1,D,recaptcha,,,,
Argentina,Libertad,Queso blando,Manfrey  ,https://www.hiperlibertad.com.ar/queso-tybo-manfrey-x-250-gr/p?sc=1,D,recaptcha,,,,
Argentina,Libertad,Queso blando,Doña Aurora,https://www.hiperlibertad.com.ar/mozzarella-dona-aurora-250gr/p?sc=1,D,recaptcha,,,,
Argentina,Libertad,Refrescos de cola,Coca-Cola  ,https://www.hiperlibertad.com.ar/gaseosa-coca-cola-sabor-original-1-5-lt/p?sc=1,D,recaptcha,,,,
Argentina,Libertad,Refrescos de cola,Pepsi  ,https://www.hiperlibertad.com.ar/gaseosa-pepsi-70kcal-2000cc/p?sc=1,D,recaptcha,,,,
Argentina,Libertad,Refrescos de cola,Pritty  ,https://www.hiperlibertad.com.ar/gaseosa-pritty-lim-n-x-2-25-lt/p?sc=1,D,recaptcha,,,,
Argentina,Libertad,Refrescos de cola,Cunnington  ,https://www.hiperlibertad.com.ar/gaseosa-cola-cunnington-classic-pet-3-lts/p?sc=1,D,recaptcha,,,,
Argentina,Libertad,Refrescos de cola,Crush  ,https://www.hiperlibertad.com.ar/crush-lima-lim-n-2-25-lt/p?sc=1,D,recaptcha,,,,
Argentina,Libertad,Papas,Libertad  ,https://www.hiperlibertad.com.ar/papa-cepillada-x-1-kg/p?sc=1,D,recaptcha,,,,
Argentina,Libertad,Papas,McCain  ,https://www.hiperlibertad.com.ar/papas-mccain-noisette-x-600-gr/p?sc=1,D,recaptcha,,,,
Argentina,Libertad,Tomates,Libertad  ,https://www.hiperlibertad.com.ar/tomate-redondo-x-500g/p?sc=1,D,recaptcha,,,,
Colombia,Exito,Huevos,Kikes,https://www.exito.com/huevo-aa-rojo-30und-pet-744836/p,D,no,,,,
Colombia,Exito,Huevos,Santa Reyes,https://www.exito.com/huevo-rojo-aa-x-30-unidades-120829/p,D,no,,,,
Colombia,Exito,Huevos,Santa Anita,https://www.exito.com/huevo-30und-omega-rojo-santa-anita-30-unidad-867527/p,D,no,,,,
Colombia,Exito,Huevos,Huevos Oro,https://www.exito.com/huevo-campesino-rojo-aa-huevos-oro-30-und-425721/p,D,no,,,,
Colombia,Exito,Huevos,Gallina feliz,https://www.exito.com/huevo-gallina-feliz-rojo-aa-x-32-und-cu-908166/p,D,no,,,,
Colombia,Exito,Arroz,Arroz Diana,https://www.exito.com/arroz-premium-1000-gr-130605/p,D,no,,,,
Colombia,Exito,Arroz,Roa,https://www.exito.com/arroz-roa-1-kilo-477377/p,D,no,,,,
Colombia,Exito,Arroz,Flor Huila,https://www.exito.com/arroz-flor-huila-1000-gr-491125/p,D,no,,,,
Colombia,Exito,Arroz,Sonora,https://www.exito.com/arroz-blanco-x-1000-gr-622811/p,D,no,,,,
Colombia,Exito,Arroz,Golondrina,https://www.exito.com/arroz-golondrina-2500-gr-3172659/p,D,no,,,,
Colombia,Éxito,Arroz,Federal,https://www.exito.com/arroz-premium-alto-rendimiento-x-2500-gr-949864/p,D,no,,,,
Colombia,Exito,Pan de molde,Bimbo,https://www.exito.com/pan-bimbo-blanco-suave-esponjoso-730-gr-3202794/p,D,no,,,,
Colombia,Exito,Pan de molde,Comapan,https://www.exito.com/pan-tajado-extralargo-476498/p,D,no,,,,
Colombia,Exito,Pan de molde,Vital,https://www.exito.com/pan-tajado-vital-semillas-500-gr-93997/p,D,no,,,,
Colombia,Exito,Pan de molde,Mauka,https://www.exito.com/pan-de-sagu-sin-gluten-mauka-snacks-450-gramo-122829/p,D,no,,,,
Colombia,Exito,Pan de molde,Santa Clara,https://www.exito.com/pan-pullman-extralargo-34470/p,D,no,,,,
Colombia,Exito,Pan de molde,Éxito,https://www.exito.com/pan-tajado-mantequilla-exito-marca-propia-550-gr-3098991/p,D,no,,,,
Colombia,Exito,Leche liquida,Alpina,https://www.exito.com/leche-deslactosada-sixpack-en-bolsa-x-11-litros-cu-957267/p,D,no,,,,
Colombia,Exito,Leche liquida,Colanta,https://www.exito.com/leche-uht-entera-colanta-6000-ml-3069107/p,D,no,,,,
Colombia,Exito,Leche liquida,Alqueria,https://www.exito.com/leche-sabor-original-alqueria-1300-ml-3141762/p,D,no,,,,
Colombia,Exito,Leche liquida,Éxito,https://www.exito.com/leche-entera-uht-paquete-exito-marca-propia-5400-ml-3101114/p,D,no,,,,
Colombia,Exito,Tomates,Chonto,https://www.exito.com/tomate-chonto-unidad-937107/p,D,no,,,,
Colombia,Exito,Tomates,Frescampo,https://www.exito.com/tomate-chonto-frescampo-x-1000-gr-120787/p,D,no,,,,
Colombia,Exito,Tomates,Hunts,https://www.exito.com/tomate-picado-oregano-y-albaca-376826/p,D,no,,,,
Colombia,Exito,Banano,Éxito,https://www.exito.com/banano-unidad-937109/p,D,no,,,,
Colombia,Exito,Banano,Ticsa,https://www.exito.com/banano-deshidratado-103939955-mp/p,D,no,,,,
Colombia,Exito,Banano,Etnico,https://www.exito.com/banano-crocante-liofilizado-15g-101283837-mp/p,D,no,,,,
Colombia,Exito,Cebolla,TAEQ,https://www.exito.com/cebolla-blanca-organico-x-500gr-84781/p,D,no,,,,
Colombia,Exito,Cebolla,Éxito,https://www.exito.com/cebolla-blanca-unidad-956928/p,D,no,,,,
Colombia,Exito,Cebolla,Paisana,https://www.exito.com/cebolla-roja-unidad-170530/p,D,no,,,,
Colombia,Exito,Papa,Éxito,https://www.exito.com/papa-criolla-a-granel-436803/p,D,no,,,,
Colombia,Exito,Papa,Frescampo ,https://www.exito.com/papa-criolla-ekono-1000g-824255/p,D,no,,,,
Colombia,Exito,Papa,McCain,https://www.exito.com/papa-rusticas-mccain-500-gr-3026309/p,D,no,,,,
Colombia,Exito,Queso blando,Colanta,https://www.exito.com/queso-mozarella-486014/p,D,no,,,,
Colombia,Exito,Queso blando,Alpina,https://www.exito.com/queso-mozarella-x-25-tajadas-417-gr-268748/p,D,no,,,,
Colombia,Exito,Queso blando,Superior,https://www.exito.com/queso-mozarella-tajado-superior-400-gr-3127727/p,D,no,,,,
Colombia,Exito,Queso blando,Campo Real,https://www.exito.com/queso-semigraso-7cueros-enroll-11242/p,D,no,,,,
Colombia,Exito,Queso blando,Del Vecchio,https://www.exito.com/queso-pera-relleno-con-bocadillo-de-guayaba-tripack-x-210-gr-539595/p,D,no,,,,
Colombia,Exito,Queso blando,Pasco,https://www.exito.com/queso-light-bloque-560384/p,D,no,,,,
Colombia,Exito,Azucar,Manuelita,https://www.exito.com/azucar-alta-pureza-2-kg-278588/p,D,no,,,,
Colombia,Exito,Azucar,Riopaila,https://www.exito.com/azucar-blanca-475197/p,D,no,,,,
Colombia,Exito,Azucar,Incauca,https://www.exito.com/azucar-blanco-in-cauca-2500-gramo-15867/p,D,no,,,,
Colombia,Exito,Azucar,Mayaguez,https://www.exito.com/azucar-mayaguez-492336/p,D,no,,,,
Colombia,Exito,Azucar,Providencia,https://www.exito.com/azucar-organica-doypack-454-gr-282344/p,D,no,,,,
Colombia,Jumbo,Huevos,Kikes,https://www.jumbocolombia.com/huevos-kikes-rojo-tipo-aa-x30und/p,D,recaptcha,,,,
Colombia,Jumbo,Huevos,Santa reyes ,https://www.jumbocolombia.com/huevo-aa-rojo-x30-unidades-santa-reyes/p,D,recaptcha,,,,
Colombia,Jumbo,Huevos,Santa Anita,https://www.jumbocolombia.com/huevo-santa-anita-ome-ga-aaa-rojo-x-30-und/p,D,recaptcha,,,,
Colombia,Jumbo,Huevos,Huevos Oro,https://www.jumbocolombia.com/campesino-termoencogido-oro-aa-x30-unidades/p,D,recaptcha,,,,
Colombia,Jumbo,Huevos,Gallina feliz,https://www.jumbocolombia.com/huevo-sixpack-x-3und-gallina-feliz-100porciento-natural/p,D,recaptcha,,,,
Colombia,Jumbo,Arroz,Diana,https://www.tiendasjumbo.co/arroz-diana-x-1-kg/p/,D,recaptcha,,,,
Colombia,Jumbo,Arroz,Roa,https://www.tiendasjumbo.co/arroz-roa-x5kg/p,D,recaptcha,,,,
Colombia,Jumbo,Arroz,Flor Huila,https://www.tiendasjumbo.co/arroz-florhuila-x-10-kg/p,D,recaptcha,,,,
Colombia,Jumbo,Arroz,Castellano,https://www.tiendasjumbo.co/arroz-castellano-premium-blanco-x4000g/p,D,recaptcha,,,,
Colombia,Jumbo,Arroz,Sonora,https://www.tiendasjumbo.co/arroz-sonora-x3kg/p,D,recaptcha,,,,
Colombia,Jumbo,Arroz,Doña pepa,https://www.tiendasjumbo.co/arroz-dona-pepa-parbolizado-x1000g/p,D,recaptcha,,,,
Colombia,Jumbo,Pan de molde,Bimbo,https://www.tiendasjumbo.co/pan-bimbo-integral-bolsa-x-480g-3643446/p,D,recaptcha,,,,
Colombia,Jumbo,Pan de molde,Comapan,https://www.jumbocolombia.com/pan-comapan-extragrande-x-750-g/p,D,recaptcha,,,,
Colombia,Jumbo,Pan de molde,Vital,https://www.jumbocolombia.com/pan-bimbo-vital-frutos-rojos-x-460-g/p,D,recaptcha,,,,
Colombia,Jumbo,Pan de molde,Mauka,https://www.jumbocolombia.com/pan-mauka-sagu-tajado-sin-gluten-x450g/p,D,recaptcha,,,,
Colombia,Jumbo,Pan de molde,Santa Clara,https://www.tiendasjumbo.co/pan-blanco-extra-largo-santa-clara-x-550-g/p,D,recaptcha,,,,
Colombia,Jumbo,Leche liquida,Alpina,https://www.tiendasjumbo.co/leche-entera-alpina-bolsa-x6-und-x1100ml-0460684/p,D,recaptcha,,,,
Colombia,Jumbo,Leche liquida,Colanta,https://www.tiendasjumbo.co/leche-entera-colanta-bolsa-x6-und-x1000ml-3509862/p,D,recaptcha,,,,
Colombia,Jumbo,Leche liquida,Alqueria,https://www.tiendasjumbo.co/leche-alqueria-original-pague-5-lleve-6x1100ml-c-u/p,D,recaptcha,,,,
Colombia,Jumbo,Leche liquida,Maxima,https://www.jumbocolombia.com/leche-maxima-entera-bolsa-x-900ml/p,D,recaptcha,,,,
Colombia,Jumbo,Tomates,Cencosud,https://www.jumbocolombia.com/tomate-larga-vida-x-500g/p,D,recaptcha,,,,
Colombia,Jumbo,Tomates,A granel,https://www.jumbocolombia.com/tomate-chonto-x-500-g/p,D,recaptcha,,,,
Colombia,Jumbo,Tomates,Frescocampo,https://www.jumbocolombia.com/tomate-frescocampo-kosher-x-1000-g/p,D,recaptcha,,,,
Colombia,Jumbo,Banano,Cencosud,https://www.jumbocolombia.com/banano-uraba-x-500-g/p,D,recaptcha,,,,
Colombia,Jumbo,Banano,Insualimentos,https://www.jumbocolombia.com/banano-deshidratado-x-200-g/p,D,recaptcha,,,,
Colombia,Jumbo,Cebolla,A granel,https://www.tiendasjumbo.co/cebolla-cabezona-a-granel-x-500g/p,D,recaptcha,,,,
Colombia,Jumbo,Cebolla,Cencosud,https://www.jumbocolombia.com/cebolla-cabezona-malla-x-2000g/p,D,recaptcha,,,,
Colombia,Jumbo,Cebolla,Distribuidora de alimentos no,https://www.jumbocolombia.com/cebolla-cabezona-frescocampo-kosher-x-1000g/p,D,recaptcha,,,,
Colombia,Jumbo,Papa,Cencosud,https://www.jumbocolombia.com/papa-capira-x-500-g/p,D,recaptcha,,,,
Colombia,Jumbo,Papa,A granel,https://www.jumbocolombia.com/papa-parda-pastusa-granel-x-500-g/p,D,recaptcha,,,,
Colombia,Jumbo,Papa,Maxima mp,https://www.jumbocolombia.com/papa-pastusa-x-2500-g/p,D,recaptcha,,,,
Colombia,Jumbo,Papa,McCain,https://www.tiendasjumbo.co/papa-mccain-rapipapa-rustica-x1000g/p,D,recaptcha,,,,
Colombia,Jumbo,Queso blando,Colanta,https://www.jumbocolombia.com/queso-blanco-x-500-g-colanta/p,D,recaptcha,,,,
Colombia,Jumbo,Queso blando,Alpina,https://www.jumbocolombia.com/queso-mozarella-tajado-alpina-x-25-und-x-400-g/p,D,recaptcha,,,,
Colombia,Jumbo,Queso blando,Superior,https://www.jumbocolombia.com/queso-superior-mozarella-tajado-x400g-pn/p,D,recaptcha,,,,
Colombia,Jumbo,Queso blando,Campo Real,https://www.jumbocolombia.com/queso-campo-real-mozzarella-tajado-x500g/p,D,recaptcha,,,,
Colombia,Jumbo,Queso blando,Pasco,https://www.jumbocolombia.com/queso-mozzarella-light-pasco-x-450-g/p,D,recaptcha,,,,
Colombia,Jumbo,Queso blando,Del Vecchio,https://www.jumbocolombia.com/queso-butirro-del-vecchio-x3-und-x210-grs/p,D,recaptcha,,,,
Colombia,Jumbo,Azucar,Riopaila,https://www.tiendasjumbo.co/azucar-blanco-riopaila-x-1000g/p,D,recaptcha,,,,
Colombia,Jumbo,Azucar,Manuelita,https://www.tiendasjumbo.co/azucar-manuelita-alta-pureza-x-1-kilo/p,D,recaptcha,,,,
Colombia,Jumbo,Azucar,Incauca,https://www.tiendasjumbo.co/azucar-incauca-blanco-especial-1-kg/p,D,recaptcha,,,,
Colombia,Jumbo,Azucar,Mayaguez,https://www.tiendasjumbo.co/azucar-blanco-mayaguez-x-2500-g/p,D,recaptcha,,,,
Colombia,Jumbo,Azucar,Providencia,https://www.tiendasjumbo.co/azucar-blanco-2-5kg-providencia/p,D,recaptcha,,,,
Colombia,Olimpica,Huevos,Kikes,https://www.olimpica.com/huevo-aa-rojo-pet-kikes-30un-7707304621100-1353948/p,D,recaptcha,,,,
Colombia,Olimpica,Huevos,Santa Reyes,https://www.olimpica.com/huevo-aa-rojo-vinipel-30-un-7702420910015/p,D,recaptcha,,,,
Colombia,Olimpica,Huevos,Santa Anita,https://www.olimpica.com.co/huevo-santa-anita-aa-rojo-24un-7706772100582-973681/p,D,recaptcha,,,,
Colombia,Olimpica,Huevos,Huevos Oro,https://www.olimpica.com/huevo-campesino-nutriavicola-rojo-x30un-7702349030375-1006331/p,D,recaptcha,,,,
Colombia,Olimpica,Arroz,Diana,https://www.olimpica.com/arroz-diana-5-kg-7702511000045-566554/p,D,recaptcha,,,,
Colombia,Olimpica,Arroz,Sabroson,https://www.olimpica.com/arroz-sabroson-5-kg-7707105805105-2000025/p,D,recaptcha,,,,
Colombia,Olimpica,Arroz,Olimpica,https://www.olimpica.com/arroz-olimpica-10-kg-m-bult/p,D,recaptcha,,,,
Colombia,Olimpica,Arroz,Doña pepa,https://www.olimpica.com/arroz-donapepa-153-5kg-7702231300043-1393182/p,D,recaptcha,,,,
Colombia,Olimpica,Arroz,Mi arroz,https://www.olimpica.com/arroz-mi-arroz-3-kg-7707105814060-1635734/p,D,recaptcha,,,,
Colombia,Olimpica,Arroz,Doña rosa,https://www.olimpica.com/arroz-dona-rosa-paca-25-und-12-5-kg/p,D,recaptcha,,,,
Colombia,Olimpica,Pan de molde,Bimbo,https://www.olimpica.com/pan-tajado-bimbo-integral-650-g-7705326073365--754200/p,D,recaptcha,,,,
Colombia,Olimpica,Pan de molde,Comapan,https://www.olimpica.com/pan-tajado-integral-centeno-malta-comapan-400g-7702432217928--5085884/p,D,recaptcha,,,,
Colombia,Olimpica,Pan de molde,Vital,https://www.olimpica.com/pan-bimbo-vital-multicereal-500-g-7705326073907--811942/p,D,recaptcha,,,,
Colombia,Olimpica,Pan de molde,Mauka,https://www.olimpica.com/pan-sagu-mauka-450g/p,D,recaptcha,,,,
Colombia,Olimpica,Pan de molde,Olimpica,https://www.olimpica.com/pan-integral-olimpica-molde-540-g-25060263--350168/p,D,recaptcha,,,,
Colombia,Olimpica,Pan de molde,Mama ines,https://www.olimpica.com/pan-tajado-mama-ines-integral-440-g-7705326019264--691537/p,D,recaptcha,,,,
Colombia,Olimpica,Leche liquida,Alpina,https://www.olimpica.com/leche-uht-alpina-ent-cj-1-l/p,D,recaptcha,,,,
Colombia,Olimpica,Leche liquida,Colanta,https://www.olimpica.com/leche-uht-colanta-entera-1000ml-x6/p,D,recaptcha,,,,
Colombia,Olimpica,Leche liquida,Alqueria,https://www.olimpica.com/leche-alqueria-original-1100ml-x-6un/p,D,recaptcha,,,,
Colombia,Olimpica,Leche liquida,Olimpica,https://www.olimpica.com/leche-uht-olimpica/p,D,recaptcha,,,,
Colombia,Olimpica,Leche liquida,Medalla de oro,https://www.olimpica.com/leche-uht-medalla-oro-entera-900ml-x6-7701008629332-2146935/p,D,recaptcha,,,,
Colombia,Olimpica,Tomates,La economia,https://www.olimpica.com/tomate-pera-la-economica-1-kg-7701008112605-2569/p?skuId=2569,D,recaptcha,,,,
Colombia,Olimpica,Tomates,La giralda,https://www.olimpica.com/tomat-chonto-selecto-la-giralda-24045223-12848/p?skuId=12848,D,recaptcha,,,,
Colombia,Olimpica,Tomates,Fruver lista A,https://www.olimpica.com/tomate-tamarillo-24030519-6572/p?skuId=6572,D,recaptcha,,,,
Colombia,Olimpica,Tomates,Olimpica,https://www.olimpica.com/tomate-rio-grande-ciruelo/p?skuId=747,D,recaptcha,,,,
Colombia,Olimpica,Tomates,Hunts,https://www.olimpica.com/tomate-picados-hunts-411-g-27000380406--1104106/p,D,recaptcha,,,,
Colombia,Olimpica,Banano,Fruver lista A,https://www.olimpica.com/banano-bocadillo-7704862182463-4456/p?skuId=4456,D,recaptcha,,,,
Colombia,Olimpica,Banano,Olimpica,https://www.olimpica.com/banano-maduro/p?skuId=750,D,recaptcha,,,,
Colombia,Olimpica,Cebolla,Olimpica,https://www.olimpica.com/cebolla-cabezona-blanca/p?skuId=613,D,recaptcha,,,,
Colombia,Olimpica,Cebolla,Frescocampo,https://www.olimpica.com/cebolla-frescocampo-cabezona-blanca-kosher-1kg-7709631567830-12180/p?skuId=12180,D,recaptcha,,,,
Colombia,Olimpica,Cebolla,La giralda,https://www.olimpica.com/cebolla-blanca-selecta-la-giralda-24045186-12846/p?skuId=12846,D,recaptcha,,,,
Colombia,Olimpica,Papa,Olimpica,https://www.olimpica.com/papa-olimpica--pastusa-por-2-5-kg-7701008005280-724/p?skuId=724,D,recaptcha,,,,
Colombia,Olimpica,Papa,McCain,https://www.olimpica.com/papa-tradicional-mc-cain-1-kg-7707203350071-830476/p,D,recaptcha,,,,
Colombia,Olimpica,Papa,Medalla de oro,https://www.olimpica.com/papa-medalla-oro-francesa-1000-g-7701008629578-2142591/p,D,recaptcha,,,,
Colombia,Olimpica,Papa,Papafacil,https://www.olimpica.com/papa-mc-cain-facil-1-kg-7707203351184-1650663/p,D,recaptcha,,,,
Colombia,Olimpica,Queso blando,Colanta,https://www.olimpica.com/qso-bco-colanta-500-g/p,D,recaptcha,,,,
Colombia,Olimpica,Queso blando,Alpina,https://www.olimpica.com/quesito-alpina-fresco-blando-375g-7702001133628-2047338/p,D,recaptcha,,,,
Colombia,Olimpica,Queso blando,Del Vecchio,https://www.olimpica.com/qso-del--vecch-3-und-210-g/p,D,recaptcha,,,,
Colombia,Olimpica,Queso blando,Medalla de oro,https://www.olimpica.com/qso-medalla-oro-t-mozar-taj-250-g/p,D,recaptcha,,,,
Colombia,Olimpica,Queso blando,violife,https://www.olimpica.com/alimento-violife-mozzarella-200g/p,D,recaptcha,,,,
Colombia,Olimpica,Azucar,Riopaila,https://www.olimpica.com/azucar-riopaila-blanca-500-gr-7702127107022-798301/p,D,recaptcha,,,,
Colombia,Olimpica,Azucar,Manuelita,https://www.olimpica.com/azucar-manuelita-1-kg/p,D,recaptcha,,,,
Colombia,Olimpica,Azucar,Incauca,https://www.olimpica.com/azucar-cauca-1-kg-7702059402028-26770/p,D,recaptcha,,,,
Colombia,Olimpica,Azucar,Mayaguez,https://www.olimpica.com/azucar-mayaguez-bca-2-5kg/p,D,recaptcha,,,,
Colombia,Olimpica,Azucar,Olimpica,https://www.olimpica.com/azucar-blanca-olimpica-2-5-kg/p,D,recaptcha,,,,
Colombia,Olimpica,Azucar,Providencia,https://www.olimpica.com/azucar-providen-blanca--2-5-kg-7702104010307-73470/p,D,recaptcha,,,,
Colombia,Carulla,Huevos,Kikes,https://secure.carulla.com/huevo-aa-rojo-30und-pet-744836/p,D,no,,,,
Colombia,Carulla,Huevos,Santa Reyes,https://www.carulla.com/huevo-rojo-aa-x-30-unidades-120829/p,D,no,,,,
Colombia,Carulla,Huevos,Santa Anita,https://www.carulla.com/huevo-aa-rojo-x-12-unidades-315269/p,D,no,,,,
Colombia,Carulla,Huevos,Huevos Oro,https://www.carulla.com/huevo-oro-de-12und-aa-rosado-huevos-oro-12-und-494306/p,D,no,,,,
Colombia,Carulla,Huevos,Napoles,https://www.carulla.com/huevo-rojo-aa-15und-cryovac-napoles-15-und-315309/p,D,no,,,,
Colombia,Carulla,Huevos,Gallina feliz,https://www.carulla.com/gallina-feliz?srsltid=AfmBOopXDY7hGWpePqDjAe3yqae-1WGGTosM_pL5gwuq_NrgihKflkhb,D,no,,,,
Colombia,Carulla,Arroz,Diana,https://www.carulla.com/arroz-diana-5000-gr-498671/p,D,no,,,,
Colombia,Carulla,Arroz,Roa,https://www.carulla.com/arroz-roa-1-kilo-477377/p,D,no,,,,
Colombia,Carulla,Arroz,Flor Huila,https://www.carulla.com/arroz-882120/p,D,no,,,,
Colombia,Carulla,Arroz,Sonora,https://www.carulla.com/arroz-super-premium-arroz-sonora-premium-1000-gr-3147998/p,D,no,,,,
Colombia,Carulla,Arroz,Golondrina,https://www.carulla.com/arroz-golondrina-blanco-450-gr-3193795/p,D,no,,,,
Colombia,Carulla,Arroz,Carulla,https://www.carulla.com/arroz-blanco-carulla-1000-gr-3064261/p,D,no,,,,
Colombia,Carulla,Arroz,Doña pepa,https://www.carulla.com/arroz-parbolizado-x-1kg-624010/p,D,no,,,,
Colombia,Carulla,Pan de molde,Bimbo,https://www.carulla.com/pan-bimbo-pan-integral-1p-480g-flow-bim-480-gr-3188672/p,D,no,,,,
Colombia,Carulla,Pan de molde,Comapan,https://www.carulla.com/pan-integral-centeno-malteado-comapan-400-gramo-3002682/p,D,no,,,,
Colombia,Carulla,Pan de molde,Vital,https://www.carulla.com/pan-tajado-vital-semillas-500-gr-93997/p,D,no,,,,
Colombia,Carulla,Pan de molde,Mauka,https://www.carulla.com/pan-de-sagu-sin-gluten-mauka-snacks-450-gramo-122829/p,D,no,,,,
Colombia,Carulla,Pan de molde,Pan Factory,https://www.carulla.com/pan-6-granos-integral-873956/p,D,no,,,,
Colombia,Carulla,Pan de molde,Carulla,https://www.carulla.com/pan-tajado-blanco-carulla-600-gr-3098267/p,D,no,,,,
Colombia,Carulla,Pan de molde,Guadalupe,https://www.carulla.com/pan-integral-extralargo-827180/p,D,no,,,,
Colombia,Carulla,Leche liquida,Alpina,https://www.carulla.com/leche-entera-sixpack-en-bolsa-x-1100-ml-cu-211920/p,D,no,,,,
Colombia,Carulla,Leche liquida,Colanta,https://www.carulla.com/leche-entera-en-bolsa-x-900-ml-627376/p,D,no,,,,
Colombia,Carulla,Leche liquida,CARULLA,https://www.carulla.com/leche-entera-uht-paquete-carulla-6600-ml-3119441/p,D,no,,,,
Colombia,Carulla,Leche liquida,exito,https://www.carulla.com/leche-exito-marca-propia-en-caja-entera-900-ml-3189646/p,D,no,,,,
Colombia,Carulla,Tomates,Carulla,https://www.carulla.com/tomate-chonto-unidad-sel-carul-919757/p,D,no,,,,
Colombia,Carulla,Tomates,Frescampo,https://www.carulla.com/tomate-chonto-frescampo-x-1000-gr-120787/p,D,no,,,,
Colombia,Carulla,Banano,Carulla,https://www.carulla.com/banano-unidad-937109/p,D,no,,,,
Colombia,Carulla,Cebolla,Carulla,https://www.carulla.com/cebolla-blanca-unidad-956928/p,D,no,,,,
Colombia,Carulla,Cebolla,TAEQ,https://www.carulla.com/cebolla-blanca-organico-x-500gr-84781/p,D,no,,,,
Colombia,Carulla,Papa,Carulla,https://www.carulla.com/papa-pastusa-a-granel-x180gr-439761/p,D,no,,,,
Colombia,Carulla,Papa,McCain,https://www.carulla.com/papa-rapi-trad-megapack-mccain-2000-gr-3026307/p,D,no,,,,
Colombia,Carulla,Queso blando,Pasco,https://www.carulla.com/queso-mozarella-light-x6-unds-pasco-240-gramo-981065/p,D,no,,,,
Colombia,Carulla,Queso blando,Colanta,https://www.carulla.com/queso-mozzarella-colanta-475057/p,D,no,,,,
Colombia,Carulla,Queso blando,Alpina,https://www.carulla.com/queso-mozarella-x-25-tajadas-417-gr-268748/p,D,no,,,,
Colombia,Carulla,Queso blando,Superior,https://www.carulla.com/queso-mozarella-tajado-superior-400-gr-3127727/p,D,no,,,,
Colombia,Carulla,Queso blando,Campo Real,https://www.carulla.com/queso-semigraso-7cueros-enroll-11242/p,D,no,,,,
Colombia,Carulla,Queso blando,Del Vecchio,https://www.carulla.com/queso-pera-relleno-con-bocadillo-de-guayaba-tripack-x-210-gr-539595/p,D,no,,,,
Colombia,Carulla,Azucar,Manuelita,https://www.carulla.com/azucar-alta-pureza-2-kg-278588/p,D,no,,,,
Colombia,Carulla,Azucar,Riopaila,https://www.carulla.com/azucar-morena-1-kg-448916/p,D,no,,,,
Colombia,Carulla,Azucar,Incauca,https://www.carulla.com/azucar-cana-organica-incauca-850-gr-3094995/p,D,no,,,,
Colombia,D1,Huevos,Kikes,https://domicilios.tiendasd1.com/p/huevos-tipo-l-kikes-30-und-12006002,D,recaptcha,,,,
Colombia,D1,Huevos,Sol naciente,https://domicilios.tiendasd1.com/p/huevo-tipo-aa-sol-naciente-12-und-12000291,D,recaptcha,,,,
Colombia,D1,Arroz,Diana,https://domicilios.tiendasd1.com/p/arroz-diana-500-g-12002073,D,recaptcha,,,,
Colombia,D1,Arroz,Albar,https://domicilios.tiendasd1.com/p/arroz-estandar-500-grs-12000051,D,recaptcha,,,,
Colombia,D1,Pan de molde,Natri,https://domicilios.tiendasd1.com/p/pan-tajado-multigranos-450-g-12005835,D,recaptcha,,,,
Colombia,D1,Pan de molde,Horneaditos,https://domicilios.tiendasd1.com/p/pan-tajado-mantequilla-450g-12005834,D,recaptcha,,,,
Colombia,D1,Pan de molde,Vital,https://domicilios.tiendasd1.com/p/pan-vital-fruticereal-500-g-12004570,D,recaptcha,,,,
Colombia,D1,Leche liquida,Latti,https://domicilios.tiendasd1.com/p/leche-equilibrio-tetrapak-uhtlatti-900ml-12005778,D,recaptcha,,,,
Colombia,D1,Leche liquida,Alpina,https://domicilios.tiendasd1.com/p/leche-saborizada-alpin-pack-x3-185ml-12006263,D,recaptcha,,,,
Colombia,D1,Tomates,D1,https://domicilios.tiendasd1.com/p/tomate-chonto-x-1000-g-12005556,D,recaptcha,,,,
Colombia,D1,Tomates,Ainoa,https://domicilios.tiendasd1.com/p/tomates-secos-ainoa-180-g-12000941,D,recaptcha,,,,
Colombia,D1,Banano,D1,https://domicilios.tiendasd1.com/p/banano-unidad-12005468,D,recaptcha,,,,
Colombia,D1,Cebolla,D1,https://domicilios.tiendasd1.com/p/cebolla-cabezona-x-1000g-12005767,D,recaptcha,,,,
Colombia,D1,Papa,McCain,https://domicilios.tiendasd1.com/p/papa-airfryer-mccain-x-500g-12006077,D,recaptcha,,,,
Colombia,D1,Papa,D1,https://domicilios.tiendasd1.com/p/papa-capira-x-2500-g-12006191,D,recaptcha,,,,
Colombia,D1,Queso blando,Latti,https://domicilios.tiendasd1.com/p/queso-mozzarella-tajado-x-250g-latti-12006207,D,recaptcha,,,,
Colombia,D1,Queso blando,Alpina,https://domicilios.tiendasd1.com/p/quesito-alpina-185-g-12002456,D,recaptcha,,,,
Colombia,D1,Azucar,Zukaru,https://domicilios.tiendasd1.com/p/azucar-blanca-1000-grs-12000249,D,recaptcha,,,,
Colombia,D1,Azucar,Riopaila,https://domicilios.tiendasd1.com/p/azucar-morena-1000-grs-12000250,D,recaptcha,,,,
Colombia,D1,Azucar,Natri,https://domicilios.tiendasd1.com/p/endulzante-con-stevia-natri-180-g-12002470,D,recaptcha,,,,
Colombia,D1,Azucar,Mayaguez,https://domicilios.tiendasd1.com/p/azucar-blanca-1000-grs-12000249,D,recaptcha,,,,
Chile,Jumbo,Café,Nescafe  ,https://www.jumbo.cl/cafe-instantaneo-nescafe-tradicion-170-g/p,D,no,,,,
Chile,Jumbo,Café,Monterrey  ,https://www.jumbo.cl/cafe-monterrey-grano-250-g/p,D,no,,,,
Chile,Jumbo,Café,Marley Coffee  ,https://www.jumbo.cl/cafe-liof-descaf-high-tide-marley-100gr-1996662/p,D,no,,,,
Chile,Jumbo,Café,Juan Valdez  ,https://www.jumbo.cl/cafe-molido-juan-valdez-bolsa-250-g-fuerte/p,D,no,,,,
Chile,Jumbo,Café,Cruzeiro  ,https://www.jumbo.cl/cafe-grano-molido-pleno-cruzeiro-250gr-1900363/p,D,no,,,,
Chile,Jumbo,Papa,Jumbo  ,https://www.jumbo.cl/papas-jumbo-1-kg-6-unidad-aprox-granel/p,D,no,,,,
Chile,Jumbo,Papa,Huertos del Rancho  ,https://www.jumbo.cl/papa-baby-bolsa-1-kg/p,D,no,,,,
Chile,Jumbo,Papa,Eblooms  ,https://www.jumbo.cl/papa-para-cocer-eblooms-2kg/p,D,no,,,,
Chile,Jumbo,Pan de molde,Kingsbury,https://www.jumbo.cl/pan-molde-kingsbury-perfecto-580g-1960915/p,D,no,,,,
Chile,Jumbo,Pan de molde,Ideal  ,https://www.jumbo.cl/m-ideal-bco-xl-750/p,D,no,,,,
Chile,Jumbo,Pan de molde,Fuchs,https://www.jumbo.cl/esponja-vileda-ultrafresh-acanalada-3un-2003313/p,D,no,,,,
Chile,Jumbo,Pan de molde,Castaño  ,https://www.jumbo.cl/pan-molde-castano-blanco-s-lactosa-770g-1932111/p,D,no,,,,
Chile,Jumbo,Pan de molde,Cuisine&Co Jumbo  ,https://www.jumbo.cl/pan-artesano-550gr-cuisine-and-co-2009526/p,D,no,,,,
Chile,Jumbo,Refrescos de cola,Coca-Cola  ,https://www.jumbo.cl/bebida-coca-cola-15-l-botella-desechable/p,D,no,,,,
Chile,Jumbo,Refrescos de cola,Pepsi  ,https://www.jumbo.cl/bebida-pepsi-15-l-botella-desechable/p,D,no,,,,
Chile,Jumbo,Refrescos de cola,Canada Dry  ,https://www.jumbo.cl/bebida-canada-dry-15-l-ginger-ale-botella-desechable/p,D,no,,,,
Chile,Jumbo,Refrescos de cola,Kem  ,https://www.jumbo.cl/bebida-kem-15-l-botella-desechable/p,D,no,,,,
Chile,Jumbo,Refrescos de cola,Crush  ,https://www.jumbo.cl/bebida-crush-15-l-botella-desechable/p,D,no,,,,
Chile,Jumbo,Tomates,Jumbo  ,https://www.jumbo.cl/tomate-larga-vida-granel/p,D,no,,,,
Chile,Jumbo,Tomates,Vegus  ,https://www.jumbo.cl/tomate-cherry-organico-250-g/p,D,no,,,,
Chile,Jumbo,Huevos,Cintazul  ,https://www.jumbo.cl/huevos-grandes-blancos-cintazul-bandeja-12-unid/p,D,no,,,,
Chile,Jumbo,Huevos,Cuisine&Co Jumbo  ,https://www.jumbo.cl/huevos-grandes-blancos-bandeja-12-un-cuisine-and-co-1863083/p,D,no,,,,
Chile,Jumbo,Huevos,Santa Marta,https://www.jumbo.cl/huevos-extra-color-santa-marta-bandeja-12-unid/p,D,no,,,,
Chile,Jumbo,Huevos,Coliumo  ,https://www.jumbo.cl/huevo-grande-color-12-un/p,D,no,,,,
Chile,Jumbo,Huevos,Ecoterra  ,https://www.jumbo.cl/huevo-ecoterra-12-unid/p,D,no,,,,
Chile,Jumbo,Pollo entero,Ariztia  ,https://www.jumbo.cl/pollo-entero-ariztia/p,D,no,,,,
Chile,Jumbo,Pollo entero,Super Pollo  ,https://www.jumbo.cl/pollo-entero-super-pollo-23-kg-aprox/p,D,no,,,,
Chile,Jumbo,Pollo entero,Don Pollo  ,https://www.jumbo.cl/pollo-entero-con-menudencias-don-pollo-granel/p,D,no,,,,
Chile,Jumbo,Pollo entero,Canto del Gallo  ,https://www.jumbo.cl/pollo-entero-sin-marinar-canto-del-gallo-granel/p,D,no,,,,
Chile,Jumbo,Leche liquida,Colun  ,https://www.jumbo.cl/leche-entera-colun-caja-1-l-natural/p,D,no,,,,
Chile,Jumbo,Leche liquida,Soprole  ,https://www.jumbo.cl/leche-soprole-natural-1-litro/p,D,no,,,,
Chile,Jumbo,Leche liquida,Loncoleche  ,https://www.jumbo.cl/leche-entera-loncoleche-1-l/p,D,no,,,,
Chile,Jumbo,Leche liquida,Surlat  ,https://www.jumbo.cl/leche-entera-surlat-b-a-1l-1991554/p,D,no,,,,
Chile,Jumbo,Leche liquida,Cuisine&Co Jumbo  ,https://www.jumbo.cl/leche-entera-1-l-cuisine-and-co-1858321/p,D,no,,,,
Chile,Jumbo,Manzanas,Jumbo  ,https://www.jumbo.cl/manzana-royal-gala-granel/p,D,no,,,,
Chile,Jumbo,Pasta seca,Carozzi  ,https://www.jumbo.cl/spaghetti-n-5-carozzi-bolsa-400-g-2/p,D,no,,,,
Chile,Jumbo,Pasta seca,Lucchetti  ,https://www.jumbo.cl/spaghetti-n-5-lucchetti-bolsa-400-g/p,D,no,,,,
Chile,Jumbo,Pasta seca,Talliani  ,https://www.jumbo.cl/spaghetti-n-5-talliani-bolsa-400-g-con-huevos-frescos/p,D,no,,,,
Chile,Jumbo,Pasta seca,Trattoria  ,https://www.jumbo.cl/spaghetti-n-5-trattoria-bolsa-400-g-con-huevos-frescos/p,D,no,,,,
Chile,Jumbo,Pasta seca,Cuisine&Co Jumbo  ,https://www.jumbo.cl/spaghetti-100-trigo-duro-c-and-co-400g-1922153/p,D,no,,,,
Chile,Lider,Café,Nescafe  ,https://www.lider.cl/supermercado/product/sku/43765/nescafe-cafe-instantaneo-tradicion-tarro-400-g,D,cloudflare,,,,
Chile,Lider,Café,Gold  ,https://www.lider.cl/supermercado/product/sku/983268/gold-cafe-molido-premier-forte-250-gr,D,cloudflare,,,,
Chile,Lider,Café,Marley Coffee  ,https://www.lider.cl/supermercado/product/sku/820207/marley-coffee-cafe-organico-grano-molido-one-love-bolsa-227-gr,D,cloudflare,,,,
Chile,Lider,Café,Juan Valdez  ,https://www.lider.cl/supermercado/product/sku/287359/juan-valdez-cafe-colina-grano-molido-balanceado-250-gr,D,cloudflare,,,,
Chile,Lider,Café,D'Aroma  ,https://www.lider.cl/supermercado/product/sku/296187/daroma-cafe-molido-excelso-bolsa-250-gr,D,cloudflare,,,,
Chile,Lider,Papas,Lider  ,https://www.lider.cl/supermercado/product/sku/3821/multi-marca-papa-malla-2-kg,D,cloudflare,,,,
Chile,Lider,Papas,Huertos del Rancho  ,https://www.lider.cl/supermercado/product/sku/630639/multi-marca-papa-baby-bolsa-1-kg,D,cloudflare,,,,
Chile,Lider,Pan de molde,Lider  ,https://www.lider.cl/supermercado/product/sku/1017777/lider-pan-de-molde-500-g,D,cloudflare,,,,
Chile,Lider,Pan de molde,Ideal  ,https://www.lider.cl/supermercado/product/sku/1355528/ideal-pan-de-molde-integral-mas-protein-10-650-g,D,cloudflare,,,,
Chile,Lider,Pan de molde,Cena,https://www.lider.cl/supermercado/product/sku/4623012/cena-pan-de-molde-blanco-xl-740-g,D,cloudflare,,,,
Chile,Lider,Pan de molde,Castaño  ,https://www.lider.cl/supermercado/product/sku/1163406/castano-pan-de-molde-blanco-xl-770-g,D,cloudflare,,,,
Chile,Lider,Pan de molde,Kingsbury  ,https://www.lider.cl/supermercado/product/sku/916776/kingsbury-pan-de-molde-pan-perfecto-5050-580-g,D,cloudflare,,,,
Chile,Lider,Refrescos de cola,Coca-Cola  ,https://www.lider.cl/supermercado/product/sku/278598/coca-cola-bebida-original-botella-25-l,D,cloudflare,,,,
Chile,Lider,Refrescos de cola,Pepsi  ,https://www.lider.cl/supermercado/product/sku/3943/pepsi-bebida-original-botella-3-l,D,cloudflare,,,,
Chile,Lider,Refrescos de cola,Canada Dry  ,https://www.lider.cl/supermercado/product/sku/4089/canada-dry-bebida-ginger-ale-original-botella-15-l,D,cloudflare,,,,
Chile,Lider,Refrescos de cola,Kem  ,https://www.lider.cl/supermercado/product/sku/8065/kem-bebida-pina-original-botella-15-l,D,cloudflare,,,,
Chile,Lider,Refrescos de cola,Pap  ,https://www.lider.cl/supermercado/product/sku/485244/pap-bebida-papaya-zero-botella-15-l,D,cloudflare,,,,
Chile,Lider,Tomates,Lider  ,https://www.lider.cl/supermercado/product/sku/327604/multi-marca-tomate-larga-vida-granel-500-g-2-a-3-un-aprox,D,cloudflare,,,,
Chile,Lider,Tomates,Rocky  ,https://www.lider.cl/supermercado/product/sku/702977/multi-marca-tomate-regy-cocktail-pote-250-gr,D,cloudflare,,,,
Chile,Lider,Huevos,Cintazul  ,https://www.lider.cl/supermercado/product/sku/335130/cintazul-huevos-extra-grande-blanco-12un-12-un,D,cloudflare,,,,
Chile,Lider,Huevos,La Granja  ,https://www.lider.cl/supermercado/product/sku/576400/la-granja-huevos-de-campo-grande-color-gallina-libre-12-un,D,cloudflare,,,,
Chile,Lider,Huevos,Lider  ,https://www.lider.cl/supermercado/product/sku/462395/lider-huevos-extra-grande-blanco-12-un,D,cloudflare,,,,
Chile,Lider,Huevos,Yemita  ,https://www.lider.cl/supermercado/product/sku/319793/yemita-huevos-extra-grande-blanco-12un-12-un,D,cloudflare,,,,
Chile,Lider,Huevos,Coliumo  ,https://www.lider.cl/supermercado/product/sku/319779/coliumo-huevos-de-primera-blanco-sabor-a-campo-12-un,D,cloudflare,,,,
Chile,Lider,Pollo entero,Ariztia  ,https://www.lider.cl/supermercado/product/sku/602411/ariztia-pollo-entero-con-menudencias-envasado-25-kg,D,cloudflare,,,,
Chile,Lider,Pollo entero,Super Pollo  ,https://www.lider.cl/supermercado/product/sku/602535/super-pollo-pollo-entero-con-menudencia-25-kg,D,cloudflare,,,,
Chile,Lider,Pollo entero,Seara,https://www.lider.cl/supermercado/product/sku/4607626/seara-pollo-entero-sin-menudencias-congelado-2-kg,D,cloudflare,,,,
Chile,Lider,Leche liquida,Colun  ,https://www.lider.cl/supermercado/product/sku/5101/colun-leche-entera-natural-caja-1-l,D,cloudflare,,,,
Chile,Lider,Leche liquida,Soprole  ,https://www.lider.cl/supermercado/product/sku/702661/soprole-leche-entera-natural-1-l,D,cloudflare,,,,
Chile,Lider,Leche liquida,Lider  ,https://www.lider.cl/supermercado/product/sku/3091/lider-leche-natural-entera-1-l,D,cloudflare,,,,
Chile,Lider,Leche liquida,Surlat  ,https://www.lider.cl/supermercado/product/sku/1060083/surlat-leche-entera-1-l,D,cloudflare,,,,
Chile,Lider,Leche liquida,Loncoleche  ,https://www.lider.cl/supermercado/product/sku/1002314/loncoleche-leche-natural-entera-lonco-leche-1-l,D,cloudflare,,,,
Chile,Lider,Manzanas,Lider  ,https://www.lider.cl/supermercado/product/sku/848662/multi-marca-manzana-royal-bolsa-1-kg,D,cloudflare,,,,
Chile,Lider,Pasta seca,Carozzi  ,https://www.lider.cl/supermercado/product/sku/2713/carozzi-fideo-pasta-spaghetti-n5-bolsa-400-g,D,cloudflare,,,,
Chile,Lider,Pasta seca,Lucchetti  ,https://www.lider.cl/supermercado/product/sku/10703/lucchetti-fideo-pasta-spaghetti-n5-bolsa-400-g,D,cloudflare,,,,
Chile,Lider,Pasta seca,Talliani  ,https://www.lider.cl/supermercado/product/sku/2685/talliani-fideo-pasta-al-huevo-spaghetti-n5-bolsa-400-g,D,cloudflare,,,,
Chile,Lider,Pasta seca,Trattoria  ,https://www.lider.cl/supermercado/product/sku/270334/trattoria-fideo-pasta-al-huevo-spaghetti-n5-bolsa-400-g,D,cloudflare,,,,
Chile,Lider,Pasta seca,Lider  ,https://www.lider.cl/supermercado/product/sku/576170/lider-fideo-pasta-spaghetti-n5-bolsa-400-g,D,cloudflare,,,,
Chile,Alvi,Café,Nescafe  ,https://www.alvi.cl/product/cafe-instantaneo-tradicion-lata-2,D,no,,,,
Chile,Alvi,Café,Gold  ,https://www.alvi.cl/product/cafe-instantaneo-institucional,D,no,,,,
Chile,Alvi,Café,Monterrey  ,https://www.alvi.cl/product/cafe-instantaneo-clasico-lata,D,no,,,,
Chile,Alvi,Café,Cruzeiro  ,https://www.alvi.cl/product/cafe-liofilizado-frasco,D,no,,,,
Chile,Alvi,Papas,Frutos del Maipo  ,https://www.alvi.cl/product/papa-duquesa-cong-frutos-del-maipo-1-kg,D,no,,,,
Chile,Alvi,Pan de molde,Amada Masa  ,https://www.alvi.cl/product/pan-molde-blanco-amada-masa-500-gr,D,no,,,,
Chile,Alvi,Pan de molde,Ideal  ,https://www.alvi.cl/product/pan-molde-integral-xl-ideal-750gr,D,no,,,,
Chile,Alvi,Pan de molde,Cena  ,https://www.alvi.cl/product/pan-molde-blanco-xl-cena-740-gr,D,no,,,,
Chile,Alvi,Pan de molde,Guillermina  ,https://www.alvi.cl/product/pan-molde-sandw-blanco-guillermina-800-g,D,no,,,,
Chile,Alvi,Pan de molde,Bauducco  ,https://www.alvi.cl/product/pan-integral-bauducco-390gr,D,no,,,,
Chile,Alvi,Refrescos de cola,Coca-Cola  ,https://www.alvi.cl/product/bebida-original-desechable,D,no,,,,
Chile,Alvi,Refrescos de cola,Pepsi  ,https://www.alvi.cl/product/bebida-desechable-9,D,no,,,,
Chile,Alvi,Refrescos de cola,Canada Dry  ,https://www.alvi.cl/product/bebida-desechable-29,D,no,,,,
Chile,Alvi,Refrescos de cola,Kem  ,https://www.alvi.cl/product/bebida-desechable-6,D,no,,,,
Chile,Alvi,Refrescos de cola,Pap  ,https://www.alvi.cl/product/bebida-desechable-4,D,no,,,,
Chile,Alvi,Arroz,Nuestra cocina  ,https://www.alvi.cl/product/arroz-g2-grano-largo-ancho-bolsa,D,no,,,,
Chile,Alvi,Arroz,Tucapel  ,https://www.alvi.cl/product/arroz-g2-gran-seleccion-largo,D,no,,,,
Chile,Alvi,Arroz,Merkat  ,https://www.alvi.cl/product/arroz-largo-delgado-grado-2,D,no,,,,
Chile,Alvi,Arroz,Miraflores  ,https://www.alvi.cl/product/arroz-g1-largo-ancho-bolsa,D,no,,,,
Chile,Alvi,Arroz,Aruba  ,https://www.alvi.cl/product/arroz-g2-largo-delgado-aruba-900-gr,D,no,,,,
Chile,Alvi,Huevos,Nuestra Cocina  ,https://www.alvi.cl/product/huevos-blanco-grande,D,no,,,,
Chile,Alvi,Huevos,Yemita  ,https://www.alvi.cl/product/huevos-grande-blanco,D,no,,,,
Chile,Alvi,Huevos,La Herradura  ,https://www.alvi.cl/product/huevo-primera-color-la-herradura-30-un,D,no,,,,
Chile,Alvi,Pollo entero,Sadia  ,https://www.alvi.cl/product/pechuga-deshuesada-pollo-iqf,D,no,,,,
Chile,Alvi,Pollo entero,Super Pollo  ,https://www.alvi.cl/product/pechuga-deshuesada-congelada,D,no,,,,
Chile,Alvi,Leche liquida,Colun  ,https://www.alvi.cl/product/leche-entera-natural-sin-tapa,D,no,,,,
Chile,Alvi,Leche liquida,Soprole  ,https://www.alvi.cl/product/leche-entera-natural-2,D,no,,,,
Chile,Alvi,Leche liquida,Los Peumes  ,https://www.alvi.cl/product/leche-entera-tetra-los-peumos-1lt,D,no,,,,
Chile,Alvi,Leche liquida,Surlat  ,https://www.alvi.cl/product/leche-entera-natural-3,D,no,,,,
Chile,Alvi,Leche liquida,Loncoleche  ,https://www.alvi.cl/product/leche-entera-sin-lactosa-con-tapa,D,no,,,,
Chile,Alvi,Cerveza,Corona  ,https://www.alvi.cl/product/cerveza-extra-botella,D,no,,,,
Chile,Alvi,Cerveza,Budweiser  ,https://www.alvi.cl/product/cerveza-budweiser-473-cc-lata,D,no,,,,
Chile,Alvi,Cerveza,Heineken  ,https://www.alvi.cl/product/cerveza-botella,D,no,,,,
Chile,Alvi,Cerveza,Stella  ,https://www.alvi.cl/product/cerveza-stella-artois-330-cc-bot-2,D,no,,,,
Chile,Alvi,Cerveza,Royal Guard  ,https://www.alvi.cl/product/cerveza-royal-guard-470-cc-lata,D,no,,,,
Chile,Alvi,Pasta seca,Aconcagua  ,https://www.alvi.cl/product/pasta-spaghetti-n-5-3,D,no,,,,
Chile,Alvi,Pasta seca,Lucchetti  ,https://www.alvi.cl/product/pasta-spaghetti-n-5-2,D,no,,,,
Chile,Alvi,Pasta seca,Talliani  ,https://www.alvi.cl/product/pasta-spaghetti-n-5-al-huevo,D,no,,,,
Chile,Alvi,Pasta seca,Mercat  ,https://www.alvi.cl/product/pasta-spaghetti-n-5-4,D,no,,,,
Chile,Alvi,Pasta seca,Carozzi  ,https://www.alvi.cl/product/pasta-spaghetti-integral,D,no,,,,
Chile,Unimarc,Café,Nescafe  ,https://www.unimarc.cl/product/cafe-nescafe-tradicion-lata-170-g,D,recaptcha,,,,
Chile,Unimarc,Café,Waitrose  ,https://www.unimarc.cl/product/cafe-molido-italiano-waitrose-227-gr,D,recaptcha,,,,
Chile,Unimarc,Café,Marley Coffee  ,https://www.unimarc.cl/product/marley-coffee-buffalo-s-organic-227-gr,D,recaptcha,,,,
Chile,Unimarc,Café,Haiti  ,https://www.unimarc.cl/product/cafe-haiti-molido-mezcla-super-moka-3-250-g,D,recaptcha,,,,
Chile,Unimarc,Café,D'Aroma  ,https://www.unimarc.cl/product/cafe-molido-mezcla-excels-250-gr,D,recaptcha,,,,
Chile,Unimarc,Papas,Unimarc  ,https://www.unimarc.cl/product/papas-malla-2-kg,D,recaptcha,,,,
Chile,Unimarc,Papas,Llanquihue  ,https://www.unimarc.cl/product/papa-granel-kg,D,recaptcha,,,,
Chile,Unimarc,Papas,Huertos del Rancho  ,https://www.unimarc.cl/product/papas-huertos-del-ranco-malla-1-3kg,D,recaptcha,,,,
Chile,Unimarc,Pan de molde,Castaño  ,https://www.unimarc.cl/product/pan-molde-integral-xl-castano-700gr,D,recaptcha,,,,
Chile,Unimarc,Pan de molde,Ideal  ,https://www.unimarc.cl/product/pan-molde-blanco-grande-ideal-750-g,D,recaptcha,,,,
Chile,Unimarc,Pan de molde,Cena  ,https://www.unimarc.cl/product/pan-molde-integral-cena-xl-750g,D,recaptcha,,,,
Chile,Unimarc,Pan de molde,Fuchs  ,https://www.unimarc.cl/product/pan-molde-integral-stuttgart-fuchs-650-g,D,recaptcha,,,,
Chile,Unimarc,Pan de molde,Amada Masa  ,https://www.unimarc.cl/product/pan-de-molde-blanco-xl-amada-masa-750-gr,D,recaptcha,,,,
Chile,Unimarc,Refrescos de cola,Coca-Cola  ,https://www.unimarc.cl/product/beb-coca-cola-1-5-l-no-retor-3,D,recaptcha,,,,
Chile,Unimarc,Refrescos de cola,Pepsi  ,https://www.unimarc.cl/product/pepsi-desechable-15-l,D,recaptcha,,,,
Chile,Unimarc,Refrescos de cola,Canada Dry  ,https://www.unimarc.cl/product/ginger-ale-canada-dry-desechable-1-5-lt,D,recaptcha,,,,
Chile,Unimarc,Refrescos de cola,Kem  ,https://www.unimarc.cl/product/kem-pina-desechable-1-5-lt,D,recaptcha,,,,
Chile,Unimarc,Refrescos de cola,Piri  ,https://www.unimarc.cl/product/bebida-piri-cola-zero-2-l,D,recaptcha,,,,
Chile,Unimarc,Tomates,Unimarc  ,https://www.unimarc.cl/product/tomate-1-kg-5-u-aprox,D,recaptcha,,,,
Chile,Unimarc,Tomates,Agroterra  ,https://www.unimarc.cl/product/tomate-malla-1-kg,D,recaptcha,,,,
Chile,Unimarc,Tomates,Agricola Ramos  ,https://www.unimarc.cl/product/tomate-regy-agricola-ramos-300-gr,D,recaptcha,,,,
Chile,Unimarc,Tomates,Rocky  ,https://www.unimarc.cl/product/tomate-snacky-pote-250-gr,D,recaptcha,,,,
Chile,Unimarc,Huevos,Nuestra Cocina  ,https://www.unimarc.cl/product/huevo-grande-color-nuestra-cocina-12-un,D,recaptcha,,,,
Chile,Unimarc,Huevos,Yemita  ,https://www.unimarc.cl/product/huevos-yemita-grande-blanco-12-u,D,recaptcha,,,,
Chile,Unimarc,Huevos,Santa Marta,https://www.unimarc.cl/product/huevo-extra-color-santa-marta-20-un,D,recaptcha,,,,
Chile,Unimarc,Huevos,Santa Elvira  ,https://www.unimarc.cl/product/huevo-grande-color-santa-elvira-12-un,D,recaptcha,,,,
Chile,Unimarc,Huevos,La Granja  ,https://www.unimarc.cl/product/huevo-grande-color-la-granja-12-un,D,recaptcha,,,,
Chile,Unimarc,Pollo entero,Ariztia  ,https://www.unimarc.cl/product/pollo-entero-c-menudencia-ariztia-1-8-a-2-2kg,D,recaptcha,,,,
Chile,Unimarc,Pollo entero,Super Pollo  ,https://www.unimarc.cl/product/pollo-entero-super-pollo-con-menudencias-3-kg,D,recaptcha,,,,
Chile,Unimarc,Leche liquida,Colun  ,https://www.unimarc.cl/product/leche-entera-natural-colun-sin-tapa-1-l-2,D,recaptcha,,,,
Chile,Unimarc,Leche liquida,Soprole  ,https://www.unimarc.cl/product/leche-entera-natural-soprole-con-tapa-1-l-2,D,recaptcha,,,,
Chile,Unimarc,Leche liquida,Surlat  ,https://www.unimarc.cl/product/leche-entera-natural-surlat-1-lt,D,recaptcha,,,,
Chile,Unimarc,Leche liquida,Loncoleche  ,https://www.unimarc.cl/product/leche-entera-sin-lactosa-loncoleche-con-tapa-1-l,D,recaptcha,,,,
Chile,Unimarc,Manzanas,Unimarc  ,https://www.unimarc.cl/product/manzana-royal-gala-kg,D,recaptcha,,,,
Chile,Unimarc,Pasta seca,Carozzi  ,https://www.unimarc.cl/product/carozzi-spaghetti-n-5-400-g,D,recaptcha,,,,
Chile,Unimarc,Pasta seca,1881,https://www.unimarc.cl/product/spaghetti-5-integral-1881-500-gr,D,recaptcha,,,,
Chile,Unimarc,Pasta seca,Talliani  ,https://www.unimarc.cl/product/talliani-spaghetti-n-5-al-huevo-400-g,D,recaptcha,,,,
Chile,Unimarc,Pasta seca,Lucchetti  ,https://www.unimarc.cl/product/lucchetti-spaghetti-n-5-400-g,D,recaptcha,,,,
Chile,Unimarc,Pasta seca,Merkat  ,https://www.unimarc.cl/product/spaghetti-n-5-merkat-400-gr,D,recaptcha,,,,
Chile,Tottus,Café,Nescafe  ,https://www.tottus.cl/tottus-cl/articulo/115878868/Cafe-Instantaneo-Nescafe-Tradicion-Tarro-50-g/115878869,D,no,,,,
Chile,Tottus,Café,Gold  ,https://www.tottus.cl/tottus-cl/articulo/121667334/Cafe-Instataneo-Liofilizado/121667337,D,no,,,,
Chile,Tottus,Café,Tottus  ,https://www.tottus.cl/tottus-cl/articulo/110607108/CAFE-MOLIDO-TOTTUS-250-G/110607109,D,no,,,,
Chile,Tottus,Café,Juan Valdez  ,https://www.tottus.cl/tottus-cl/articulo/110612979/Cafe-Grano-Molido-Colina-Balanceado/110612981,D,no,,,,
Chile,Tottus,Café,Lavazza  ,https://www.tottus.cl/tottus-cl/articulo/110615664/Cafe-Molido/110615665,D,no,,,,
Chile,Tottus,Papas,Tottus  ,https://www.tottus.cl/tottus-cl/articulo/116165190/Papa-a-Granel/116165191,D,no,,,,
Chile,Tottus,Papas,Frutos del Maipo  ,https://www.tottus.cl/tottus-cl/articulo/110622492/Papas-Duquesas-Congeladas-Frutos-del-Maipo-1-Kg/110622493,D,no,,,,
Chile,Tottus,Pan de molde,Castaño  ,https://www.tottus.cl/tottus-cl/articulo/115808658/Pan-Molde-Blanco/115808660,D,no,,,,
Chile,Tottus,Pan de molde,Ideal  ,https://www.tottus.cl/tottus-cl/articulo/110623261/Pan-de-Molde-Integral/110623262,D,no,,,,
Chile,Tottus,Pan de molde,Tottus  ,https://www.tottus.cl/tottus-cl/articulo/110623000/Pan-Molde-Blanco-Tottus-580-g/110623001,D,no,,,,
Chile,Tottus,Pan de molde,Pan Pierre  ,https://www.tottus.cl/tottus-cl/articulo/110623750/Pan-de-Molde-Integral-Grande/110623752,D,no,,,,
Chile,Tottus,Pan de molde,Cena  ,https://www.tottus.cl/tottus-cl/articulo/124227299/Pan-de-Molde-Blanco-XL-Cena-740-g/124227300,D,no,,,,
Chile,Tottus,Refrescos de cola,Coca-Cola  ,https://www.tottus.cl/tottus-cl/articulo/110610239/Bebida-Coca-Cola-Original-15-L/110610243,D,no,,,,
Chile,Tottus,Refrescos de cola,Pepsi  ,https://www.tottus.cl/tottus-cl/articulo/110615504/Bebida-Pepsi-15-L/110615505,D,no,,,,
Chile,Tottus,Refrescos de cola,Canada Dry  ,https://www.tottus.cl/tottus-cl/articulo/110616892/Bebida-Ginger-Ale-Canada-Dry/110616895,D,no,,,,
Chile,Tottus,Refrescos de cola,Inca Kola  ,https://www.tottus.cl/tottus-cl/articulo/115807359/BEBIDA-INCA-KOLA-15-LT-DES/115807360,D,no,,,,
Chile,Tottus,Refrescos de cola,Crush  ,https://www.tottus.cl/tottus-cl/articulo/110620856/Bebida-Crush/110620859,D,no,,,,
Chile,Tottus,Tomates,Tottus  ,https://www.tottus.cl/tottus-cl/articulo/116165192/Tomate-Larga-Vida-a-Granel/116165193,D,no,,,,
Chile,Tottus,Tomates,Rocky  ,https://www.tottus.cl/tottus-cl/articulo/110622133/Tomate-Cocktail-Regy-Envasado-250-g/110622134,D,no,,,,
Chile,Tottus,Huevos,Tottus  ,https://www.tottus.cl/tottus-cl/articulo/111865820/Huevo-Grande-Blanco/111865821,D,no,,,,
Chile,Tottus,Huevos,Yemita  ,https://www.tottus.cl/tottus-cl/articulo/110621676/Huevos-Blanco-Grande-Yemita-12-Un/110621678,D,no,,,,
Chile,Tottus,Huevos,Cintazul  ,https://www.tottus.cl/tottus-cl/articulo/118701850/Huevo-Blanco-Grande/118701851,D,no,,,,
Chile,Tottus,Huevos,Coliumo  ,https://www.tottus.cl/tottus-cl/articulo/110623951/Huevo-Gallina-Libre/110623952,D,no,,,,
Chile,Tottus,Huevos,Ecoterra  ,https://www.tottus.cl/tottus-cl/articulo/110624157/Huevos-de-Color-Gallinas-Libres-Medianos-Ecoterra-12-Un/110624158,D,no,,,,
Chile,Tottus,Pollo entero,Ariztia  ,https://www.tottus.cl/tottus-cl/articulo/115835193/Pollo-Entero-con-Menudencias-Ariztia-Peso-Variable/115835194,D,no,,,,
Chile,Tottus,Pollo entero,Super Pollo  ,https://www.tottus.cl/tottus-cl/articulo/115834455/Pollo-Entero-con-Menudencias-Peso-Variable/115834456,D,no,,,,
Chile,Tottus,Pollo entero,Canto del Gallo  ,https://www.tottus.cl/tottus-cl/articulo/115828805/Trutro-Corto-de-Pollo-Peso-Variable/115828806,D,no,,,,
Chile,Tottus,Leche liquida,Colun  ,https://www.tottus.cl/tottus-cl/articulo/112737597/Leche-Enteral-Natural/112737598,D,no,,,,
Chile,Tottus,Leche liquida,Soprole  ,https://www.tottus.cl/tottus-cl/articulo/112737942/Leche-Entera-Natural/112737943,D,no,,,,
Chile,Tottus,Leche liquida,Tottus  ,https://www.tottus.cl/tottus-cl/articulo/113152870/Leche-Entera-Natural/113152872,D,no,,,,
Chile,Tottus,Leche liquida,Loncoleche  ,https://www.tottus.cl/tottus-cl/articulo/113771864/Leche-Entera-Natural/113771865,D,no,,,,
Chile,Tottus,Leche liquida,Surlat  ,https://www.tottus.cl/tottus-cl/articulo/128070724/Leche-Entera-Natural-Surlat-1-L/128070725,D,no,,,,
Chile,Tottus,Manzanas,Tottus  ,https://www.tottus.cl/tottus-cl/articulo/119020281/MANZANA-FUJI/119020282,D,no,,,,
Chile,Tottus,Pasta seca,Carozzi  ,https://www.tottus.cl/tottus-cl/articulo/110617430/FIDEO-SPAGHETTI-5-400-GRS-101409-C/110617431,D,no,,,,
Chile,Tottus,Pasta seca,Tottus  ,https://www.tottus.cl/tottus-cl/articulo/116109400/SPAGHETTI-TOTTUS-400-G/116109401,D,no,,,,
Chile,Tottus,Pasta seca,Trattoria  ,https://www.tottus.cl/tottus-cl/articulo/110614939/FIDEO-TRATTORIA-SPAGHETTI-400GR/110614942,D,no,,,,
Chile,Tottus,Pasta seca,Lucchetti  ,https://www.tottus.cl/tottus-cl/articulo/110613737/FIDEO-SPAGHETTI-5-400-GRS-L/110613740,D,no,,,,
Chile,Tottus,Pasta seca,Talliani  ,https://www.tottus.cl/tottus-cl/articulo/110609243/FIDEO-SPAGHETTI-5-HUEVO-400-GRS-T/110609244,D,no,,,,
Peru,Plaza Vea,Arroz,Costeño,https://www.plazavea.com.pe/arroz-extra-costeno-bolsa-5kg/p,D,no,,,,
Peru,Plaza Vea,Arroz,Valle Norte,https://www.plazavea.com.pe/arroz-extra-vallenorte-bolsa-5kg/p,D,no,,,,
Peru,Plaza Vea,Arroz,Paisana,https://www.plazavea.com.pe/arroz-extra-paisana-bolsa-5kg/p,D,no,,,,
Peru,Plaza Vea,Arroz,Bell's,https://www.plazavea.com.pe/arroz-extra-bell-s-bolsa-5kg/p,D,no,,,,
Peru,Plaza Vea,Arroz,Faraon,https://www.plazavea.com.pe/arroz-extra-faraon-bolsa-5kg/p,D,no,,,,
Peru,Plaza Vea,Pollo entero,Redondos,https://www.plazavea.com.pe/piernas-y-muslos-aderezadas-redondos-oriental-bolsa-780g/p,D,no,,,,
Peru,Plaza Vea,Pollo entero,Sadia,https://www.plazavea.com.pe/filete-de-pechuga-importado-sadia-empaque-1kg/p,D,no,,,,
Peru,Plaza Vea,Pollo entero,Copacol,https://www.plazavea.com.pe/muslitos-de-pollo-copacol-bolsa-800g/p,D,no,,,,
Peru,Plaza Vea,Pollo entero,Perdix,https://www.plazavea.com.pe/pollo-entero-sin-menudencia-congelado-perdix-1300g/p,D,no,,,,
Peru,Plaza Vea,Pollo entero,Artisan,https://www.plazavea.com.pe/pollo-entero-artisan-libre-de-antibioticos-x-kg/p,D,no,,,,
Peru,Plaza Vea,Café,Nescafé,https://www.plazavea.com.pe/cafe-instantaneo-nescafe-fina-seleccion-frasco-200g/p,D,no,,,,
Peru,Plaza Vea,Café,Juan Valdez,https://www.plazavea.com.pe/cafe-liofilizado-juan-valdez-regular-frasco-190g/p,D,no,,,,
Peru,Plaza Vea,Café,Altomayo,https://www.plazavea.com.pe/cafe-instantaneo-altomayo-gourmet-frasco-170g/p,D,no,,,,
Peru,Plaza Vea,Café,Cafetal,https://www.plazavea.com.pe/cafe-tostado-y-molido-cafetal-selecto-bolsa-900g/p,D,no,,,,
Peru,Plaza Vea,Café,Bells,https://www.plazavea.com.pe/cafe-instantaneo-bells-granulado-frasco-200g/p,D,no,,,,
Peru,Plaza Vea,Aceite Vegetal,Primor,https://www.plazavea.com.pe/aceite-vegetal-premium-primor-botella-900ml/p,D,no,,,,
Peru,Plaza Vea,Aceite Vegetal,Carbonell,https://www.plazavea.com.pe/aceite-de-oliva-y-girasol-carbonell-botella-1l/p,D,no,,,,
Peru,Plaza Vea,Aceite Vegetal,Cocinero,https://www.plazavea.com.pe/aceite-vegetal-cocinero-botella-900ml/p,D,no,,,,
Peru,Plaza Vea,Aceite Vegetal,Bell's,https://www.plazavea.com.pe/aceite-vegetal-bells-botella-900ml/p,D,no,,,,
Peru,Plaza Vea,Aceite Vegetal, El Olivar,https://www.plazavea.com.pe/aceite-de-oliva-el-olivar-extra-virgen-botella-200ml/p,D,no,,,,
Peru,Plaza Vea,Leche liquida,Gloria,https://www.plazavea.com.pe/leche-uht-sin-lactosa-gloria-zero-caja-1l/p,D,no,,,,
Peru,Plaza Vea,Leche liquida,Laive,https://www.plazavea.com.pe/leche-fresca-laive-entera-bolsa-900ml/p,D,no,,,,
Peru,Plaza Vea,Leche liquida,Vigor,https://www.plazavea.com.pe/leche-uht-vigor-bolsa-800ml/p,D,no,,,,
Peru,Plaza Vea,Leche liquida,Slim,https://www.plazavea.com.pe/leche-descremada-gloria-slim-uht-triple-zero-caja-1l/p,D,no,,,,
Peru,Plaza Vea,Leche liquida,Bells's,https://www.plazavea.com.pe/leche-entera-bells-caja-1l/p,D,no,,,,
Peru,Plaza Vea,Huevos,Bells's,https://www.plazavea.com.pe/huevos-pardos-bells-bandeja-30un/p,D,no,,,,
Peru,Plaza Vea,Huevos,La calera,https://www.plazavea.com.pe/huevos-pardos-la-calera-paquete-30un/p,D,no,,,,
Peru,Plaza Vea,Huevos,Artisam,https://www.plazavea.com.pe/huevos-pardos-artisan-bandeja-15un/p,D,no,,,,
Peru,Plaza Vea,Huevos,Gallinas libres,https://www.plazavea.com.pe/huevos-pardos-gallinas-libres-bandeja-12un/p,D,no,,,,
Peru,Plaza Vea,Azucar,Dulfina,https://www.plazavea.com.pe/azucar-rubia-dulfina-bolsa-5-kg/p,D,no,,,,
Peru,Plaza Vea,Azucar,Cartavio,https://www.plazavea.com.pe/azucar-rubia-cartavio-bolsa-5kg/p,D,no,,,,
Peru,Plaza Vea,Azucar,Bell's,https://www.plazavea.com.pe/azucar-rubia-bells-bolsa-1kg/p,D,no,,,,
Peru,Plaza Vea,Azucar,Costeño,https://www.plazavea.com.pe/azucar-rubia-costeno-bolsa-1kg/p,D,no,,,,
Peru,Plaza Vea,Azucar,Casa Grande,https://www.plazavea.com.pe/azucar-rubia-casa-grande-bolsa-5kg/p,D,no,,,,
Peru,Plaza Vea,Pan de molde,Bimbo,https://www.plazavea.com.pe/pan-de-molde-blanco-xl-bimbo-extra-grande-bolsa-770g/p,D,no,,,,
Peru,Plaza Vea,Pan de molde,Bell's,https://www.plazavea.com.pe/pan-de-molde-blanco-bells-mediano-bolsa-500g/p,D,no,,,,
Peru,Plaza Vea,Pan de molde,Union,https://www.plazavea.com.pe/pan-de-molde-union-multisemillas-y-avena-bolsa-540g/p,D,no,,,,
Peru,Plaza Vea,Pan de molde,Don Mamino,https://www.plazavea.com.pe/pan-de-molde-blanco-don-mamino-sin-corteza-bolsa-560g/p,D,no,,,,
Peru,Plaza Vea,Pan de molde,Vital,https://www.plazavea.com.pe/pan-de-molde-integral-bimbo-vital-multicereal-bolsa-600g/p,D,no,,,,
Peru,Plaza Vea,Pasta seca,Don Vittorio,https://www.plazavea.com.pe/spaghetti-don-vittorio-paquete-950g/p,D,no,,,,
Peru,Plaza Vea,Pasta seca,Lavaggi,https://www.plazavea.com.pe/fideo-cabello-de-angel-lavaggi-bolsa-250g/p,D,no,,,,
Peru,Plaza Vea,Pasta seca,Bell's,https://www.plazavea.com.pe/fideos-spaguetti-bells-bolsa-900g/p,D,no,,,,
Peru,Plaza Vea,Pasta seca,Barilla,https://www.plazavea.com.pe/fideos-spaghetti-barilla-caja-500g/p,D,no,,,,
Peru,Plaza Vea,Pasta seca,Molitalia,https://www.plazavea.com.pe/pasta-tornillo-molitalia-bolsa-500g/p,D,no,,,,
Peru,Plaza Vea,Atun,Florida,https://www.plazavea.com.pe/filete-de-atun-en-aceite-vegetal-florida-lata-140g/p,D,no,,,,
Peru,Plaza Vea,Atun,Campomar,https://www.plazavea.com.pe/filete-de-atun-campomar-en-aceite-lata-150g/p,D,no,,,,
Peru,Plaza Vea,Atun,Bell's,https://www.plazavea.com.pe/trozos-de-atun-bells-en-aceite-lata-150gr/p,D,no,,,,
Peru,Plaza Vea,Atun,Gloria,https://www.plazavea.com.pe/filete-de-atun-en-agua-y-sal-gloria-lata-140g/p,D,no,,,,
Peru,Plaza Vea,Atun,Primor,https://www.plazavea.com.pe/trozos-de-atun-primor-en-aceite-vegetal-lata-140g/p,D,no,,,,
Peru,Wong,Arroz,Valle Norte,https://www.wong.pe/arroz-gran-reserva-extra-valle-norte-bolsa-5-kg/p,D,cloudflare,,,,
Peru,Wong,Arroz,Paisana,https://www.wong.pe/arroz-superior-paisana-bolsa-5-kg/p,D,cloudflare,,,,
Peru,Wong,Arroz,Costeño,https://www.wong.pe/arroz-extra-coste-o-5kg-14974/p,D,cloudflare,,,,
Peru,Wong,Arroz,Cuisine&Co,https://www.wong.pe/arroz-extra-anejo-cuisine-co-bolsa-5-kg-2/p,D,cloudflare,,,,
Peru,Wong,Arroz,Faraon,https://www.wong.pe/arroz-blanco-extra-anejo-faraon-naranja-5kg-570522/p,D,cloudflare,,,,
Peru,Wong,Pollo entero,Redondos,https://www.wong.pe/pollo-con-menudencia-redondos-x-kg-1007298/p,D,cloudflare,,,,
Peru,Wong,Pollo entero,San Fernando,https://www.wong.pe/pollo-fresco-con-menudencia-san-fernando-x-kg-1013433/p,D,cloudflare,,,,
Peru,Wong,Pollo entero,Artisan,https://www.wong.pe/pollo-fresco-sin-menudencia-artisan-libre-de-antibioticos-x-kg-2-2/p,D,cloudflare,,,,
Peru,Wong,Pollo entero,Avinka,https://www.wong.pe/pollo-entero-con-menudencia-avinka-x-kg-1013434/p,D,cloudflare,,,,
Peru,Wong,Pollo entero,Asu,https://www.wong.pe/pollo-al-horno-san-fernando-bolsa-800-g-medio-pollo-en-4-piezas-2-2/p,D,cloudflare,,,,
Peru,Wong,Café,Nescafé,https://www.wong.pe/caf-instant-neo-nescaf-gold-200g-544584/p,D,cloudflare,,,,
Peru,Wong,Café,Altomayo,https://www.wong.pe/cafe?_q=Cafe&map=ft,D,cloudflare,,,,
Peru,Wong,Café,Cafetal,https://www.wong.pe/cafe-molido-cafetal-selecto-900g-755202-2/p,D,cloudflare,,,,
Peru,Wong,Café,Kirma,https://www.wong.pe/cafe-instantaneo-kirma-clasico-190g-4551/p,D,cloudflare,,,,
Peru,Wong,Café,Cuisine & Co,https://www.wong.pe/cafe-molido-y-tostado-cuisine-co-500g/p,D,cloudflare,,,,
Peru,Wong,Aceite Vegetal,Primor,https://www.wong.pe/aceite-vegetal-primor-cl-sico-botella-1-8l-929686/p,D,cloudflare,,,,
Peru,Wong,Aceite Vegetal,Borges,https://www.wong.pe/aceite-oliva-extra-virgen-borges-botella-1-litro-2-2/p,D,cloudflare,,,,
Peru,Wong,Aceite Vegetal,Cuisine & Co,https://www.wong.pe/aceite-de-oliva-extra-virgen-cuisine-co-1l-2/p,D,cloudflare,,,,
Peru,Wong,Aceite Vegetal,El Olivar,https://www.wong.pe/aceite-de-oliva-el-olivar-extra-virgen-1l/p,D,cloudflare,,,,
Peru,Wong,Aceite Vegetal,Filippo Berio,https://www.wong.pe/aceite-de-oliva-extra-virgen-filippo-berio-750ml-1014186/p,D,cloudflare,,,,
Peru,Wong,Leche liquida,Gloria,https://www.wong.pe/leche-entera-uht-gloria-caja-1l-3230/p,D,cloudflare,,,,
Peru,Wong,Leche liquida,Laive,https://www.wong.pe/leche-semidescremada-uht-laive-sin-lactosa-caja-946ml-18478/p,D,cloudflare,,,,
Peru,Wong,Leche liquida,Danlac,https://www.wong.pe/leche-entera-pasteurizada-danlac-botella-900ml/p,D,cloudflare,,,,
Peru,Wong,Leche liquida,Piamonte,https://www.wong.pe/leche-fresca-piamonte-bolsa-950-ml-2/p,D,cloudflare,,,,
Peru,Wong,Leche liquida,Vigor,https://www.wong.pe/leche-uht-vigor-bolsa-800ml-2/p,D,cloudflare,,,,
Peru,Wong,Huevos,La calera,https://www.wong.pe/huevos-clasicos-pardos-la-calera-30un-2-2/p,D,cloudflare,,,,
Peru,Wong,Huevos,Wong,https://www.wong.pe/huevos-pardos-wong-bandeja-15-unid-2-2/p,D,cloudflare,,,,
Peru,Wong,Huevos,Artisan,https://www.wong.pe/huevos-pardos-artisan-15un-964245-2/p,D,cloudflare,,,,
Peru,Wong,Huevos,Gallinas libres,https://www.wong.pe/huevos-gallinas-libres-12un-2-2/p,D,cloudflare,,,,
Peru,Wong,Huevos,Pachacamac,https://www.wong.pe/huevos-org-nicos-pachacamac-12un-987749-2/p,D,cloudflare,,,,
Peru,Wong,Azucar,Wong,https://www.wong.pe/azucar-rubia-wong-bolsa-5-kg/p,D,cloudflare,,,,
Peru,Wong,Azucar,Dulfina,https://www.wong.pe/azucar-rubia-dulfina-bolsa-2-kg/p,D,cloudflare,,,,
Peru,Wong,Azucar,Máxima,https://www.wong.pe/az-car-rubia-m-xima-1kg-459535-2/p,D,cloudflare,,,,
Peru,Wong,Azucar,Cuisine & Co,https://www.wong.pe/az-car-rubia-cuisine-co-1kg-902154/p,D,cloudflare,,,,
Peru,Wong,Azucar,Paramonga,https://www.wong.pe/azucar-rubia-paramonga-bolsa-5-kg/p,D,cloudflare,,,,
Peru,Wong,Pan de molde,Bimbo,https://www.wong.pe/pan-de-molde-blanco-bimbo-xl-770g-1033017/p,D,cloudflare,,,,
Peru,Wong,Pan de molde,Vital,https://www.wong.pe/pan-de-molde-de-semillas-bimbo-vital-bolsa-360-g/p,D,cloudflare,,,,
Peru,Wong,Pan de molde,Wong,https://www.wong.pe/pan-de-molde-brioche-wong-300g-926991/p,D,cloudflare,,,,
Peru,Wong,Pan de molde,Yoy,https://www.wong.pe/pan-de-molde-de-camote-yoy-sin-azucar-400g-1026507/p,D,cloudflare,,,,
Peru,Wong,Pan de molde,Don Mamino,https://www.wong.pe/pan-de-molde-don-mamino-blanco-sin-corteza-bolsa-560-g/p,D,cloudflare,,,,
Peru,Wong,Pasta seca,Don Vittorio,https://www.wong.pe/spaghetti-don-vittorio-950g-962240/p,D,cloudflare,,,,
Peru,Wong,Pasta seca,La Molisana,https://www.wong.pe/pasta-spaghetti-sin-gluten-la-molisana-bolsa-400-g-2/p,D,cloudflare,,,,
Peru,Wong,Pasta seca,Barilla,https://www.wong.pe/spaghetti-nro-5-barilla-caja-500-g/p,D,cloudflare,,,,
Peru,Wong,Pasta seca,Molitalia,https://www.wong.pe/spaguetti-molitalia-950g/p,D,cloudflare,,,,
Peru,Wong,Pasta seca,Cuisine & Co,https://www.wong.pe/fideos-cuisine-co-spaguetti-950g-2/p,D,cloudflare,,,,
Peru,Wong,Atun, Florida,https://www.wong.pe/filete-de-atun-en-agua-florida-lata-140g-773433-2/p,D,cloudflare,,,,
Peru,Wong,Atun,Campomar,https://www.wong.pe/lomos-de-at-n-en-agua-y-sal-campomar-150g-147017002/p,D,cloudflare,,,,
Peru,Wong,Atun,Cuisine & Co,https://www.wong.pe/filete-de-atun-en-agua-y-sal-cuisine-co-140g-789704/p,D,cloudflare,,,,
Peru,Wong,Atun,Primor,https://www.wong.pe/filete-de-atun-primor-140g-560748/p,D,cloudflare,,,,
Peru,Wong,Atun,Real,https://www.wong.pe/solido-de-atun-en-aceite-de-oliva-real-140g/p,D,cloudflare,,,,
Peru,Metro,Arroz,Costeño,https://www.metro.pe/arroz-extra-costeno-5kg-14974/p,D,no,,,,
Peru,Metro,Arroz,Valle Norte,https://www.metro.pe/arroz-extra-valle-norte-mejorado-bolsa-5-kg-107169/p,D,no,,,,
Peru,Metro,Arroz,Paisana,https://www.metro.pe/arroz-superior-paisana-x-5kg/p,D,no,,,,
Peru,Metro,Arroz,Metro,https://www.metro.pe/arroz-extra-metro-5kg-391214/p,D,no,,,,
Peru,Metro,Arroz,Maxima,https://www.metro.pe/arroz-familiar-maxima-bolsa-5-kg-498326/p,D,no,,,,
Peru,Metro,Pollo entero,San Fernando,https://www.metro.pe/pollo-entero-marinado-sazon-brasa-san-fernando-1-4kg/p,D,no,,,,
Peru,Metro,Pollo entero,Redondos,https://www.metro.pe/pechuga-entera-de-pollo-redondos-x-kg-1001792/p,D,no,,,,
Peru,Metro,Café,Altomayo,https://www.metro.pe/caf-instant-neo-altomayo-gourmet-170g-caf-instant-neo-altomayo-gourmet-170g/p,D,no,,,,
Peru,Metro,Café,Cafetal,https://www.metro.pe/cafe-molido-cafetal-selecto-454g/p,D,no,,,,
Peru,Metro,Café,Nescafé,https://www.metro.pe/cafe-instantaneo-nescafe-fina-seleccion-200g/p,D,no,,,,
Peru,Metro,Café,Britt,https://www.metro.pe/cafe-molido-descafeinado-britt-250g-133095004/p,D,no,,,,
Peru,Metro,Café,Cuisine & Co,https://www.metro.pe/cafe-molido-y-tostado-cuisine-co-500g/p,D,no,,,,
Peru,Metro,Aceite Vegetal,Primor,https://www.metro.pe/aceite-vegetal-primor-premium-botella-900ml-3198/p,D,no,,,,
Peru,Metro,Aceite Vegetal,Metro,https://www.metro.pe/aceite-vegetal-metro-botella-900-ml-717239/p,D,no,,,,
Peru,Metro,Aceite Vegetal,Sao,https://www.metro.pe/aceite-de-soya-sao-botella-900ml-31484/p,D,no,,,,
Peru,Metro,Aceite Vegetal,Maxima,https://www.metro.pe/aceite-vegetal-maxima-botella-900-ml-717238/p,D,no,,,,
Peru,Metro,Aceite Vegetal,Cuisine & Co,https://www.metro.pe/aceite-vegetal-cuisine-co-900ml-786936/p,D,no,,,,
Peru,Metro,Leche liquida,Gloria,https://www.metro.pe/leche-parcialmente-descremada-gloria-light-caja-1l-59533001/p,D,no,,,,
Peru,Metro,Leche liquida,Laive,https://www.metro.pe/leche-semidescremada-uht-laive-sin-lactosa-light-caja-946ml-998405/p,D,no,,,,
Peru,Metro,Leche liquida,Vigor,https://www.metro.pe/leche-uht-vigor-bolsa-800ml/p,D,no,,,,
Peru,Metro,Leche liquida,Danlac,https://www.metro.pe/leche-deslactosada-danlac-light-botella-900ml-986461/p,D,no,,,,
Peru,Metro,Leche liquida,Cuisine & Co,https://www.metro.pe/leche-uht-light-cuisine-co-caja-1-lt/p,D,no,,,,
Peru,Metro,Huevos,La calera ,https://www.metro.pe/huevos-clasicos-pardos-la-calera-30un-2/p,D,no,,,,
Peru,Metro,Huevos,Metro,https://www.metro.pe/huevos-pardos-metro-30un-1009776/p,D,no,,,,
Peru,Metro,Huevos,Artisan,https://www.metro.pe/huevos-pardos-artisan-15un-964245/p,D,no,,,,
Peru,Metro,Huevos,Gallinas libres,https://www.metro.pe/huevos-gallinas-libres-12un-2/p,D,no,,,,
Peru,Metro,Huevos,San fernando,https://www.metro.pe/huevos-pardo-san-fernando-30un-1035943/p,D,no,,,,
Peru,Metro,Azucar,Metro,https://www.metro.pe/azucar-rubia-metro-5kg-127643/p,D,no,,,,
Peru,Metro,Azucar,Maxima,https://www.metro.pe/azucar-rubia-maxima-bolsa-5-kg-714287/p,D,no,,,,
Peru,Metro,Azucar,Paramonga,https://www.metro.pe/azucar-rubia-paramonga-bolsa-5-kg-566556/p,D,no,,,,
Peru,Metro,Azucar,Dulfina,https://www.metro.pe/azucar-rubia-dulfina-bolsa-5-kg-465118/p,D,no,,,,
Peru,Metro,Azucar,Cuisine & Co,https://www.metro.pe/az-car-rubia-cuisine-co-5kg-902155/p,D,no,,,,
Peru,Metro,Pan de molde,Bimbo,https://www.metro.pe/pan-de-molde-blanco-bimbo-xl-770g-1033017/p,D,no,,,,
Peru,Metro,Pan de molde,Vital,https://www.metro.pe/pan-de-molde-de-semillas-bimbo-vital-bolsa-600-g/p,D,no,,,,
Peru,Metro,Pan de molde,Don Mamino,https://www.metro.pe/pan-de-molde-don-mamino-blanco-sin-corteza-bolsa-560-g/p,D,no,,,,
Peru,Metro,Pan de molde,Union,https://www.metro.pe/pan-de-molde-union-multisemillas-con-avena-540g/p,D,no,,,,
Peru,Metro,Pan de molde,Cuisine & Co,https://www.metro.pe/pan-de-molde-blanco-cuisine-co-600g-115504/p,D,no,,,,
Peru,Metro,Pasta seca,Molitalia,https://www.metro.pe/spaguetti?_q=Spaguetti&map=ft,D,no,,,,
Peru,Metro,Pasta seca,Cuisine & Co,https://www.metro.pe/spaguetti-nro-5-cuisine-co-500g-569514/p,D,no,,,,
Peru,Metro,Pasta seca,La Molisana,https://www.metro.pe/spaguetti-quadratto-la-molisana-paquete-500-g-2/p,D,no,,,,
Peru,Metro,Pasta seca,Barilla,https://www.metro.pe/spaguetti-barilla-integral-caja-500-g-2/p,D,no,,,,
Peru,Metro,Pasta seca,Nicolini,https://www.metro.pe/fideo-spaghetti-nicolini-1kg-962247/p,D,no,,,,
Peru,Metro,Atun,Campomar,https://www.metro.pe/lomos-de-at-n-en-aceite-campomar-lata-150g-147017001/p,D,no,,,,
Peru,Metro,Atun,Florida,https://www.metro.pe/solido-de-atun-florida-lata-140g/p,D,no,,,,
Peru,Metro,Atun,Primor,https://www.metro.pe/trozos-de-atun-en-aceite-primor-140g/p,D,no,,,,
Peru,Metro,Atun,Metro,https://www.metro.pe/filete-de-atun-en-agua-y-sal-metro-140g-756790/p,D,no,,,,
Peru,Metro,Atun,Cuisine & Co,https://www.metro.pe/trozos-de-atun-en-aceite-vegetal-cuisine-co-140g-789708/p,D,no,,,,
Peru,Vivanda,Arroz,Costeño,https://www.vivanda.com.pe/arroz-extra-costeno-bolsa-750g/p,D,recaptcha,,,,
Peru,Vivanda,Arroz,Vallenorte,https://www.vivanda.com.pe/arroz-extra-vallenorte-gran-reserva-bolsa-750g/p,D,recaptcha,,,,
Peru,Vivanda,Arroz,Faraon,https://www.vivanda.com.pe/arroz-anejo-amarillo-faraon-g3-bolsa-1kg/p,D,recaptcha,,,,
Peru,Vivanda,Arroz,Paisana,https://www.vivanda.com.pe/arroz-superior-paisana-bolsa-5kg/p,D,recaptcha,,,,
Peru,Vivanda,Arroz,Gran chalan,https://www.vivanda.com.pe/arroz-gran-chalan-extra-anejo-bolsa-750gr/p,D,recaptcha,,,,
Peru,Vivanda,Pollo entero,Artisan,https://www.vivanda.com.pe/pollo-entero-artisan-libre-de-antibioticos-x-kg/p,D,recaptcha,,,,
Peru,Vivanda,Pollo entero,Perdix,https://www.vivanda.com.pe/pollo-entero-sin-menudencia-congelado-perdix-1300g/p,D,recaptcha,,,,
Peru,Vivanda,Pollo entero,San fernando,https://www.vivanda.com.pe/pollo-sazon-brasa-san-fernando-bolsa-1-4kg/p,D,recaptcha,,,,
Peru,Vivanda,Pollo entero,Redondos,https://www.vivanda.com.pe/pollo-entero-aderezado-redondos-sabor-lena-paquete-1kg/p,D,recaptcha,,,,
Peru,Vivanda,Pollo entero,Sadia,https://www.vivanda.com.pe/gallina-con-menudencia-sadia/p,D,recaptcha,,,,
Peru,Vivanda,Café,Cafetal,https://www.vivanda.com.pe/cafe-tostado-y-molido-cafetal-selecto-bolsa-200g/p,D,recaptcha,,,,
Peru,Vivanda,Café,Kirma,https://www.vivanda.com.pe/cafe-nescafe-kirma-lata-190g/p,D,recaptcha,,,,
Peru,Vivanda,Café,Jacobs,https://www.vivanda.com.pe/cafe-jacobs-liofilizado-intenso-frasco-200g/p,D,recaptcha,,,,
Peru,Vivanda,Café,Altomayo,https://www.vivanda.com.pe/cafe-instantaneo-altomayo-gourmet-frasco-170g/p,D,recaptcha,,,,
Peru,Vivanda,Café,Sello rojo,https://www.vivanda.com.pe/cafe-molido-sello-rojo-tradicion-bolsa-850g/p,D,recaptcha,,,,
Peru,Vivanda,Aceite Vegetal,Primor,https://www.vivanda.com.pe/aceite-vegetal-premium-primor-botella-900ml/p,D,recaptcha,,,,
Peru,Vivanda,Aceite Vegetal,El Olivar,https://www.vivanda.com.pe/aceite-de-oliva-el-olivar-extra-virgen-botella-500ml/p,D,recaptcha,,,,
Peru,Vivanda,Aceite Vegetal,Bell's,https://www.vivanda.com.pe/aceite-de-oliva-bells-extra-virgen-botella-1l/p,D,recaptcha,,,,
Peru,Vivanda,Aceite Vegetal,Carbonell,https://www.vivanda.com.pe/aceite-de-oliva-carbonell-extra-virgen-botella-1l/p,D,recaptcha,,,,
Peru,Vivanda,Aceite Vegetal,Vallenorte,https://www.vivanda.com.pe/aceite-girasol-vallenorte-botella-900ml/p,D,recaptcha,,,,
Peru,Vivanda,Leche liquida,Gloria,https://www.vivanda.com.pe/leche-gloria-fresca-light-uht-caja-1l/p,D,recaptcha,,,,
Peru,Vivanda,Leche liquida,Laive,https://www.vivanda.com.pe/leche-sin-lactosa-laive-uht-light-tetrapack-946ml/p,D,recaptcha,,,,
Peru,Vivanda,Leche liquida,Danlac,https://www.vivanda.com.pe/leche-fresca-danlac-botella-900ml/p,D,recaptcha,,,,
Peru,Vivanda,Leche liquida,Bell's,https://www.vivanda.com.pe/leche-entera-bells-caja-1l/p,D,recaptcha,,,,
Peru,Vivanda,Leche liquida,Vigor,https://www.vivanda.com.pe/leche-uht-vigor-bolsa-800ml/p,D,recaptcha,,,,
Peru,Vivanda,Huevos,La Calera,https://www.vivanda.com.pe/huevos-pardos-la-calera-paquete-30un/p,D,recaptcha,,,,
Peru,Vivanda,Huevos,Artisan,https://www.vivanda.com.pe/huevos-pardos-artisan-bandeja-15un/p,D,recaptcha,,,,
Peru,Vivanda,Huevos,Bell's,https://www.vivanda.com.pe/huevos-de-gallina-bells-pardos-bandeja-15un/p,D,recaptcha,,,,
Peru,Vivanda,Huevos,Gallinas Libres,https://www.vivanda.com.pe/huevos-pardos-gallinas-libres-bandeja-12un/p,D,recaptcha,,,,
Peru,Vivanda,Azucar,Cartavio,https://www.vivanda.com.pe/azucar-rubia-cartavio-bolsa-1kg/p,D,recaptcha,,,,
Peru,Vivanda,Azucar,Bell's,https://www.vivanda.com.pe/azucar-rubia-bells-bolsa-1kg/p,D,recaptcha,,,,
Peru,Vivanda,Azucar,Dulfina,https://www.vivanda.com.pe/azucar-rubia-dulfina-bolsa-2kg/p,D,recaptcha,,,,
Peru,Vivanda,Azucar,Casa Grande,https://www.vivanda.com.pe/azucar-rubia-casa-grande-bolsa-1kg/p,D,recaptcha,,,,
Peru,Vivanda,Azucar,Universal,https://www.vivanda.com.pe/azucar-impalpable-universal-bolsa-200g/p,D,recaptcha,,,,
Peru,Vivanda,Pan de molde,Bimbo,https://www.vivanda.com.pe/pan-de-molde-integral-xl-bimbo-extra-grande-bolsa-810g/p,D,recaptcha,,,,
Peru,Vivanda,Pan de molde,La Florencia,https://www.vivanda.com.pe/pan-de-molde-integral-la-florencia-bolsa-500g/p,D,recaptcha,,,,
Peru,Vivanda,Pan de molde,Bell's,https://www.vivanda.com.pe/pan-de-molde-blanco-bells-mediano-bolsa-500g/p,D,recaptcha,,,,
Peru,Vivanda,Pan de molde,Union,https://www.vivanda.com.pe/pan-fuente-union-bolsa-780g/p,D,recaptcha,,,,
Peru,Vivanda,Pan de molde,Don Mamino,https://www.vivanda.com.pe/pan-de-molde-blanco-don-mamino-sin-corteza-bolsa-560g/p,D,recaptcha,,,,
Peru,Vivanda,Pasta seca,Don Vittorio,https://www.vivanda.com.pe/spaghetti-don-vittorio-paquete-950g/p,D,recaptcha,,,,
Peru,Vivanda,Pasta seca,Nicolini,https://www.vivanda.com.pe/spaghetti-nicolini-paquete-1kg/p,D,recaptcha,,,,
Peru,Vivanda,Pasta seca,Bell's,https://www.vivanda.com.pe/spaghetti-bells-paquete-500g/p,D,recaptcha,,,,
Peru,Vivanda,Pasta seca,Molitalia,https://www.vivanda.com.pe/fideos-spaghetti-molitalia-bolsa-450g/p,D,recaptcha,,,,
Peru,Vivanda,Pasta seca,Barilla,https://www.vivanda.com.pe/fideos-spaghetti-barilla-caja-500g/p,D,recaptcha,,,,
Peru,Vivanda,Atun,Florida,https://www.vivanda.com.pe/filete-atun-florida-en-agua-110k-lata-140g/p,D,recaptcha,,,,
Peru,Vivanda,Atun,Campomar,https://www.vivanda.com.pe/filete-de-atun-en-agua-campomar-lata-150g/p,D,recaptcha,,,,
Peru,Vivanda,Atun,Bell's,https://www.vivanda.com.pe/filete-de-atun-bells-en-aceite-lata-150gr/p,D,recaptcha,,,,
Peru,Vivanda,Atun,Gloria,https://www.vivanda.com.pe/filete-de-atun-en-agua-y-sal-gloria-lata-140g/p,D,recaptcha,,,,
Peru,Vivanda,Atun,Real,https://www.vivanda.com.pe/solido-de-atun-real-en-agua-lata-140g/p,D,recaptcha,,,,
Peru,Makro,Arroz,Faraon,https://www.makro.plazavea.com.pe/arroz-superior-faraon-rojo-bolsa-10kg/p,D,no,,,,
Peru,Makro,Arroz,Campero,https://www.makro.plazavea.com.pe/arroz-reserva-extra-anejado-campero-bolsa-5kg/p,D,no,,,,
Peru,Makro,Arroz,Tazon Norteño,https://www.makro.plazavea.com.pe/arroz-superior-nir-tazon-norteno-saco-49kg/p,D,no,,,,
Peru,Makro,Arroz,Pacasmayo,https://www.makro.plazavea.com.pe/arroz-naranja-gran-arroz-pacasmayo-saco-49kg/p,D,no,,,,
Peru,Makro,Arroz,Vallenorte,https://www.makro.plazavea.com.pe/arroz-superior-vallenorte-bolsa-5kg/p,D,no,,,,
Peru,Makro,Pollo entero,Perdix,https://www.makro.plazavea.com.pe/pollo-entero-perdix-sin-menudencia-congelado-bolsa-1-5kg/p,D,no,,,,
Peru,Makro,Pollo entero,Frangosul,https://www.makro.plazavea.com.pe/pollo-entero-sin-menudencia-frangosul-congelado-bolsa-1-3kg/p,D,no,,,,
Peru,Makro,Pollo entero,San Fernando,https://www.makro.plazavea.com.pe/pollo-sin-menudencia-a-granel-san-fernando-xkg/p,D,no,,,,
Peru,Makro,Pollo entero,Avinka,https://www.makro.plazavea.com.pe/pollo-avinka-x-kg/p,D,no,,,,
Peru,Makro,Cafe,Cafe Kaphiy,https://www.makro.plazavea.com.pe/cafe-tostado-y-molido-kaphiy-500g/p,D,no,,,,
Peru,Makro,Cafe,Altomayo,https://www.makro.plazavea.com.pe/cafe-instantaneo-altomayo-armonico-doypack-150g/p,D,no,,,,
Peru,Makro,Cafe,Colcafe,https://www.makro.plazavea.com.pe/cafe-instantaneo-colcafe-clasico-frasco-170g/p,D,no,,,,
Peru,Makro,Cafe,Cafetal,https://www.makro.plazavea.com.pe/cafe-instantaneo-cafetal-doypack-150g/p,D,no,,,,
Peru,Makro,Cafe,Nescafe,https://www.makro.plazavea.com.pe/cafe-instantaneo-nescafe-tradicion-lata-500g/p,D,no,,,,
Peru,Makro,Aceite vegetal,Aro,https://www.makro.plazavea.com.pe/aceite-de-soya-aro-bidon-3l/p,D,no,,,,
Peru,Makro,Aceite vegetal,Beltran,https://www.makro.plazavea.com.pe/aceite-vegetal-beltran-botella-900ml/p,D,no,,,,
Peru,Makro,Aceite vegetal,El Olivar,https://www.makro.plazavea.com.pe/aceite-de-oliva-el-olivar-puro-botella-1l/p,D,no,,,,
Peru,Makro,Aceite vegetal,Deleite,https://www.makro.plazavea.com.pe/aceite-vegetal-deleite-premium-bidon-5l/p,D,no,,,,
Peru,Makro,Aceite vegetal,Primor,https://www.makro.plazavea.com.pe/aceite-vegetal-primor-clasico-botella-900ml/p,D,no,,,,
Peru,Makro,Leche liquida,Gloria,https://www.makro.plazavea.com.pe/leche-gloria-uht-fresca-ninos-1-a-5-anos-caja-1l/p,D,no,,,,
Peru,Makro,Leche liquida,Vigor,https://www.makro.plazavea.com.pe/leche-sin-lactosa-vigor-bolsa-800ml/p,D,no,,,,
Peru,Makro,Leche liquida,Aro,https://www.makro.plazavea.com.pe/leche-entera-aro-caja-1l/p,D,no,,,,
Peru,Makro,Leche liquida,Laive,https://www.makro.plazavea.com.pe/leche-fresca-laive-light-bolsa-900ml/p,D,no,,,,
Peru,Makro,Leche liquida,Danlac,https://www.makro.plazavea.com.pe/leche-fresca-danlac-botella-900ml/p,D,no,,,,
Peru,Makro,Huevos,Aro,https://www.makro.plazavea.com.pe/huevo-rosado-con-dha-aro-paquete-30un/p,D,no,,,,
Peru,Makro,Azucar,Aro,https://www.makro.plazavea.com.pe/azucar-rubia-aro-bolsa-5kg/p,D,no,,,,
Peru,Makro,Azucar,Cartavio,https://www.makro.plazavea.com.pe/azucar-rubia-cartavio-bolsa-5kg/p,D,no,,,,
Peru,Makro,Azucar,Dulfina,https://www.makro.plazavea.com.pe/azucar-rubia-dulfina-bolsa-1-kg/p,D,no,,,,
Peru,Makro,Azucar,M&K,https://www.makro.plazavea.com.pe/azucar-blanca-mk-bolsa-1kg/p,D,no,,,,
Peru,Makro,Azucar,San Jacinto,https://www.makro.plazavea.com.pe/azucar-rubia-san-jacinto-25-kg/p,D,no,,,,
Peru,Makro,Pan de molde,Aro,https://www.makro.plazavea.com.pe/pan-molde-integral-aro-bolsa-600g/p,D,no,,,,
Peru,Makro,Pan de molde,Union,https://www.makro.plazavea.com.pe/pan-de-molde-integral-union-bolsa-495g/p,D,no,,,,
Peru,Makro,Pan de molde,PYC,https://www.makro.plazavea.com.pe/pan-de-molde-integral-pyc-mediano-bolsa-500g/p,D,no,,,,
Peru,Makro,Pan de molde,Dolcezza,https://www.makro.plazavea.com.pe/pan-de-molde-integral-dolcezza-bolsa-500g/p,D,no,,,,
Peru,Makro,Pan de molde,Bimbo,https://www.makro.plazavea.com.pe/pan-de-molde-integral-xl-bimbo-extra-grande-bolsa-810g/p,D,no,,,,
Peru,Makro,Pasta seca,Grano de oro,https://www.makro.plazavea.com.pe/spaghetti-grano-de-oro-bolsa-500g/p,D,no,,,,
Peru,Makro,Pasta seca,Nicolini,https://www.makro.plazavea.com.pe/spaghetti-nicolini-paquete-1kg/p,D,no,,,,
Peru,Makro,Pasta seca,Marco polo,https://www.makro.plazavea.com.pe/spaghetti-marco-polo-bolsa-450g/p,D,no,,,,
Peru,Makro,Pasta seca,Don Vittorio,https://www.makro.plazavea.com.pe/spaghetti-don-vittorio-paquete-950g/p,D,no,,,,
Peru,Makro,Pasta seca,Barilla,https://www.makro.plazavea.com.pe/fideos-spaghetti-barilla-caja-500g/p,D,no,,,,
Peru,Makro,Atun,Campomar,https://www.makro.plazavea.com.pe/grated-de-atun-campomar-en-aceite-vegetal-lata-160g-paquete-6un/p,D,no,,,,
Peru,Makro,Atun,Beltran,https://www.makro.plazavea.com.pe/filete-de-atun-beltran-en-aceite-vegetal-lata-1000g/p,D,no,,,,
Peru,Makro,Atun,Dorita,https://www.makro.plazavea.com.pe/filete-de-bonito-dorita-en-aceite-vegetal-lata-170g/p,D,no,,,,
Ecuador,Supermaxi,Leche,La original,https://www.supermaxi.com/producto/la-original-leche-entera-tetra-1-000-ml/,D,no,,,,
Ecuador,Supermaxi,Leche,Andina,https://www.supermaxi.com/producto/leche-entera-tetra-gloria-1000-ml-2/,D,no,,,,
Ecuador,Supermaxi,Leche,Vita,https://www.supermaxi.com/producto/pack-de-leche-entera-vita-4-x-1000-ml-2/,D,no,,,,
Ecuador,Supermaxi,Leche,Parmalat,https://www.supermaxi.com/producto/leche-entera-funda-parmalat-tetrapack-2/,D,no,,,,
Ecuador,Supermaxi,Leche,Reyleche,https://www.supermaxi.com/producto/pack-reyleche-entera-x-4-1lt/,D,no,,,,
Ecuador,Supermaxi,Cerveza,Amstel,https://www.supermaxi.com/producto/6-pack-amstel-cerveza-lata-x-6-355ml/,D,no,,,,
Ecuador,Supermaxi,Cerveza,Stella Artois,https://www.supermaxi.com/producto/cerveza-enlatada-six-pack-stella-artois-6-x-250-ml-2/,D,no,,,,
Ecuador,Supermaxi,Cerveza,Biela,https://www.supermaxi.com/producto/cerveza-reserva-biela-355-ml-2/,D,no,,,,
Ecuador,Supermaxi,Cerveza,Keineken,https://www.supermaxi.com/producto/cerveza-premium-heineken-330-ml/,D,no,,,,
Ecuador,Supermaxi,Pan de Molde,Cyrano,https://www.supermaxi.com/producto/pan-blanco-familiar-cyrano-700g/,D,no,,,,
Ecuador,Supermaxi,Pan de Molde,Pangolin,https://www.supermaxi.com/producto/pan-blanco-grande-pangolin-550g-2/,D,no,,,,
Ecuador,Supermaxi,Pan de Molde,Supan,https://www.supermaxi.com/producto/pan-blanco-molde-supan-550-g/,D,no,,,,
Ecuador,Supermaxi,Pan de Molde,Flor de Oro,https://www.supermaxi.com/producto/pan-blanco-economico-flor-de-oro-450-g/,D,no,,,,
Ecuador,Supermaxi,Pan de Molde,Supermaxi,https://www.supermaxi.com/producto/pan-blanco-clasico-supermaxi-500-g/,D,no,,,,
Ecuador,Supermaxi,Refrescos de cola,Pepsi,https://www.supermaxi.com/producto/bebida-gaseosa-sin-azucar-pepsi-400-ml/,D,no,,,,
Ecuador,Supermaxi,Refrescos de cola,Inca Kola,https://www.supermaxi.com/producto/bebida-gaseosa-kola-inca-500-ml/,D,no,,,,
Ecuador,Supermaxi,Refrescos de cola,Sprite,https://www.supermaxi.com/producto/bebida-gaseosa-zero-sabor-a-lima-limon-sprite-355-ml/,D,no,,,,
Ecuador,Supermaxi,Refrescos de cola,Dr pepper,https://www.supermaxi.com/producto/bebida-gaseosa-dr-pepper-355-ml/,D,no,,,,
Ecuador,Supermaxi,Refrescos de cola,Coca Cola,https://www.supermaxi.com/producto/bebida-gaseosa-sabor-original-coca-cola/,D,no,,,,
Ecuador,Supermaxi,Queso blando,La Original,https://www.supermaxi.com/producto/la-original-queso-cheddar-rebanado-150g/,D,no,,,,
Ecuador,Supermaxi,Queso blando,La Finca,https://www.supermaxi.com/producto/queso-fresco-la-finca-empacado-al-vacio-2/,D,no,,,,
Ecuador,Supermaxi,Queso blando,Floralp,https://www.supermaxi.com/producto/queso-cheddar-floralp-400-g-2/,D,no,,,,
Ecuador,Supermaxi,Queso blando,Supermaxi,https://www.supermaxi.com/producto/queso-holandes-supermaxi-1-kg-2/,D,no,,,,
Ecuador,Supermaxi,Queso blando,nandito,https://www.supermaxi.com/producto/queso-fresco-nandito-250-g/,D,no,,,,
Ecuador,Supermaxi,Arroz,Real,https://www.supermaxi.com/producto/real-arroz-2000g/,D,no,,,,
Ecuador,Supermaxi,Arroz,Banquete,https://www.supermaxi.com/producto/banquete-arroz-1kg/,D,no,,,,
Ecuador,Supermaxi,Arroz,Casa del Arroz,https://www.supermaxi.com/producto/arroz-gourmet-integral-casa-del-arroz-5000-g-2/,D,no,,,,
Ecuador,Supermaxi,Banano,Supermaxi,https://www.supermaxi.com/producto/banano-kilo-cf-granel-al-peso-2/,D,no,,,,
Ecuador,Supermaxi,Pasta seca,Toscana,https://www.supermaxi.com/producto/toscana-spaghetti-400g/,D,no,,,,
Ecuador,Supermaxi,Pasta seca,Vittorio,https://www.supermaxi.com/producto/don-vittorio-spaghetti-950-g/,D,no,,,,
Ecuador,Supermaxi,Pasta seca,Amancay,https://www.supermaxi.com/producto/spaghetti-de-semola-de-trigo-amancay-1000-g-2/,D,no,,,,
Ecuador,Supermaxi,Pasta seca,El Dorado,https://www.supermaxi.com/producto/sg-el-dorado-pasta-chia-spaghetti-250-g/,D,no,,,,
Ecuador,Supermaxi,Pasta seca,Barilla,https://www.supermaxi.com/producto/spaghetti-numero-5-barilla-funda/,D,no,,,,
Ecuador,Supermaxi,Papa,Supermaxi,https://www.supermaxi.com/producto/papa-super-chola-de-mesa-kanpu-1-5-kg-2/,D,no,,,,
Ecuador,Supermaxi,Azucar,Impalpable,https://www.supermaxi.com/producto/supermaxi-azucar-impalpable-500-g/,D,no,,,,
Ecuador,Supermaxi,Azucar,Monterrey,https://www.supermaxi.com/producto/azucar-empacado-monterrey-5000-g/,D,no,,,,
Ecuador,Supermaxi,Azucar,La Original,https://www.supermaxi.com/producto/la-original-azucar-blanca-1000g/,D,no,,,,
Ecuador,Supermaxi,Azucar,Supermaxi,https://www.supermaxi.com/producto/azucar-blanca-supermaxi-5000-g-2/,D,no,,,,
Ecuador,Supermaxi,Azucar,Tababuela,https://www.supermaxi.com/producto/azucar-blanca-tababuela-funda-2/,D,no,,,,
Ecuador,Mi Comisariato,Leche,Nutri,https://www.frecuento.com/leche-nutri-entera-carton-1l/909015/,D,recaptcha,,TAMBIEN SE PUEDE      ,https://app.frecuento.com/products/909506/?image=455x455,
Ecuador,Mi Comisariato,Leche,Tru,https://www.frecuento.com/leche-tru-entera-1l/908948/,D,recaptcha,,,,
Ecuador,Mi Comisariato,Leche,Mi Comisariato,https://www.frecuento.com/leche-mi-comisariato-entera-funda-1l/915269/,D,recaptcha,,,,
Ecuador,Mi Comisariato,Leche,Reyleche,https://www.frecuento.com/leche-entera-reyleche-carton-1l/908754/,D,recaptcha,,,,
Ecuador,Mi Comisariato,Leche,Toni,https://www.frecuento.com/leche-entera-toni-carton-1l/908863/,D,recaptcha,,,,
Ecuador,Mi Comisariato,Cerveza,Club,https://www.frecuento.com/club-premium-platino-cerveza-botella-6pack-330ml/906247/,D,recaptcha,,,,
Ecuador,Mi Comisariato,Cerveza,Corona,https://www.frecuento.com/corona-extra-cerveza-botella-6pack-330ml/1006654/,D,recaptcha,,,,
Ecuador,Mi Comisariato,Cerveza,Amstel,https://www.frecuento.com/six-pack-cerveza-amstel-botella-330ml/964192/,D,recaptcha,,,,
Ecuador,Mi Comisariato,Cerveza,Pilsener,https://www.frecuento.com/pilsener-cerveza-botella-6pack-330ml/902231/,D,recaptcha,,,,
Ecuador,Mi Comisariato,Cerveza,Budweisser,https://www.frecuento.com/budweiser-cerveza-lata-6pack-269ml/901664/,D,recaptcha,,,,
Ecuador,Mi Comisariato,Pan de Molde,Dandy,https://www.frecuento.com/pan-molde-blanco-dandy-450g/921141/,D,recaptcha,,,,
Ecuador,Mi Comisariato,Pan de Molde,Supan,https://www.frecuento.com/pan-molde-supan-blanco-750g/922987/,D,recaptcha,,,,
Ecuador,Mi Comisariato,Pan de Molde,Moderna,https://www.frecuento.com/pan-molde-moderna-blanco-550g/917225/,D,recaptcha,,,,
Ecuador,Mi Comisariato,Pan de Molde,Madrina,https://www.frecuento.com/pan-molde-madrina-blanco-500g/1011343/,D,recaptcha,,,,
Ecuador,Mi Comisariato,Pan de Molde,Bimbo,https://www.frecuento.com/pan-molde-bimbo-blanco-580g/917236/,D,recaptcha,,,,
Ecuador,Mi Comisariato,Refrescos de cola,Coca Cola,https://www.frecuento.com/cola-coca-cola-305-l/948812/,D,recaptcha,,,,
Ecuador,Mi Comisariato,Refrescos de cola,Inca Kola,https://www.frecuento.com/cola-inca-kola-250ml/1010263/,D,recaptcha,,,,
Ecuador,Mi Comisariato,Refrescos de cola,7Up,https://www.frecuento.com/cola-7up-2l/923450/,D,recaptcha,,,,
Ecuador,Mi Comisariato,Refrescos de cola,Pepsi,https://www.frecuento.com/cola-pepsi-1l/919524/,D,recaptcha,,,,
Ecuador,Mi Comisariato,Refrescos de cola,Fanta,https://www.frecuento.com/cola-fanta-250ml/1007985/,D,recaptcha,,,,
Ecuador,Mi Comisariato,Queso blando,Kraft,https://www.frecuento.com/queso-parmesano-kraft-226g/993382/,D,recaptcha,,,,
Ecuador,Mi Comisariato,Arroz,Sultán Costa,https://www.frecuento.com/arroz-sultan-costa-premium-100lb/923243/,D,recaptcha,,,,
Ecuador,Mi Comisariato,Arroz,El charro,https://www.frecuento.com/arroz-el-charro-costa-100lb/923242/,D,recaptcha,,,,
Ecuador,Mi Comisariato,Arroz,Mi Comisariato,https://www.frecuento.com/arroz-flor-mi-comisariato-10kg/909792/,D,recaptcha,,,,
Ecuador,Mi Comisariato,Arroz,Solo Arroz,https://www.frecuento.com/arroz-calidad-solo-arroz-5kg/909490/,D,recaptcha,,,,
Ecuador,Mi Comisariato,Arroz,Sylvia Maria,https://www.frecuento.com/arroz-grano-largo-sylvia-maria-5kg/909494/,D,recaptcha,,,,
Ecuador,Mi Comisariato,Pasta seca,Mi Comisariato,https://www.frecuento.com/pasta-spaghetti-mi-comisariato-400g/966382/,D,recaptcha,,,,
Ecuador,Mi Comisariato,Pasta seca,Don Vittorio,https://www.frecuento.com/pasta-spaghetti-n5-don-vittorio-400g/909470/,D,recaptcha,,,,
Ecuador,Mi Comisariato,Pasta seca,Decassa,https://www.frecuento.com/fideo-spaghetti-n5-decassa-500g/973517/,D,recaptcha,,,,
Ecuador,Mi Comisariato,Pasta seca,Toscana,https://www.frecuento.com/fideo-spaghetti-n5-toscana-400g/910365/,D,recaptcha,,,,
Ecuador,Mi Comisariato,Pasta seca,Barilla,https://www.frecuento.com/pasta-spaghetti-n5-barilla-500g/909568/,D,recaptcha,,,,
Ecuador,Mi Comisariato,Azucar,Mi Comisariato,https://www.frecuento.com/azucar-mi-comisariato-2-kg/909505/,D,recaptcha,,,,
Ecuador,Mi Comisariato,Azucar,San Carlos,https://www.frecuento.com/azucar-blanca-granulada-san-carlos-2-kg/910337/,D,recaptcha,,,,
Ecuador,Mi Comisariato,Azucar,La Troncal ,https://www.frecuento.com/azucar-troncal-1-kg/909506/,D,recaptcha,,,,
Ecuador,Mi Comisariato,Azucar,Valdez,https://www.frecuento.com/azucar-empacada-valdez-2kg/909500/,D,recaptcha,,,,
Ecuador,Coral Hipermercados,Leche,Svelty ,https://coralhipermercados.com/leche-svelty-actifibras-1l-7851.html,D,recaptcha,,,,
Ecuador,Coral Hipermercados,Leche,Tru,https://coralhipermercados.com/leche-entera-tru-1l-7877.html,D,recaptcha,,,,
Ecuador,Coral Hipermercados,Leche,Nutri,https://coralhipermercados.com/leche-deslactosada-nutri-1l-7842.html,D,recaptcha,,,,
Ecuador,Coral Hipermercados,Leche,Andilac,https://coralhipermercados.com/leche-semidescremada-andilac-900-ml-uht-1.html,D,recaptcha,,,,
Ecuador,Coral Hipermercados,Cerveza,Peroni,https://coralhipermercados.com/cerveza-peroni-nastro-azzurro-330ml-366.html,D,recaptcha,,,,
Ecuador,Coral Hipermercados,Cerveza,Paulaner,https://coralhipermercados.com/cerveza-paulaner-hefe-weissbiwer-500ml-358.html,D,recaptcha,,,,
Ecuador,Coral Hipermercados,Cerveza,Heineken,https://coralhipermercados.com/cerveza-six-pack-en-lata-heineken-355ml-852.html,D,recaptcha,,,,
Ecuador,Coral Hipermercados,Cerveza,Breda,https://tuti.com.ec/?s=Cerveza&post_type=product&dgwt_wcas=1,D,recaptcha,,,,
Ecuador,Coral Hipermercados,Cerveza,Amstel,https://coralhipermercados.com/cerveza-pura-malta-six-pack-amstel-lager-855.html,D,recaptcha,,,,
Ecuador,Coral Hipermercados,Pan de Molde,Fraile,https://coralhipermercados.com/pan-de-molde-blanco-g-o-500g-20rebanadas-1199.html,D,recaptcha,,,,
Ecuador,Coral Hipermercados,Pan de Molde,Moderna,https://coralhipermercados.com/catalog/product/view/id/398425/s/pan-de-horno-blanco-artesanal-moderna-56/category/5/,D,recaptcha,,,,
Ecuador,Coral Hipermercados,Pan de Molde,Supan,https://coralhipermercados.com/supan-molde-brioche-1p-580g-392.html,D,recaptcha,,,,
Ecuador,Coral Hipermercados,Refrescos de cola,Tropical,https://coralhipermercados.com/cola-tropical-fresa-3785ml-758.html,D,recaptcha,,,,
Ecuador,Coral Hipermercados,Refrescos de cola,Punch,https://coralhipermercados.com/cola-tropical-fresa-3785ml-758.html,D,recaptcha,,,,
Ecuador,Coral Hipermercados,Refrescos de cola,Coca Cola,https://coralhipermercados.com/coca-cola-original-3050-ml-2.html,D,recaptcha,,,,
Ecuador,Coral Hipermercados,Refrescos de cola,Sprite,https://coralhipermercados.com/bebida-gaseosa-cola-sprite-3l-740.html,D,recaptcha,,,,
Ecuador,Coral Hipermercados,Queso blando,Dulacs,https://coralhipermercados.com/queso-fresco-dulacs-350g-7712.html,D,recaptcha,,,,
Ecuador,Coral Hipermercados,Arroz,Buscadito,https://coralhipermercados.com/arroz-buscadito-quintal-9704.html,D,recaptcha,,,,
Ecuador,Coral Hipermercados,Arroz,Coral,https://coralhipermercados.com/arroz-coral-4lb-11500.html,D,recaptcha,,,,
Ecuador,Coral Hipermercados,Pasta seca,Reggia,https://coralhipermercados.com/pasta-fusilli-reggia-500g-424.html,D,recaptcha,,,,
Ecuador,Coral Hipermercados,Pasta seca,Agnesi,https://coralhipermercados.com/pasta-cravattine-n60-lazito-3.html,D,recaptcha,,,,
Ecuador,Coral Hipermercados,Pasta seca,Tomebamba,https://coralhipermercados.com/fideo-spaguetti-tomebamba-200g-9216.html,D,recaptcha,,,,
Ecuador,Coral Hipermercados,Azucar,Valdez,https://coralhipermercados.com/azucar-blanca-valdez-1kg-8867.html,D,recaptcha,,,,
Ecuador,Coral Hipermercados,Azucar,Monterrey,https://coralhipermercados.com/azucar-blanca-monterrey-1kg-8856.html,D,recaptcha,,,,
Ecuador,Tia,Leche,Reyleche,https://www.tia.com.ec/leche-reyleche-900-ml-entera-330723000.html,D,no,,,,
Ecuador,Tia,Leche,Vita,https://www.tia.com.ec/leche-vita-900-ml-entera-330701000.html,D,no,,,,
Ecuador,Tia,Leche,Toni,https://www.tia.com.ec/leche-toni-tetrabrik-1-l-entera-337906000.html,D,no,,,,
Ecuador,Tia,Leche,La Lechera,https://www.tia.com.ec/leche-la-lechera-tetrabrik-1-l-entera-337209001.html,D,no,,,,
Ecuador,Tia,Leche,Parmalat,https://www.tia.com.ec/leche-parmalat-900-ml-entera-330526000.html,D,no,,,,
Ecuador,Tia,Cerveza,Biela,https://www.tia.com.ec/cerveza-biela-reserva-lata-355-ml-243131000.html,D,no,,,,
Ecuador,Tia,Cerveza,Corona,https://www.tia.com.ec/cerveza-coronita-extra-210-ml-243288000.html,D,no,,,,
Ecuador,Tia,Cerveza,Club,https://www.tia.com.ec/cerveza-club-platino-330-ml-243122000.html,D,no,,,,
Ecuador,Tia,Cerveza,Pilsener,https://www.tia.com.ec/cerveza-pilsener-lata-355-ml-243291000.html,D,no,,,,
Ecuador,Tia,Cerveza,Amstel,https://www.tia.com.ec/cerveza-amstel-lata-355-ml-242883000.html,D,no,,,,
Ecuador,Tia,Pan de Molde,Supan,https://www.tia.com.ec/pan-molde-blanco-supan-550-g-251676000.html,D,no,,,,
Ecuador,Tia,Pan de Molde,Flor de Oro,https://www.tia.com.ec/pan-molde-blanco-flor-de-oro-550-g-251781000.html,D,no,,,,
Ecuador,Tia,Pan de Molde,Moderna,https://www.tia.com.ec/pan-molde-blanco-moderna-550-g-251628000.html,D,no,,,,
Ecuador,Tia,Pan de Molde,Ta riko,https://www.tia.com.ec/pan-molde-ta-riko-450-g-n-259628000.html,D,no,,,,
Ecuador,Tia,Pan de Molde,Mas Ahorro,https://www.tia.com.ec/pan-molde-mas-ahorro-550-g-259789000.html,D,no,,,,
Ecuador,Tia,Refrescos de cola,Orangine,https://www.tia.com.ec/cola-orangine-3000-ml-manzana-247101001.html,D,no,,,,
Ecuador,Tia,Refrescos de cola,Fanta ,https://www.tia.com.ec/cola-fanta-500-ml-naranja-247234000.html,D,no,,,,
Ecuador,Tia,Refrescos de cola,Sprite,https://www.tia.com.ec/cola-sprite-1-35-l-247095000.html,D,no,,,,
Ecuador,Tia,Refrescos de cola,Inka Cola,https://www.tia.com.ec/cola-inca-kola-2-l-247233000.html,D,no,,,,
Ecuador,Tia,Refrescos de cola,Coca Cola,https://www.tia.com.ec/cola-coca-cola-2-l-original-247072000.html,D,no,,,,
Ecuador,Tia,Queso blando,Kiosko,https://www.tia.com.ec/queso-andino-kiosko-450-g-271094000.html,D,no,,,,
Ecuador,Tia,Queso blando,nandito,https://www.tia.com.ec/queso-fresco-nandito-500-g-270842000.html,D,no,,,,
Ecuador,Tia,Queso blando,Reyqueso,https://www.tia.com.ec/queso-fresco-reyqueso-700-g-270553000.html,D,no,,,,
Ecuador,Tia,Queso blando,Toni,https://www.tia.com.ec/queso-cremoso-toni-500-g-270558000.html,D,no,,,,
Ecuador,Tia,Queso blando,Lucilta,https://www.tia.com.ec/queso-fresco-lucilita-250-g-270564000.html,D,no,,,,
Ecuador,Tia,Arroz,Arroz Real,https://www.tia.com.ec/arroz-real-2-kg-258049000.html,D,no,,,,
Ecuador,Tia,Arroz,Arroz Conejo,https://www.tia.com.ec/arroz-conejo-saco-20-lb-257216000.html,D,no,,,,
Ecuador,Tia,Arroz,Más Ahorro,https://www.tia.com.ec/arroz-mas-ahorro-2-kg-259771000.html,D,no,,,,
Ecuador,Tia,Arroz,Ta riko,https://www.tia.com.ec/arroz-ta-riko-1-kg-259673000.html,D,no,,,,
Ecuador,Tia,Arroz,Oso Envejecido,https://www.tia.com.ec/arroz-envejecido-oso-saco-100-lb-257269000.html,D,no,,,,
Ecuador,Tia,Pasta seca,Bolonia,https://www.tia.com.ec/fideos-bolonia-400-g-spaghetti-258742000.html,D,no,,,,
Ecuador,Tia,Pasta seca,Ta Riko,https://www.tia.com.ec/fideos-ta-riko-liga-de-la-justicia-400-g-spaghetti-259948000.html,D,no,,,,
Ecuador,Tia,Pasta seca,Amancay,https://www.tia.com.ec/fideos-amancay-400-g-spaghetti-257679000.html,D,no,,,,
Ecuador,Tia,Pasta seca,Aliada,https://www.tia.com.ec/fideos-aliada-en-tu-ahorro-400-g-spaghetti-259959000.html,D,no,,,,
Ecuador,Tia,Pasta seca,Toscana,https://www.tia.com.ec/fideos-toscana-400-g-spaghetti-258714001.html,D,no,,,,
Ecuador,Tia,Azucar,San Carlos,https://www.tia.com.ec/azucar-san-carlos-2-kg-251221000.html,D,no,,,,
Ecuador,Tia,Azucar,Más Ahorro,https://www.tia.com.ec/azucar-mas-ahorro-1-kg-259852000.html,D,no,,,,
Ecuador,Santa Maria,Leche,Vita,https://www.supermercadosantamaria.com/detalle/-/Producto/leche-entera-vita-1100-ml/121750730,D,no,,,,
Ecuador,Santa Maria,Leche,Andina,https://www.supermercadosantamaria.com/detalle/-/Producto/funda-leche-entera-andina-900-ml/84109,D,no,,,,
Ecuador,Santa Maria,Leche,Santa María,https://www.supermercadosantamaria.com/detalle/-/Producto/santa-maria-leche-entera-larga-vida-uht-funda-1-lt/196054894,D,no,,,,
Ecuador,Santa Maria,Leche,Toni,https://www.supermercadosantamaria.com/detalle/-/Producto/carton-leche-entera-toni-1-lt/111900116,D,no,,,,
Ecuador,Santa Maria,Leche,La vaquita,https://www.supermercadosantamaria.com/detalle/-/Producto/leche-entera-la-vaquita-750-ml/171753058,D,no,,,,
Ecuador,Santa Maria,Cerveza,Stella Artois,https://www.supermercadosantamaria.com/detalle/-/Producto/pack-x-6-uni-stella-artois-cerveza-330-ml-c-u/102932,D,no,,,,
Ecuador,Santa Maria,Cerveza,Club,https://www.supermercadosantamaria.com/detalle/-/Producto/club-cerveza-doble-malta-twist-off-x-6-undida/163402944,D,no,,,,
Ecuador,Santa Maria,Cerveza,Biela,https://www.supermercadosantamaria.com/detalle/-/Producto/biela-cerveza-reserva-sixpack--lata-c-u-355-m/161552957,D,no,,,,
Ecuador,Santa Maria,Cerveza,Pilsener,https://www.supermercadosantamaria.com/detalle/-/Producto/pilsener-twelve-pack-lata-355-ml/161202949,D,no,,,,
Ecuador,Santa Maria,Cerveza,Heineken,https://www.supermercadosantamaria.com/detalle/-/Producto/heineken-cerveza-sixpack-c-u-330-ml/143653164,D,no,,,,
Ecuador,Santa Maria,Pan de Molde,Santa maria,https://www.supermercadosantamaria.com/detalle/-/Producto/pan-blanco-santa-maria-600-gr/135653156,D,no,,,,
Ecuador,Santa Maria,Pan de Molde,Moderna,https://www.supermercadosantamaria.com/detalle/-/Producto/pan-blanco-sanduchero-moderna-800-gr/71864,D,no,,,,
Ecuador,Santa Maria,Pan de Molde,Bimbo,https://www.supermercadosantamaria.com/detalle/-/Producto/molde-blanco-bimbo-400-g/123701392,D,no,,,,
Ecuador,Santa Maria,Pan de Molde,Supan,https://www.supermercadosantamaria.com/detalle/-/Producto/pan-blanco-supan-750gr/148802940,D,no,,,,
Ecuador,Santa Maria,Pan de Molde,Pangolin,https://www.supermercadosantamaria.com/detalle/-/Producto/pan-blanco-pangolin-600-g/117550794,D,no,,,,
Ecuador,Santa Maria,Refrescos de cola,Orangine,https://www.supermercadosantamaria.com/detalle/-/Producto/orangine-jugo-mora-botella-3-lt/100772,D,no,,,,
Ecuador,Santa Maria,Refrescos de cola,Sprite,https://www.supermercadosantamaria.com/detalle/-/Producto/gaseosa-sprite-135-l/143102944,D,no,,,,
Ecuador,Santa Maria,Refrescos de cola,Coca Cola,https://www.supermercadosantamaria.com/detalle/-/Producto/gaseosa-coca-cola-135-l/69796,D,no,,,,
Ecuador,Santa Maria,Refrescos de cola,Fanta,https://www.supermercadosantamaria.com/detalle/-/Producto/fanta-naranja-botella-3-lt/62494,D,no,,,,
Ecuador,Santa Maria,Refrescos de cola,Pepsi,https://www.supermercadosantamaria.com/detalle/-/Producto/pepsi-gaseosa-25-lt/149202989,D,no,,,,
Ecuador,Santa Maria,Queso blando,Santa Maria,https://www.supermercadosantamaria.com/detalle/-/Producto/queso-mozarella-santa-maria-500-gr/132901505,D,no,,,,
Ecuador,Santa Maria,Queso blando,Inlac'M,https://www.supermercadosantamaria.com/detalle/-/Producto/queso-inlac-m-700-gr/98775,D,no,,,,
Ecuador,Santa Maria,Queso blando,Kiosko Alpina,https://www.supermercadosantamaria.com/detalle/-/Producto/queso-mozarella-kiosko-900-gr/149303181,D,no,,,,
Ecuador,Santa Maria,Queso blando,La Holandesa,https://www.supermercadosantamaria.com/detalle/-/Producto/queso-mozarella-la-holandesa-900-gr/130501241,D,no,,,,
Ecuador,Santa Maria,Queso blando,Dulac's,https://www.supermercadosantamaria.com/detalle/-/Producto/queso-mozzarella-dulac-s-700-gr/47134,D,no,,,,
Ecuador,Santa Maria,Arroz,Santa Maria,https://www.supermercadosantamaria.com/detalle/-/Producto/arroz-santa-maria-2-libras/151404766,D,no,,,,
Ecuador,Santa Maria,Arroz,Super Extra,https://www.supermercadosantamaria.com/detalle/-/Producto/arroz-natural-super-extra-10-kg/132902170,D,no,,,,
Ecuador,Santa Maria,Arroz,Good Rice,https://www.supermercadosantamaria.com/detalle/-/Producto/arroz-arroba-good-rice-1134-kg/159952943,D,no,,,,
Ecuador,Santa Maria,Arroz,Casa del Arroz,https://www.supermercadosantamaria.com/detalle/-/Producto/arroz-envejecido-casa-del-arroz-2-kg/132901433,D,no,,,,
Ecuador,Santa Maria,Banano,Santa Maria,https://www.supermercadosantamaria.com/detalle/-/Producto/banano-seda-kg/32794,D,no,,,,
Ecuador,Santa Maria,Pasta seca,Barilla,https://www.supermercadosantamaria.com/detalle/-/Producto/spaghettini-n--5-barilla-500-gr/67664,D,no,,,,
Ecuador,Santa Maria,Pasta seca,Paca,https://www.supermercadosantamaria.com/detalle/-/Producto/fideo-spaghetti-paca-400-gr/154403048,D,no,,,,
Ecuador,Santa Maria,Pasta seca,Bolonia,https://www.supermercadosantamaria.com/detalle/-/Producto/fideo-spaghetti-5-bolonia-400-gr/117751457,D,no,,,,
Ecuador,Santa Maria,Pasta seca,Santorino,https://www.supermercadosantamaria.com/detalle/-/Producto/spaghetti--5-pasta-santorino-400-gr/163454189,D,no,,,,
Ecuador,Santa Maria,Pasta seca,Oriental,https://www.supermercadosantamaria.com/detalle/-/Producto/pasta-larga-spaghetti-oriental-400-gr/153752967,D,no,,,,
Ecuador,Santa Maria,Papa,Santa Maria,https://www.supermercadosantamaria.com/detalle/-/Producto/papa-chola-granel-kg/44270,D,no,,,,
Ecuador,Santa Maria,Azucar,San Carlos,https://www.supermercadosantamaria.com/detalle/-/Producto/azucar-san-carlos-kg/42701,D,no,,,,
Ecuador,Santa Maria,Azucar,Valdez,https://www.supermercadosantamaria.com/detalle/-/Producto/valdez-azucar-blanco-5kg/160653107,D,no,,,,
Costa Rica,Perimercados,Cafe,1820,https://www.peridomicilio.com/p/cafe-1820-molido-250g-91497,D,no,,,,
Costa Rica,Perimercados,Cafe,Buen Dia,https://www.peridomicilio.com/p/cafe-buen-dia-gourmet-340g-176084,D,no,,,,
Costa Rica,Perimercados,Cafe,Presto,https://www.peridomicilio.com/p/cafe-presto-instantaneo-150g-48954,D,no,,,,
Costa Rica,Perimercados,Cafe,El Yodito,https://www.peridomicilio.com/p/cafe-el-yodito-250g-67009,D,no,,,,
Costa Rica,Perimercados,Cafe,Sanchez,https://www.peridomicilio.com/p/cafe-sanchez-tres-rios-340g-205378,D,no,,,,
Costa Rica,Perimercados,Pan de molde,Bimbo,https://www.peridomicilio.com/p/pan-bimbo-artesano-535g-160067,D,no,,,,
Costa Rica,Perimercados,Pan de molde,Pilolo,https://www.peridomicilio.com/p/pan-cuadrado-pilolo-blanco-450g-209500,D,no,,,,
Costa Rica,Perimercados,Pan de molde,Tulipan,https://www.peridomicilio.com/p/pan-cuadrado-integral-tulipan-800g-10883,D,no,,,,
Costa Rica,Perimercados,Arroz,Liborio,https://www.peridomicilio.com/p/arroz-80-liborio-1800g-171846,D,no,,,,
Costa Rica,Perimercados,Arroz,Sabrotico,https://www.peridomicilio.com/p/arroz-sabrotico-90-1700g-206685,D,no,,,,
Costa Rica,Perimercados,Arroz,Montelimar,https://www.peridomicilio.com/p/arroz-91-montelimar-1800g-180590,D,no,,,,
Costa Rica,Perimercados,Arroz,Luisiana,https://www.peridomicilio.com/p/arroz-luisiana-99-3500g-206290,D,no,,,,
Costa Rica,Perimercados,Arroz,Tio Pelon,https://www.peridomicilio.com/p/arroz-tio-pelon-91-18kg-111819,D,no,,,,
Costa Rica,Perimercados,Refrescos de cola,Coca cola,https://www.peridomicilio.com/p/refresco-cola-desechable-coca-cola-15litros-111328,D,no,,,,
Costa Rica,Perimercados,Refrescos de cola,Pepsi,https://www.peridomicilio.com/p/gaseosa-pepsi-cola-1500ml-185713,D,no,,,,
Costa Rica,Perimercados,Refrescos de cola,Inca,https://www.peridomicilio.com/p/bebida-inca-kola-original-1500ml-170612,D,no,,,,
Costa Rica,Perimercados,Refrescos de cola,Colombiana,https://www.peridomicilio.com/p/bebida-postobon-colombiana-15-litros-214824,D,no,,,,
Costa Rica,Perimercados,Leche liquida,Dos pinos,https://www.peridomicilio.com/p/leche-entera-dos-pinos-pinito-1000ml-7829,D,no,,,,
Costa Rica,Perimercados,Leche liquida,Coronado,https://www.peridomicilio.com/p/leche-dos-pinos-coronado-entera-35-grasa-1000ml-36237,D,no,,,,
Costa Rica,Perimercados,Leche liquida,Delactomy,https://www.peridomicilio.com/p/leche-dos-pinos-delactomy-a2-proteina-946ml-197117,D,no,,,,
Costa Rica,Perimercados,Frijoles,Lusiana,https://www.peridomicilio.com/p/frijoles-lusiana-negros-800g-207880,D,no,,,,
Costa Rica,Perimercados,Frijoles,Montelimar,https://www.peridomicilio.com/p/frijoles-montelimar-negros-700g-201535,D,no,,,,
Costa Rica,Perimercados,Frijoles,Sabrotico,https://www.peridomicilio.com/p/frijoles-rojos-sabrotico-700g-175498,D,no,,,,
Costa Rica,Perimercados,Frijoles,La costeña,https://www.peridomicilio.com/p/frijoles-la-costena-bayos-enteros-560g-8937,D,no,,,,
Costa Rica,Perimercados,Frijoles,Del Tropico,https://www.peridomicilio.com/p/frijnegentdtropic400g-104507,D,no,,,,
Costa Rica,Perimercados,Pasta seca,Divella,https://www.peridomicilio.com/p/spaghetti-divella-8-250g-59566,D,no,,,,
Costa Rica,Perimercados,Pasta seca,Lucema,https://www.peridomicilio.com/p/spaghetti-lucema-250g-7483,D,no,,,,
Costa Rica,Perimercados,Pasta seca,Roma,https://www.peridomicilio.com/p/pasta-larga-roma-spaguetti-500g-16820,D,no,,,,
Costa Rica,Perimercados,Pasta seca,Barilla,https://www.peridomicilio.com/p/spaghetti-barilla-5500g-12803,D,no,,,,
Costa Rica,Perimercados,Pasta seca,Kibo,https://www.peridomicilio.com/p/spaguetti-kibo-arveja-220g-183802,D,no,,,,
Costa Rica,Perimercados,Azucar,Victoria,https://www.peridomicilio.com/p/azucar-victoria-1000-gr-3360,D,no,,,,
Costa Rica,Perimercados,Azucar,Montelimar,https://www.peridomicilio.com/p/azucar-montelimar-2000-gr-185737,D,no,,,,
Costa Rica,Perimercados,Azucar,Doña Maria,https://www.peridomicilio.com/p/azucar-dona-maria-5000g-35346,D,no,,,,
Costa Rica,Perimercados,Azucar,Zukra,https://www.peridomicilio.com/p/azucar-organico-zukra-900-gr-139271,D,no,,,,
Costa Rica,Perimercados,Huevos,Jumbo,https://www.peridomicilio.com/p/huevo-jumbo-yema-dorada-kilo-30092,D,no,,,,
Costa Rica,Perimercados,Huevos,Yema Dorada,https://www.peridomicilio.com/p/huevo-rojo-yema-dorada-30un-kilo-32787,D,no,,,,
Costa Rica,Perimercados,Huevos,Agroindustrial,https://www.peridomicilio.com/p/huevos-agroindustrial-omega-3-rojo-kilo-108566,D,no,,,,
Costa Rica,Perimercados,Papas,Peri,https://www.peridomicilio.com/p/papa-granel-selecta-1000g-155587,D,no,,,,
Costa Rica,Perimercados,Papas,McCain,https://www.peridomicilio.com/p/papas-congeladas-valley-farms-1kg-7267,D,no,,,,
Costa Rica,Masxmenos,Cafe,1820,https://www.masxmenos.cr/pack-cafe-1820-reserva-puro-590gr/p,D,recaptcha,,,,
Costa Rica,Masxmenos,Cafe,Nescafe,https://www.masxmenos.cr/cafe-soluble-nescaf-clasico-120-gr-2/p,D,recaptcha,,,,
Costa Rica,Masxmenos,Cafe,Gourmet Fields,https://www.masxmenos.cr/gourmet-fields-cafe-grano-180-gr-317/p,D,recaptcha,,,,
Costa Rica,Masxmenos,Cafe,Quetzal,https://www.masxmenos.cr/cafe-quetzal-dota-500gr/p,D,recaptcha,,,,
Costa Rica,Masxmenos,Cafe,Leyenda,https://www.masxmenos.cr/cafe-leyenda-puro-molido-clasico-250gr/p,D,recaptcha,,,,
Costa Rica,Masxmenos,Pan de molde,Bimbo,https://www.masxmenos.cr/pan-sandwich-bimbo-grande-720gr-2/p,D,recaptcha,,,,
Costa Rica,Masxmenos,Pan de molde,Tulipan,https://www.masxmenos.cr/pan-tulipan-cuadrado-espec-integra-730gr-4/p,D,recaptcha,,,,
Costa Rica,Masxmenos,Pan de molde,Oroweat,https://www.masxmenos.cr/pan-multigrain-680-gr-oroweat-2/p,D,recaptcha,,,,
Costa Rica,Masxmenos,Pan de molde,Vital,https://www.masxmenos.cr/pan-bimbo-vital-integral-con-frutos-rojos-600-g/p,D,recaptcha,,,,
Costa Rica,Masxmenos,Pan de molde,Terranea,https://www.masxmenos.cr/mediterraneo-boca-terranea-30u-150gr-223/p,D,recaptcha,,,,
Costa Rica,Masxmenos,Arroz,Tio pelon,https://www.masxmenos.cr/arroz-tio-pelon-entero-99-4000gr/p,D,recaptcha,,,,
Costa Rica,Masxmenos,Arroz,Luisiana,https://www.masxmenos.cr/arroz-luisiana-enriquecido-entero-99-5-6500gr-4/p,D,recaptcha,,,,
Costa Rica,Masxmenos,Arroz,Indiana,https://www.masxmenos.cr/arroz-indiana-99-5-grano-entero-3000gr/p,D,recaptcha,,,,
Costa Rica,Masxmenos,Arroz,Liboro fit,https://www.masxmenos.cr/arroz-liborio-fit-99-porcion-1800gr/p,D,recaptcha,,,,
Costa Rica,Masxmenos,Arroz,Sabemas,https://www.masxmenos.cr/arroz-sabemas-99-grano-entero-4000gr-4/p,D,recaptcha,,,,
Costa Rica,Masxmenos,Refrescos de cola,Coca cola,https://www.masxmenos.cr/coca-sin-azucar-354-4pack-1416ml/p,D,recaptcha,,,,
Costa Rica,Masxmenos,Refrescos de cola,Pepsi,https://www.masxmenos.cr/refresco-pepsi-gaseoso-pet-355ml-4/p,D,recaptcha,,,,
Costa Rica,Masxmenos,Refrescos de cola,Colombiana,https://www.masxmenos.cr/refresco-gaseoso-colombiana-kola-2000ml-4/p,D,recaptcha,,,,
Costa Rica,Masxmenos,Leche liquida,Dos pinos,https://www.masxmenos.cr/leche-dos-pinos-pinito-uht-entera-1000ml-2/p,D,recaptcha,,,,
Costa Rica,Masxmenos,Leche liquida,Coronado,https://www.masxmenos.cr/coronado,D,recaptcha,,,,
Costa Rica,Masxmenos,Leche liquida,Natures,https://www.masxmenos.cr/nh-bebida-almendra-sin-azucar-1lt/p,D,recaptcha,,,,
Costa Rica,Masxmenos,Leche liquida,Goya,https://www.masxmenos.cr/leche-coco-goya-lata-400ml-4/p,D,recaptcha,,,,
Costa Rica,Masxmenos,Frijoles,Los productos de mama,https://www.masxmenos.cr/los-productos-de-mama,D,recaptcha,,,,
Costa Rica,Masxmenos,Frijoles,Indiana,https://www.masxmenos.cr/indiana,D,recaptcha,,,,
Costa Rica,Masxmenos,Frijoles,Carolina,https://www.masxmenos.cr/abarrotes/arroz-frijol-y-semillas/frijol,D,recaptcha,,,,
Costa Rica,Masxmenos,Frijoles,Ducal,https://www.masxmenos.cr/frijoles-ducal-negros-enteros-1820gr-4/p,D,recaptcha,,,,
Costa Rica,Masxmenos,Frijoles,Santa Cruz,https://www.masxmenos.cr/frijol-santa-cruz-molido-negro-medio-227gr/p,D,recaptcha,,,,
Costa Rica,Masxmenos,Frijoles,Toños,https://www.masxmenos.cr/frijoles-tonos-rojos-enteros-800gr-4/p,D,recaptcha,,,,
Costa Rica,Masxmenos,Pasta seca,Roma,https://www.masxmenos.cr/pasta-espagueti-roma-enrriquecida-500-g/p,D,recaptcha,,,,
Costa Rica,Masxmenos,Pasta seca,Diavella,https://www.masxmenos.cr/pasta-divella-spaguetti-no-9-500gr-4/p,D,recaptcha,,,,
Costa Rica,Masxmenos,Pasta seca,Prince,https://www.masxmenos.cr/pasta-prince-tornillos-con-salsa-de-queso-150-g/p,D,recaptcha,,,,
Costa Rica,Masxmenos,Pasta seca,Sabemas,https://www.masxmenos.cr/pasta-sabemas-espaguetti-500gr-4/p,D,recaptcha,,,,
Costa Rica,Masxmenos,Azucar,Doña maria,https://www.masxmenos.cr/azucar-dona-maria-regular-blanca-1-kg/p,D,recaptcha,,,,
Costa Rica,Masxmenos,Azucar,Zukra,https://www.masxmenos.cr/azucar-crudo-zukra-2000gr/p,D,recaptcha,,,,
Costa Rica,Masxmenos,Azucar,Victoria,https://www.masxmenos.cr/azucar-victoria-refinada-1000gr/p,D,recaptcha,,,,
Costa Rica,Masxmenos,Huevos,Don cristobal,https://www.masxmenos.cr/huevo-gallina-marca-don-cristobal-marron-30-unidades-kilo/p,D,recaptcha,,,,
Costa Rica,Masxmenos,Huevos,Marketside,https://www.masxmenos.cr/huevo-gallina-marca-marketside-pastoreo-60-unidades-kilo/p,D,recaptcha,,,,
Costa Rica,Masxmenos,Huevos,Magna,https://www.masxmenos.cr/huevos-magna-codorniz-200gr/p,D,recaptcha,,,,
Costa Rica,Masxmenos,Papas,Masxmenos,https://www.masxmenos.cr/papa-seleccion-especial-kg-a-unidades-por-kg-aproximadamente/p,D,recaptcha,,,,
Costa Rica,Masxmenos,Papas,Great value,https://www.masxmenos.cr/papas-great-value-fritas-1000gr-4/p,D,recaptcha,,,,
Costa Rica,Masxmenos,Papas,mcCain,https://www.masxmenos.cr/papa-mccain-quick-cook-battered-straight-cut-567gr/p,D,recaptcha,,,,
Costa Rica,Pali,Cafe,1820,https://www.maxipali.co.cr/cafe-1820-puro-molido-clasico-1000gr/p,D,recaptcha,,,,
Costa Rica,Pali,Cafe,Suli,https://www.maxipali.co.cr/cafe-suli-torrefacto-200gr/p,D,recaptcha,,,,
Costa Rica,Pali,Cafe,Volio,https://www.maxipali.co.cr/cafe-volio-clasico-molido-fino-1000gr-4/p,D,recaptcha,,,,
Costa Rica,Pali,Cafe,Quetzal,https://www.maxipali.co.cr/cafe-quetzal-dota-500gr/p,D,recaptcha,,,,
Costa Rica,Pali,Cafe,Leyenda,https://www.maxipali.co.cr/cafe-puro-leyenda-clasico-500gr-4/p,D,recaptcha,,,,
Costa Rica,Pali,Cafe,Triangulo Oro,https://www.maxipali.co.cr/cafe-triangulo-oro-puro-clasico-250gr/p,D,recaptcha,,,,
Costa Rica,Pali,Pan de molde,Bimbo,https://www.maxipali.co.cr/pan-sandwich-bimbo-grande-720gr-2/p,D,recaptcha,,,,
Costa Rica,Pali,Pan de molde,Tulipan,https://www.maxipali.co.cr/pan-cuadrado-tulipan-blanco-550-g/p,D,recaptcha,,,,
Costa Rica,Pali,Pan de molde,Pilolo,https://www.maxipali.co.cr/pan-pilolo-cuadrado-blanco-450gr/p,D,recaptcha,,,,
Costa Rica,Pali,Pan de molde,Vital,https://www.maxipali.co.cr/pan-bimbo-vital-integral-con-frutos-rojos-600-g/p,D,recaptcha,,,,
Costa Rica,Pali,Pan de molde,Granix,https://www.maxipali.co.cr/pan-negro-granix-de-alta-fibra-750-g/p,D,recaptcha,,,,
Costa Rica,Pali,Arroz,Sabemas,https://www.maxipali.co.cr/arroz-sabemas-grano-entero-91-1500-gr/p,D,recaptcha,,,,
Costa Rica,Pali,Arroz,Tio pelo,https://www.maxipali.co.cr/arroz-tio-pelon-entero-99-1800gr/p,D,recaptcha,,,,
Costa Rica,Pali,Arroz,Indiana,https://www.maxipali.co.cr/arroz-indiana-entero-91-1800gr/p,D,recaptcha,,,,
Costa Rica,Pali,Arroz,Luisiana,https://www.maxipali.co.cr/arroz-luisiana-99-9-1800-gr/p,D,recaptcha,,,,
Costa Rica,Pali,Arroz,Ezio,https://www.maxipali.co.cr/arroz-ezio-al-vacio-91-grano-entero-1000gr/p,D,recaptcha,,,,
Costa Rica,Pali,Refrescos de cola,Coca cola,https://www.maxipali.co.cr/12-pack-coca-cola-original-3000ml/p,D,recaptcha,,,,
Costa Rica,Pali,Refrescos de cola,Big Cola,https://www.maxipali.co.cr/bebida-gas-big-cola-3030ml/p,D,recaptcha,,,,
Costa Rica,Pali,Refrescos de cola,Pepsi,https://www.maxipali.co.cr/refresco-gaseosa-pepsi-pet-3000ml-4/p,D,recaptcha,,,,
Costa Rica,Pali,Refrescos de cola,Fanta,https://www.maxipali.co.cr/refresco-gaseosa-fanta-naranja-3000ml/p,D,recaptcha,,,,
Costa Rica,Pali,Leche liquida,Sabemas,https://www.maxipali.co.cr/leche-sabemas-uht-semidescremada-1000ml-4/p,D,recaptcha,,,,
Costa Rica,Pali,Leche liquida,Dos pinos,https://www.maxipali.co.cr/leche-dos-pinos-entera-uht-3-grasa-1000ml-4/p,D,recaptcha,,,,
Costa Rica,Pali,Leche liquida,Pinito,https://www.maxipali.co.cr/leche-liquida-dos-pinos-pinito-2-pack-2-l/p,D,recaptcha,,,,
Costa Rica,Pali,Leche liquida,Delactomy,https://www.maxipali.co.cr/leche-dos-pinos-delactomy-descremada-946-ml/p,D,recaptcha,,,,
Costa Rica,Pali,Leche liquida,Coronado,https://www.maxipali.co.cr/leche-coronado-nutritiva-3-pack/p,D,recaptcha,,,,
Costa Rica,Pali,Frijoles,Indiana,https://www.maxipali.co.cr/frijol-rojo-indiana-bolsa-800gr/p,D,recaptcha,,,,
Costa Rica,Pali,Frijoles,Suli,https://www.maxipali.co.cr/frijol-rojo-marca-suli-800gr/p,D,recaptcha,,,,
Costa Rica,Pali,Frijoles,Sabemas,https://www.maxipali.co.cr/frijol-sabemas-rojo-largo-400gr-4/p,D,recaptcha,,,,
Costa Rica,Pali,Frijoles,Carolina,https://www.maxipali.co.cr/frijol-rojo-carolina-800gr-4/p,D,recaptcha,,,,
Costa Rica,Pali,Frijoles,Productos de la mama,https://www.maxipali.co.cr/frijol-los-productos-mama-rojo-escogido-800gr-4/p,D,recaptcha,,,,
Costa Rica,Pali,Pasta seca,Roma,https://www.maxipali.co.cr/pasta-roma-3-pack-spaguetti-600-gr/p,D,recaptcha,,,,
Costa Rica,Pali,Pasta seca,Sabemas,https://www.maxipali.co.cr/pasta-sabemas-plumas-250gr/p,D,recaptcha,,,,
Costa Rica,Pali,Pasta seca,Suli,https://www.maxipali.co.cr/pasta-suli-caracolitos-250gr-4/p,D,recaptcha,,,,
Costa Rica,Pali,Pasta seca,Lucema,https://www.maxipali.co.cr/pasta-lucema-caracolitos-250-g/p,D,recaptcha,,,,
Costa Rica,Pali,Pasta seca,L'italiana,https://www.maxipali.co.cr/pasta-l-italiana-espagueti-3-pack-600-g/p,D,recaptcha,,,,
Costa Rica,Pali,Azucar,Doña maria,https://www.maxipali.co.cr/azucar-dona-maria-regular-blanca-2000gr/p,D,recaptcha,,,,
Costa Rica,Pali,Azucar,Zukra,https://www.maxipali.co.cr/azucar-crudo-zukra-especial-con-stevia-800gr-4/p,D,recaptcha,,,,
Costa Rica,Pali,Azucar,Sabemas,https://www.maxipali.co.cr/azucar-blanca-sabemas-2000gr-4/p,D,recaptcha,,,,
Costa Rica,Pali,Azucar,Victoria,https://www.maxipali.co.cr/azucar-victoria-refinada-1000gr/p,D,recaptcha,,,,
Costa Rica,Pali,Huevos,Don Cristobal,https://www.maxipali.co.cr/huevo-gallina-marca-don-cristobal-marron-30-unidades-kilo/p,D,recaptcha,,,,
Costa Rica,Pali,Papas,mcCain,https://www.maxipali.co.cr/papas-para-freir-mccain-corte-ondulado-500-g/p,D,recaptcha,,,,
Costa Rica,Pali,Papas,Great value,https://www.maxipali.co.cr/papas-great-value-fritas-1000gr-4/p,D,recaptcha,,,,
Costa Rica,Pali,Papas,MaxiPali,https://www.maxipali.co.cr/papa-cosecha-kilo-a-unidades-por-kg-aproximadamente/p,D,recaptcha,,,,
Costa Rica,MegaSuper,Cafe,Colcafe,https://www.megasuper.com/p/cafe-colcafe-granulado-80g-7702032104376,D,no,,,,
Costa Rica,MegaSuper,Cafe,1820,https://www.megasuper.com/p/cafe-1820-puro-tradicional-1000g-7441006818306,D,no,,,,
Costa Rica,MegaSuper,Cafe,Brumas,https://www.megasuper.com/p/cafe-brumas-molido-200g-7441006826882,D,no,,,,
Costa Rica,MegaSuper,Cafe,Montaña,https://www.megasuper.com/p/cafe-montana-puro-250g-7441123300043,D,no,,,,
Costa Rica,MegaSuper,Cafe,Presto,https://www.megasuper.com/p/cafe-presto-instantaneo-50g-760861000037,D,no,,,,
Costa Rica,MegaSuper,Cafe,Rey,https://www.megasuper.com/p/cafe-rey-percolado-500g-748366123543,D,no,,,,
Costa Rica,MegaSuper,Cafe,Volio,https://www.megasuper.com/p/cafe-volio-molido-puro-500g-7441003400108,D,no,,,,
Costa Rica,MegaSuper,Cafe,Tarrazu,https://www.megasuper.com/p/cafe-tarrazu-molido-gourmet-340g-645860001462,D,no,,,,
Costa Rica,MegaSuper,Pan de molde,Bimbo,https://www.megasuper.com/p/pan-bimbo-blanco-450g-7441029556759,D,no,,,,
Costa Rica,MegaSuper,Pan de molde,Lupe,https://www.megasuper.com/p/pan-lupe-bonete-450g-7443000400938,D,no,,,,
Costa Rica,MegaSuper,Pan de molde,Tulipan,https://www.megasuper.com/p/pan-cuadrado-tulipan-balnco-550g-7441029523287,D,no,,,,
Costa Rica,MegaSuper,Pan de molde,Palermo,https://www.megasuper.com/p/pan-cuadrado-palermo-blanco-cero-grasa-625g-7443029880209,D,no,,,,
Costa Rica,MegaSuper,Pan de molde,Mareti,https://www.megasuper.com/p/pan-tostado-mareti-mediterraneo-85g-3800205875307,D,no,,,,
Costa Rica,MegaSuper,Arroz,Luisiana,https://www.megasuper.com/p/arroz-luisiana-91-grano-entero-7441000727444,D,no,,,,
Costa Rica,MegaSuper,Arroz,Imperio,https://www.megasuper.com/p/arroz-imperio-precocido-1000-g-7441018000010,D,no,,,,
Costa Rica,MegaSuper,Arroz,MegaSuper,https://www.megasuper.com/p/arroz-megasuper-precocido-1000-g-7441018001376,D,no,,,,
Costa Rica,MegaSuper,Arroz ,Tio pelon,https://www.megasuper.com/p/arroz-precocido-tio-pelon-1000-g-7441006003092,D,no,,,,
Costa Rica,MegaSuper,Arroz,Sabanero,https://www.megasuper.com/p/arroz-sabanero-99-grano-entero-6000-g-7441007902882,D,no,,,,
Costa Rica,MegaSuper,Refrescos de cola,Coca cola,https://www.megasuper.com/p/refresco-gaseosa-coca-cola-3000-ml-7441003500150,D,no,,,,
Costa Rica,MegaSuper,Refrescos de cola,Fanta,https://www.megasuper.com/p/refresco-surtido-mini-lata-8-unidades-coca-cola-237-ml-7441003561250,D,no,,,,
Costa Rica,MegaSuper,Refrescos de cola,Pepsi,https://www.megasuper.com/p/refresco-gaseoso-pepsi-3000-ml-7441009010417,D,no,,,,
Costa Rica,MegaSuper,Leche liquida,Coronado,https://www.megasuper.com/p/leche-coronado-nutritiva-1000-ml-7441013503912,D,no,,,,
Costa Rica,MegaSuper,Leche liquida,Centrolac,https://www.megasuper.com/p/leche-centrolac-semidescremada-1000-ml-7434001210114,D,no,,,,
Costa Rica,MegaSuper,Leche liquida,Dos pinos,https://www.megasuper.com/p/leche-liquida-dos-pinos-bienestar-1000-ml-7441001640681,D,no,,,,
Costa Rica,MegaSuper,Leche liquida,Charo,https://www.megasuper.com/p/leche-charo-3-pack-7443002249153,D,no,,,,
Costa Rica,MegaSuper,Frijoles,Katalina,https://www.megasuper.com/p/frijoles-katalina-negros-800g-7441024114268,D,no,,,,
Costa Rica,MegaSuper,Frijoles,Pinticos,https://www.megasuper.com/p/frijoles-pinticos-negros-700g-7441037921709,D,no,,,,
Costa Rica,MegaSuper,Frijoles,MegaSuper,https://www.megasuper.com/p/frijoles-megasuper-rojos-800g-7441024114152,D,no,,,,
Costa Rica,MegaSuper,Frijoles,Sabanero,https://www.megasuper.com/p/frijoles-pinticos-rojos-700g-7441037921686,D,no,,,,
Costa Rica,MegaSuper,Frijoles,Tio pelon,https://www.megasuper.com/p/frijoles-tio-peon-rojo-800g-7441006005195,D,no,,,,
Costa Rica,MegaSuper,Frijoles,Medalla de oro,https://www.megasuper.com/p/frijoles-medalla-de-oro-rojos-800g-7441024101411,D,no,,,,
Costa Rica,MegaSuper,Pasta seca,Roma,https://www.megasuper.com/p/pasta-corta-roma-petalo-250g-731701015696,D,no,,,,
Costa Rica,MegaSuper,Pasta seca,Divella,https://www.megasuper.com/p/pasta-divella-farfalle-500g-8005121002850,D,no,,,,
Costa Rica,MegaSuper,Pasta seca,Prince,https://www.megasuper.com/p/pasta-lasagna-pricipe-250g-731701480142,D,no,,,,
Costa Rica,MegaSuper,Pasta seca,Lucema,https://www.megasuper.com/p/pasta-lucema-tallarin-300g-7441002440983,D,no,,,,
Costa Rica,MegaSuper,Pasta seca,Milano,https://www.megasuper.com/p/pasta-larga-milano-spaguitti-250g-731701113040,D,no,,,,
Costa Rica,MegaSuper,Azucar,Zukra,https://www.megasuper.com/p/azucar-zukra-100-sobres-7441042600071,D,no,,,,
Costa Rica,MegaSuper,Azucar,Vigui,https://www.megasuper.com/p/azucar-moreno-vigui-400-g-014979310442,D,no,,,,
Costa Rica,MegaSuper,Azucar,Victoria,https://www.megasuper.com/p/azucar-victoria-refinada-1000-g-7441010300019,D,no,,,,
Costa Rica,MegaSuper,Azucar,Doña maria,https://www.megasuper.com/p/azucar-dona-maria-5000-g-7441042600101,D,no,,,,
Costa Rica,MegaSuper,Azucar,Medalla de oro,https://www.megasuper.com/p/azucar-medalla-de-oro-2000-g-7445064006965,D,no,,,,
Costa Rica,MegaSuper,Huevos,Tico,https://www.megasuper.com/p/huevo-tico-tico-marron-carton-15-unidades-01729,D,no,,,,
Costa Rica,MegaSuper,Huevos,Pipasa,https://www.megasuper.com/p/huevo-pipasa-marron-carton-30-unidades-00219,D,no,,,,
Costa Rica,MegaSuper,Papas,Ecofrost,https://www.megasuper.com/p/papas-congeladas-bolsas-ecofrost-1000-g-5425011420206,D,no,,,,
Costa Rica,MegaSuper,Papas,Farm,https://www.megasuper.com/p/papas-congeladas-farm-2270g-744300002059,D,no,,,,
Costa Rica,MegaSuper,Papas,mcCain,https://www.megasuper.com/p/papas-congeladas-mccain-straight-500g-055773077407,D,no,,,,
Costa Rica,MegaSuper,Papas,Miglio,https://www.megasuper.com/p/papas-congeladas-bolsas-miglio-2500-g-5414920008001,D,no,,,,
Costa Rica,MegaSuper,Papas,Kimby brakes,https://www.megasuper.com/p/papas-congrladas-kimby-brakes-250-g-5412873170547,D,no,,,,
Costa Rica,Automercado,Cafe,1820,https://automercado.cr/p/cafe-molido-puro-1820-paquete-1000-g/id/2a7183d6-efcb-4f2e-876b-17cd170d90b7,D,no,,,,
Costa Rica,Automercado,Cafe,Leyenda,https://automercado.cr/p/cafe-molido-puro-leyenda-paquete-1000-g/id/e1f7b1a1-5142-4e79-b03d-5de84abe3fc8,D,no,,,,
Costa Rica,Automercado,Cafe,Dota fresh,https://automercado.cr/p/cafe-molido-gourmet-tueste-medio-dota-fresh-coopedota-r.l-paquete-340-g-/id/b92d261c-a3b5-ec11-983f-0022480bf850,D,no,,,,
Costa Rica,Automercado,Cafe,Reserva,https://automercado.cr/p/cafe-molido-reserva-sanchez-paquete-340-g/id/4f92f197-bd69-ec11-8943-00224809c03e,D,no,,,,
Costa Rica,Automercado,Cafe,Auto signature,https://automercado.cr/p/cafe-molido-premium-tueste-medio-auto-signature-paquete-340-g/id/84356c29-919e-ed11-aad1-0022480ae9ce,D,no,,,,
Costa Rica,Automercado,Cafe,Britt,https://automercado.cr/p/cafe-molido-gourmet-tueste-espresso-britt-paquete-340-g/id/474e995e-1622-40cf-9268-bfaf28503ec9,D,no,,,,
Costa Rica,automercado,Cafe,Tarrazu,https://automercado.cr/p/cafe-grano-gourmet-tueste-medio-la-pastora-tarrazu-paquete-340-g-/id/8a565201-a3b5-ec11-983f-0022480bffdf,D,no,,,,
Costa Rica,Automercado,Cafe,Sanchez,https://automercado.cr/p/cafe-molido-reserva-sanchez-paquete-340-g/id/4f92f197-bd69-ec11-8943-00224809c03e,D,no,,,,
Costa Rica,Automercado,Pan de molde,Bimbo,https://automercado.cr/p/pan-empacado-blanco-bimbo-paquete-800-g/id/fff6196e-7d4c-4bad-bd75-e0c2f3059acb,D,no,,,,
Costa Rica,Automercado,Pan de molde,Oroweat,https://automercado.cr/p/pan-empacado-integral-multigrano-oroweat-paquete-680-g/id/cd1a4e8a-16dd-4c52-9b29-464e6c48ccaf,D,no,,,,
Costa Rica,Automercado,Pan de molde,Ruiseñor,https://automercado.cr/p/pan-empacado-integral-grano-entero-ruisenor-paquete-850-g/id/3f4f1601-1420-4199-b325-4152a2387649,D,no,,,,
Costa Rica,Automercado,Pan de molde,Tulipan,https://automercado.cr/p/pan-empacado-integral-tulipan-paquete-800-g/id/e82aab40-1e3a-44b6-81c8-ce298edefea5,D,no,,,,
Costa Rica,Automercado,Pan de molde,Damaris,https://automercado.cr/p/pan-papa-molde-auto-mercado-unid/id/b1278303-7079-4238-969a-7b252d4543a0,D,no,,,,
Costa Rica,Automercado,Pan de molde,Piuma,https://automercado.cr/p/pan-empacado-blanco-pan-piuma-paquete-300-g/id/bf149d60-b167-4ec3-a79c-9817127e7d2b,D,no,,,,
Costa Rica,Automercado,Arroz,Tio pelon,https://automercado.cr/p/arroz-blanco-99%25-tio-pelon-paquete-4000-g/id/120dd829-dff5-428c-b85a-0d5259594ab9,D,no,,,,
Costa Rica,Automercado,Arroz,Don pedro,https://automercado.cr/p/arroz-blanco-99%2525-don-pedro-paquete-1800-g/id/b810e20b-efb1-4f47-a930-8926a1e56a79,D,no,,,,
Costa Rica,Automercado,Arroz,Luisiana,https://automercado.cr/p/arroz-blanco-99%25-luisiana-bolsa-1700-g/id/7958ceb1-208b-444b-b3fa-828ae0a172e8,D,no,,,,
Costa Rica,Automercado,Arroz,Imperio,https://automercado.cr/p/arroz-blanco-99%2525-fortificado-imperio-paquete-1800-g/id/02784805-b833-4088-a0d1-681e2f7b56ea,D,no,,,,
Costa Rica,Automercado,Arroz,Liborio,https://automercado.cr/p/arroz-integral-99%2525-fit-liborio-paquete-1800-g/id/516cfd54-17df-4452-bc13-d68232c6f784,D,no,,,,
Costa Rica,Automercado,Arroz,Sabanero,https://automercado.cr/p/arroz-blanco-99%25-sabanero-bolsa-1000-g/id/e95b2b30-d878-ec11-8d21-00224806d13f,D,no,,,,
Costa Rica,Automercado,Refrescos de cola,Coca cola,https://automercado.cr/p/bebida-gaseosa-regular-cola-coca-cola-botella-3000-ml/id/dc9c7e14-f7f3-467e-9788-7d33156c1999,D,no,,,,
Costa Rica,Automercado,Refrescos de cola,Bamboo,https://automercado.cr/p/rtd-ron-cola-bamboo-lata-473-ml/id/2606e267-22c5-4f47-8aea-99de5ff33f95,D,no,,,,
Costa Rica,Automercado,Refrescos de cola,Cuba libre Ron cola,https://automercado.cr/p/rtd-ron-cola-cuba-libre-lata-350-ml/id/6bdfe000-e3fb-47f1-a6dc-507543fb17e6,D,no,,,,
Costa Rica,Automercado,Refrescos de cola,Pepsi,https://automercado.cr/p/bebida-gaseosa-regular-cola-pepsi-botella-3000-ml/id/a58b9593-a7ba-44ae-b9c6-fc7d8efb46cf,D,no,,,,
Costa Rica,Automercado,Leche liquida,Dos pinos,https://automercado.cr/p/leche-entera-dos-pinos-caja-1000-ml/id/ece9d107-8cf7-4cec-83a9-d0a2aea9cbfe,D,no,,,,
Costa Rica,Automercado,Leche liquida,Coronado,https://automercado.cr/p/leche-semi-descremada-2%2525-grasa-coronado-caja-1000-ml/id/15dcb54c-14df-46ba-928f-74a1b161a624,D,no,,,,
Costa Rica,Automercado,Leche liquida,Lifeway,https://automercado.cr/p/leche-cultivada-vainilla-lifeway-envase-946-ml/id/7050bac3-1d88-4b6e-864b-ac129d979329,D,no,,,,
Costa Rica,Automercado,Frijoles,Tio pelon,https://automercado.cr/p/frijol-rojo-tio-pelon-paquete-800-g/id/89155979-ed38-4a0f-9db1-ade2143ac0ba,D,no,,,,
Costa Rica,Automercado,Frijoles,Seleccion auto,https://automercado.cr/p/frijol-rojo-seleccion-auto-bolsa-800-g/id/7ea00554-a130-4043-9e0a-e2269c34f0f5,D,no,,,,
Costa Rica,Automercado,Frijoles,Don pedro,https://automercado.cr/p/frijol-rojo-selecto-don-pedro-paquete-800-g/id/7b0543ac-d532-4d62-99b9-8581114d48be,D,no,,,,
Costa Rica,Automercado,Frijoles,Los productos de mama,https://automercado.cr/p/frijol-blanco-productos-d%252Fmama/id/f96a4e34-99eb-ee11-a203-6045bd08a4e4,D,no,,,,
Costa Rica,Automercado,Frijoles,Valle real,https://automercado.cr/p/cubaces-valle-real-paquete-400-g/id/25730448-8476-4003-b145-42986ae59c23,D,no,,,,
Costa Rica,Automercado,Pasta seca,Barilla,https://automercado.cr/p/pasta-alimenticia-spaguetti-%25237-barilla-caja-500-g/id/9716949c-2d38-4e22-aea6-65fd8475bc4a,D,no,,,,
Costa Rica,Automercado,Pasta seca,Divella ,https://automercado.cr/p/pasta-alimenticia-spaguetti-divella-paquete-500-g/id/86aedad8-23b9-4a2e-adba-fe7cae9a9535,D,no,,,,
Costa Rica,Automercado,Pasta seca,Roma,https://automercado.cr/p/pasta-alimenticia-spaguetti-roma-paquete-500-g/id/68bd3771-4076-43a2-9986-7555f1b22cea,D,no,,,,
Costa Rica,Automercado,Pasta seca,pasta Zara,https://automercado.cr/p/pasta-alimenticia-spaguetti-pasta-zara-paquete-500-g/id/1fa7b065-47f4-40e0-a45c-ee3da7745cf3,D,no,,,,
Costa Rica,Automercado,Pasta seca,Prince,https://automercado.cr/p/pasta-alimenticia-pluma-queso-prince-caja-230-g/id/dc990a29-d7fe-4ca5-abea-6f0cbaa97477,D,no,,,,
Costa Rica,Automercado,Pasta seca,De Cecco,https://automercado.cr/p/pasta-alimenticia-spaguetti-%252312-de-cecco/id/ead3145d-b150-ed11-bba2-0022480aeb01,D,no,,,,
Costa Rica,Automercado,Azucar,Doña maria,https://automercado.cr/p/azucar-blanco-dona-maria/id/6ee0a727-6a85-46e4-9747-8aac3a3643f7,D,no,,,,
Costa Rica,Automercado,Azucar,Zukra,https://automercado.cr/p/azucar-crudo-zukra-paquete-2000-g/id/4c686058-f6af-439b-8a8a-7a0cb2d30ba9,D,no,,,,
Costa Rica,Automercado,Azucar,Victoria,https://automercado.cr/p/azucar-refinada-victoria-paquete-1000-g/id/ece378ea-ccf3-451d-92bd-290f2e7d585d,D,no,,,,
Costa Rica,Automercado,Azucar,Domino,https://automercado.cr/p/azucar-moreno-claro-domino-caja-453-g/id/7d875f72-c264-4612-9132-f73182953881,D,no,,,,
Costa Rica,Automercado,Huevos,Pastoreo,https://automercado.cr/p/huevo-rojo-30-und-libre-de-jaula-auto-mercado-kilogramo/id/0a6e470f-a3b5-ec11-983f-0022480bf73b,D,no,,,,
Costa Rica,Automercado,Huevos,Kimby,https://automercado.cr/p/huevo-rojo-15-und-criollo-kilogramo/id/e07ac6fb-3b42-4eae-8073-9c093c73ee68,D,no,,,,
Costa Rica,Automercado,Huevos,Yema,https://automercado.cr/p/huevo-rojo-15-und-enriquecido-con-omega-3-yema-dorada-kilogramo/id/208c480f-1e72-4df4-99ce-528396c0fd90,D,no,,,,
Costa Rica,Automercado,Huevos,HC,https://automercado.cr/p/huevo-rojo-30-und-pastoreo-criollo-kilogramo/id/6bc5cc18-90db-4b0c-bdee-f93eeefc3ca5,D,no,,,,
Costa Rica,Automercado,Papas,Producto nacional,https://automercado.cr/p/papa-blanca-de-mesa--paquete-1-kg/id/687cd432-d36e-4691-9d16-8e1ab43c7b52,D,no,,,,
Costa Rica,Automercado,Papas,McCain,https://automercado.cr/p/papa-frita-francesa-mc-cain-paquete-2500-g/id/310eb4c1-2b5e-4aae-ab3c-bfb96571df0f,D,no,,,,
Costa Rica,Automercado,Papas,Everyday,https://automercado.cr/p/papa-fritacubos-essential-everyday-paquete-907-g/id/6fe26a3e-8916-4621-9b0f-d566df3053ff,D,no,,,,
Panama,Supermercados Rey,Arroz,Arrossisimo  ,https://www.smrey.com/p/arroz-especial-arrosisimo-2kg-7451106200116,D,no,,,,
Panama,Supermercados Rey,Arroz,Del Oro  ,https://www.smrey.com/p/arroz-especial-del-oro-227kg-7451003710022,D,no,,,,
Panama,Supermercados Rey,Arroz,Miro  ,https://www.smrey.com/p/arroz-especial-miro-2kg-7451073990140,D,no,,,,
Panama,Supermercados Rey,Arroz,Pelin  ,https://www.smrey.com/p/arroz-especial-pelin-227kg-7451084770090,D,no,,,,
Panama,Supermercados Rey,Arroz,Blue Ribbon  ,https://www.smrey.com/p/arroz-blue-ribbon-2270gr-71771015050,D,no,,,,
Panama,Supermercados Rey,Azucar,La Estrella  ,https://www.smrey.com/p/azucar-blanca-la-estrella-refinada-908gr-7451082100127,D,no,,,,
Panama,Supermercados Rey,Azucar,Doradita  ,https://www.smrey.com/p/azucar-morena-doradita-800gr-7451091300136,D,no,,,,
Panama,Supermercados Rey,Azucar,Santa Rosa  ,https://www.smrey.com/p/azucar-blanca-santa-rosa-refinada-800gr-7451078501068,D,no,,,,
Panama,Supermercados Rey,Azucar,Value 507  ,https://www.smrey.com/p/azucar-blanca-value-507-800gr-7453009228877,D,no,,,,
Panama,Supermercados Rey,Huevos,Melo  ,https://www.smrey.com/p/huevos-melo-grandes-12und-7451001425034,D,no,,,,
Panama,Supermercados Rey,Huevos,Caribeño  ,https://www.smrey.com/p/huevos-caribeno-pequenos-12pack-7451104940243,D,no,,,,
Panama,Supermercados Rey,Huevos,Toledano  ,https://www.smrey.com/p/huevos-toledano-medianos-12und-7452000200165,D,no,,,,
Panama,Supermercados Rey,Huevos,Emita  ,https://www.smrey.com/p/huevos-granja-emita-medianos-12pack-709081097298,D,no,,,,
Panama,Supermercados Rey,Huevos,Del Dia  ,https://www.smrey.com/p/huevos-del-dia-grandes-12pack-7451080810011,D,no,,,,
Panama,Supermercados Rey,Pollo entero,Melo  ,https://www.smrey.com/p/pollo-picado-melo-empacado-12kg-203661000000,D,no,,,,
Panama,Supermercados Rey,Pollo entero,Toledano  ,https://www.smrey.com/p/pollo-toledano-12-empacado-700gr-202442000000,D,no,,,,
Panama,Supermercados Rey,Pollo entero,Rey  ,https://www.smrey.com/p/pollo-panama-al-granel-202259000002,D,no,,,,
Panama,Supermercados Rey,Banano,Rey  ,https://www.smrey.com/p/guineo-al-granel-204238000003,D,no,,,,
Panama,Supermercados Rey,Atun en lata,La Sirena  ,https://www.smrey.com/p/atun-enlatado-la-sirena-aceite-142gr-28571011843,D,no,,,,
Panama,Supermercados Rey,Atun en lata,Calvo  ,https://www.smrey.com/p/atun-enlatado-calvo-aceite-142gr-7410031392907,D,no,,,,
Panama,Supermercados Rey,Atun en lata,Gaviota  ,https://www.smrey.com/p/atun-enlatado-gaviota-agua-140gr-7441002650405,D,no,,,,
Panama,Supermercados Rey,Atun en lata,Rey  ,https://www.smrey.com/p/atun-enlatado-rey-agua-140gr-7453009228822,D,no,,,,
Panama,Supermercados Rey,Atun en lata,Zenu  ,https://www.smrey.com/p/lomo-de-atun-zenu-agua-160gr-7451000813528,D,no,,,,
Panama,Supermercados Rey,Frijoles,Western  ,https://www.smrey.com/p/frijoles-negros-western-325ml-7451028199147,D,no,,,,
Panama,Supermercados Rey,Frijoles,La Costena  ,https://www.smrey.com/p/frijoles-negros-la-costena-enlatados-560gr-7501017004294,D,no,,,,
Panama,Supermercados Rey,Frijoles,Luz Milena  ,https://www.smrey.com/p/frijoles-negros-luz-milena-454gr-7451100380142,D,no,,,,
Panama,Supermercados Rey,Frijoles,Camellia  ,https://www.smrey.com/p/frijoles-rojos-camellia-453gr-7451015607242,D,no,,,,
Panama,Supermercados Rey,Frijoles,Bush's  ,https://www.smrey.com/p/frijoles-negros-bushs-enlatados-425gr-39400018803,D,no,,,,
Panama,Supermercados Rey,Aceite vegetal,Pabo  ,https://www.smrey.com/p/aceite-vegetal-pabo-900ml-741176250270,D,no,,,,
Panama,Supermercados Rey,Aceite vegetal,Wesson  ,https://www.smrey.com/p/aceite-vegetal-wesson-1182ml-69588612869,D,no,,,,
Panama,Supermercados Rey,Aceite vegetal,Value 507  ,https://www.smrey.com/p/aceite-vegetal-value-507-900ml-7453009232638,D,no,,,,
Panama,Supermercados Rey,Aceite vegetal,Girol  ,https://www.smrey.com/p/aceite-vegetal-girol-15lt-7451032405630,D,no,,,,
Panama,Supermercados Rey,Aceite vegetal,Super Fry  ,https://www.smrey.com/p/aceite-super-fry-ligero-750ml-7702141537270,D,no,,,,
Panama,Supermercados Rey,Pan de molde,Rey  ,https://www.smrey.com/p/pan-baguette-empacado-350gr-206563000000,D,no,,,,
Panama,Supermercados Rey,Pan de molde,Bimbo  ,https://www.smrey.com/p/pan-blanco-bimbo-535g-7441029523607,D,no,,,,
Panama,Supermercados Rey,Pan de molde,M Maria  ,https://www.smrey.com/p/pan-trenza-mama-maria-de-huevo-453gr-7453009236315,D,no,,,,
Panama,Supermercados Rey,Pan de molde,Value 507  ,https://www.smrey.com/p/pan-pullman-value-507-blanco-700gr-7453009245690,D,no,,,,
Panama,Supermercados Rey,Pan de molde,Ideal  ,https://www.smrey.com/p/pan-ideal-de-mantequilla-530gr-7441029513844,D,no,,,,
Panama,Supermercados Rey,Cebolla,Rey  ,https://www.smrey.com/p/cebolla-amarilla-al-granel-204666000002,D,no,,,,
Panama,Super 99,Arroz,Arrossisimo  ,https://www.super99.com/20050643-arrossisimo-arroz-especial-900-g,D,recaptcha,,,,
Panama,Super 99,Arroz,Del Oro  ,https://www.super99.com/20112604-del-oro-arroz-especial-premium-2-27-kg,D,recaptcha,,,,
Panama,Super 99,Arroz,Miro  ,https://www.super99.com/20061103-miro-arroz-especial-900-g,D,recaptcha,,,,
Panama,Super 99,Arroz,Pelin  ,https://www.super99.com/20112408-pelin-arroz-especial-2-27-kg,D,recaptcha,,,,
Panama,Super 99,Arroz,Blue Ribbon  ,https://www.super99.com/10113406-arroz-golden-parboiled-b-ribon-8-5lb,D,recaptcha,,,,
Panama,Super 99,Azucar,La Estrella  ,https://www.super99.com/10123581-la-estrella-azucar-blanca-908-g,D,recaptcha,,,,
Panama,Super 99,Azucar,Panama  ,https://www.super99.com/20090187-molino-panama-azucar-morena-800-g,D,recaptcha,,,,
Panama,Super 99,Azucar,La Victoria  ,https://www.super99.com/20090144-la-victoria-azucar-blanca-25-800gr,D,recaptcha,,,,
Panama,Super 99,Azucar,Doradita  ,https://www.super99.com/20105416-doradita-azucar-800gr,D,recaptcha,,,,
Panama,Super 99,Azucar,La Morenita  ,https://www.super99.com/20071783-la-morenita-azucar-de-cana-turbinada-800-g,D,recaptcha,,,,
Panama,Super 99,Huevos,Toledano  ,https://www.super99.com/10095391-toledano-huevos-jumbo-12-unidades,D,recaptcha,,,,
Panama,Super 99,Huevos,Melo  ,https://www.super99.com/10096179-melo-huevos-jumbo-12-unidades,D,recaptcha,,,,
Panama,Super 99,Huevos,Del Dia  ,https://www.super99.com/10104806-del-dia-huevos-medianos-12-unidades,D,recaptcha,,,,
Panama,Super 99,Huevos,Caribeño  ,https://www.super99.com/10103739-caribeno-huevos-grandes-30-12-un,D,recaptcha,,,,
Panama,Super 99,Huevos,Granja Emita  ,https://www.super99.com/20125416-granja-emita-huevos-mediano-30-12un,D,recaptcha,,,,
Panama,Super 99,Pollo entero,Super 99  ,https://www.super99.com/20125466-pollo-rosti-limpio-kilo,D,recaptcha,,,,
Panama,Super 99,Pollo entero,Toledano  ,https://www.super99.com/20018886-toledano-pollo-envuelto-bola-peso,D,recaptcha,,,,
Panama,Super 99,Pollo entero,Melo  ,https://www.super99.com/20000975-melo-pollo-picado-bandeja-por-peso,D,recaptcha,,,,
Panama,Super 99,Pollo entero,Del Dia  ,https://www.super99.com/20001258-alas-de-pollo-del-dia-bandeja,D,recaptcha,,,,
Panama,Super 99,Banano,Super 99  ,https://www.super99.com/10154380-guineo-de-exportacion-por-kilo,D,recaptcha,,,,
Panama,Super 99,Atun en lata,La Sirena  ,https://www.super99.com/20064580-la-sirena-trozos-de-atun-en-aceite-142-g,D,recaptcha,,,,
Panama,Super 99,Atun en lata,Van Camp's  ,https://www.super99.com/10103953-van-camps-lomitos-atun-en-agua-160-g,D,recaptcha,,,,
Panama,Super 99,Atun en lata,Calvo  ,https://www.super99.com/10085351-atun-claro-aceit-oliva-oregano-calv,D,recaptcha,,,,
Panama,Super 99,Atun en lata,La Sabrosita  ,https://www.super99.com/20070339-la-sabrosita-trozos-de-atun-en-agua-185-g,D,recaptcha,,,,
Panama,Super 99,Atun en lata,Two Oceans  ,https://www.super99.com/20106441-two-oceans-atun-lomo-en-trozos-en-agua-170-g,D,recaptcha,,,,
Panama,Super 99,Frijoles,Nutritos  ,https://www.super99.com/10083886-nutritos-frijol-rojo-25-1-libra,D,recaptcha,,,,
Panama,Super 99,Frijoles,La Costena  ,https://www.super99.com/10077394-costena-frijoles-negros-refritos-12-400,D,recaptcha,,,,
Panama,Super 99,Frijoles,La Sabrosita  ,https://www.super99.com/75000887-la-sabrosita-frijol-chiricano-100-1lb,D,recaptcha,,,,
Panama,Super 99,Frijoles,Camellia  ,https://www.super99.com/20104811-camellia-frijol-rojo-24-1lb,D,recaptcha,,,,
Panama,Super 99,Aceite vegetal,Pabo  ,https://www.super99.com/20114049-pabo-aceite-vegetal-puro-900-ml,D,recaptcha,,,,
Panama,Super 99,Aceite vegetal,Wesson  ,https://www.super99.com/10120017-wesson-aceite-vegetal-710-ml,D,recaptcha,,,,
Panama,Super 99,Aceite vegetal,Vegoil  ,https://www.super99.com/20038305-vegoil-aceite-vegetal-1-5-l,D,recaptcha,,,,
Panama,Super 99,Aceite vegetal,Girol  ,https://www.super99.com/20069850-girol-aceite-vegetal-750-ml,D,recaptcha,,,,
Panama,Super 99,Aceite vegetal,Super Fry  ,https://www.super99.com/20066264-super-fry-aceite-vegetal-750-ml,D,recaptcha,,,,
Panama,Super 99,Pan de molde,Panama Bakery  ,https://www.super99.com/20126679-panama-bakery-pan-blanco-567g,D,recaptcha,,,,
Panama,Super 99,Pan de molde,Bimbo  ,https://www.super99.com/20136859-bimbo-bolsa-pan-integral-cero-cero-550g,D,recaptcha,,,,
Panama,Super 99,Pan de molde,Ideal  ,https://www.super99.com/20070381-ideal-pan-de-mantequilla-530-g,D,recaptcha,,,,
Panama,Super 99,Pan de molde,Rimith  ,https://www.super99.com/20144030-rimith-pan-de-huevo-esencial,D,recaptcha,,,,
Panama,Super 99,Pan de molde,La Sabrosita  ,https://www.super99.com/70001187-la-sabrosita-pan-pullman-600-g,D,recaptcha,,,,
Panama,Super 99,Cebolla,Super 99  ,https://www.super99.com/40006782-cebolla-nacional-por-kilo,D,recaptcha,,,,
Panama,Super Xtra,Arroz,Arrossisimo  ,https://www.superxtra.com/arroz-arrosisimo-2000-gr-especial/p,D,recaptcha,,,,
Panama,Super Xtra,Arroz,Del Oro  ,https://www.superxtra.com/arroz-del-oro-especial-2270-gr/p,D,recaptcha,,,,
Panama,Super Xtra,Arroz,Miro  ,https://www.superxtra.com/arroz-miro-2000-gr-especial/p,D,recaptcha,,,,
Panama,Super Xtra,Arroz,Pelin  ,https://www.superxtra.com/arroz-miro-2000-gr-especial/p,D,recaptcha,,,,
Panama,Super Xtra,Arroz,Xtra  ,https://www.superxtra.com/arroz-super-xtra-9072-gr-de-primera/p,D,recaptcha,,,,
Panama,Super Xtra,Azucar,La Estrella  ,https://www.superxtra.com/azucar-blanca-la-estrella-1lb-pastico-5575664/p,D,recaptcha,,,,
Panama,Super Xtra,Azucar,Santa Rosa  ,https://www.superxtra.com/azucar-santa-rosa-800-gr-refinada/p,D,recaptcha,,,,
Panama,Super Xtra,Azucar,La Victoria  ,https://www.superxtra.com/azucar-morena-la-victoria-800g-7451022802876/p,D,recaptcha,,,,
Panama,Super Xtra,Azucar,Doradita  ,https://www.superxtra.com/azucar-doradita-800-gr-turbinada/p,D,recaptcha,,,,
Panama,Super Xtra,Azucar,Like  ,https://www.superxtra.com/azucar-like-morena-800gr-5575329/p,D,recaptcha,,,,
Panama,Super Xtra,Huevos,Toledano  ,https://www.superxtra.com/huevo-empacados-toledano-12-un-medianos/p,D,recaptcha,,,,
Panama,Super Xtra,Huevos,Melo  ,https://www.superxtra.com/huevo-empacados-melo-12-un-mediano/p,D,recaptcha,,,,
Panama,Super Xtra,Huevos,Del Dia  ,https://www.superxtra.com/huevo-empacados-del-dia-12-un-mediano/p,D,recaptcha,,,,
Panama,Super Xtra,Huevos,Caribeño  ,https://www.superxtra.com/huevo-empacados-caribenos-12-un-mediano/p,D,recaptcha,,,,
Panama,Super Xtra,Huevos,Like  ,https://www.superxtra.com/huevos-medianos-like-docena/p,D,recaptcha,,,,
Panama,Super Xtra,Pollo entero,Xtra  ,https://www.superxtra.com/pollo-panama-por-libra/p,D,recaptcha,,,,
Panama,Super Xtra,Pollo entero,Caribeño  ,https://www.superxtra.com/pollo-empacado-caribeno-2704894000006/p,D,recaptcha,,,,
Panama,Super Xtra,Pollo entero,Toledano  ,https://www.superxtra.com/gallina-grande-toledano-por-libra/p,D,recaptcha,,,,
Panama,Super Xtra,Pollo entero,Del Dia  ,https://www.superxtra.com/pollo-empacado-del-dia-2704908000008/p,D,recaptcha,,,,
Panama,Super Xtra,Banano,Xtra  ,https://www.superxtra.com/guineo-por-libra-3-unidades-aproximada-por-libra/p,D,recaptcha,,,,
Panama,Super Xtra,Atún en lata,Like,https://www.superxtra.com/atun-desmenuzado-like-140-gr-en-agua/p,D,recaptcha,,,,
Panama,Super Xtra,Atún en lata,Monarch,https://www.superxtra.com/atun-en-trozos-monarch-170-gr-en-aceite/p,D,recaptcha,,,,
Panama,Super Xtra,Atún en lata,Bumble Bee,https://www.superxtra.com/atun-en-trozos-bumble-bee-142-gr-en-agua/p,D,recaptcha,,,,
Panama,Super Xtra,Atún en lata,La Sirena,https://www.superxtra.com/atun-en-lomo-la-sirena-142-gr-en-agua/p,D,recaptcha,,,,
Panama,Super Xtra,Atún en lata,Calvo,https://www.superxtra.com/atun-en-lomo-calvo-170-gr-en-agua/p,D,recaptcha,,,,
Panama,Super Xtra,Frijoles,Camelia,https://www.superxtra.com/frijoles-camelia-454-gr-negro/p,D,recaptcha,,,,
Panama,Super Xtra,Frijoles,Goya,https://www.superxtra.com/frijoles-goya-297-gr-negro/p,D,recaptcha,,,,
Panama,Super Xtra,Frijoles,Nutritos,https://www.superxtra.com/frijoles-nutritos-454-gr-negro/p,D,recaptcha,,,,
Panama,Super Xtra,Frijoles,Western,https://www.superxtra.com/frijoles-negro-western-312-gr-enlatados/p,D,recaptcha,,,,
Panama,Super Xtra,Frijoles,Costeña,https://www.superxtra.com/frijoles-enteros-la-costena-400-gr-negro/p,D,recaptcha,,,,
Panama,Super Xtra,Aceite Vegetal,Trovattore,https://www.superxtra.com/aceite-de-cocina-trovattore-1500-ml-vegetal/p,D,recaptcha,,,,
Panama,Super Xtra,Aceite Vegetal,Pabo,https://www.superxtra.com/aceite-cocinar-pabo-15-lt-vegetal/p,D,recaptcha,,,,
Panama,Super Xtra,Aceite Vegetal,Super Fry,https://www.superxtra.com/aceite-de-cocina-super-fry-420-ml-vegetal/p,D,recaptcha,,,,
Panama,Super Xtra,Aceite Vegetal,Wesson,https://www.superxtra.com/aceite-wesson-canola-oil-40-oz-10597069-69588690867/p,D,recaptcha,,,,
Panama,Super Xtra,Aceite Vegetal,Girol,https://www.superxtra.com/aceite-de-cocina-girol-1000-ml-vegetal/p,D,recaptcha,,,,
Panama,Super Xtra,Pan,Bimbo,https://www.superxtra.com/pan-bimbo-735-gr-blanco-extra-grande/p,D,recaptcha,,,,
Panama,Super Xtra,Pan,Tasty Choice,https://www.superxtra.com/pan-molde-blanco-familiar-tasty-choice-560-gr/p,D,recaptcha,,,,
Panama,Super Xtra,Pan,Panama Bakery,https://www.superxtra.com/pan-molde-blanco-panama-bakery-567-g-7451109550492/p,D,recaptcha,,,,
Panama,Super Xtra,Pan,Ideal,https://www.superxtra.com/pan-blanco-ideal-650-gr-golden-line/p,D,recaptcha,,,,
Panama,Super Xtra,Pan,Like,https://www.superxtra.com/pan-blanco-like-515-g/p,D,recaptcha,,,,
Panama,Super Xtra,Cebolla,Xtra,https://www.superxtra.com/cebolla-importada-por-media-libra/p,D,recaptcha,,,,
Panama,Riba Smith,Arroz,Del'Oro,https://www.ribasmith.com/index.php/6575-arroz%20especial.html,D,no,,,,
Panama,Riba Smith,Arroz,Pelin,https://www.ribasmith.com/index.php/113121-arroz%20especial.html,D,no,,,,
Panama,Riba Smith,Arroz,Arrossísimo,https://www.ribasmith.com/index.php/209984-arroz%20especial.html,D,no,,,,
Panama,Riba Smith,Arroz,La Cochura,https://www.ribasmith.com/index.php/339757-arroz%20redondo%20la%20cochura.html,D,no,,,,
Panama,Riba Smith,Arroz,Miró,https://www.ribasmith.com/index.php/225848-arroz%20especial.html,D,no,,,,
Panama,Riba Smith,Azucar,La Estrella,https://www.ribasmith.com/index.php/32846-azucar%20refinada.html,D,no,,,,
Panama,Riba Smith,Azucar,Santa Rosa,https://www.ribasmith.com/index.php/321368-azucar%20refinada%20sta%20rosa.html,D,no,,,,
Panama,Riba Smith,Huevos,Toledano,https://www.ribasmith.com/index.php/huevos-toledano-jumbo-doc-33198.html,D,no,,,,
Panama,Riba Smith,Huevos,Melo,https://www.ribasmith.com/index.php/huevos-medianos-melo-13073.html,D,no,,,,
Panama,Riba Smith,Huevos,Ecogranjas,https://www.ribasmith.com/index.php/320420-ecogranjas%20huevos%20de%20gallina%20marron%20doc.html,D,no,,,,
Panama,Riba Smith,Huevos,Mamá Gallina,https://www.ribasmith.com/index.php/333939-huevos%20grandes%20mama%20gallina.html,D,no,,,,
Panama,Riba Smith,Huevos,De Patio,https://www.ribasmith.com/index.php/285232-huevos%20medianos%20emp%20de%20patio.html,D,no,,,,
Panama,Riba Smith,Pollo Entero,Rimith,https://www.ribasmith.com/index.php/pollo-asado-entero-66933.html,D,no,,,,
Panama,Riba Smith,Banano,Rimith,https://www.ribasmith.com/index.php/117980-banano%20organico.html,D,no,,,,
Panama,Riba Smith,Atún en lata,Monarch,https://www.ribasmith.com/index.php/atun-en-aceite-y-dieta-22552.html,D,no,,,,
Panama,Riba Smith,Atún en lata,Calvo,https://www.ribasmith.com/index.php/287175-calvo-atun-troz-agua-142g.html,D,no,,,,
Panama,Riba Smith,Atún en lata,Blue Pacific ,https://www.ribasmith.com/index.php/336201-atun-trozos-3pack-en-agua.html,D,no,,,,
Panama,Riba Smith,Atún en lata,Royal Prince,https://www.ribasmith.com/index.php/292771-r%20prince%20lomitos%20atun%20agua.html,D,no,,,,
Panama,Riba Smith,Atún en lata,Bumble ,https://www.ribasmith.com/index.php/atun-desmenuzado-en-agua-117832.html,D,no,,,,
Panama,Riba Smith,Frijoles,Nutritos,https://www.ribasmith.com/index.php/150-frijoles%20negros.html,D,no,,,,
Panama,Riba Smith,Frijoles,Goya,https://www.ribasmith.com/index.php/29665-goya%20frijoles%20negros-precios%20especiales.html,D,no,,,,
Panama,Riba Smith,Frijoles,La Costeña,https://www.ribasmith.com/index.php/11400-frijoles-negras-refritos-coste-precios-especiales.html,D,no,,,,
Panama,Riba Smith,Frijoles,Vikingo,https://www.ribasmith.com/index.php/frijoles-negros.html,D,no,,,,
Panama,Riba Smith,Frijoles,SW,https://www.ribasmith.com/index.php/325832-frijoles%20negros%20sw.html,D,no,,,,
Panama,Riba Smith,Aceite Vegetal,Pablo,https://www.ribasmith.com/index.php/287541-pabo%20aceite%20vegetal%201.5%20lts.html,D,no,,,,
Panama,Riba Smith,Aceite Vegetal,Wesson,https://www.ribasmith.com/index.php/1034-aceite%20de%20canola.html,D,no,,,,
Panama,Riba Smith,Aceite Vegetal,Bertolli,https://www.ribasmith.com/index.php/227924-aceite%20oliva%20classico.html,D,no,,,,
Panama,Riba Smith,Aceite Vegetal,La Española,https://www.ribasmith.com/index.php/15029-aceite%20%20de%20oliva%20clasico.html,D,no,,,,
Panama,Riba Smith,Aceite Vegetal,Girol,https://www.ribasmith.com/index.php/67241-aceite-girasol-clasico-precios-especiales.html,D,no,,,,
Panama,Riba Smith,Pan,Rimith,https://www.ribasmith.com/index.php/315555-rimith-pullman-pan-blanco-540-gr.html,D,no,,,,
Panama,Riba Smith,Cebolla,Rimith,https://www.ribasmith.com/index.php/34417-cebolla%20blanca.html,D,no,,,,
Panama,Pricesmart,Arroz,Arrossisimo,https://www.pricesmart.com/es-pa/producto/arrosisimo-arroz-especial-fortificado-95-grano-entero-9-kg-299939/299939,D,no,,,,
Panama,Pricesmart,Arroz,Mahatma,https://www.pricesmart.com/es-pa/producto/mahatma-arroz-extra-largo-enriquecido-4-54-kg-10066/10066,D,no,,,,
Panama,Pricesmart,Arroz,Del'oro,https://www.pricesmart.com/es-pa/producto/deloro-arroz-especial-fortificado-con-vitaminas-9-07-kg-20-lb-281206/281206,D,no,,,,
Panama,Pricesmart,Azucar,La Estrella,https://www.pricesmart.com/es-pa/producto/la-estrella-azucar-refinada-3-unidades-2-27-kg-5-lb-304761/304761,D,no,,,,
Panama,Pricesmart,Huevos,Pastoreo,https://www.pricesmart.com/es-pa/producto/pastoreo-huevos-de-gallina-24-unidades-474259/474259,D,no,,,,
Panama,Pricesmart,Huevos,Toledano,https://www.pricesmart.com/es-pa/producto/toledano-huevos-de-tamano-grandes-30-unidades-331369/331369,D,no,,,,
Panama,Pricesmart,Pollo Entero,Toledano,https://www.pricesmart.com/es-pa/producto/toledano-pollo-entero-fresco-bolsa-348086/348086,D,no,,,,
Panama,Pricesmart,Banano,Pricesmart,https://www.pricesmart.com/es-pa/producto/members-selection-banano-maduro-1-3-kg-2-87-lb-374417/374417,D,no,,,,
Panama,Pricesmart,Atún en lata,Member's Selection,https://www.pricesmart.com/es-pa/producto/members-selection-atun-en-agua-6-unidades-170-g-6-oz-320840/320840,D,no,,,,
Panama,Pricesmart,Atún en lata,Calvo,https://www.pricesmart.com/es-pa/producto/calvo-atun-trozos-en-agua-light-6-unidades-160-g-5-6-oz-284710/284710,D,no,,,,
Panama,Pricesmart,Atún en lata,Bumble Bee,https://www.pricesmart.com/es-pa/producto/bumble-bee-atun-en-aceite-6-unidades-120-g-4-2-oz-12629/12629,D,no,,,,
Panama,Pricesmart,Fríjoles,Nutritos,https://www.pricesmart.com/es-pa/producto/nutritos-porotos-4-5-kg-10-lb-246349/246349,D,no,,,,
Panama,Pricesmart,Aceite Vegetal,Sarita,https://www.pricesmart.com/es-pa/producto/sarita-aceite-vegetal-17-l-493755/493755,D,no,,,,
Panama,Pricesmart,Aceite Vegetal,Super Fry,https://www.pricesmart.com/es-pa/producto/super-fry-aceite-vegetal-5-l-357565/357565,D,no,,,,
Panama,Pricesmart,Aceite Vegetal,Wesson,https://www.pricesmart.com/es-pa/producto/wesson-aceite-de-canola-4-73-l-46369/46369,D,no,,,,
Panama,Pricesmart,Pan,Bimbo,https://www.pricesmart.com/es-pa/producto/bimbo-pan-blanco-cuadrado-en-rebanadas--2-unidades-1070-g-476529/476529,D,no,,,,
Panama,Pricesmart,Cebolla,Member's Selection,https://www.pricesmart.com/es-pa/producto/cebolla-nacional-2-27-kg-5-lb-121131/121131,D,no,,,,
Paraguay,Casa Rica,Pan de molde,Bimbo,https://www.casarica.com.py/pan-lacteado-bimbo-actileche-700gr-p22270,D,no,,,,
Paraguay,Casa Rica,Pan de molde,Bauducco,https://www.casarica.com.py/pan-bauducco-blanco-400gr-p25625,D,no,,,,
Paraguay,Casa Rica,Pan de molde,El germano,https://www.casarica.com.py/pan-aleman-el-germano-con-centeno-600gr-p22855,D,no,,,,
Paraguay,Casa Rica,Pan de molde,Schar,https://www.casarica.com.py/pan-blanco-schar-200gr-p36892,D,no,,,,
Paraguay,Casa Rica,Pan de molde,Wasa,https://www.casarica.com.py/pan-wasa-sin-gluten-245gr-p13814,D,no,,,,
Paraguay,Casa Rica,Pollo entero,Heat&Eat,https://www.casarica.com.py/pollo-agridulce-heat-eat-c-arroz-oriental-410gr-p39569,D,no,,,,
Paraguay,Casa Rica,Pollo entero,Casa rica,https://www.casarica.com.py/ala-entera-de-pollo-pechugon-fresca-x-kg-p12482,D,no,,,,
Paraguay,Casa Rica,Pollo entero,Pechugon,https://www.casarica.com.py/pollo-entero-pechugon-especial-fresco-s-menud-x-kg-p12492,D,no,,,,
Paraguay,Casa Rica,Leche liquida,Lactolanda,https://www.casarica.com.py/leche-lactolanda-uat-larga-vida-entera-1lt-p21301,D,no,,,,
Paraguay,Casa Rica,Leche liquida,Los colonos,https://www.casarica.com.py/leche-los-colonos-uat-larga-vida-entera-1lt-p21242,D,no,,,,
Paraguay,Casa Rica,Leche liquida,Doña angela,https://www.casarica.com.py/leche-dona-angela-entera-sachet-1lt-p21102,D,no,,,,
Paraguay,Casa Rica,Leche liquida,Parmalat,https://www.casarica.com.py/leche-parmalat-uat-larga-vida-entera-1lt-p20590,D,no,,,,
Paraguay,Casa Rica,Arroz,Campobelo,https://www.casarica.com.py/arroz-campobelo-tipo-ii-1kl-p20889,D,no,,,,
Paraguay,Casa Rica,Arroz,Edeka,https://www.casarica.com.py/arroz-edeka-para-risotto-500gr-p35836,D,no,,,,
Paraguay,Casa Rica,Arroz,Don Arroz,https://www.casarica.com.py/arroz-don-arroz-integral-1kg-p23506,D,no,,,,
Paraguay,Casa Rica,Arroz,Gut&Gunstig,https://www.casarica.com.py/arroz-g-g-basmati-1kg-p9971,D,no,,,,
Paraguay,Casa Rica,Arroz,Ideal,https://www.casarica.com.py/arroz-ideal-etiq-verde-1kl-p21886,D,no,,,,
Paraguay,Casa Rica,Pasta seca,Las acacias,https://www.casarica.com.py/pasta-de-semola-las-acacias-fetuccini-500gr-p15456,D,no,,,,
Paraguay,Casa Rica,Pasta seca,Delverde,https://www.casarica.com.py/pasta-delverde-penne-rigate-500gr-p38512,D,no,,,,
Paraguay,Casa Rica,Pasta seca,Natura,https://www.casarica.com.py/fideo-pasta-natura-curcuma-pimineta-biologica-250g-p42459,D,no,,,,
Paraguay,Casa Rica,Pasta seca,Wakas,https://www.casarica.com.py/pastas-secas-wakas-sin-gluten-de-chia-x-250-grs-p32667,D,no,,,,
Paraguay,Casa Rica,Cafe,Juan Valdez,https://www.casarica.com.py/cafe-juan-valdez-inst-liofilizado-190gr-p15273,D,no,,,,
Paraguay,Casa Rica,Cafe,Belen,https://www.casarica.com.py/cafe-belen-inst-clasico-100gr-p20965,D,no,,,,
Paraguay,Casa Rica,Cafe,Cabrales,https://www.casarica.com.py/cafe-cabrales-la-planta-de-cafe-250gr-p16613,D,no,,,,
Paraguay,Casa Rica,Cafe,Colcafe,https://www.casarica.com.py/cafe-colcafe-inst-granulado-25gr-p15070,D,no,,,,
Paraguay,Casa Rica,Cafe,Dallmayr,https://www.casarica.com.py/cafe-dallmayr-espresso-d-oro-en-grano-200gr-p8708,D,no,,,,
Paraguay,Casa Rica,Cafe,Nescafe,https://www.casarica.com.py/cafe-nescafe-clasico-descafeinado-120gr-p33885,D,no,,,,
Paraguay,Casa Rica,Cafe,Lavazza,https://www.casarica.com.py/cafe-grano-lavazza-oro-mountain-grown-500-g-p37788,D,no,,,,
Paraguay,Casa Rica,Cafe,Essse,https://www.casarica.com.py/cafe-essse-grano-seleccionado-especial-1kg-p27927,D,no,,,,
Paraguay,Casa Rica,Manzanas,Casa rica,https://www.casarica.com.py/manzana-super-x-kg-p4666,D,no,,,,
Paraguay,Casa Rica,Aceite vegetal,Carbonell,https://www.casarica.com.py/aceite-carbonell-oliva-extra-virgen-1lt-p28872,D,no,,,,
Paraguay,Casa Rica,Aceite vegetal,Natura,https://www.casarica.com.py/aceite-natura-girasol-500ml-p16329,D,no,,,,
Paraguay,Casa Rica,Aceite vegetal,Ok,https://www.casarica.com.py/aceite-ok-botella-15lt-p23234,D,no,,,,
Paraguay,Casa Rica,Aceite vegetal,Olitalia,https://www.casarica.com.py/aceite-olitalia-oliva-extra-virgen-500ml-p28128,D,no,,,,
Paraguay,Casa Rica,Aceite vegetal,Borges,https://www.casarica.com.py/aceite-borges-oliva-botella-500ml-p28982,D,no,,,,
Paraguay,Casa Rica,Aceite vegetal,Canuelas,https://www.casarica.com.py/aceite-canuelas-girasol-900ml-p18038,D,no,,,,
Paraguay,Casa Rica,Harina de trigo,Ersa,https://www.casarica.com.py/harina-de-trigo-ersa-vit-0000-1kl-p20838,D,no,,,,
Paraguay,Casa Rica,Harina de trigo,Hildebrand,https://www.casarica.com.py/harina-de-trigo-hildebrand-0000-1kl-p23207,D,no,,,,
Paraguay,Casa Rica,Harina de trigo,Maestra,https://www.casarica.com.py/harina-de-trigo-maestra-000-x-1-kl-p31842,D,no,,,,
Paraguay,Casa Rica,Harina de trigo,Primicia,https://www.casarica.com.py/harina-de-trigo-primicia-trigo-esp-0000-1kl-p21520,D,no,,,,
Paraguay,Casa Rica,Harina de trigo,Broterra,https://www.casarica.com.py/harina-de-avena-broterra-350gr-p35147,D,no,,,,
Paraguay,Casa Rica,Papas,McCain,https://www.casarica.com.py/papas-fritas-mccain-gourmet-corte-crinkle-x-600-p39277,D,no,,,,
Paraguay,Casa Rica,Papas,Casa rica,https://www.casarica.com.py/papa-negra-x-kg-p4322,D,no,,,,
Paraguay,Casa Rica,Papas,AgraFrost,https://www.casarica.com.py/papa-agrarfrost-p-freir-zigzag-750gr-p8209,D,no,,,,
Paraguay,Casa Rica,Papas,Bembrasil,https://www.casarica.com.py/papas-bembrasil-tradicional-400grs-p41457,D,no,,,,
Paraguay,Stock,Pan de molde,Edward,https://www.stock.com.py/products/159820-pan-sandwich-edward-1kg.aspx,D,no,,,,
Paraguay,Stock,Pan de molde,Stock,https://www.stock.com.py/products/316532-pan-de-molde-csemillas-stock-400gr-pl.aspx,D,no,,,,
Paraguay,Stock,Pan de molde,Pantodos,https://www.stock.com.py/products/1721-pan-para-sandwich-pantodos-850gr.aspx,D,no,,,,
Paraguay,Stock,Pan de molde,Vigilante,https://www.stock.com.py/products/7291-pan-sanwich-lanegr-paq-400-gr.aspx,D,no,,,,
Paraguay,Stock,Pan de molde,El germano,https://www.stock.com.py/products/124884-pan-integral-para-sandwich-el-germano-700gr.aspx,D,no,,,,
Paraguay,Stock,Pan de molde,Bimbo,https://www.stock.com.py/products/285631-pan-integral-bimbo-310gr-bsa.aspx,D,no,,,,
Paraguay,Stock,Pollo entero,Kzero,https://www.stock.com.py/products/4888-1-kg.aspx,D,no,,,,
Paraguay,Stock,Pollo entero,Stock,https://www.stock.com.py/products/1814-pechuga-de-pollo-fresca-con-hueso-kzero-por-kilo.aspx,D,no,,,,
Paraguay,Stock,Pollo entero,Pechugon,https://www.stock.com.py/products/120190-gran-pollo-congelado-pechugon-xkg.aspx,D,no,,,,
Paraguay,Stock,Leche liquida,Parmalat,https://www.stock.com.py/products/1082-leche-entera-con-vitamina-d-parmalat-1lt.aspx,D,no,,,,
Paraguay,Stock,Leche liquida,Ilolay,https://www.stock.com.py/products/4164-leche-entilolay-cja-400-gr.aspx,D,no,,,,
Paraguay,Stock,Leche liquida,La pradera,https://www.stock.com.py/products/268935-leche-entera-ultra-1lt-la-pradera-sachet.aspx,D,no,,,,
Paraguay,Stock,Leche liquida,Trebol,https://www.stock.com.py/products/144182-leche-entera-500ml-trebol-tetra.aspx,D,no,,,,
Paraguay,Stock,Leche liquida,Lactolanda,https://www.stock.com.py/products/21572-leche-entera-crecimiento-lactolanda-1litro.aspx,D,no,,,,
Paraguay,Stock,Leche liquida,La fortuna,https://www.stock.com.py/products/262667-leche-entera-la-fortuna-1lt.aspx,D,no,,,,
Paraguay,Stock,Arroz,Primicia,https://www.stock.com.py/products/5329-rillo.aspx,D,no,,,,
Paraguay,Stock,Arroz,Tio joao,https://www.stock.com.py/products/14773-arroz-tio-joao-cocina-italiana-paq-1kg.aspx,D,no,,,,
Paraguay,Stock,Arroz,Campobelo,https://www.stock.com.py/products/3287-q-500-gr-tipo-iii.aspx,D,no,,,,
Paraguay,Stock,Arroz,Tio Nico,https://www.stock.com.py/products/7451-arroz-tio-nico-bsa-1-kg-00000.aspx,D,no,,,,
Paraguay,Stock,Arroz,Supremo,https://www.stock.com.py/products/3619-arroz-supremo-bsa-1-kg.aspx,D,no,,,,
Paraguay,Stock,Pasta seca,De la nonna,https://www.stock.com.py/products/328733-pastas-frescas-spaghetti-de-la-nonna-500.aspx,D,no,,,,
Paraguay,Stock,Pasta seca,Las acacias,https://www.stock.com.py/products/72394-pasta-al-huevo-spaghetti-500gr-las-acacias-paq.aspx,D,no,,,,
Paraguay,Stock,Pasta seca,Carozzi,https://www.stock.com.py/products/328606-pasta-carozzi-tortellini-queso-400gr.aspx,D,no,,,,
Paraguay,Stock,Pasta seca,Hildebrand,https://www.stock.com.py/products/318384-hildebrand-pastas-frescas-lasaa-500-gr.aspx,D,no,,,,
Paraguay,Stock,Pasta seca,Norte,https://www.stock.com.py/products/328739-noquis-pasta-frescas-norte-1-kg.aspx,D,no,,,,
Paraguay,Stock,Pasta seca,Maestra,https://www.stock.com.py/products/330809-fideos-pastas-maestra-caracolito-400-gr.aspx,D,no,,,,
Paraguay,Stock,Cafe,El pocillo,https://www.stock.com.py/products/268070-cafe-dmalta-fortificada-el-pocillo-sin-cafeina-170gr-pot.aspx,D,no,,,,
Paraguay,Stock,Cafe,Belen,https://www.stock.com.py/products/299023-cafe-cappuccino-light-cafe-belen-6unid.aspx,D,no,,,,
Paraguay,Stock,Cafe,Cafe pele,https://www.stock.com.py/products/290956-cafe-pele-cafe-instantaneo-100-gr.aspx,D,no,,,,
Paraguay,Stock,Cafe,Lavazza,https://www.stock.com.py/products/302457-cafe-qualita-rossa-lavazza-250gr.aspx,D,no,,,,
Paraguay,Stock,Cafe,Nescafe,https://www.stock.com.py/products/299642-cafe-matinal-suave-nescafe-160gr.aspx,D,no,,,,
Paraguay,Stock,Manzanas,Frescos,https://www.stock.com.py/products/1177-manzana-en-bandeja-xkg.aspx,D,no,,,,
Paraguay,Stock,Manzanas,Stock,https://www.stock.com.py/products/1054-manzana-se-1-kg-roja.aspx,D,no,,,,
Paraguay,Stock,Manzanas,Mizratex,https://www.stock.com.py/products/890-manzana-en-bandeja-bja-1-kg-ro.aspx,D,no,,,,
Paraguay,Stock,Aceite vegetal,Bianca,https://www.stock.com.py/products/286846-aceite-mezcla-bianca-15lt.aspx,D,no,,,,
Paraguay,Stock,Aceite vegetal,Excellent,https://www.stock.com.py/products/134688-aceite-doliva-extra-virgen-x1lt-excellent-bot.aspx,D,no,,,,
Paraguay,Stock,Aceite vegetal,La española,https://www.stock.com.py/products/5189-aceite-oliva-la-es-bot-500-cc.aspx,D,no,,,,
Paraguay,Stock,Aceite vegetal,Ólica,https://www.stock.com.py/products/139496-aceite-doliva-extra-virgen-250ml-olica-pet.aspx,D,no,,,,
Paraguay,Stock,Aceite vegetal,Alsamar,https://www.stock.com.py/products/155723-aceite-de-girasol-alsamar-15l.aspx,D,no,,,,
Paraguay,Stock,Aceite vegetal,Nucete,https://www.stock.com.py/products/253048-aceite-de-oliva-virgen-250ml-nucete-bot.aspx,D,no,,,,
Paraguay,Stock,Aceite vegetal,Borges,https://www.stock.com.py/products/25369-aceite-borges-oliva-botella-125ml.aspx,D,no,,,,
Paraguay,Stock,Harina de trigo,Hildebrand,https://www.stock.com.py/products/25434-harina-hildebrand-trigo-0000-1-kg.aspx,D,no,,,,
Paraguay,Stock,Harina de trigo,Napoli,https://www.stock.com.py/products/287236-harina-de-trigo-tipo-0000-napoli-1kg.aspx,D,no,,,,
Paraguay,Stock,Harina de trigo,Bella flor,https://www.stock.com.py/products/127453-harina-de-trigo-000-bella-flor-1kg.aspx,D,no,,,,
Paraguay,Stock,Harina de trigo,Oro kui,https://www.stock.com.py/products/151461-harina-de-trigo-000-oro-ku-i-1kg-cereales-paq.aspx,D,no,,,,
Paraguay,Stock,Harina de trigo,Ersa,https://www.stock.com.py/products/804-harina-de-trigo-leudante-ersa-1kg.aspx,D,no,,,,
Paraguay,Stock,Harina de trigo,Primicia,https://www.stock.com.py/products/15124-harina-trigo-primicia-esp-tipo-0000-1kg.aspx,D,no,,,,
Paraguay,Stock,Papas,Morixe,https://www.stock.com.py/products/291130-morixe-papas-fritas-congeladas-tradicionales-2-kg.aspx,D,no,,,,
Paraguay,Stock,Papas,McCain,https://www.stock.com.py/products/380-papa-frita-congelada-mc-cain-b.aspx,D,no,,,,
Paraguay,Stock,Papas,Stock,https://www.stock.com.py/products/1613-papa-blanca-brasil-se-1-kg.aspx,D,no,,,,
Paraguay,Stock,Papas,Bembrasil,https://www.stock.com.py/products/330002-papa-prefrita-bem-brasil-congelada-400gr.aspx,D,no,,,,
Paraguay,Stock,Papas,Aviko,https://www.stock.com.py/products/73226-papa-frita-tradicional-1-kg-aviko-pqte.aspx,D,no,,,,
Paraguay,Real Online ,Pan de molde,Pantodos,https://www.realonline.com.py/p/pan-de-sandwich-integral-pan-todos-460gr-7840131000066,D,no,,,,
Paraguay,Real Online ,Pan de molde,Oroweat,https://www.realonline.com.py/p/pan-oroweat-600gr-7840131001216,D,no,,,,
Paraguay,Real Online ,Pan de molde,Bimbo,https://www.realonline.com.py/p/pan-blanco-bimbo-400gr-7840131001209,D,no,,,,
Paraguay,Real Online ,Pan de molde,Real,https://www.realonline.com.py/p/pan-integral-por-kg-1052,D,no,,,,
Paraguay,Real Online ,Pollo entero,Pechugon,https://www.realonline.com.py/p/pollo-entero-deshuesado-congelado-pechugon-7840369041114,D,no,,,,
Paraguay,Real Online ,Pollo entero,Kzero,https://www.realonline.com.py/p/alita-de-pollo-entera-fresca-kzero-por-kg-3125,D,no,,,,
Paraguay,Real Online ,Leche liquida,La serenisima,https://www.realonline.com.py/p/leche-la-serenisima-botella-1lt-7790742335500,D,no,,,,
Paraguay,Real Online ,Leche liquida,Ilolay,https://www.realonline.com.py/p/leche-ilolay-diet-400-gr-7790787208067,D,no,,,,
Paraguay,Real Online ,Leche liquida,Parmalat,https://www.realonline.com.py/p/leche-chocolatada-parmalat-1-lt-7840006163018,D,no,,,,
Paraguay,Real Online ,Leche liquida,Los colonos,https://www.realonline.com.py/p/leche-descremada-los-colonos-1lt-7840037015157,D,no,,,,
Paraguay,Real Online ,Leche liquida,Trebol,https://www.realonline.com.py/p/leche-crecimiento-trebol-200ml-7840005012362,D,no,,,,
Paraguay,Real Online ,Leche liquida,Lactolanda,https://www.realonline.com.py/p/leche-polvo-descremada-lactolanda-800gr-7840042005143,D,no,,,,
Paraguay,Real Online ,Arroz,Primicia,https://www.realonline.com.py/p/arroz-primicia-rojo-500gr-7840045018904,D,no,,,,
Paraguay,Real Online ,Arroz,Supremo,https://www.realonline.com.py/p/arroz-tipo-2-supremo-1kg-7840023000143,D,no,,,,
Paraguay,Real Online ,Arroz,Cotidiano,https://www.realonline.com.py/p/arroz-cotidiano-parbolizado-tipo1-1kg-7840997000118,D,no,,,,
Paraguay,Real Online ,Arroz,Tio joao,https://www.realonline.com.py/p/arroz-integral-tio-joao-1kg-7893500018483,D,no,,,,
Paraguay,Real Online ,Arroz,Selecta,https://www.realonline.com.py/p/arroz-t3-selecta-1kg-7840078001089,D,no,,,,
Paraguay,Real Online ,Pasta seca,Anita,https://www.realonline.com.py/p/pastas-anita-con-queso-300gr-7840185786893,D,no,,,,
Paraguay,Real Online ,Pasta seca,Barilla,https://www.realonline.com.py/p/pasta-barilla-fusilli-500-grs-8076802085981,D,no,,,,
Paraguay,Real Online ,Pasta seca,Federal,https://www.realonline.com.py/p/pastas-federal-mix-vegetal-400-gr-7840024006632,D,no,,,,
Paraguay,Real Online ,Pasta seca,La italiana,https://realonline.com.py/p/ravioles-carne-y-verduras-la-italiana-500-gr-7791664000156,D,no,,,,
Paraguay,Real Online ,Pasta seca,Edward,https://www.realonline.com.py/p/ravioles-de-carne-edward-600gr-7840225010087,D,no,,,,
Paraguay,Real Online ,Pasta seca,La italiana,https://realonline.com.py/p/ravioles-carne-y-verduras-la-italiana-500-gr-7791664000156,D,no,,,,
Paraguay,Real Online ,Pasta seca,Bettini,https://www.realonline.com.py/catalogsearch/result/index/?cat=1398&q=Ravioles+Bettini,D,no,,,,
Paraguay,Real Online ,Cafe,Nescafe,https://www.realonline.com.py/p/cafe-nescafe-tradicion-160-gr-7891000414903,D,no,,,,
Paraguay,Real Online ,Cafe,Mayo,https://www.realonline.com.py/p/cafe-mayo-tostado-por-kg-4753,D,no,,,,
Paraguay,Real Online ,Cafe,iguacu,https://www.realonline.com.py/p/cafe-iguacu-granulado-sachet-de-8-gr-7896045101139,D,no,,,,
Paraguay,Real Online ,Cafe,Belen,https://www.realonline.com.py/p/cafe-belen-clasico-50-grs-7840185785230,D,no,,,,
Paraguay,Real Online ,Cafe,Mickey,https://www.realonline.com.py/p/cafe-de-soja-mickey-250-grs-7840100151232,D,no,,,,
Paraguay,Real Online ,Cafe,Melitta,https://www.realonline.com.py/p/cafe-melitta-extra-fuerte-de-250-gr-7891021006927,D,no,,,,
Paraguay,Real Online ,Manzanas,Real,https://www.realonline.com.py/p/manzana-colegiala-por-kilo-4131,D,no,,,,
Paraguay,Real Online ,Aceite vegetal,Natura,https://www.realonline.com.py/p/aceite-de-girasol-natura-900-ml-7790272001005,D,no,,,,
Paraguay,Real Online ,Aceite vegetal,Reina,https://www.realonline.com.py/p/aceite-reina-15-lts-7840833001187,D,no,,,,
Paraguay,Real Online ,Aceite vegetal,Cocinero,https://www.realonline.com.py/p/aceite-de-girasol-cocinero-900-ml-7790070012050,D,no,,,,
Paraguay,Real Online ,Aceite vegetal,Ok,https://www.realonline.com.py/p/aceite-de-sojaok-15-lts-7840833000746,D,no,,,,
Paraguay,Real Online ,Aceite vegetal,Alsamar,https://www.realonline.com.py/p/aceite-de-girasol-alsamar-900-ml-7794870000293,D,no,,,,
Paraguay,Real Online ,Aceite vegetal,Primicia,https://www.realonline.com.py/p/aceite-primicia-de-girasol-de-15-lt-7840045000046,D,no,,,,
Paraguay,Real Online ,Aceite vegetal,Primor,https://www.realonline.com.py/p/aceite-de-soja-primor-900-ml-7891107117370,D,no,,,,
Paraguay,Real Online ,Aceite vegetal,Mirasol,https://www.realonline.com.py/p/aceite-de-girasol-mirasol-500-ml-7840833000401,D,no,,,,
Paraguay,Real Online ,Harina de trigo,Oro ku,https://www.realonline.com.py/p/harina-de-trigo-oro-ku%C2%B4i-0000-1kg-7840024005840,D,no,,,,
Paraguay,Real Online ,Harina de trigo,Ersa,https://www.realonline.com.py/p/harina-ersa-000-1-kg-7840016410010,D,no,,,,
Paraguay,Real Online ,Harina de trigo,Hildebrand,https://www.realonline.com.py/p/harina-hildebrand-leudante-1-kg-7840821000055,D,no,,,,
Paraguay,Real Online ,Harina de trigo,Schar,https://www.realonline.com.py/p/harina-schar-500-grs-8008698010358,D,no,,,,
Paraguay,Real Online ,Harina de trigo,Codipsa,https://www.realonline.com.py/p/harina-de-mandioca-codipsa-1-kl-7841277000095,D,no,,,,
Paraguay,Real Online ,Papas,McCain,https://www.realonline.com.py/p/papas-bolden-long-finitas-1-kl-7797906000199,D,no,,,,
Paraguay,Real Online ,Papas,Simplot,https://www.realonline.com.py/p/papas-fritas-simplot-extra-crunch-700-grs-7798304851536,D,no,,,,
Paraguay,Real Online ,Papas,Maestra,https://www.realonline.com.py/p/papas-fritas-tradicional-maestro-steakhouse-25-kgs-5412588023374,D,no,,,,
Paraguay,Real Online ,Papas,Real,https://www.realonline.com.py/p/papa-negra-argentina-por-kilo-4004,D,no,,,,
Paraguay,Superseis,Papas,Aviko,https://www.salemmaonline.com.py/producto/papa-fritas-tradicional-aviko-x-450-g,D,no,,,,
Paraguay,Superseis,Pan de molde,Superseis,https://www.superseis.com.py/products/300416-pan-de-molde-integral-s6-400gr-pl.aspx,D,no,,,,
Paraguay,Superseis,Pan de molde,Pantodos,https://www.superseis.com.py/products/1721-pan-para-sandwich-pantodos-850gr.aspx,D,no,,,,
Paraguay,Superseis,Pan de molde,Bimbo,https://www.superseis.com.py/products/288370-pan-de-sandwich-con-semillas-bimbo-650gr.aspx,D,no,,,,
Paraguay,Superseis,Pan de molde,El germano,https://www.superseis.com.py/products/275455-palito-integral-el-germano-100gr-bsa.aspx,D,no,,,,
Paraguay,Superseis,Pollo entero,Pechugon,https://www.superseis.com.py/products/28310-muslo-sin-piel-pechugon.aspx,D,no,,,,
Paraguay,Superseis,Pollo entero,Kzero,https://www.superseis.com.py/products/4888-pechuguita-de-pollo-kzero.aspx,D,no,,,,
Paraguay,Superseis,Pollo entero,Superseis,https://www.superseis.com.py/products/1814-pechuga-de-pollo-fresca-con-hueso-kzero-por-kilo.aspx,D,no,,,,
Paraguay,Superseis,Leche liquida,Ilolay,https://www.superseis.com.py/products/4164-leche-entera-en-polvo-ilolay-400-gramos.aspx,D,no,,,,
Paraguay,Superseis,Leche liquida,Trebol,https://www.superseis.com.py/products/144182-leche-entera-tetra-trebol-500-ml.aspx,D,no,,,,
Paraguay,Superseis,Leche liquida,Parmalat,https://www.superseis.com.py/products/787-leche-entera-sobre-parmalat-1-litro.aspx,D,no,,,,
Paraguay,Superseis,Leche liquida,La fortuna,https://www.superseis.com.py/products/262192-leche-entera-la-fortuna-1-litro.aspx,D,no,,,,
Paraguay,Superseis,Arroz,Superseis,https://www.superseis.com.py/products/179929-arroz-a-granel-por-kilo.aspx,D,no,,,,
Paraguay,Superseis,Arroz,Supremo,https://www.superseis.com.py/products/3963-arroz-tipo-2-supremo-1-kilo.aspx,D,no,,,,
Paraguay,Superseis,Arroz,Primicia,https://www.superseis.com.py/products/707-arroz-tipo-1-primicia-1-kilo.aspx,D,no,,,,
Paraguay,Superseis,Arroz,Tio nico ,https://www.superseis.com.py/products/7448-arroz-paquete-azul-tio-nico-500-gramos.aspx,D,no,,,,
Paraguay,Superseis,Arroz,Bianca,https://www.superseis.com.py/products/343459-arroz-bianca-largo-fino-tipo-1-de-1-kg.aspx,D,no,,,,
Paraguay,Superseis,Pasta seca,Di martino,https://www.superseis.com.py/products/322581-fideo-spaghetti-pastificio-g-di-martino-500-gramos.aspx,D,no,,,,
Paraguay,Superseis,Pasta seca,De la nonna,https://www.superseis.com.py/products/341383-pastas-frescas-spaghetti-de-la-nonna-500.aspx,D,no,,,,
Paraguay,Superseis,Pasta seca,Carozzi,https://www.superseis.com.py/products/341235-pasta-carozzi-tortellini-queso-400gr.aspx,D,no,,,,
Paraguay,Superseis,Pasta seca,Las acacias,https://www.superseis.com.py/products/139449-pasta-natural-spaghetti-las-acacias-400-gramos.aspx,D,no,,,,
Paraguay,Superseis,Pasta seca,Maestra,https://www.superseis.com.py/products/343681-fideos-pastas-maestra-nido-spaghetti-400.aspx,D,no,,,,
Paraguay,Superseis,Cafe,Belen,https://www.superseis.com.py/products/276727-cafe-belen-cappuccino-clasico-108-gr-cja.aspx,D,no,,,,
Paraguay,Superseis,Cafe,Mayo,https://www.superseis.com.py/products/3846-cafe-mayo-fco-200-gr.aspx,D,no,,,,
Paraguay,Superseis,Cafe,Nescafe,https://www.superseis.com.py/products/345295-cafe-tradicion-nescafe-instantaneo-160gr.aspx,D,no,,,,
Paraguay,Superseis,Cafe,Ristretto,https://www.superseis.com.py/products/341252-cafe-ristretto-10caps-mnespresso-eci.aspx,D,no,,,,
Paraguay,Superseis,Cafe,Superseis,https://www.superseis.com.py/products/341255-cafe-extraintenso-10caps-mnespresso-eci.aspx,D,no,,,,
Paraguay,Superseis,Cafe,Juan valdez,https://www.superseis.com.py/products/142752-cafe-soluble-liofilizado-en-frasco-juan-valdez-50-gramos.aspx,D,no,,,,
Paraguay,Superseis,Cafe,Colcafe,https://www.superseis.com.py/products/278383-cafe-soluble-granulado-en-frasco-colcafe-85-gramos.aspx,D,no,,,,
Paraguay,Superseis,Cafe,Starbucks,https://www.superseis.com.py/products/346525-cafe-torrado-starbucks-orig-colombia-250.aspx,D,no,,,,
Paraguay,Superseis,Manzanas,Superseis,https://www.superseis.com.py/products/9604-manzana-colegiala-en-paquete-de-6-unidades-por-kilo.aspx,D,no,,,,
Paraguay,Superseis,Manzanas,Marben,https://www.superseis.com.py/products/1177-manzana-roja-en-paquete-de-6-unidades-por-kilo.aspx,D,no,,,,
Paraguay,Superseis,Manzanas,Mizratex,https://www.superseis.com.py/products/890-manzana-roja-en-paquete-de-4-unidades-por-kilo.aspx,D,no,,,,
Paraguay,Superseis,Aceite vegetal,Cocinero,https://www.superseis.com.py/products/337370-aceite-de-oliva-cocinero-250-ml.aspx,D,no,,,,
Paraguay,Superseis,Aceite vegetal,Alsamar,https://www.superseis.com.py/products/150572-aceite-de-girasol-alsamar-15l.aspx,D,no,,,,
Paraguay,Superseis,Aceite vegetal,Reina,https://www.superseis.com.py/products/279138-aceite-mezcla-de-soja-y-canola-reina-15l.aspx,D,no,,,,
Paraguay,Superseis,Aceite vegetal,Ok,https://www.superseis.com.py/products/148032-aceite-de-canola-gourmet-en-botella-ok-500-ml.aspx,D,no,,,,
Paraguay,Superseis,Aceite vegetal,Excellent,https://www.superseis.com.py/products/142408-aceite-de-oliva-extra-virgen-en-botella-excellent-250-ml.aspx,D,no,,,,
Paraguay,Superseis,Aceite vegetal,Carbonell,https://www.superseis.com.py/products/3144-aceite-de-oliva-en-botella-carbonell-250-ml.aspx,D,no,,,,
Paraguay,Superseis,Harina de trigo,Superseis,https://www.superseis.com.py/products/2894-harina-de-trigo-por-kilo.aspx,D,no,,,,
Paraguay,Superseis,Harina de trigo,Maestra,https://www.superseis.com.py/products/269617-harina-de-trigo-leudante-maestra-1kg.aspx,D,no,,,,
Paraguay,Superseis,Harina de trigo,Primicia,https://www.superseis.com.py/products/15124-harina-de-trigo-tipo-0000-primicia-1kg.aspx,D,no,,,,
Paraguay,Superseis,Harina de trigo,Ersa,https://www.superseis.com.py/products/822-harina-de-trigo-tipo-000-ersa-1kg.aspx,D,no,,,,
Paraguay,Superseis,Harina de trigo,Bianca,https://www.superseis.com.py/products/337205-harina-de-trigo-tipo-000-bianca-de-1-kg.aspx,D,no,,,,
Paraguay,Superseis,Papas,Superseis,https://www.superseis.com.py/products/9653-papa-negra-por-kilo.aspx,D,no,,,,
Paraguay,Superseis,Papas,McCain,https://www.superseis.com.py/products/150747-papa-frita-paquete-mccain-400-gramos.aspx,D,no,,,,
Paraguay,Superseis,Papas,Aviko,https://www.superseis.com.py/products/73226-papa-frita-tradicional-paquete-aviko-1-kg.aspx,D,no,,,,
Paraguay,Biggie Express,Pan de molde,Pantodos,https://biggie.com.py/item/pan-para-sandwich-pantodos-de-850-gr-7840131000011,D,no,,,,
Paraguay,Biggie Express,Pan de molde,Bimbo,https://biggie.com.py/item/pan-bimbo-blanco-paquete-de-400-gr-7840131001209,D,no,,,,
Paraguay,Biggie Express,Pan de molde,Oroweat,https://biggie.com.py/item/pan-bimbo-oroweart-semillas-oro-paquete-de-600-gr-7840131001216,D,no,,,,
Paraguay,Biggie Express,Pan de molde,El germano,https://biggie.com.py/item/pan-integral-el-germano-de-400-gr-7840581002528,D,no,,,,
Paraguay,Biggie Express,Pan de molde,Edward,https://biggie.com.py/item/pan-edward-lacteado-de-400-gr-7840225030757,D,no,,,,
Paraguay,Biggie Express,Pollo entero,Pechugon,https://biggie.com.py/item/pollo-pechugon-entero-congelado-con-menudencia-x-kg-30170,D,no,,,,
Paraguay,Biggie Express,Leche liquida,Tregar,https://biggie.com.py/item/leche-tregar-sin-lactosa-de-1000-ml-7793913013009,D,no,,,,
Paraguay,Biggie Express,Leche liquida,Trebol,https://biggie.com.py/item/leche-trebol-entera-tetra-de-1000-ml-7840005012379,D,no,,,,
Paraguay,Biggie Express,Leche liquida,Los colonos,https://biggie.com.py/item/leche-los-colonos-entera-ultra-sachet-de-1000-ml-7840037014587,D,no,,,,
Paraguay,Biggie Express,Leche liquida,Doña angela,https://biggie.com.py/item/leche-dona-angela-entera-sachet-de-1000-ml-7840031110001,D,no,,,,
Paraguay,Biggie Express,Arroz,Tio nico,https://biggie.com.py/item/arroz-tio-nico-tipo-00000-rojo-de-1000-gr-7840099000023,D,no,,,,
Paraguay,Biggie Express,Arroz,Primicia,https://biggie.com.py/item/arroz-primicia-tipo-i-rojo-de-1000-gr-7840045018898,D,no,,,,
Paraguay,Biggie Express,Arroz,Supremo,https://biggie.com.py/item/arroz-supremo-premium-de-1000-gr-7840023000129,D,no,,,,
Paraguay,Biggie Express,Arroz,El pais,https://biggie.com.py/item/arroz-el-pais-tipo-i-rojo-de-1000-gr-7840533000053,D,no,,,,
Paraguay,Biggie Express,Arroz,Selecta,https://biggie.com.py/item/arroz-selecta-t1-de-1000-gr-7840078001133,D,no,,,,
Paraguay,Biggie Express,Pasta seca,Barilla,https://biggie.com.py/item/fideo-barilla-spagetthi-n5-500-gr-8076800195057,D,no,,,,
Paraguay,Biggie Express,Pasta seca,Anita,https://biggie.com.py/item/fideo-anita-spaguetti-largo-de-400-gr-7840029101691,D,no,,,,
Paraguay,Biggie Express,Pasta seca,Carozzi,https://biggie.com.py/item/fideos-carozzi-fettuccine-de-400-gr-7802575004833,D,no,,,,
Paraguay,Biggie Express,Pasta seca,Alberdin,https://biggie.com.py/item/ravioles-de-carne-alberdin-500-gr-7840113201511,D,no,,,,
Paraguay,Biggie Express,Pasta seca,Villa Dagri,https://biggie.com.py/item/fideo-villa-dagri-tallarin-de-500-gr-7795711000052,D,no,,,,
Paraguay,Biggie Express,Cafe,Nescafe,https://biggie.com.py/item/cafe-nescafe-tradicion-de-50-gr-7891000016565,D,no,,,,
Paraguay,Biggie Express,Cafe,Sello rojo,https://biggie.com.py/item/cafe-sello-rojo-de-425-gr-7702032107964,D,no,,,,
Paraguay,Biggie Express,Cafe,Juan valdez,https://biggie.com.py/item/cafe-juan-valdez-soluble-liofilizado-frasco-de-95-gr-7707211631469,D,no,,,,
Paraguay,Biggie Express,Cafe,Quattro,https://biggie.com.py/item/cafe-molido-quattro-d-de-250-gr-7841699000185,D,no,,,,
Paraguay,Biggie Express,Cafe,Martinez,https://biggie.com.py/item/cafe-martinez-tostado-molido-fuerte-paq-tipo-italiano-de-330-gr-7798090321398,D,no,,,,
Paraguay,Biggie Express,Manzanas,Biggie Express,https://biggie.com.py/item/manzana-roja-x-kg-15041,D,no,,,,
Paraguay,Biggie Express,Aceite vegetal,Natura,https://biggie.com.py/item/aceite-natura-rocio-vegetal-de-120-gr-7790272000831,D,no,,,,
Paraguay,Biggie Express,Aceite vegetal,Mirasol,https://biggie.com.py/item/aceite-de-girasol-mirasol-de-500-ml-7840833000401,D,no,,,,
Paraguay,Biggie Express,Aceite vegetal,La española,https://biggie.com.py/item/aceite-de-oliva-la-espanola-extra-virgen-de-250-ml-8410660101481,D,no,,,,
Paraguay,Biggie Express,Aceite vegetal,Borges,https://biggie.com.py/item/aceite-de-oliva-borges-extra-virgen-de-500-ml-8410179100036,D,no,,,,
Paraguay,Biggie Express,Aceite vegetal,Ólica,https://biggie.com.py/item/aceite-de-oliva-olica-de-500-ml-7798117740430,D,no,,,,
Paraguay,Biggie Express,Harina de trigo,Ersa,https://biggie.com.py/item/harina-ersa-tipo-0000-de-1000-gr-7840016411017,D,no,,,,
Paraguay,Biggie Express,Harina de trigo,Primicia,https://biggie.com.py/item/harina-primicia-tipo-000-de-1000-gr-7840045023090,D,no,,,,
Paraguay,Biggie Express,Harina de trigo,Hildebrand,https://biggie.com.py/item/harina-hildebrand-trigo-0000-de-1000-gr-7840821000031,D,no,,,,
Paraguay,Biggie Express,Harina de trigo,Maestra,https://biggie.com.py/item/harina-de-trigo-maestra-000-de-1000-gr-7840023001096,D,no,,,,
Paraguay,Biggie Express,Papas,Aviko,https://biggie.com.py/item/papas-fritas-aviko-tradicional-de-1000-gr-8710449914241,D,no,,,,
Paraguay,Biggie Express,Papas,Bembrasil,https://biggie.com.py/item/papas-fritas-bembrasil-de-1005-gr-7898921567336,D,no,,,,
Paraguay,Biggie Express,Papas,McCain,https://biggie.com.py/item/papas-fritas-mc-cain-smiles-de-700-gr-7797906054956,D,no,,,,
