source_id,product_name,brand,unit,country,seller,category_effective,category_is_imputed,category_canonical,category_canonical_imputed,price_amount_filled,price_amount_usd_filled,price_is_imputed,price_imputation_source,fx_rate_local_per_usd,fx_source,decision_imputed,reasons,txt_path,html_path
641,$ 12.800,Ver detalles del producto,15G,UNKNOWN,Desconocido,azucar,True,sin_categoria,azucar,12.8,12.8,False,original,1.0,default_1usd,keep_imputed,no_category_detected,dataset/txt_limpios/641.txt,dataset/paginas_descargadas/641.html
626,(Gr a $ 10),$ 8.650,0.2 g,UNKNOWN,Desconocido,cafe,True,sin_categoria,cafe,10.0,10.0,False,original,1.0,default_1usd,keep_imputed,no_category_detected,dataset/txt_limpios/626.txt,dataset/paginas_descargadas/626.html
627,(Gr a $ 10),20,480G,UNKNOWN,Desconocido,cafe,True,sin_categoria,cafe,10.0,10.0,False,original,1.0,default_1usd,keep_imputed,no_category_detected,dataset/txt_limpios/627.txt,dataset/paginas_descargadas/627.html
630,(Gr a $ 10),20,,UNKNOWN,Desconocido,cafe,True,sin_categoria,cafe,10.0,10.0,False,original,1.0,default_1usd,keep_imputed,no_category_detected,dataset/txt_limpios/630.txt,dataset/paginas_descargadas/630.html
766,(Gr a $ 11),$ 6.700,,UNKNOWN,Desconocido,pan,True,sin_categoria,pan,11.0,11.0,False,original,1.0,default_1usd,keep_imputed,no_category_detected,dataset/txt_limpios/766.txt,dataset/paginas_descargadas/766.html
767,(Gr a $ 12),$ 7.150,,UNKNOWN,Desconocido,pan,True,sin_categoria,pan,12.0,12.0,False,original,1.0,default_1usd,keep_imputed,no_category_detected,dataset/txt_limpios/767.txt,dataset/paginas_descargadas/767.html
778,(Gr a $ 19),$ 39.000,,UNKNOWN,Desconocido,cafe,True,sin_categoria,cafe,19.0,19.0,False,original,1.0,default_1usd,keep_imputed,no_category_detected,dataset/txt_limpios/778.txt,dataset/paginas_descargadas/778.html
628,(Gr a $ 21),$ 10.550,,UNKNOWN,Desconocido,pan,True,sin_categoria,pan,21.0,21.0,False,original,1.0,default_1usd,keep_imputed,no_category_detected,dataset/txt_limpios/628.txt,dataset/paginas_descargadas/628.html
765,(Gr a $ 21),20,,UNKNOWN,Desconocido,pan,True,sin_categoria,pan,21.0,21.0,False,original,1.0,default_1usd,keep_imputed,no_category_detected,dataset/txt_limpios/765.txt,dataset/paginas_descargadas/765.html
763,(Gr a $ 23),$ 11.600,,UNKNOWN,Desconocido,pan,True,sin_categoria,pan,23.0,23.0,False,original,1.0,default_1usd,keep_imputed,no_category_detected,dataset/txt_limpios/763.txt,dataset/paginas_descargadas/763.html
629,(Gr a $ 29),$ 13.450,,UNKNOWN,Desconocido,cafe,True,sin_categoria,cafe,29.0,29.0,False,original,1.0,default_1usd,keep_imputed,no_category_detected,dataset/txt_limpios/629.txt,dataset/paginas_descargadas/629.html
764,(Gr a $ 34),$ 15.700,,UNKNOWN,Desconocido,pan,True,sin_categoria,pan,34.0,34.0,False,original,1.0,default_1usd,keep_imputed,no_category_detected,dataset/txt_limpios/764.txt,dataset/paginas_descargadas/764.html
622,(Gr a $ 4),$ 4.680,,UNKNOWN,Desconocido,pan,True,sin_categoria,pan,4.0,4.0,False,original,1.0,default_1usd,keep_imputed,no_category_detected,dataset/txt_limpios/622.txt,dataset/paginas_descargadas/622.html
624,(Gr a $ 4),$ 10.650,,UNKNOWN,Desconocido,cafe,True,sin_categoria,cafe,4.0,4.0,False,original,1.0,default_1usd,keep_imputed,no_category_detected,dataset/txt_limpios/624.txt,dataset/paginas_descargadas/624.html
656,(Gr a $ 4),19,,UNKNOWN,Desconocido,cafe,True,sin_categoria,cafe,4.0,4.0,False,original,1.0,default_1usd,keep_imputed,no_category_detected,dataset/txt_limpios/656.txt,dataset/paginas_descargadas/656.html
754,(Gr a $ 4),10,,UNKNOWN,Desconocido,cafe,True,sin_categoria,cafe,4.0,4.0,False,original,1.0,default_1usd,keep_imputed,no_category_detected,dataset/txt_limpios/754.txt,dataset/paginas_descargadas/754.html
758,(Gr a $ 4),$ 2.100,,UNKNOWN,Desconocido,cafe,True,sin_categoria,cafe,4.0,4.0,False,original,1.0,default_1usd,keep_imputed,no_category_detected,dataset/txt_limpios/758.txt,dataset/paginas_descargadas/758.html
649,(Gr a $ 45),20,,UNKNOWN,Desconocido,pan,True,sin_categoria,pan,45.0,45.0,False,original,1.0,default_1usd,keep_imputed,no_category_detected,dataset/txt_limpios/649.txt,dataset/paginas_descargadas/649.html
780,(Gr a $ 46),$ 7.635,,UNKNOWN,Desconocido,cafe,True,sin_categoria,cafe,46.0,46.0,False,original,1.0,default_1usd,keep_imputed,no_category_detected,dataset/txt_limpios/780.txt,dataset/paginas_descargadas/780.html
781,(Gr a $ 47),20,,UNKNOWN,Desconocido,pan,True,sin_categoria,pan,47.0,47.0,False,original,1.0,default_1usd,keep_imputed,no_category_detected,dataset/txt_limpios/781.txt,dataset/paginas_descargadas/781.html
638,(Gr a $ 65),$ 18.100,,UNKNOWN,Desconocido,cafe,True,sin_categoria,cafe,65.0,65.0,False,original,1.0,default_1usd,keep_imputed,no_category_detected,dataset/txt_limpios/638.txt,dataset/paginas_descargadas/638.html
784,(Gr a $ 68),$ 14.400,,UNKNOWN,Desconocido,cafe,True,sin_categoria,cafe,68.0,68.0,False,original,1.0,default_1usd,keep_imputed,no_category_detected,dataset/txt_limpios/784.txt,dataset/paginas_descargadas/784.html
646,(Gr a $ 9),$ 9.980,,UNKNOWN,Desconocido,cafe,True,sin_categoria,cafe,9.0,9.0,False,original,1.0,default_1usd,keep_imputed,no_category_detected,dataset/txt_limpios/646.txt,dataset/paginas_descargadas/646.html
779,(Gr a $ 90),$ 21.600,,UNKNOWN,Desconocido,pan,True,sin_categoria,pan,90.0,90.0,False,original,1.0,default_1usd,keep_imputed,no_category_detected,dataset/txt_limpios/779.txt,dataset/paginas_descargadas/779.html
635,(Ml a $ 3),$ 17.040,,UNKNOWN,Desconocido,aceite vegetal,True,sin_categoria,aceite vegetal,3.0,3.0,False,original,1.0,default_1usd,keep_imputed,no_category_detected,dataset/txt_limpios/635.txt,dataset/paginas_descargadas/635.html
769,(Ml a $ 5),$ 4.900,,UNKNOWN,Desconocido,aceite vegetal,True,sin_categoria,aceite vegetal,5.0,5.0,False,original,1.0,default_1usd,keep_imputed,no_category_detected,dataset/txt_limpios/769.txt,dataset/paginas_descargadas/769.html
768,(Ml a $ 6),$ 40.800,1100ml,UNKNOWN,Desconocido,aceite vegetal,True,sin_categoria,aceite vegetal,6.0,6.0,False,original,1.0,default_1usd,keep_imputed,no_category_detected,dataset/txt_limpios/768.txt,dataset/paginas_descargadas/768.html
775,(Und a $ 1.312),20,,UNKNOWN,Desconocido,azucar,True,sin_categoria,azucar,1.31,1.31,False,original,1.0,default_1usd,keep_imputed,no_category_detected,dataset/txt_limpios/775.txt,dataset/paginas_descargadas/775.html
644,(Und a $ 1.540),$ 1.540,,UNKNOWN,Desconocido,leche,True,sin_categoria,leche,1.54,1.54,False,original,1.0,default_1usd,keep_imputed,no_category_detected,dataset/txt_limpios/644.txt,dataset/paginas_descargadas/644.html
639,(Und a $ 544),20,,UNKNOWN,Desconocido,azucar,True,sin_categoria,azucar,544.0,544.0,False,original,1.0,default_1usd,keep_imputed,no_category_detected,dataset/txt_limpios/639.txt,dataset/paginas_descargadas/639.html
774,(Und a $ 544),20,,UNKNOWN,Desconocido,azucar,True,sin_categoria,azucar,544.0,544.0,False,original,1.0,default_1usd,keep_imputed,no_category_detected,dataset/txt_limpios/774.txt,dataset/paginas_descargadas/774.html
615,(Und a $ 750),$ 24.500,,UNKNOWN,Desconocido,pan,True,sin_categoria,pan,750.0,750.0,False,original,1.0,default_1usd,keep_imputed,no_category_detected,dataset/txt_limpios/615.txt,dataset/paginas_descargadas/615.html
1406,+595994 874276,Selecciona método de entrega,580 GR,UNKNOWN,Desconocido,pan,True,sin_categoria,pan,234.19,234.1938,True,country_mean,1.0,default_1usd,keep_imputed,no_category_detected;price_parse_failed,dataset/txt_limpios/1406.txt,dataset/paginas_descargadas/1406.html
1410,+595994 874276,Selecciona método de entrega,700 GR,UNKNOWN,Desconocido,pan,True,sin_categoria,pan,234.19,234.1938,True,country_mean,1.0,default_1usd,keep_imputed,no_category_detected;price_parse_failed,dataset/txt_limpios/1410.txt,dataset/paginas_descargadas/1410.html
1415,+595994 874276,Selecciona método de entrega,400 GR,UNKNOWN,Desconocido,cafe,True,sin_categoria,cafe,234.19,234.1938,True,country_mean,1.0,default_1usd,keep_imputed,no_category_detected;price_parse_failed,dataset/txt_limpios/1415.txt,dataset/paginas_descargadas/1415.html
1418,+595994 874276,Selecciona método de entrega,1 LT,UNKNOWN,Desconocido,papa,True,sin_categoria,papa,234.19,234.1938,True,country_mean,1.0,default_1usd,keep_imputed,no_category_detected;price_parse_failed,dataset/txt_limpios/1418.txt,dataset/paginas_descargadas/1418.html
1419,+595994 874276,Selecciona método de entrega,1 LT,UNKNOWN,Desconocido,papa,True,sin_categoria,papa,234.19,234.1938,True,country_mean,1.0,default_1usd,keep_imputed,no_category_detected;price_parse_failed,dataset/txt_limpios/1419.txt,dataset/paginas_descargadas/1419.html
1420,+595994 874276,Selecciona método de entrega,2 LT,UNKNOWN,Desconocido,papa,True,sin_categoria,papa,2.0,2.0,False,original,1.0,default_1usd,keep_imputed,no_category_detected,dataset/txt_limpios/1420.txt,dataset/paginas_descargadas/1420.html
1424,+595994 874276,Selecciona método de entrega,400 GR,UNKNOWN,Desconocido,cafe,True,sin_categoria,cafe,400.0,400.0,False,original,1.0,default_1usd,keep_imputed,no_category_detected,dataset/txt_limpios/1424.txt,dataset/paginas_descargadas/1424.html
1425,+595994 874276,Selecciona método de entrega,250 GR,UNKNOWN,Desconocido,cafe,True,sin_categoria,cafe,234.19,234.1938,True,country_mean,1.0,default_1usd,keep_imputed,no_category_detected;price_parse_failed,dataset/txt_limpios/1425.txt,dataset/paginas_descargadas/1425.html
1426,+595994 874276,Selecciona método de entrega,2 LT,UNKNOWN,Desconocido,papa,True,sin_categoria,papa,2.0,2.0,False,original,1.0,default_1usd,keep_imputed,no_category_detected,dataset/txt_limpios/1426.txt,dataset/paginas_descargadas/1426.html
1428,+595994 874276,Selecciona método de entrega,120 GR,UNKNOWN,Desconocido,cafe,True,sin_categoria,cafe,234.19,234.1938,True,country_mean,1.0,default_1usd,keep_imputed,no_category_detected;price_parse_failed,dataset/txt_limpios/1428.txt,dataset/paginas_descargadas/1428.html
1431,+595994 874276,Selecciona método de entrega,1 LT,UNKNOWN,Desconocido,papa,True,sin_categoria,papa,234.19,234.1938,True,country_mean,1.0,default_1usd,keep_imputed,no_category_detected;price_parse_failed,dataset/txt_limpios/1431.txt,dataset/paginas_descargadas/1431.html
1435,+595994 874276,Selecciona método de entrega,2 LT,UNKNOWN,Desconocido,papa,True,sin_categoria,papa,2.0,2.0,False,original,1.0,default_1usd,keep_imputed,no_category_detected,dataset/txt_limpios/1435.txt,dataset/paginas_descargadas/1435.html
1438,+595994 874276,Selecciona método de entrega,1 LT,UNKNOWN,Desconocido,papa,True,sin_categoria,papa,234.19,234.1938,True,country_mean,1.0,default_1usd,keep_imputed,no_category_detected;price_parse_failed,dataset/txt_limpios/1438.txt,dataset/paginas_descargadas/1438.html
1440,+595994 874276,Selecciona método de entrega,1 LT,UNKNOWN,Desconocido,papa,True,sin_categoria,papa,234.19,234.1938,True,country_mean,1.0,default_1usd,keep_imputed,no_category_detected;price_parse_failed,dataset/txt_limpios/1440.txt,dataset/paginas_descargadas/1440.html
1441,+595994 874276,Selecciona método de entrega,1 LT,UNKNOWN,Desconocido,papa,True,sin_categoria,papa,234.19,234.1938,True,country_mean,1.0,default_1usd,keep_imputed,no_category_detected;price_parse_failed,dataset/txt_limpios/1441.txt,dataset/paginas_descargadas/1441.html
1449,+595994 874276,Selecciona método de entrega,2 LT,UNKNOWN,Desconocido,papa,True,sin_categoria,papa,2.0,2.0,False,original,1.0,default_1usd,keep_imputed,no_category_detected,dataset/txt_limpios/1449.txt,dataset/paginas_descargadas/1449.html
1456,+595994 874276,Selecciona método de entrega,2 LT,UNKNOWN,Desconocido,papa,True,sin_categoria,papa,2.0,2.0,False,original,1.0,default_1usd,keep_imputed,no_category_detected,dataset/txt_limpios/1456.txt,dataset/paginas_descargadas/1456.html
1464,+595994 874276,Selecciona método de entrega,700 GR,UNKNOWN,Desconocido,pan,True,sin_categoria,pan,234.19,234.1938,True,country_mean,1.0,default_1usd,keep_imputed,no_category_detected;price_parse_failed,dataset/txt_limpios/1464.txt,dataset/paginas_descargadas/1464.html
10,Aceites y vinagres,123,1L,MX,Chedraui,aceite vegetal,False,aceite vegetal,,37.0,1.9871,False,original,18.62,from_mexico_cambio_dolar,keep,heuristic_default,dataset/txt_limpios/10.txt,dataset/paginas_descargadas/10.html
6,Aceites y vinagres,Nutrioli,700ml,MX,Chedraui,aceite vegetal,False,aceite vegetal,,33.3,1.7884,True,category_country_mean,18.62,from_mexico_cambio_dolar,keep_imputed,price_parse_failed;price<=0,dataset/txt_limpios/6.txt,dataset/paginas_descargadas/6.html
7,Aceites y vinagres,Aceite Chedraui Mixto 800ml,800ml,MX,Chedraui,aceite vegetal,False,aceite vegetal,,28.0,1.5038,False,original,18.62,from_mexico_cambio_dolar,keep,heuristic_default,dataset/txt_limpios/7.txt,dataset/paginas_descargadas/7.html
8,Aceites y vinagres,Patrona,1 L,MX,Chedraui,aceite vegetal,False,aceite vegetal,,33.3,1.7884,True,category_country_mean,18.62,from_mexico_cambio_dolar,keep_imputed,price_parse_failed;price<=0,dataset/txt_limpios/8.txt,dataset/paginas_descargadas/8.html
269,"Al continuar navegando, usted acepta con nuestra",Política de privacidad,12 unidades,BR,Desconocido,huevo,True,sin_categoria,huevo,20.0,3.6711,False,original,5.448,from_brasil_cambio_dolar,keep_imputed,no_category_detected,dataset/txt_limpios/269.txt,dataset/paginas_descargadas/269.html
1605,Alimentos básicos,Frijoles,1 Kg,UNKNOWN,Desconocido,frijoles,False,frijoles,,1.02,1.02,True,category_mean,1.0,default_1usd,keep_imputed,price_parse_failed;price<=0,dataset/txt_limpios/1605.txt,dataset/paginas_descargadas/1605.html
1606,Alimentos básicos,Frijoles,1Kg,UNKNOWN,Desconocido,frijoles,False,frijoles,,1.02,1.02,True,category_mean,1.0,default_1usd,keep_imputed,price_parse_failed;price<=0,dataset/txt_limpios/1606.txt,dataset/paginas_descargadas/1606.html
1608,Alimentos básicos,Frijoles,1 Kg,UNKNOWN,Desconocido,frijoles,False,frijoles,,1.02,1.02,True,category_mean,1.0,default_1usd,keep_imputed,price_parse_failed;price<=0,dataset/txt_limpios/1608.txt,dataset/paginas_descargadas/1608.html
1610,Alimentos básicos,Frijoles,1Kg,UNKNOWN,Desconocido,frijoles,False,frijoles,,1.02,1.02,True,category_mean,1.0,default_1usd,keep_imputed,price_parse_failed;price<=0,dataset/txt_limpios/1610.txt,dataset/paginas_descargadas/1610.html
1612,Alimentos básicos,Frijoles,1 kg,UNKNOWN,Desconocido,frijoles,False,frijoles,,1.02,1.02,True,category_mean,1.0,default_1usd,keep_imputed,price_parse_failed;price<=0,dataset/txt_limpios/1612.txt,dataset/paginas_descargadas/1612.html
180,Alimentos básicos,Arroz,5Kg,BR,Desconocido,arroz,False,arroz,,23.89,4.3851,False,original,5.448,from_brasil_cambio_dolar,keep,heuristic_default,dataset/txt_limpios/180.txt,dataset/paginas_descargadas/180.html
181,Alimentos básicos,Arroz,5Kg,BR,Desconocido,arroz,False,arroz,,18.59,3.4123,False,original,5.448,from_brasil_cambio_dolar,keep,heuristic_default,dataset/txt_limpios/181.txt,dataset/paginas_descargadas/181.html
182,Alimentos básicos,Arroz,2Kg,BR,Desconocido,arroz,False,arroz,,11.99,2.2008,False,original,5.448,from_brasil_cambio_dolar,keep,heuristic_default,dataset/txt_limpios/182.txt,dataset/paginas_descargadas/182.html
183,Alimentos básicos,Arroz,5 kg,BR,Desconocido,arroz,False,arroz,,16.59,3.0452,False,original,5.448,from_brasil_cambio_dolar,keep,heuristic_default,dataset/txt_limpios/183.txt,dataset/paginas_descargadas/183.html
184,Alimentos básicos,Arroz,5Kg,BR,Desconocido,arroz,False,arroz,,19.49,3.5775,False,original,5.448,from_brasil_cambio_dolar,keep,heuristic_default,dataset/txt_limpios/184.txt,dataset/paginas_descargadas/184.html
185,Alimentos básicos,Cafés,40g,BR,Desconocido,frijoles,True,sin_categoria,frijoles,8.89,1.6318,False,original,5.448,from_brasil_cambio_dolar,keep_imputed,no_category_detected,dataset/txt_limpios/185.txt,dataset/paginas_descargadas/185.html
225,Alimentos básicos,Frijoles,1 Kg,BR,Desconocido,frijoles,False,frijoles,,5.29,0.971,False,original,5.448,from_brasil_cambio_dolar,keep,heuristic_default,dataset/txt_limpios/225.txt,dataset/paginas_descargadas/225.html
226,Alimentos básicos,Frijoles,1Kg,UNKNOWN,Desconocido,frijoles,False,frijoles,,1.02,1.02,True,category_mean,1.0,default_1usd,keep_imputed,price_parse_failed;price<=0,dataset/txt_limpios/226.txt,dataset/paginas_descargadas/226.html
227,Alimentos básicos,Frijoles,1 Kg,UNKNOWN,Desconocido,frijoles,False,frijoles,,1.02,1.02,True,category_mean,1.0,default_1usd,keep_imputed,price_parse_failed;price<=0,dataset/txt_limpios/227.txt,dataset/paginas_descargadas/227.html
228,Alimentos básicos,Frijoles,1Kg,BR,Desconocido,frijoles,False,frijoles,,4.49,0.8242,False,original,5.448,from_brasil_cambio_dolar,keep,heuristic_default,dataset/txt_limpios/228.txt,dataset/paginas_descargadas/228.html
229,Alimentos básicos,Frijoles,1 kg,BR,Desconocido,frijoles,False,frijoles,,6.89,1.2647,False,original,5.448,from_brasil_cambio_dolar,keep,heuristic_default,dataset/txt_limpios/229.txt,dataset/paginas_descargadas/229.html
1287,App Frecuento,Descárgala gratis,330ml,UNKNOWN,Desconocido,arroz,False,arroz,,7.45,7.45,False,original,1.0,default_1usd,keep,heuristic_default,dataset/txt_limpios/1287.txt,dataset/paginas_descargadas/1287.html
1366,ARROZ CONEJO SACO 20 LB,Comparar,20 LB,US,Desconocido,arroz,False,arroz,,9.99,9.99,False,original,1.0,default_1usd,keep,heuristic_default,dataset/txt_limpios/1366.txt,dataset/paginas_descargadas/1366.html
790,ARROZ DIANA 500 G,Unidades disponibles,500 G,UNKNOWN,Desconocido,cebolla,False,cebolla,,500.0,500.0,False,original,1.0,default_1usd,keep,heuristic_default,dataset/txt_limpios/790.txt,dataset/paginas_descargadas/790.html
791,ARROZ ESTÁNDAR ALBAR 500 GRS,Unidades disponibles,500 g,UNKNOWN,Desconocido,azucar,False,azucar,,500.0,500.0,False,original,1.0,default_1usd,keep,heuristic_default,dataset/txt_limpios/791.txt,dataset/paginas_descargadas/791.html
905,Arroz G1 largo ancho bolsa,1 Kg,1 Kg,UNKNOWN,Desconocido,arroz,False,arroz,,1.89,1.89,False,original,1.0,default_1usd,keep,heuristic_default,dataset/txt_limpios/905.txt,dataset/paginas_descargadas/905.html
903,Arroz G2 gran selección ancha,1 Kg,1 Kg,UNKNOWN,Desconocido,arroz,False,arroz,,1.37,1.37,False,original,1.0,default_1usd,keep,heuristic_default,dataset/txt_limpios/903.txt,dataset/paginas_descargadas/903.html
904,Arroz G2 largo delgado,1 Kg,1 Kg,UNKNOWN,Desconocido,arroz,False,arroz,,1.02,1.02,False,original,1.0,default_1usd,keep,heuristic_default,dataset/txt_limpios/904.txt,dataset/paginas_descargadas/904.html
906,Arroz grano largo delgado grad...,900 g,900 g,UNKNOWN,Desconocido,arroz,False,arroz,,1.39,1.39,False,original,1.0,default_1usd,keep,heuristic_default,dataset/txt_limpios/906.txt,dataset/paginas_descargadas/906.html
5,Arroz La Merced Super Extra 900g,La Merced,900g,MX,Chedraui,arroz,False,arroz,,21.0,1.1278,False,original,18.62,from_mexico_cambio_dolar,keep,heuristic_default,dataset/txt_limpios/5.txt,dataset/paginas_descargadas/5.html
1365,ARROZ REAL 2 KG,Comparar,2 KG,US,Desconocido,arroz,False,arroz,,2.99,2.99,False,original,1.0,default_1usd,keep,heuristic_default,dataset/txt_limpios/1365.txt,dataset/paginas_descargadas/1365.html
1,Arroz Schettino Verde 900g,Schettino,900g,MX,Chedraui,arroz,False,arroz,,19.8,1.0634,False,original,18.62,from_mexico_cambio_dolar,keep,heuristic_default,dataset/txt_limpios/1.txt,dataset/paginas_descargadas/1.html
3,Arroz SOS Super Extra Rojo 900g,SOS,900g,MX,Chedraui,arroz,False,arroz,,20.4,1.0956,True,category_country_mean,18.62,from_mexico_cambio_dolar,keep_imputed,price_parse_failed;price<=0,dataset/txt_limpios/3.txt,dataset/paginas_descargadas/3.html
4,Arroz Super Extra Chedraui 900g,Chedraui,900g,MX,Chedraui,arroz,False,arroz,,20.4,1.0956,True,category_country_mean,18.62,from_mexico_cambio_dolar,keep_imputed,price_parse_failed;price<=0,dataset/txt_limpios/4.txt,dataset/paginas_descargadas/4.html
2,Arroz Verde Valle Super Extra 900g,Verde Valle,900g,MX,Chedraui,arroz,False,arroz,,20.4,1.0956,True,category_country_mean,18.62,from_mexico_cambio_dolar,keep_imputed,price_parse_failed;price<=0,dataset/txt_limpios/2.txt,dataset/paginas_descargadas/2.html
567,Asesoramos tu compra WEB: 📞(601) 6672004 -,"Otras Ciudades clic aquí,",,CO,Desconocido,cafe,True,sin_categoria,cafe,25.0,0.0062,False,original,4047.0,from_colombia_cambio_dolar,keep_imputed,no_category_detected,dataset/txt_limpios/567.txt,dataset/paginas_descargadas/567.html
659,"ASESORAMOS TU COMPRA: 📞(601) 6672004, lun a sab de 7am.a 7pm dom hasta las 6pm",otras ciudades consulta aquí,,CO,Desconocido,cafe,False,cafe,,22.99,0.0057,False,original,4047.0,from_colombia_cambio_dolar,keep,heuristic_default,dataset/txt_limpios/659.txt,dataset/paginas_descargadas/659.html
660,"ASESORAMOS TU COMPRA: 📞(601) 6672004, lun a sab de 7am.a 7pm dom hasta las 6pm",otras ciudades consulta aquí,,CO,Desconocido,cafe,False,cafe,,25.63,0.0063,False,original,4047.0,from_colombia_cambio_dolar,keep,heuristic_default,dataset/txt_limpios/660.txt,dataset/paginas_descargadas/660.html
661,"ASESORAMOS TU COMPRA: 📞(601) 6672004, lun a sab de 7am.a 7pm dom hasta las 6pm",otras ciudades consulta aquí,,CO,Desconocido,cafe,False,cafe,,23.89,0.0059,False,original,4047.0,from_colombia_cambio_dolar,keep,heuristic_default,dataset/txt_limpios/661.txt,dataset/paginas_descargadas/661.html
662,"ASESORAMOS TU COMPRA: 📞(601) 6672004, lun a sab de 7am.a 7pm dom hasta las 6pm",otras ciudades consulta aquí,500gr,CO,Desconocido,cafe,False,cafe,,2.5,0.0006,False,original,4047.0,from_colombia_cambio_dolar,keep,heuristic_default,dataset/txt_limpios/662.txt,dataset/paginas_descargadas/662.html
663,"ASESORAMOS TU COMPRA: 📞(601) 6672004, lun a sab de 7am.a 7pm dom hasta las 6pm",otras ciudades consulta aquí,,CO,Desconocido,cafe,False,cafe,,24.49,0.0061,False,original,4047.0,from_colombia_cambio_dolar,keep,heuristic_default,dataset/txt_limpios/663.txt,dataset/paginas_descargadas/663.html
664,"ASESORAMOS TU COMPRA: 📞(601) 6672004, lun a sab de 7am.a 7pm dom hasta las 6pm",otras ciudades consulta aquí,,CO,Desconocido,cafe,False,cafe,,4.49,0.0011,False,original,4047.0,from_colombia_cambio_dolar,keep,heuristic_default,dataset/txt_limpios/664.txt,dataset/paginas_descargadas/664.html
665,"ASESORAMOS TU COMPRA: 📞(601) 6672004, lun a sab de 7am.a 7pm dom hasta las 6pm",otras ciudades consulta aquí,,CO,Desconocido,cafe,True,sin_categoria,cafe,100.78,0.0249,True,country_mean,4047.0,from_colombia_cambio_dolar,keep_imputed,no_category_detected;price_parse_failed,dataset/txt_limpios/665.txt,dataset/paginas_descargadas/665.html
666,"ASESORAMOS TU COMPRA: 📞(601) 6672004, lun a sab de 7am.a 7pm dom hasta las 6pm",otras ciudades consulta aquí,,CO,Desconocido,cafe,False,cafe,,46.94,0.0116,False,original,4047.0,from_colombia_cambio_dolar,keep,heuristic_default,dataset/txt_limpios/666.txt,dataset/paginas_descargadas/666.html
667,"ASESORAMOS TU COMPRA: 📞(601) 6672004, lun a sab de 7am.a 7pm dom hasta las 6pm",otras ciudades consulta aquí,,CO,Desconocido,cafe,False,cafe,,37.52,0.0093,False,original,4047.0,from_colombia_cambio_dolar,keep,heuristic_default,dataset/txt_limpios/667.txt,dataset/paginas_descargadas/667.html
668,"ASESORAMOS TU COMPRA: 📞(601) 6672004, lun a sab de 7am.a 7pm dom hasta las 6pm",otras ciudades consulta aquí,,CO,Desconocido,cafe,False,cafe,,14.09,0.0035,False,original,4047.0,from_colombia_cambio_dolar,keep,heuristic_default,dataset/txt_limpios/668.txt,dataset/paginas_descargadas/668.html
669,"ASESORAMOS TU COMPRA: 📞(601) 6672004, lun a sab de 7am.a 7pm dom hasta las 6pm",otras ciudades consulta aquí,,CO,Desconocido,cafe,True,sin_categoria,cafe,100.78,0.0249,True,country_mean,4047.0,from_colombia_cambio_dolar,keep_imputed,no_category_detected;price_parse_failed,dataset/txt_limpios/669.txt,dataset/paginas_descargadas/669.html
670,"ASESORAMOS TU COMPRA: 📞(601) 6672004, lun a sab de 7am.a 7pm dom hasta las 6pm",otras ciudades consulta aquí,480G,CO,Desconocido,cafe,False,cafe,,8.19,0.002,False,original,4047.0,from_colombia_cambio_dolar,keep,heuristic_default,dataset/txt_limpios/670.txt,dataset/paginas_descargadas/670.html
671,"ASESORAMOS TU COMPRA: 📞(601) 6672004, lun a sab de 7am.a 7pm dom hasta las 6pm",otras ciudades consulta aquí,750 g,CO,Desconocido,pan,False,pan,,7.63,0.0019,False,original,4047.0,from_colombia_cambio_dolar,keep,heuristic_default,dataset/txt_limpios/671.txt,dataset/paginas_descargadas/671.html
672,"ASESORAMOS TU COMPRA: 📞(601) 6672004, lun a sab de 7am.a 7pm dom hasta las 6pm",otras ciudades consulta aquí,460 g,CO,Desconocido,cafe,False,cafe,,10.55,0.0026,False,original,4047.0,from_colombia_cambio_dolar,keep,heuristic_default,dataset/txt_limpios/672.txt,dataset/paginas_descargadas/672.html
673,"ASESORAMOS TU COMPRA: 📞(601) 6672004, lun a sab de 7am.a 7pm dom hasta las 6pm",otras ciudades consulta aquí,,CO,Desconocido,cafe,False,cafe,,13.15,0.0032,False,original,4047.0,from_colombia_cambio_dolar,keep,heuristic_default,dataset/txt_limpios/673.txt,dataset/paginas_descargadas/673.html
674,"ASESORAMOS TU COMPRA: 📞(601) 6672004, lun a sab de 7am.a 7pm dom hasta las 6pm",otras ciudades consulta aquí,550 g,CO,Desconocido,cafe,True,sin_categoria,cafe,6.89,0.0017,False,original,4047.0,from_colombia_cambio_dolar,keep_imputed,no_category_detected,dataset/txt_limpios/674.txt,dataset/paginas_descargadas/674.html
675,"ASESORAMOS TU COMPRA: 📞(601) 6672004, lun a sab de 7am.a 7pm dom hasta las 6pm",otras ciudades consulta aquí,,CO,Desconocido,cafe,True,sin_categoria,cafe,39.09,0.0097,False,original,4047.0,from_colombia_cambio_dolar,keep_imputed,no_category_detected,dataset/txt_limpios/675.txt,dataset/paginas_descargadas/675.html
676,"ASESORAMOS TU COMPRA: 📞(601) 6672004, lun a sab de 7am.a 7pm dom hasta las 6pm",otras ciudades consulta aquí,,CO,Desconocido,cafe,False,cafe,,22.89,0.0057,False,original,4047.0,from_colombia_cambio_dolar,keep,heuristic_default,dataset/txt_limpios/676.txt,dataset/paginas_descargadas/676.html
677,"ASESORAMOS TU COMPRA: 📞(601) 6672004, lun a sab de 7am.a 7pm dom hasta las 6pm",otras ciudades consulta aquí,,CO,Desconocido,cafe,True,sin_categoria,cafe,100.78,0.0249,True,country_mean,4047.0,from_colombia_cambio_dolar,keep_imputed,no_category_detected;price_parse_failed,dataset/txt_limpios/677.txt,dataset/paginas_descargadas/677.html
678,"ASESORAMOS TU COMPRA: 📞(601) 6672004, lun a sab de 7am.a 7pm dom hasta las 6pm",otras ciudades consulta aquí,,CO,Desconocido,cafe,False,cafe,,3.7,0.0009,False,original,4047.0,from_colombia_cambio_dolar,keep,heuristic_default,dataset/txt_limpios/678.txt,dataset/paginas_descargadas/678.html
679,"ASESORAMOS TU COMPRA: 📞(601) 6672004, lun a sab de 7am.a 7pm dom hasta las 6pm",otras ciudades consulta aquí,500gr,CO,Desconocido,cafe,False,cafe,,4.99,0.0012,False,original,4047.0,from_colombia_cambio_dolar,keep,heuristic_default,dataset/txt_limpios/679.txt,dataset/paginas_descargadas/679.html
680,"ASESORAMOS TU COMPRA: 📞(601) 6672004, lun a sab de 7am.a 7pm dom hasta las 6pm",otras ciudades consulta aquí,500gr,CO,Desconocido,cafe,False,cafe,,2.5,0.0006,False,original,4047.0,from_colombia_cambio_dolar,keep,heuristic_default,dataset/txt_limpios/680.txt,dataset/paginas_descargadas/680.html
681,"ASESORAMOS TU COMPRA: 📞(601) 6672004, lun a sab de 7am.a 7pm dom hasta las 6pm",otras ciudades consulta aquí,1000 gr,CO,Desconocido,cafe,False,cafe,,19.49,0.0048,False,original,4047.0,from_colombia_cambio_dolar,keep,heuristic_default,dataset/txt_limpios/681.txt,dataset/paginas_descargadas/681.html
682,"ASESORAMOS TU COMPRA: 📞(601) 6672004, lun a sab de 7am.a 7pm dom hasta las 6pm",otras ciudades consulta aquí,500 gr,CO,Desconocido,cafe,False,cafe,,1.84,0.0005,False,original,4047.0,from_colombia_cambio_dolar,keep,heuristic_default,dataset/txt_limpios/682.txt,dataset/paginas_descargadas/682.html
683,"ASESORAMOS TU COMPRA: 📞(601) 6672004, lun a sab de 7am.a 7pm dom hasta las 6pm",otras ciudades consulta aquí,200 gr,CO,Desconocido,cafe,False,cafe,,11.98,0.003,False,original,4047.0,from_colombia_cambio_dolar,keep,heuristic_default,dataset/txt_limpios/683.txt,dataset/paginas_descargadas/683.html
684,"ASESORAMOS TU COMPRA: 📞(601) 6672004, lun a sab de 7am.a 7pm dom hasta las 6pm",otras ciudades consulta aquí,500gr,CO,Desconocido,cafe,True,sin_categoria,cafe,3.29,0.0008,False,original,4047.0,from_colombia_cambio_dolar,keep_imputed,no_category_detected,dataset/txt_limpios/684.txt,dataset/paginas_descargadas/684.html
685,"ASESORAMOS TU COMPRA: 📞(601) 6672004, lun a sab de 7am.a 7pm dom hasta las 6pm",otras ciudades consulta aquí,,CO,Desconocido,cafe,False,cafe,,17.99,0.0044,False,original,4047.0,from_colombia_cambio_dolar,keep,heuristic_default,dataset/txt_limpios/685.txt,dataset/paginas_descargadas/685.html
686,"ASESORAMOS TU COMPRA: 📞(601) 6672004, lun a sab de 7am.a 7pm dom hasta las 6pm",otras ciudades consulta aquí,1000gr,CO,Desconocido,cafe,False,cafe,,17.99,0.0044,False,original,4047.0,from_colombia_cambio_dolar,keep,heuristic_default,dataset/txt_limpios/686.txt,dataset/paginas_descargadas/686.html
687,"ASESORAMOS TU COMPRA: 📞(601) 6672004, lun a sab de 7am.a 7pm dom hasta las 6pm",otras ciudades consulta aquí,500gr,CO,Desconocido,cafe,True,sin_categoria,cafe,1.69,0.0004,False,original,4047.0,from_colombia_cambio_dolar,keep_imputed,no_category_detected,dataset/txt_limpios/687.txt,dataset/paginas_descargadas/687.html
688,"ASESORAMOS TU COMPRA: 📞(601) 6672004, lun a sab de 7am.a 7pm dom hasta las 6pm",otras ciudades consulta aquí,,CO,Desconocido,cafe,False,cafe,,1.79,0.0004,False,original,4047.0,from_colombia_cambio_dolar,keep,heuristic_default,dataset/txt_limpios/688.txt,dataset/paginas_descargadas/688.html
689,"ASESORAMOS TU COMPRA: 📞(601) 6672004, lun a sab de 7am.a 7pm dom hasta las 6pm",otras ciudades consulta aquí,2500gr,CO,Desconocido,cafe,False,cafe,,4.99,0.0012,False,original,4047.0,from_colombia_cambio_dolar,keep,heuristic_default,dataset/txt_limpios/689.txt,dataset/paginas_descargadas/689.html
690,"ASESORAMOS TU COMPRA: 📞(601) 6672004, lun a sab de 7am.a 7pm dom hasta las 6pm",otras ciudades consulta aquí,,CO,Desconocido,papa,False,papa,,26.39,0.0065,False,original,4047.0,from_colombia_cambio_dolar,keep,heuristic_default,dataset/txt_limpios/690.txt,dataset/paginas_descargadas/690.html
691,"ASESORAMOS TU COMPRA: 📞(601) 6672004, lun a sab de 7am.a 7pm dom hasta las 6pm",otras ciudades consulta aquí,,CO,Desconocido,cafe,False,cafe,,500.0,0.1235,False,original,4047.0,from_colombia_cambio_dolar,keep,heuristic_default,dataset/txt_limpios/691.txt,dataset/paginas_descargadas/691.html
692,"ASESORAMOS TU COMPRA: 📞(601) 6672004, lun a sab de 7am.a 7pm dom hasta las 6pm",otras ciudades consulta aquí,,CO,Desconocido,cafe,False,cafe,,25.0,0.0062,False,original,4047.0,from_colombia_cambio_dolar,keep,heuristic_default,dataset/txt_limpios/692.txt,dataset/paginas_descargadas/692.html
693,"ASESORAMOS TU COMPRA: 📞(601) 6672004, lun a sab de 7am.a 7pm dom hasta las 6pm",otras ciudades consulta aquí,,CO,Desconocido,cafe,False,cafe,,400.0,0.0988,False,original,4047.0,from_colombia_cambio_dolar,keep,heuristic_default,dataset/txt_limpios/693.txt,dataset/paginas_descargadas/693.html
694,"ASESORAMOS TU COMPRA: 📞(601) 6672004, lun a sab de 7am.a 7pm dom hasta las 6pm",otras ciudades consulta aquí,,CO,Desconocido,cafe,False,cafe,,500.0,0.1235,False,original,4047.0,from_colombia_cambio_dolar,keep,heuristic_default,dataset/txt_limpios/694.txt,dataset/paginas_descargadas/694.html
695,"ASESORAMOS TU COMPRA: 📞(601) 6672004, lun a sab de 7am.a 7pm dom hasta las 6pm",otras ciudades consulta aquí,,CO,Desconocido,cafe,False,cafe,,450.0,0.1112,False,original,4047.0,from_colombia_cambio_dolar,keep,heuristic_default,dataset/txt_limpios/695.txt,dataset/paginas_descargadas/695.html
696,"ASESORAMOS TU COMPRA: 📞(601) 6672004, lun a sab de 7am.a 7pm dom hasta las 6pm",otras ciudades consulta aquí,70g,CO,Desconocido,cafe,False,cafe,,70.0,0.0173,False,original,4047.0,from_colombia_cambio_dolar,keep,heuristic_default,dataset/txt_limpios/696.txt,dataset/paginas_descargadas/696.html
697,"ASESORAMOS TU COMPRA: 📞(601) 6672004, lun a sab de 7am.a 7pm dom hasta las 6pm",otras ciudades consulta aquí,,CO,Desconocido,cafe,False,cafe,,5.08,0.0013,False,original,4047.0,from_colombia_cambio_dolar,keep,heuristic_default,dataset/txt_limpios/697.txt,dataset/paginas_descargadas/697.html
698,"ASESORAMOS TU COMPRA: 📞(601) 6672004, lun a sab de 7am.a 7pm dom hasta las 6pm",otras ciudades consulta aquí,,CO,Desconocido,cafe,False,cafe,,5.69,0.0014,False,original,4047.0,from_colombia_cambio_dolar,keep,heuristic_default,dataset/txt_limpios/698.txt,dataset/paginas_descargadas/698.html
699,"ASESORAMOS TU COMPRA: 📞(601) 6672004, lun a sab de 7am.a 7pm dom hasta las 6pm",otras ciudades consulta aquí,,CO,Desconocido,cafe,True,sin_categoria,cafe,100.78,0.0249,True,country_mean,4047.0,from_colombia_cambio_dolar,keep_imputed,no_category_detected;price_parse_failed,dataset/txt_limpios/699.txt,dataset/paginas_descargadas/699.html
700,"ASESORAMOS TU COMPRA: 📞(601) 6672004, lun a sab de 7am.a 7pm dom hasta las 6pm",otras ciudades consulta aquí,,CO,Desconocido,cafe,False,cafe,,9.6,0.0024,False,original,4047.0,from_colombia_cambio_dolar,keep,heuristic_default,dataset/txt_limpios/700.txt,dataset/paginas_descargadas/700.html
701,"ASESORAMOS TU COMPRA: 📞(601) 6672004, lun a sab de 7am.a 7pm dom hasta las 6pm",otras ciudades consulta aquí,5kg,CO,Desconocido,cafe,False,cafe,,10.89,0.0027,False,original,4047.0,from_colombia_cambio_dolar,keep,heuristic_default,dataset/txt_limpios/701.txt,dataset/paginas_descargadas/701.html
805,AZÚCAR BLANCA 1000 GRS,Unidades disponibles,1000 g,UNKNOWN,Desconocido,leche,False,leche,,1000.0,1000.0,False,original,1.0,default_1usd,keep,heuristic_default,dataset/txt_limpios/805.txt,dataset/paginas_descargadas/805.html
808,AZÚCAR BLANCA 1000 GRS,Unidades disponibles,1000 g,UNKNOWN,Desconocido,leche,False,leche,,1000.0,1000.0,False,original,1.0,default_1usd,keep,heuristic_default,dataset/txt_limpios/808.txt,dataset/paginas_descargadas/808.html
315,Azúcar Mascavo Orgánico Native Organic 500 G,Descripción,500 G,BR,Desconocido,azucar,False,azucar,,15.99,2.935,False,original,5.448,from_brasil_cambio_dolar,keep,heuristic_default,dataset/txt_limpios/315.txt,dataset/paginas_descargadas/315.html
806,AZÚCAR MORENA 1000 GRS,Unidades disponibles,1000 g,UNKNOWN,Desconocido,cafe,False,cafe,,1000.0,1000.0,False,original,1.0,default_1usd,keep,heuristic_default,dataset/txt_limpios/806.txt,dataset/paginas_descargadas/806.html
1594,Azúcar y Adoçante,Azúcar,1kg,BR,Desconocido,azucar,False,azucar,,4.88,0.8957,False,original,5.448,from_brasil_cambio_dolar,keep,heuristic_default,dataset/txt_limpios/1594.txt,dataset/paginas_descargadas/1594.html
1596,Azúcar y Adoçante,Azúcar,1Kg,BR,Desconocido,azucar,False,azucar,,10.19,1.8704,False,original,5.448,from_brasil_cambio_dolar,keep,heuristic_default,dataset/txt_limpios/1596.txt,dataset/paginas_descargadas/1596.html
1600,Azúcar y Adoçante,Azúcar,1kg,BR,Desconocido,azucar,False,azucar,,4.19,0.7691,False,original,5.448,from_brasil_cambio_dolar,keep,heuristic_default,dataset/txt_limpios/1600.txt,dataset/paginas_descargadas/1600.html
1602,Azúcar y Adoçante,Azúcar,500g,BR,Desconocido,azucar,False,azucar,,4.99,0.9159,False,original,5.448,from_brasil_cambio_dolar,keep,heuristic_default,dataset/txt_limpios/1602.txt,dataset/paginas_descargadas/1602.html
220,Azúcar y Adoçante,Azúcar,1kg,BR,Desconocido,azucar,False,azucar,,4.89,0.8976,False,original,5.448,from_brasil_cambio_dolar,keep,heuristic_default,dataset/txt_limpios/220.txt,dataset/paginas_descargadas/220.html
221,Azúcar y Adoçante,Azúcar,1Kg,BR,Desconocido,azucar,False,azucar,,10.19,1.8704,False,original,5.448,from_brasil_cambio_dolar,keep,heuristic_default,dataset/txt_limpios/221.txt,dataset/paginas_descargadas/221.html
223,Azúcar y Adoçante,Azúcar,1kg,BR,Desconocido,azucar,False,azucar,,3.99,0.7324,False,original,5.448,from_brasil_cambio_dolar,keep,heuristic_default,dataset/txt_limpios/223.txt,dataset/paginas_descargadas/223.html
224,Azúcar y Adoçante,Azúcar,500g,BR,Desconocido,azucar,False,azucar,,4.99,0.9159,False,original,5.448,from_brasil_cambio_dolar,keep,heuristic_default,dataset/txt_limpios/224.txt,dataset/paginas_descargadas/224.html
1228,Azúcar y Endulzantes,Azúcar Rubia,25 Kg,PE,Desconocido,azucar,False,azucar,,16.92,4.7662,False,original,3.55,from_peru_cambio_dolar,keep,heuristic_default,dataset/txt_limpios/1228.txt,dataset/paginas_descargadas/1228.html
22,Azúcar Zulka Glass 500g,Zulka,500g,MX,Chedraui,azucar,False,azucar,,42.75,2.296,True,category_country_mean,18.62,from_mexico_cambio_dolar,keep_imputed,price_parse_failed;price<=0,dataset/txt_limpios/22.txt,dataset/paginas_descargadas/22.html
799,BANANO UNIDAD,Unidades disponibles,1000 G,UNKNOWN,Desconocido,cebolla,False,cebolla,,1.0,1.0,False,original,1.0,default_1usd,keep,heuristic_default,dataset/txt_limpios/799.txt,dataset/paginas_descargadas/799.html
533,Bebidas Sin Alcohol,Gaseosas,2.25 L,UNKNOWN,Desconocido,papa,True,sin_categoria,papa,130.0,130.0,False,original,1.0,default_1usd,keep_imputed,no_category_detected,dataset/txt_limpios/533.txt,dataset/paginas_descargadas/533.html
534,Bebidas Sin Alcohol,Gaseosas,2l,UNKNOWN,Desconocido,papa,True,sin_categoria,papa,3450.0,3450.0,False,original,1.0,default_1usd,keep_imputed,no_category_detected,dataset/txt_limpios/534.txt,dataset/paginas_descargadas/534.html
535,Bebidas Sin Alcohol,Gaseosas,2.25 L,UNKNOWN,Desconocido,papa,True,sin_categoria,papa,1750.0,1750.0,False,original,1.0,default_1usd,keep_imputed,no_category_detected,dataset/txt_limpios/535.txt,dataset/paginas_descargadas/535.html
536,Bebidas Sin Alcohol,Gaseosas,2.25 L,UNKNOWN,Desconocido,papa,True,sin_categoria,papa,3225.0,3225.0,False,original,1.0,default_1usd,keep_imputed,no_category_detected,dataset/txt_limpios/536.txt,dataset/paginas_descargadas/536.html
537,Bebidas Sin Alcohol,Gaseosas,2.25 L,UNKNOWN,Desconocido,papa,True,sin_categoria,papa,1265.6,1265.6,False,original,1.0,default_1usd,keep_imputed,no_category_detected,dataset/txt_limpios/537.txt,dataset/paginas_descargadas/537.html
1722,"Bebidas, Aguas y Jugos",Bebidas,1.5 L,UNKNOWN,Desconocido,papa,False,papa,,1.99,1.99,False,original,1.0,default_1usd,keep,heuristic_default,dataset/txt_limpios/1722.txt,dataset/paginas_descargadas/1722.html
1724,"Bebidas, Aguas y Jugos",Bebidas,1.5 L,UNKNOWN,Desconocido,papa,False,papa,,1.99,1.99,False,original,1.0,default_1usd,keep,heuristic_default,dataset/txt_limpios/1724.txt,dataset/paginas_descargadas/1724.html
1726,"Bebidas, Aguas y Jugos",Bebidas,1.5 LT,UNKNOWN,Desconocido,papa,False,papa,,1.99,1.99,False,original,1.0,default_1usd,keep,heuristic_default,dataset/txt_limpios/1726.txt,dataset/paginas_descargadas/1726.html
1728,"Bebidas, Aguas y Jugos",Bebidas,1.5 LT,UNKNOWN,Desconocido,papa,False,papa,,1.99,1.99,False,original,1.0,default_1usd,keep,heuristic_default,dataset/txt_limpios/1728.txt,dataset/paginas_descargadas/1728.html
1730,"Bebidas, Aguas y Jugos",Bebidas,1.5 LT,UNKNOWN,Desconocido,papa,False,papa,,1.99,1.99,False,original,1.0,default_1usd,keep,heuristic_default,dataset/txt_limpios/1730.txt,dataset/paginas_descargadas/1730.html
100,BUSCAR PRODUCTOS,Ingresa,30 piezas,UNKNOWN,Desconocido,huevo,False,huevo,,443.0,443.0,False,original,1.0,default_1usd,keep_imputed,heuristic_default,dataset/txt_limpios/100.txt,dataset/paginas_descargadas/100.html
101,BUSCAR PRODUCTOS,Ingresa,,UNKNOWN,Desconocido,cafe,True,sin_categoria,cafe,234.19,234.1938,True,country_mean,1.0,default_1usd,keep_imputed,no_category_detected;price_parse_failed,dataset/txt_limpios/101.txt,dataset/paginas_descargadas/101.html
102,BUSCAR PRODUCTOS,Ingresa,,UNKNOWN,Desconocido,cafe,True,sin_categoria,cafe,443.0,443.0,False,original,1.0,default_1usd,keep_imputed,no_category_detected,dataset/txt_limpios/102.txt,dataset/paginas_descargadas/102.html
103,BUSCAR PRODUCTOS,Ingresa,,UNKNOWN,Desconocido,cafe,True,sin_categoria,cafe,443.0,443.0,False,original,1.0,default_1usd,keep_imputed,no_category_detected,dataset/txt_limpios/103.txt,dataset/paginas_descargadas/103.html
104,BUSCAR PRODUCTOS,Ingresa,,UNKNOWN,Desconocido,cafe,True,sin_categoria,cafe,443.0,443.0,False,original,1.0,default_1usd,keep_imputed,no_category_detected,dataset/txt_limpios/104.txt,dataset/paginas_descargadas/104.html
105,BUSCAR PRODUCTOS,Ingresa,,UNKNOWN,Desconocido,cafe,True,sin_categoria,cafe,443.0,443.0,False,original,1.0,default_1usd,keep_imputed,no_category_detected,dataset/txt_limpios/105.txt,dataset/paginas_descargadas/105.html
106,BUSCAR PRODUCTOS,Ingresa,,UNKNOWN,Desconocido,cafe,True,sin_categoria,cafe,443.0,443.0,False,original,1.0,default_1usd,keep_imputed,no_category_detected,dataset/txt_limpios/106.txt,dataset/paginas_descargadas/106.html
107,BUSCAR PRODUCTOS,Ingresa,1 KG,UNKNOWN,Desconocido,harina de trigo,False,harina de trigo,,443.0,443.0,False,original,1.0,default_1usd,keep,heuristic_default,dataset/txt_limpios/107.txt,dataset/paginas_descargadas/107.html
108,BUSCAR PRODUCTOS,Ingresa,,UNKNOWN,Desconocido,papa,False,papa,,443.0,443.0,False,original,1.0,default_1usd,keep,heuristic_default,dataset/txt_limpios/108.txt,dataset/paginas_descargadas/108.html
109,BUSCAR PRODUCTOS,Ingresa,,UNKNOWN,Desconocido,cebolla,False,cebolla,,443.0,443.0,False,original,1.0,default_1usd,keep,heuristic_default,dataset/txt_limpios/109.txt,dataset/paginas_descargadas/109.html
71,BUSCAR PRODUCTOS,Ingresa,,UNKNOWN,Desconocido,cafe,True,sin_categoria,cafe,443.0,443.0,False,original,1.0,default_1usd,keep_imputed,no_category_detected,dataset/txt_limpios/71.txt,dataset/paginas_descargadas/71.html
74,BUSCAR PRODUCTOS,Ingresa,,UNKNOWN,Desconocido,cafe,True,sin_categoria,cafe,443.0,443.0,False,original,1.0,default_1usd,keep_imputed,no_category_detected,dataset/txt_limpios/74.txt,dataset/paginas_descargadas/74.html
75,BUSCAR PRODUCTOS,Ingresa,100.00 g,UNKNOWN,Desconocido,cafe,True,sin_categoria,cafe,443.0,443.0,False,original,1.0,default_1usd,keep_imputed,no_category_detected,dataset/txt_limpios/75.txt,dataset/paginas_descargadas/75.html
76,BUSCAR PRODUCTOS,Ingresa,,UNKNOWN,Desconocido,cafe,True,sin_categoria,cafe,443.0,443.0,False,original,1.0,default_1usd,keep_imputed,no_category_detected,dataset/txt_limpios/76.txt,dataset/paginas_descargadas/76.html
77,BUSCAR PRODUCTOS,Ingresa,,UNKNOWN,Desconocido,cafe,True,sin_categoria,cafe,443.0,443.0,False,original,1.0,default_1usd,keep_imputed,no_category_detected,dataset/txt_limpios/77.txt,dataset/paginas_descargadas/77.html
78,BUSCAR PRODUCTOS,Ingresa,,UNKNOWN,Desconocido,cafe,True,sin_categoria,cafe,443.0,443.0,False,original,1.0,default_1usd,keep_imputed,no_category_detected,dataset/txt_limpios/78.txt,dataset/paginas_descargadas/78.html
79,BUSCAR PRODUCTOS,Ingresa,,UNKNOWN,Desconocido,cafe,True,sin_categoria,cafe,28.7,28.7,False,original,1.0,default_1usd,keep_imputed,no_category_detected,dataset/txt_limpios/79.txt,dataset/paginas_descargadas/79.html
80,BUSCAR PRODUCTOS,Ingresa,100.00 ml,UNKNOWN,Desconocido,cafe,True,sin_categoria,cafe,443.0,443.0,False,original,1.0,default_1usd,keep_imputed,no_category_detected,dataset/txt_limpios/80.txt,dataset/paginas_descargadas/80.html
81,BUSCAR PRODUCTOS,Ingresa,800 ML,UNKNOWN,Desconocido,azucar,False,azucar,,443.0,443.0,False,original,1.0,default_1usd,keep,heuristic_default,dataset/txt_limpios/81.txt,dataset/paginas_descargadas/81.html
82,BUSCAR PRODUCTOS,Ingresa,,UNKNOWN,Desconocido,cafe,True,sin_categoria,cafe,443.0,443.0,False,original,1.0,default_1usd,keep_imputed,no_category_detected,dataset/txt_limpios/82.txt,dataset/paginas_descargadas/82.html
83,BUSCAR PRODUCTOS,Ingresa,100.00 ml,UNKNOWN,Desconocido,cafe,True,sin_categoria,cafe,443.0,443.0,False,original,1.0,default_1usd,keep_imputed,no_category_detected,dataset/txt_limpios/83.txt,dataset/paginas_descargadas/83.html
84,BUSCAR PRODUCTOS,Ingresa,240.00 g,UNKNOWN,Desconocido,cafe,True,sin_categoria,cafe,443.0,443.0,False,original,1.0,default_1usd,keep_imputed,no_category_detected,dataset/txt_limpios/84.txt,dataset/paginas_descargadas/84.html
85,BUSCAR PRODUCTOS,Ingresa,,UNKNOWN,Desconocido,cafe,True,sin_categoria,cafe,443.0,443.0,False,original,1.0,default_1usd,keep_imputed,no_category_detected,dataset/txt_limpios/85.txt,dataset/paginas_descargadas/85.html
86,BUSCAR PRODUCTOS,Ingresa,,UNKNOWN,Desconocido,cafe,True,sin_categoria,cafe,443.0,443.0,False,original,1.0,default_1usd,keep_imputed,no_category_detected,dataset/txt_limpios/86.txt,dataset/paginas_descargadas/86.html
88,BUSCAR PRODUCTOS,Ingresa,,UNKNOWN,Desconocido,cafe,True,sin_categoria,cafe,443.0,443.0,False,original,1.0,default_1usd,keep_imputed,no_category_detected,dataset/txt_limpios/88.txt,dataset/paginas_descargadas/88.html
89,BUSCAR PRODUCTOS,Ingresa,,UNKNOWN,Desconocido,cafe,True,sin_categoria,cafe,443.0,443.0,False,original,1.0,default_1usd,keep_imputed,no_category_detected,dataset/txt_limpios/89.txt,dataset/paginas_descargadas/89.html
90,BUSCAR PRODUCTOS,Ingresa,,UNKNOWN,Desconocido,cafe,True,sin_categoria,cafe,443.0,443.0,False,original,1.0,default_1usd,keep_imputed,no_category_detected,dataset/txt_limpios/90.txt,dataset/paginas_descargadas/90.html
91,BUSCAR PRODUCTOS,Ingresa,,UNKNOWN,Desconocido,cafe,True,sin_categoria,cafe,443.0,443.0,False,original,1.0,default_1usd,keep_imputed,no_category_detected,dataset/txt_limpios/91.txt,dataset/paginas_descargadas/91.html
92,BUSCAR PRODUCTOS,Ingresa,,UNKNOWN,Desconocido,cafe,True,sin_categoria,cafe,443.0,443.0,False,original,1.0,default_1usd,keep_imputed,no_category_detected,dataset/txt_limpios/92.txt,dataset/paginas_descargadas/92.html
93,BUSCAR PRODUCTOS,Ingresa,,UNKNOWN,Desconocido,cafe,True,sin_categoria,cafe,443.0,443.0,False,original,1.0,default_1usd,keep_imputed,no_category_detected,dataset/txt_limpios/93.txt,dataset/paginas_descargadas/93.html
94,BUSCAR PRODUCTOS,Ingresa,,UNKNOWN,Desconocido,cafe,True,sin_categoria,cafe,443.0,443.0,False,original,1.0,default_1usd,keep_imputed,no_category_detected,dataset/txt_limpios/94.txt,dataset/paginas_descargadas/94.html
95,BUSCAR PRODUCTOS,Ingresa,,UNKNOWN,Desconocido,cafe,True,sin_categoria,cafe,443.0,443.0,False,original,1.0,default_1usd,keep_imputed,no_category_detected,dataset/txt_limpios/95.txt,dataset/paginas_descargadas/95.html
96,BUSCAR PRODUCTOS,Ingresa,,UNKNOWN,Desconocido,cafe,True,sin_categoria,cafe,443.0,443.0,False,original,1.0,default_1usd,keep_imputed,no_category_detected,dataset/txt_limpios/96.txt,dataset/paginas_descargadas/96.html
97,BUSCAR PRODUCTOS,Ingresa,100.00 ml,UNKNOWN,Desconocido,cafe,True,sin_categoria,cafe,443.0,443.0,False,original,1.0,default_1usd,keep_imputed,no_category_detected,dataset/txt_limpios/97.txt,dataset/paginas_descargadas/97.html
98,BUSCAR PRODUCTOS,Ingresa,30 piezas,UNKNOWN,Desconocido,huevo,False,huevo,,443.0,443.0,False,original,1.0,default_1usd,keep_imputed,heuristic_default,dataset/txt_limpios/98.txt,dataset/paginas_descargadas/98.html
99,BUSCAR PRODUCTOS,Ingresa,100.00 g,UNKNOWN,Desconocido,cafe,True,sin_categoria,cafe,443.0,443.0,False,original,1.0,default_1usd,keep_imputed,no_category_detected,dataset/txt_limpios/99.txt,dataset/paginas_descargadas/99.html
23,Cafe y te,Café Nescafé Clásico 300g,300g,MX,Chedraui,cafe,False,cafe,,114.48,6.1484,True,category_country_mean,18.62,from_mexico_cambio_dolar,keep_imputed,price_parse_failed;price<=0,dataset/txt_limpios/23.txt,dataset/paginas_descargadas/23.html
24,Cafe y te,Legal,180 g,MX,Chedraui,cafe,False,cafe,,88.0,4.7261,False,original,18.62,from_mexico_cambio_dolar,keep,heuristic_default,dataset/txt_limpios/24.txt,dataset/paginas_descargadas/24.html
25,Cafe y te,Los Portales de Córdoba,170g,MX,Chedraui,cafe,False,cafe,,149.0,8.0021,False,original,18.62,from_mexico_cambio_dolar,keep,heuristic_default,dataset/txt_limpios/25.txt,dataset/paginas_descargadas/25.html
26,Cafe y te,Blasón,400g,MX,Chedraui,cafe,False,cafe,,150.0,8.0559,False,original,18.62,from_mexico_cambio_dolar,keep,heuristic_default,dataset/txt_limpios/26.txt,dataset/paginas_descargadas/26.html
27,Cafe y te,Garat,340g,MX,Chedraui,cafe,False,cafe,,150.0,8.0559,False,original,18.62,from_mexico_cambio_dolar,keep,heuristic_default,dataset/txt_limpios/27.txt,dataset/paginas_descargadas/27.html
1732,Café e Infusiones,Café Instantáneo,150g,PE,Desconocido,cafe,False,cafe,,16.92,4.7662,False,original,3.55,from_peru_cambio_dolar,keep,heuristic_default,dataset/txt_limpios/1732.txt,dataset/paginas_descargadas/1732.html
1742,Café instantáneo clásico lata,170 g,170 g,UNKNOWN,Desconocido,cafe,False,cafe,,4.99,4.99,False,original,1.0,default_1usd,keep,heuristic_default,dataset/txt_limpios/1742.txt,dataset/paginas_descargadas/1742.html
889,Café instantáneo clásico lata,170 g,170 g,UNKNOWN,Desconocido,cafe,False,cafe,,4.94,4.94,False,original,1.0,default_1usd,keep,heuristic_default,dataset/txt_limpios/889.txt,dataset/paginas_descargadas/889.html
1745,Café instantáneo institucional,400 g,400 g,UNKNOWN,Desconocido,cafe,False,cafe,,13.09,13.09,False,original,1.0,default_1usd,keep,heuristic_default,dataset/txt_limpios/1745.txt,dataset/paginas_descargadas/1745.html
643,Cebolla Blanca  1  und,(,,UNKNOWN,Desconocido,cebolla,False,cebolla,,680.98,680.985,True,category_country_mean,1.0,default_1usd,keep_imputed,price_parse_failed;price<=0,dataset/txt_limpios/643.txt,dataset/paginas_descargadas/643.html
800,CEBOLLA CABEZONA X 1000G,Unidades disponibles,1000G,UNKNOWN,Desconocido,cebolla,False,cebolla,,1000.0,1000.0,False,original,1.0,default_1usd,keep,heuristic_default,dataset/txt_limpios/800.txt,dataset/paginas_descargadas/800.html
1150,Centro de preferencia de la privacidad,Activas siempre,750g,PE,Desconocido,arroz,True,sin_categoria,arroz,55.14,15.5336,True,country_mean,3.55,from_peru_cambio_dolar,keep_imputed,no_category_detected;price_parse_failed,dataset/txt_limpios/1150.txt,dataset/paginas_descargadas/1150.html
1151,Centro de preferencia de la privacidad,Activas siempre,750g,PE,Desconocido,arroz,True,sin_categoria,arroz,55.14,15.5336,True,country_mean,3.55,from_peru_cambio_dolar,keep_imputed,no_category_detected;price_parse_failed,dataset/txt_limpios/1151.txt,dataset/paginas_descargadas/1151.html
1153,Centro de preferencia de la privacidad,Activas siempre,5Kg,PE,Desconocido,arroz,True,sin_categoria,arroz,55.14,15.5336,True,country_mean,3.55,from_peru_cambio_dolar,keep_imputed,no_category_detected;price_parse_failed,dataset/txt_limpios/1153.txt,dataset/paginas_descargadas/1153.html
1155,Centro de preferencia de la privacidad,Activas siempre,8 Piezas,PE,Desconocido,huevo,True,sin_categoria,huevo,55.14,15.5336,True,country_mean,3.55,from_peru_cambio_dolar,keep_imputed,no_category_detected;price_parse_failed,dataset/txt_limpios/1155.txt,dataset/paginas_descargadas/1155.html
1157,Centro de preferencia de la privacidad,Activas siempre,1.4Kg,PE,Desconocido,aceite vegetal,True,sin_categoria,aceite vegetal,55.14,15.5336,True,country_mean,3.55,from_peru_cambio_dolar,keep_imputed,no_category_detected;price_parse_failed,dataset/txt_limpios/1157.txt,dataset/paginas_descargadas/1157.html
1158,Centro de preferencia de la privacidad,Activas siempre,1Kg,PE,Desconocido,azucar,True,sin_categoria,azucar,55.14,15.5336,True,country_mean,3.55,from_peru_cambio_dolar,keep_imputed,no_category_detected;price_parse_failed,dataset/txt_limpios/1158.txt,dataset/paginas_descargadas/1158.html
1160,Centro de preferencia de la privacidad,Activas siempre,200g,PE,Desconocido,cafe,True,sin_categoria,cafe,55.14,15.5336,True,country_mean,3.55,from_peru_cambio_dolar,keep_imputed,no_category_detected;price_parse_failed,dataset/txt_limpios/1160.txt,dataset/paginas_descargadas/1160.html
1161,Centro de preferencia de la privacidad,Activas siempre,190g,PE,Desconocido,cafe,True,sin_categoria,cafe,55.14,15.5336,True,country_mean,3.55,from_peru_cambio_dolar,keep_imputed,no_category_detected;price_parse_failed,dataset/txt_limpios/1161.txt,dataset/paginas_descargadas/1161.html
1162,Centro de preferencia de la privacidad,Activas siempre,200g,PE,Desconocido,cafe,True,sin_categoria,cafe,55.14,15.5336,True,country_mean,3.55,from_peru_cambio_dolar,keep_imputed,no_category_detected;price_parse_failed,dataset/txt_limpios/1162.txt,dataset/paginas_descargadas/1162.html
1163,Centro de preferencia de la privacidad,Activas siempre,170g,PE,Desconocido,cafe,True,sin_categoria,cafe,55.14,15.5336,True,country_mean,3.55,from_peru_cambio_dolar,keep_imputed,no_category_detected;price_parse_failed,dataset/txt_limpios/1163.txt,dataset/paginas_descargadas/1163.html
1164,Centro de preferencia de la privacidad,Activas siempre,850g,PE,Desconocido,cafe,True,sin_categoria,cafe,55.14,15.5336,True,country_mean,3.55,from_peru_cambio_dolar,keep_imputed,no_category_detected;price_parse_failed,dataset/txt_limpios/1164.txt,dataset/paginas_descargadas/1164.html
1165,Centro de preferencia de la privacidad,Activas siempre,900ml,PE,Desconocido,aceite vegetal,True,sin_categoria,aceite vegetal,55.14,15.5336,True,country_mean,3.55,from_peru_cambio_dolar,keep_imputed,no_category_detected;price_parse_failed,dataset/txt_limpios/1165.txt,dataset/paginas_descargadas/1165.html
1166,Centro de preferencia de la privacidad,Activas siempre,500ml,PE,Desconocido,aceite vegetal,True,sin_categoria,aceite vegetal,55.14,15.5336,True,country_mean,3.55,from_peru_cambio_dolar,keep_imputed,no_category_detected;price_parse_failed,dataset/txt_limpios/1166.txt,dataset/paginas_descargadas/1166.html
1167,Centro de preferencia de la privacidad,Activas siempre,1L,PE,Desconocido,aceite vegetal,True,sin_categoria,aceite vegetal,55.14,15.5336,True,country_mean,3.55,from_peru_cambio_dolar,keep_imputed,no_category_detected;price_parse_failed,dataset/txt_limpios/1167.txt,dataset/paginas_descargadas/1167.html
1168,Centro de preferencia de la privacidad,Activas siempre,1L,PE,Desconocido,aceite vegetal,True,sin_categoria,aceite vegetal,55.14,15.5336,True,country_mean,3.55,from_peru_cambio_dolar,keep_imputed,no_category_detected;price_parse_failed,dataset/txt_limpios/1168.txt,dataset/paginas_descargadas/1168.html
1169,Centro de preferencia de la privacidad,Activas siempre,900ml,PE,Desconocido,aceite vegetal,True,sin_categoria,aceite vegetal,55.14,15.5336,True,country_mean,3.55,from_peru_cambio_dolar,keep_imputed,no_category_detected;price_parse_failed,dataset/txt_limpios/1169.txt,dataset/paginas_descargadas/1169.html
1171,Centro de preferencia de la privacidad,Activas siempre,946ml,PE,Desconocido,leche,True,sin_categoria,leche,55.14,15.5336,True,country_mean,3.55,from_peru_cambio_dolar,keep_imputed,no_category_detected;price_parse_failed,dataset/txt_limpios/1171.txt,dataset/paginas_descargadas/1171.html
1173,Centro de preferencia de la privacidad,Activas siempre,1L,PE,Desconocido,leche,True,sin_categoria,leche,55.14,15.5336,True,country_mean,3.55,from_peru_cambio_dolar,keep_imputed,no_category_detected;price_parse_failed,dataset/txt_limpios/1173.txt,dataset/paginas_descargadas/1173.html
1174,Centro de preferencia de la privacidad,Activas siempre,800ml,PE,Desconocido,leche,True,sin_categoria,leche,55.14,15.5336,True,country_mean,3.55,from_peru_cambio_dolar,keep_imputed,no_category_detected;price_parse_failed,dataset/txt_limpios/1174.txt,dataset/paginas_descargadas/1174.html
1176,Centro de preferencia de la privacidad,Activas siempre,500g,PE,Desconocido,huevo,True,sin_categoria,huevo,55.14,15.5336,True,country_mean,3.55,from_peru_cambio_dolar,keep_imputed,no_category_detected;price_parse_failed,dataset/txt_limpios/1176.txt,dataset/paginas_descargadas/1176.html
1177,Centro de preferencia de la privacidad,Activas siempre,500g,PE,Desconocido,huevo,True,sin_categoria,huevo,55.14,15.5336,True,country_mean,3.55,from_peru_cambio_dolar,keep_imputed,no_category_detected;price_parse_failed,dataset/txt_limpios/1177.txt,dataset/paginas_descargadas/1177.html
1178,Centro de preferencia de la privacidad,Activas siempre,500g,PE,Desconocido,huevo,True,sin_categoria,huevo,55.14,15.5336,True,country_mean,3.55,from_peru_cambio_dolar,keep_imputed,no_category_detected;price_parse_failed,dataset/txt_limpios/1178.txt,dataset/paginas_descargadas/1178.html
1179,Centro de preferencia de la privacidad,Activas siempre,1Kg,PE,Desconocido,azucar,True,sin_categoria,azucar,55.14,15.5336,True,country_mean,3.55,from_peru_cambio_dolar,keep_imputed,no_category_detected;price_parse_failed,dataset/txt_limpios/1179.txt,dataset/paginas_descargadas/1179.html
1180,Centro de preferencia de la privacidad,Activas siempre,1Kg,PE,Desconocido,azucar,True,sin_categoria,azucar,55.14,15.5336,True,country_mean,3.55,from_peru_cambio_dolar,keep_imputed,no_category_detected;price_parse_failed,dataset/txt_limpios/1180.txt,dataset/paginas_descargadas/1180.html
1181,Centro de preferencia de la privacidad,Activas siempre,2Kg,PE,Desconocido,azucar,True,sin_categoria,azucar,55.14,15.5336,True,country_mean,3.55,from_peru_cambio_dolar,keep_imputed,no_category_detected;price_parse_failed,dataset/txt_limpios/1181.txt,dataset/paginas_descargadas/1181.html
1183,Centro de preferencia de la privacidad,Activas siempre,200g,PE,Desconocido,huevo,True,sin_categoria,huevo,55.14,15.5336,True,country_mean,3.55,from_peru_cambio_dolar,keep_imputed,no_category_detected;price_parse_failed,dataset/txt_limpios/1183.txt,dataset/paginas_descargadas/1183.html
1184,Centro de preferencia de la privacidad,Activas siempre,810g,PE,Desconocido,pan,True,sin_categoria,pan,600.0,169.0141,False,original,3.55,from_peru_cambio_dolar,keep_imputed,no_category_detected,dataset/txt_limpios/1184.txt,dataset/paginas_descargadas/1184.html
1186,Centro de preferencia de la privacidad,Activas siempre,500g,PE,Desconocido,pan,True,sin_categoria,pan,55.14,15.5336,True,country_mean,3.55,from_peru_cambio_dolar,keep_imputed,no_category_detected;price_parse_failed,dataset/txt_limpios/1186.txt,dataset/paginas_descargadas/1186.html
1187,Centro de preferencia de la privacidad,Activas siempre,780g,PE,Desconocido,pan,True,sin_categoria,pan,55.14,15.5336,True,country_mean,3.55,from_peru_cambio_dolar,keep_imputed,no_category_detected;price_parse_failed,dataset/txt_limpios/1187.txt,dataset/paginas_descargadas/1187.html
1188,Centro de preferencia de la privacidad,Activas siempre,560g,PE,Desconocido,pan,True,sin_categoria,pan,55.14,15.5336,True,country_mean,3.55,from_peru_cambio_dolar,keep_imputed,no_category_detected;price_parse_failed,dataset/txt_limpios/1188.txt,dataset/paginas_descargadas/1188.html
1191,Centro de preferencia de la privacidad,Activas siempre,500g,PE,Desconocido,huevo,True,sin_categoria,huevo,55.14,15.5336,True,country_mean,3.55,from_peru_cambio_dolar,keep_imputed,no_category_detected;price_parse_failed,dataset/txt_limpios/1191.txt,dataset/paginas_descargadas/1191.html
1192,Centro de preferencia de la privacidad,Activas siempre,450g,PE,Desconocido,huevo,True,sin_categoria,huevo,55.14,15.5336,True,country_mean,3.55,from_peru_cambio_dolar,keep_imputed,no_category_detected;price_parse_failed,dataset/txt_limpios/1192.txt,dataset/paginas_descargadas/1192.html
1193,Centro de preferencia de la privacidad,Activas siempre,500g,PE,Desconocido,huevo,True,sin_categoria,huevo,55.14,15.5336,True,country_mean,3.55,from_peru_cambio_dolar,keep_imputed,no_category_detected;price_parse_failed,dataset/txt_limpios/1193.txt,dataset/paginas_descargadas/1193.html
1194,Centro de preferencia de la privacidad,Activas siempre,140g,PE,Desconocido,atun,True,sin_categoria,atun,55.14,15.5336,True,country_mean,3.55,from_peru_cambio_dolar,keep_imputed,no_category_detected;price_parse_failed,dataset/txt_limpios/1194.txt,dataset/paginas_descargadas/1194.html
1195,Centro de preferencia de la privacidad,Activas siempre,150g,PE,Desconocido,atun,True,sin_categoria,atun,55.14,15.5336,True,country_mean,3.55,from_peru_cambio_dolar,keep_imputed,no_category_detected;price_parse_failed,dataset/txt_limpios/1195.txt,dataset/paginas_descargadas/1195.html
1196,Centro de preferencia de la privacidad,Activas siempre,150gr,PE,Desconocido,atun,True,sin_categoria,atun,55.14,15.5336,True,country_mean,3.55,from_peru_cambio_dolar,keep_imputed,no_category_detected;price_parse_failed,dataset/txt_limpios/1196.txt,dataset/paginas_descargadas/1196.html
1198,Centro de preferencia de la privacidad,Activas siempre,140g,PE,Desconocido,atun,True,sin_categoria,atun,55.14,15.5336,True,country_mean,3.55,from_peru_cambio_dolar,keep_imputed,no_category_detected;price_parse_failed,dataset/txt_limpios/1198.txt,dataset/paginas_descargadas/1198.html
304,Cerveja Praya Witbier 600ml,Descripción,600ml,UNKNOWN,Desconocido,cerveza,False,cerveza,,127.27,127.2675,True,category_country_mean,1.0,default_1usd,keep_imputed,price_parse_failed;price<=0,dataset/txt_limpios/304.txt,dataset/paginas_descargadas/304.html
1567,Cervejas Tradicionais,Cerveja Heineken Garrafa 600ml,600ml,BR,Desconocido,cerveza,False,cerveza,,13.19,2.4211,False,original,5.448,from_brasil_cambio_dolar,keep,heuristic_default,dataset/txt_limpios/1567.txt,dataset/paginas_descargadas/1567.html
1570,Cervejas Tradicionais,"R$ 6,39",330ml,BR,Desconocido,cerveza,True,sin_categoria,cerveza,6.39,1.1729,False,original,5.448,from_brasil_cambio_dolar,keep_imputed,no_category_detected,dataset/txt_limpios/1570.txt,dataset/paginas_descargadas/1570.html
1574,Cervejas Tradicionais,de,350ml,BR,Desconocido,cerveza,True,sin_categoria,cerveza,3.99,0.7324,False,original,5.448,from_brasil_cambio_dolar,keep_imputed,no_category_detected,dataset/txt_limpios/1574.txt,dataset/paginas_descargadas/1574.html
1578,Cervejas Tradicionais,"R$ 5,59",330ml,BR,Desconocido,cerveza,True,sin_categoria,cerveza,5.59,1.0261,False,original,5.448,from_brasil_cambio_dolar,keep_imputed,no_category_detected,dataset/txt_limpios/1578.txt,dataset/paginas_descargadas/1578.html
1581,Cervejas Tradicionais,"R$ 5,19",330ml,BR,Desconocido,cerveza,True,sin_categoria,cerveza,5.19,0.9526,False,original,5.448,from_brasil_cambio_dolar,keep_imputed,no_category_detected,dataset/txt_limpios/1581.txt,dataset/paginas_descargadas/1581.html
210,Cervejas Tradicionais,Cerveja Heineken Garrafa 600ml,600ml,BR,Desconocido,cerveza,False,cerveza,,13.49,2.4761,False,original,5.448,from_brasil_cambio_dolar,keep,heuristic_default,dataset/txt_limpios/210.txt,dataset/paginas_descargadas/210.html
211,Cervejas Tradicionais,"R$ 6,49",330ml,BR,Desconocido,cerveza,True,sin_categoria,cerveza,6.49,1.1913,False,original,5.448,from_brasil_cambio_dolar,keep_imputed,no_category_detected,dataset/txt_limpios/211.txt,dataset/paginas_descargadas/211.html
212,Cervejas Tradicionais,"R$ 3,99",350ml,BR,Desconocido,cerveza,True,sin_categoria,cerveza,3.99,0.7324,False,original,5.448,from_brasil_cambio_dolar,keep_imputed,no_category_detected,dataset/txt_limpios/212.txt,dataset/paginas_descargadas/212.html
213,Cervejas Tradicionais,"R$ 5,79",330ml,BR,Desconocido,cerveza,True,sin_categoria,cerveza,5.79,1.0628,False,original,5.448,from_brasil_cambio_dolar,keep_imputed,no_category_detected,dataset/txt_limpios/213.txt,dataset/paginas_descargadas/213.html
214,Cervejas Tradicionais,"R$ 5,69",330ml,BR,Desconocido,cerveza,True,sin_categoria,cerveza,5.69,1.0444,False,original,5.448,from_brasil_cambio_dolar,keep_imputed,no_category_detected,dataset/txt_limpios/214.txt,dataset/paginas_descargadas/214.html
1349,CERVEZA AMSTEL LATA 355 ML,Comparar,355 ML,US,Desconocido,cerveza,False,cerveza,,1.2,1.2,False,original,1.0,default_1usd,keep,heuristic_default,dataset/txt_limpios/1349.txt,dataset/paginas_descargadas/1349.html
1345,CERVEZA BIELA RESERVA LATA 355 ML,Comparar,355 ML,US,Desconocido,cerveza,False,cerveza,,1.0,1.0,False,original,1.0,default_1usd,keep,heuristic_default,dataset/txt_limpios/1345.txt,dataset/paginas_descargadas/1345.html
1347,CERVEZA CLUB PLATINO 330 ML,CLUB,330 ML,US,Desconocido,cerveza,False,cerveza,,1.45,1.45,False,original,1.0,default_1usd,keep,heuristic_default,dataset/txt_limpios/1347.txt,dataset/paginas_descargadas/1347.html
1346,CERVEZA CORONITA EXTRA 210 ML,Comparar,210 ML,US,Desconocido,cerveza,False,cerveza,,1.18,1.18,False,original,1.0,default_1usd,keep,heuristic_default,dataset/txt_limpios/1346.txt,dataset/paginas_descargadas/1346.html
917,Cerveza extra botella,330 ml,330 ml,UNKNOWN,Desconocido,cerveza,False,cerveza,,1.05,1.05,False,original,1.0,default_1usd,keep,heuristic_default,dataset/txt_limpios/917.txt,dataset/paginas_descargadas/917.html
1348,CERVEZA PILSENER LATA 355 ML,Comparar,355 ML,US,Desconocido,cerveza,False,cerveza,,0.99,0.99,False,original,1.0,default_1usd,keep,heuristic_default,dataset/txt_limpios/1348.txt,dataset/paginas_descargadas/1348.html
918,"Cervezas, vinos y licores",Cervezas,473 ml,UNKNOWN,Desconocido,cerveza,True,sin_categoria,cerveza,1.18,1.18,False,original,1.0,default_1usd,keep_imputed,no_category_detected,dataset/txt_limpios/918.txt,dataset/paginas_descargadas/918.html
920,"Cervezas, vinos y licores",Cervezas,330 ml,UNKNOWN,Desconocido,cerveza,False,cerveza,,990.0,990.0,False,original,1.0,default_1usd,keep,heuristic_default,dataset/txt_limpios/920.txt,dataset/paginas_descargadas/920.html
1359,COLA COCA COLA 2 L ORIGINAL,Comparar,2 L,US,Desconocido,cerveza,True,sin_categoria,cerveza,1.86,1.86,False,original,1.0,default_1usd,keep_imputed,no_category_detected,dataset/txt_limpios/1359.txt,dataset/paginas_descargadas/1359.html
1356,COLA FANTA 500 ML NARANJA,Comparar,500 ML,US,Desconocido,cerveza,True,sin_categoria,cerveza,0.49,0.49,False,original,1.0,default_1usd,keep_imputed,no_category_detected,dataset/txt_limpios/1356.txt,dataset/paginas_descargadas/1356.html
1358,COLA INCA KOLA 2 L,Comparar,2 L,US,Desconocido,cerveza,True,sin_categoria,cerveza,1.18,1.18,False,original,1.0,default_1usd,keep_imputed,no_category_detected,dataset/txt_limpios/1358.txt,dataset/paginas_descargadas/1358.html
1355,COLA ORANGINE 3000 ML MANZANA,Comparar,3000 ML,US,Desconocido,cerveza,True,sin_categoria,cerveza,1.55,1.55,False,original,1.0,default_1usd,keep_imputed,no_category_detected,dataset/txt_limpios/1355.txt,dataset/paginas_descargadas/1355.html
1357,COLA SPRITE 1.35 L,Comparar,1.35 L,US,Desconocido,cerveza,True,sin_categoria,cerveza,1.09,1.09,False,original,1.0,default_1usd,keep_imputed,no_category_detected,dataset/txt_limpios/1357.txt,dataset/paginas_descargadas/1357.html
1004,colaborar con nuestros estudios para marketing. También puede configurarlas.,que podemos ofrecer.,5Kg,PE,Desconocido,aceite vegetal,True,sin_categoria,aceite vegetal,16.92,4.7662,False,original,3.55,from_peru_cambio_dolar,keep_imputed,no_category_detected,dataset/txt_limpios/1004.txt,dataset/paginas_descargadas/1004.html
1005,colaborar con nuestros estudios para marketing. También puede configurarlas.,que podemos ofrecer.,5Kg,PE,Desconocido,aceite vegetal,False,aceite vegetal,,16.92,4.7662,False,original,3.55,from_peru_cambio_dolar,keep,heuristic_default,dataset/txt_limpios/1005.txt,dataset/paginas_descargadas/1005.html
1006,colaborar con nuestros estudios para marketing. También puede configurarlas.,que podemos ofrecer.,5Kg,PE,Desconocido,aceite vegetal,True,sin_categoria,aceite vegetal,16.92,4.7662,False,original,3.55,from_peru_cambio_dolar,keep_imputed,no_category_detected,dataset/txt_limpios/1006.txt,dataset/paginas_descargadas/1006.html
1007,colaborar con nuestros estudios para marketing. También puede configurarlas.,que podemos ofrecer.,5Kg,PE,Desconocido,aceite vegetal,True,sin_categoria,aceite vegetal,16.92,4.7662,False,original,3.55,from_peru_cambio_dolar,keep_imputed,no_category_detected,dataset/txt_limpios/1007.txt,dataset/paginas_descargadas/1007.html
1008,colaborar con nuestros estudios para marketing. También puede configurarlas.,que podemos ofrecer.,5kg,PE,Desconocido,aceite vegetal,True,sin_categoria,aceite vegetal,16.92,4.7662,False,original,3.55,from_peru_cambio_dolar,keep_imputed,no_category_detected,dataset/txt_limpios/1008.txt,dataset/paginas_descargadas/1008.html
1009,colaborar con nuestros estudios para marketing. También puede configurarlas.,que podemos ofrecer.,780g,PE,Desconocido,huevo,True,sin_categoria,huevo,16.92,4.7662,False,original,3.55,from_peru_cambio_dolar,keep_imputed,no_category_detected,dataset/txt_limpios/1009.txt,dataset/paginas_descargadas/1009.html
1010,colaborar con nuestros estudios para marketing. También puede configurarlas.,que podemos ofrecer.,1Kg,PE,Desconocido,huevo,True,sin_categoria,huevo,16.92,4.7662,False,original,3.55,from_peru_cambio_dolar,keep_imputed,no_category_detected,dataset/txt_limpios/1010.txt,dataset/paginas_descargadas/1010.html
1013,colaborar con nuestros estudios para marketing. También puede configurarlas.,que podemos ofrecer.,1Kg,PE,Desconocido,huevo,True,sin_categoria,huevo,42.87,12.0761,False,original,3.55,from_peru_cambio_dolar,keep_imputed,no_category_detected,dataset/txt_limpios/1013.txt,dataset/paginas_descargadas/1013.html
1014,colaborar con nuestros estudios para marketing. También puede configurarlas.,que podemos ofrecer.,200g,PE,Desconocido,huevo,True,sin_categoria,huevo,16.92,4.7662,False,original,3.55,from_peru_cambio_dolar,keep_imputed,no_category_detected,dataset/txt_limpios/1014.txt,dataset/paginas_descargadas/1014.html
1016,colaborar con nuestros estudios para marketing. También puede configurarlas.,que podemos ofrecer.,170g,PE,Desconocido,huevo,True,sin_categoria,huevo,16.92,4.7662,False,original,3.55,from_peru_cambio_dolar,keep_imputed,no_category_detected,dataset/txt_limpios/1016.txt,dataset/paginas_descargadas/1016.html
1019,colaborar con nuestros estudios para marketing. También puede configurarlas.,que podemos ofrecer.,900ml,PE,Desconocido,aceite vegetal,True,sin_categoria,aceite vegetal,16.92,4.7662,False,original,3.55,from_peru_cambio_dolar,keep_imputed,no_category_detected,dataset/txt_limpios/1019.txt,dataset/paginas_descargadas/1019.html
1020,colaborar con nuestros estudios para marketing. También puede configurarlas.,que podemos ofrecer.,1L,PE,Desconocido,aceite vegetal,True,sin_categoria,aceite vegetal,16.92,4.7662,False,original,3.55,from_peru_cambio_dolar,keep_imputed,no_category_detected,dataset/txt_limpios/1020.txt,dataset/paginas_descargadas/1020.html
1021,colaborar con nuestros estudios para marketing. También puede configurarlas.,que podemos ofrecer.,900ml,PE,Desconocido,aceite vegetal,True,sin_categoria,aceite vegetal,16.92,4.7662,False,original,3.55,from_peru_cambio_dolar,keep_imputed,no_category_detected,dataset/txt_limpios/1021.txt,dataset/paginas_descargadas/1021.html
1025,colaborar con nuestros estudios para marketing. También puede configurarlas.,que podemos ofrecer.,900ml,PE,Desconocido,huevo,True,sin_categoria,huevo,16.92,4.7662,False,original,3.55,from_peru_cambio_dolar,keep_imputed,no_category_detected,dataset/txt_limpios/1025.txt,dataset/paginas_descargadas/1025.html
1026,colaborar con nuestros estudios para marketing. También puede configurarlas.,que podemos ofrecer.,800ml,PE,Desconocido,huevo,True,sin_categoria,huevo,16.92,4.7662,False,original,3.55,from_peru_cambio_dolar,keep_imputed,no_category_detected,dataset/txt_limpios/1026.txt,dataset/paginas_descargadas/1026.html
1028,colaborar con nuestros estudios para marketing. También puede configurarlas.,que podemos ofrecer.,1L,PE,Desconocido,leche,True,sin_categoria,leche,16.92,4.7662,False,original,3.55,from_peru_cambio_dolar,keep_imputed,no_category_detected,dataset/txt_limpios/1028.txt,dataset/paginas_descargadas/1028.html
1031,colaborar con nuestros estudios para marketing. También puede configurarlas.,que podemos ofrecer.,1Kg,PE,Desconocido,huevo,True,sin_categoria,huevo,16.92,4.7662,False,original,3.55,from_peru_cambio_dolar,keep_imputed,no_category_detected,dataset/txt_limpios/1031.txt,dataset/paginas_descargadas/1031.html
1033,colaborar con nuestros estudios para marketing. También puede configurarlas.,que podemos ofrecer.,5Kg,PE,Desconocido,huevo,True,sin_categoria,huevo,16.92,4.7662,False,original,3.55,from_peru_cambio_dolar,keep_imputed,no_category_detected,dataset/txt_limpios/1033.txt,dataset/paginas_descargadas/1033.html
1035,colaborar con nuestros estudios para marketing. También puede configurarlas.,que podemos ofrecer.,1Kg,PE,Desconocido,azucar,True,sin_categoria,azucar,16.92,4.7662,False,original,3.55,from_peru_cambio_dolar,keep_imputed,no_category_detected,dataset/txt_limpios/1035.txt,dataset/paginas_descargadas/1035.html
1037,colaborar con nuestros estudios para marketing. También puede configurarlas.,que podemos ofrecer.,5Kg,PE,Desconocido,huevo,True,sin_categoria,huevo,16.92,4.7662,False,original,3.55,from_peru_cambio_dolar,keep_imputed,no_category_detected,dataset/txt_limpios/1037.txt,dataset/paginas_descargadas/1037.html
1039,colaborar con nuestros estudios para marketing. También puede configurarlas.,que podemos ofrecer.,500g,PE,Desconocido,pan,True,sin_categoria,pan,16.92,4.7662,False,original,3.55,from_peru_cambio_dolar,keep_imputed,no_category_detected,dataset/txt_limpios/1039.txt,dataset/paginas_descargadas/1039.html
1040,colaborar con nuestros estudios para marketing. También puede configurarlas.,que podemos ofrecer.,540g,PE,Desconocido,pan,True,sin_categoria,pan,16.92,4.7662,False,original,3.55,from_peru_cambio_dolar,keep_imputed,no_category_detected,dataset/txt_limpios/1040.txt,dataset/paginas_descargadas/1040.html
1041,colaborar con nuestros estudios para marketing. También puede configurarlas.,que podemos ofrecer.,560g,PE,Desconocido,pan,True,sin_categoria,pan,16.92,4.7662,False,original,3.55,from_peru_cambio_dolar,keep_imputed,no_category_detected,dataset/txt_limpios/1041.txt,dataset/paginas_descargadas/1041.html
1042,colaborar con nuestros estudios para marketing. También puede configurarlas.,que podemos ofrecer.,600g,PE,Desconocido,pan,False,pan,,16.92,4.7662,False,original,3.55,from_peru_cambio_dolar,keep,heuristic_default,dataset/txt_limpios/1042.txt,dataset/paginas_descargadas/1042.html
1043,colaborar con nuestros estudios para marketing. También puede configurarlas.,que podemos ofrecer.,950g,PE,Desconocido,huevo,True,sin_categoria,huevo,16.92,4.7662,False,original,3.55,from_peru_cambio_dolar,keep_imputed,no_category_detected,dataset/txt_limpios/1043.txt,dataset/paginas_descargadas/1043.html
1045,colaborar con nuestros estudios para marketing. También puede configurarlas.,que podemos ofrecer.,900g,PE,Desconocido,huevo,True,sin_categoria,huevo,16.92,4.7662,False,original,3.55,from_peru_cambio_dolar,keep_imputed,no_category_detected,dataset/txt_limpios/1045.txt,dataset/paginas_descargadas/1045.html
1046,colaborar con nuestros estudios para marketing. También puede configurarlas.,que podemos ofrecer.,500g,PE,Desconocido,huevo,True,sin_categoria,huevo,16.92,4.7662,False,original,3.55,from_peru_cambio_dolar,keep_imputed,no_category_detected,dataset/txt_limpios/1046.txt,dataset/paginas_descargadas/1046.html
1048,colaborar con nuestros estudios para marketing. También puede configurarlas.,que podemos ofrecer.,140g,PE,Desconocido,atun,False,atun,,16.92,4.7662,False,original,3.55,from_peru_cambio_dolar,keep,heuristic_default,dataset/txt_limpios/1048.txt,dataset/paginas_descargadas/1048.html
1049,colaborar con nuestros estudios para marketing. También puede configurarlas.,que podemos ofrecer.,150g,PE,Desconocido,atun,True,sin_categoria,atun,16.92,4.7662,False,original,3.55,from_peru_cambio_dolar,keep_imputed,no_category_detected,dataset/txt_limpios/1049.txt,dataset/paginas_descargadas/1049.html
1050,colaborar con nuestros estudios para marketing. También puede configurarlas.,que podemos ofrecer.,150gr,PE,Desconocido,aceite vegetal,True,sin_categoria,aceite vegetal,16.92,4.7662,False,original,3.55,from_peru_cambio_dolar,keep_imputed,no_category_detected,dataset/txt_limpios/1050.txt,dataset/paginas_descargadas/1050.html
1051,colaborar con nuestros estudios para marketing. También puede configurarlas.,que podemos ofrecer.,140g,PE,Desconocido,atun,True,sin_categoria,atun,16.92,4.7662,False,original,3.55,from_peru_cambio_dolar,keep_imputed,no_category_detected,dataset/txt_limpios/1051.txt,dataset/paginas_descargadas/1051.html
891,Comida congelada,frutos del maipo,1 Kg,UNKNOWN,Desconocido,papa,False,papa,,4.19,4.19,False,original,1.0,default_1usd,keep,heuristic_default,dataset/txt_limpios/891.txt,dataset/paginas_descargadas/891.html
392,COMUNICADO IMPORTANTE!,"Caro cliente,",2l,BR,Desconocido,papa,True,sin_categoria,papa,5.99,1.0995,False,original,5.448,from_brasil_cambio_dolar,keep_imputed,no_category_detected,dataset/txt_limpios/392.txt,dataset/paginas_descargadas/392.html
579,DALE VIDA A TU JARDIN,🌷🌻​🌼​,1 L,AR,Desconocido,cafe,False,cafe,,1437.19,1.1452,False,original,1255.0,from_argentina_cambio_dolar,keep,heuristic_default,dataset/txt_limpios/579.txt,dataset/paginas_descargadas/579.html
580,DALE VIDA A TU JARDIN,🌷🌻​🌼​,1 L,AR,Desconocido,cafe,False,cafe,,1597.52,1.2729,False,original,1255.0,from_argentina_cambio_dolar,keep,heuristic_default,dataset/txt_limpios/580.txt,dataset/paginas_descargadas/580.html
581,DALE VIDA A TU JARDIN,🌷🌻​🌼​,1L,AR,Desconocido,cafe,False,cafe,,1145.45,0.9127,False,original,1255.0,from_argentina_cambio_dolar,keep,heuristic_default,dataset/txt_limpios/581.txt,dataset/paginas_descargadas/581.html
582,DALE VIDA A TU JARDIN,🌷🌻​🌼​,,AR,Desconocido,cafe,False,cafe,,1643.8,1.3098,False,original,1255.0,from_argentina_cambio_dolar,keep,heuristic_default,dataset/txt_limpios/582.txt,dataset/paginas_descargadas/582.html
583,DALE VIDA A TU JARDIN,🌷🌻​🌼​,,AR,Desconocido,cafe,True,sin_categoria,cafe,1663.58,1.3256,True,country_mean,1255.0,from_argentina_cambio_dolar,keep_imputed,no_category_detected;price_parse_failed,dataset/txt_limpios/583.txt,dataset/paginas_descargadas/583.html
584,DALE VIDA A TU JARDIN,🌷🌻​🌼​,,AR,Desconocido,cafe,True,sin_categoria,cafe,1663.58,1.3256,True,country_mean,1255.0,from_argentina_cambio_dolar,keep_imputed,no_category_detected;price_parse_failed,dataset/txt_limpios/584.txt,dataset/paginas_descargadas/584.html
585,DALE VIDA A TU JARDIN,🌷🌻​🌼​,,AR,Desconocido,cafe,True,sin_categoria,cafe,1663.58,1.3256,True,country_mean,1255.0,from_argentina_cambio_dolar,keep_imputed,no_category_detected;price_parse_failed,dataset/txt_limpios/585.txt,dataset/paginas_descargadas/585.html
586,DALE VIDA A TU JARDIN,🌷🌻​🌼​,560g,AR,Desconocido,cafe,False,cafe,,4693.39,3.7398,False,original,1255.0,from_argentina_cambio_dolar,keep,heuristic_default,dataset/txt_limpios/586.txt,dataset/paginas_descargadas/586.html
587,DALE VIDA A TU JARDIN,🌷🌻​🌼​,600 Gr,AR,Desconocido,cafe,False,cafe,,2652.07,2.1132,False,original,1255.0,from_argentina_cambio_dolar,keep,heuristic_default,dataset/txt_limpios/587.txt,dataset/paginas_descargadas/587.html
588,DALE VIDA A TU JARDIN,🌷🌻​🌼​,500 G,AR,Desconocido,cafe,False,cafe,,1561.98,1.2446,False,original,1255.0,from_argentina_cambio_dolar,keep,heuristic_default,dataset/txt_limpios/588.txt,dataset/paginas_descargadas/588.html
589,DALE VIDA A TU JARDIN,🌷🌻​🌼​,,AR,Desconocido,cafe,False,cafe,,1090.08,0.8686,False,original,1255.0,from_argentina_cambio_dolar,keep,heuristic_default,dataset/txt_limpios/589.txt,dataset/paginas_descargadas/589.html
590,DALE VIDA A TU JARDIN,🌷🌻​🌼​,,AR,Desconocido,cafe,False,cafe,,718.18,0.5723,False,original,1255.0,from_argentina_cambio_dolar,keep,heuristic_default,dataset/txt_limpios/590.txt,dataset/paginas_descargadas/590.html
591,DALE VIDA A TU JARDIN,🌷🌻​🌼​,,AR,Desconocido,cafe,False,cafe,,990.91,0.7896,False,original,1255.0,from_argentina_cambio_dolar,keep,heuristic_default,dataset/txt_limpios/591.txt,dataset/paginas_descargadas/591.html
592,DALE VIDA A TU JARDIN,🌷🌻​🌼​,,AR,Desconocido,cafe,False,cafe,,726.45,0.5788,False,original,1255.0,from_argentina_cambio_dolar,keep,heuristic_default,dataset/txt_limpios/592.txt,dataset/paginas_descargadas/592.html
593,DALE VIDA A TU JARDIN,🌷🌻​🌼​,500G,AR,Desconocido,cafe,False,cafe,,742.98,0.592,False,original,1255.0,from_argentina_cambio_dolar,keep,heuristic_default,dataset/txt_limpios/593.txt,dataset/paginas_descargadas/593.html
594,DALE VIDA A TU JARDIN,🌷🌻​🌼​,500 GR,AR,Desconocido,cafe,False,cafe,,1404.13,1.1188,False,original,1255.0,from_argentina_cambio_dolar,keep,heuristic_default,dataset/txt_limpios/594.txt,dataset/paginas_descargadas/594.html
595,DALE VIDA A TU JARDIN,🌷🌻​🌼​,500G,AR,Desconocido,cafe,False,cafe,,926.45,0.7382,False,original,1255.0,from_argentina_cambio_dolar,keep,heuristic_default,dataset/txt_limpios/595.txt,dataset/paginas_descargadas/595.html
596,DALE VIDA A TU JARDIN,🌷🌻​🌼​,,AR,Desconocido,cafe,True,sin_categoria,cafe,1663.58,1.3256,True,country_mean,1255.0,from_argentina_cambio_dolar,keep_imputed,no_category_detected;price_parse_failed,dataset/txt_limpios/596.txt,dataset/paginas_descargadas/596.html
597,DALE VIDA A TU JARDIN,🌷🌻​🌼​,500G,AR,Desconocido,cafe,False,cafe,,2536.36,2.021,False,original,1255.0,from_argentina_cambio_dolar,keep,heuristic_default,dataset/txt_limpios/597.txt,dataset/paginas_descargadas/597.html
598,DALE VIDA A TU JARDIN,🌷🌻​🌼​,"2,5KG",AR,Desconocido,cafe,False,cafe,,8316.74,6.6269,False,original,1255.0,from_argentina_cambio_dolar,keep,heuristic_default,dataset/txt_limpios/598.txt,dataset/paginas_descargadas/598.html
599,DALE VIDA A TU JARDIN,🌷🌻​🌼​,800 GR,AR,Desconocido,cafe,False,cafe,,800.0,0.6375,False,original,1255.0,from_argentina_cambio_dolar,keep,heuristic_default,dataset/txt_limpios/599.txt,dataset/paginas_descargadas/599.html
600,DALE VIDA A TU JARDIN,🌷🌻​🌼​,,AR,Desconocido,cafe,False,cafe,,1363.64,1.0866,False,original,1255.0,from_argentina_cambio_dolar,keep,heuristic_default,dataset/txt_limpios/600.txt,dataset/paginas_descargadas/600.html
601,DALE VIDA A TU JARDIN,🌷🌻​🌼​,,AR,Desconocido,cafe,False,cafe,,3178.51,2.5327,False,original,1255.0,from_argentina_cambio_dolar,keep,heuristic_default,dataset/txt_limpios/601.txt,dataset/paginas_descargadas/601.html
602,DALE VIDA A TU JARDIN,🌷🌻​🌼​,,AR,Desconocido,cafe,True,sin_categoria,cafe,1663.58,1.3256,True,country_mean,1255.0,from_argentina_cambio_dolar,keep_imputed,no_category_detected;price_parse_failed,dataset/txt_limpios/602.txt,dataset/paginas_descargadas/602.html
603,DALE VIDA A TU JARDIN,🌷🌻​🌼​,450G,AR,Desconocido,cafe,False,cafe,,450.0,0.3586,False,original,1255.0,from_argentina_cambio_dolar,keep,heuristic_default,dataset/txt_limpios/603.txt,dataset/paginas_descargadas/603.html
604,DALE VIDA A TU JARDIN,🌷🌻​🌼​,,AR,Desconocido,cafe,True,sin_categoria,cafe,1663.58,1.3256,True,country_mean,1255.0,from_argentina_cambio_dolar,keep_imputed,no_category_detected;price_parse_failed,dataset/txt_limpios/604.txt,dataset/paginas_descargadas/604.html
605,DALE VIDA A TU JARDIN,🌷🌻​🌼​,250 GR,AR,Desconocido,cafe,False,cafe,,250.0,0.1992,False,original,1255.0,from_argentina_cambio_dolar,keep,heuristic_default,dataset/txt_limpios/605.txt,dataset/paginas_descargadas/605.html
606,DALE VIDA A TU JARDIN,🌷🌻​🌼​,250 G,AR,Desconocido,cafe,False,cafe,,250.0,0.1992,False,original,1255.0,from_argentina_cambio_dolar,keep,heuristic_default,dataset/txt_limpios/606.txt,dataset/paginas_descargadas/606.html
607,DALE VIDA A TU JARDIN,🌷🌻​🌼​,"1,5 Lt",AR,Desconocido,cafe,False,cafe,,2553.72,2.0348,False,original,1255.0,from_argentina_cambio_dolar,keep,heuristic_default,dataset/txt_limpios/607.txt,dataset/paginas_descargadas/607.html
608,DALE VIDA A TU JARDIN,🌷🌻​🌼​,2000CC,AR,Desconocido,cafe,False,cafe,,2644.63,2.1073,False,original,1255.0,from_argentina_cambio_dolar,keep,heuristic_default,dataset/txt_limpios/608.txt,dataset/paginas_descargadas/608.html
609,DALE VIDA A TU JARDIN,🌷🌻​🌼​,2.25 Lt,AR,Desconocido,cafe,False,cafe,,1900.83,1.5146,False,original,1255.0,from_argentina_cambio_dolar,keep,heuristic_default,dataset/txt_limpios/609.txt,dataset/paginas_descargadas/609.html
610,DALE VIDA A TU JARDIN,🌷🌻​🌼​,,AR,Desconocido,cafe,True,sin_categoria,cafe,1663.58,1.3256,True,country_mean,1255.0,from_argentina_cambio_dolar,keep_imputed,no_category_detected;price_parse_failed,dataset/txt_limpios/610.txt,dataset/paginas_descargadas/610.html
611,DALE VIDA A TU JARDIN,🌷🌻​🌼​,2.25 L,AR,Desconocido,cafe,False,cafe,,1809.92,1.4422,False,original,1255.0,from_argentina_cambio_dolar,keep,heuristic_default,dataset/txt_limpios/611.txt,dataset/paginas_descargadas/611.html
612,DALE VIDA A TU JARDIN,🌷🌻​🌼​,,AR,Desconocido,cafe,False,cafe,,904.07,0.7204,False,original,1255.0,from_argentina_cambio_dolar,keep,heuristic_default,dataset/txt_limpios/612.txt,dataset/paginas_descargadas/612.html
613,DALE VIDA A TU JARDIN,🌷🌻​🌼​,600G,AR,Desconocido,cafe,False,cafe,,6420.66,5.1161,False,original,1255.0,from_argentina_cambio_dolar,keep,heuristic_default,dataset/txt_limpios/613.txt,dataset/paginas_descargadas/613.html
614,DALE VIDA A TU JARDIN,🌷🌻​🌼​,500G,AR,Desconocido,cafe,False,cafe,,2257.92,1.7991,False,original,1255.0,from_argentina_cambio_dolar,keep,heuristic_default,dataset/txt_limpios/614.txt,dataset/paginas_descargadas/614.html
1704,Desayuno y Dulces,Café,250 GR,UNKNOWN,Desconocido,cafe,False,cafe,,13.45,13.45,False,original,1.0,default_1usd,keep,heuristic_default,dataset/txt_limpios/1704.txt,dataset/paginas_descargadas/1704.html
1706,Desayuno y Dulces,Café,250 G,UNKNOWN,Desconocido,cafe,False,cafe,,3.99,3.99,False,original,1.0,default_1usd,keep,heuristic_default,dataset/txt_limpios/1706.txt,dataset/paginas_descargadas/1706.html
1708,Desayuno y Dulces,Café,50 g,UNKNOWN,Desconocido,cafe,False,cafe,,2.85,2.85,False,original,1.0,default_1usd,keep,heuristic_default,dataset/txt_limpios/1708.txt,dataset/paginas_descargadas/1708.html
1712,Desayuno y Dulces,Café,170 GR,UNKNOWN,Desconocido,cafe,False,cafe,,7.49,7.49,False,original,1.0,default_1usd,keep,heuristic_default,dataset/txt_limpios/1712.txt,dataset/paginas_descargadas/1712.html
1714,Desayuno y Dulces,Café,250 GR,UNKNOWN,Desconocido,cafe,False,cafe,,13.2,13.2,False,original,1.0,default_1usd,keep,heuristic_default,dataset/txt_limpios/1714.txt,dataset/paginas_descargadas/1714.html
966,Desayuno y Dulces,Café,50 g,UNKNOWN,Desconocido,cafe,False,cafe,,2.85,2.85,False,original,1.0,default_1usd,keep,heuristic_default,dataset/txt_limpios/966.txt,dataset/paginas_descargadas/966.html
508,Descripción del producto,MARCA,1l,UNKNOWN,Desconocido,leche,True,sin_categoria,leche,50.0,50.0,False,original,1.0,default_1usd,keep_imputed,no_category_detected,dataset/txt_limpios/508.txt,dataset/paginas_descargadas/508.html
509,Descripción del producto,MARCA,610g,UNKNOWN,Desconocido,leche,True,sin_categoria,leche,6550.0,6550.0,False,original,1.0,default_1usd,keep_imputed,no_category_detected,dataset/txt_limpios/509.txt,dataset/paginas_descargadas/509.html
510,Descripción del producto,MARCA,550g,UNKNOWN,Desconocido,leche,True,sin_categoria,leche,6434.0,6434.0,False,original,1.0,default_1usd,keep_imputed,no_category_detected,dataset/txt_limpios/510.txt,dataset/paginas_descargadas/510.html
511,Descripción del producto,MARCA,550g,UNKNOWN,Desconocido,leche,True,sin_categoria,leche,600.0,600.0,False,original,1.0,default_1usd,keep_imputed,no_category_detected,dataset/txt_limpios/511.txt,dataset/paginas_descargadas/511.html
513,Descripción del producto,MARCA,1kg,UNKNOWN,Desconocido,pan,True,sin_categoria,pan,1312.0,1312.0,False,original,1.0,default_1usd,keep_imputed,no_category_detected,dataset/txt_limpios/513.txt,dataset/paginas_descargadas/513.html
514,Descripción del producto,MARCA,1 Kg,UNKNOWN,Desconocido,azucar,True,sin_categoria,azucar,1299.0,1299.0,False,original,1.0,default_1usd,keep_imputed,no_category_detected,dataset/txt_limpios/514.txt,dataset/paginas_descargadas/514.html
515,Descripción del producto,Azúcar Cristal Uniao 1kg,1kg,UNKNOWN,Desconocido,azucar,False,azucar,,990.0,990.0,False,original,1.0,default_1usd,keep,heuristic_default,dataset/txt_limpios/515.txt,dataset/paginas_descargadas/515.html
516,Descripción del producto,MARCA,800g,UNKNOWN,Desconocido,azucar,True,sin_categoria,azucar,1699.0,1699.0,False,original,1.0,default_1usd,keep_imputed,no_category_detected,dataset/txt_limpios/516.txt,dataset/paginas_descargadas/516.html
517,Descripción del producto,Azúcar AZUCEL 1kg,1kg,UNKNOWN,Desconocido,azucar,False,azucar,,4399.0,4399.0,False,original,1.0,default_1usd,keep,heuristic_default,dataset/txt_limpios/517.txt,dataset/paginas_descargadas/517.html
1756,Devolver este producto es gratis,SUPER POLLO,500 g,UNKNOWN,Desconocido,aceite vegetal,False,aceite vegetal,,3.99,3.99,False,original,1.0,default_1usd,keep,heuristic_default,dataset/txt_limpios/1756.txt,dataset/paginas_descargadas/1756.html
1316,El almacenamiento local parece estar deshabilitado en tu navegador.,Aprende,1L,US,Desconocido,cerveza,True,sin_categoria,cerveza,2.05,2.05,False,original,1.0,default_1usd,keep_imputed,no_category_detected,dataset/txt_limpios/1316.txt,dataset/paginas_descargadas/1316.html
1317,El almacenamiento local parece estar deshabilitado en tu navegador.,Aprende,1L,UNKNOWN,Desconocido,leche,False,leche,,1.33,1.33,False,original,1.0,default_1usd,keep,heuristic_default,dataset/txt_limpios/1317.txt,dataset/paginas_descargadas/1317.html
1318,El almacenamiento local parece estar deshabilitado en tu navegador.,Aprende,1L,UNKNOWN,Desconocido,leche,False,leche,,1.5,1.5,False,original,1.0,default_1usd,keep,heuristic_default,dataset/txt_limpios/1318.txt,dataset/paginas_descargadas/1318.html
1319,El almacenamiento local parece estar deshabilitado en tu navegador.,Aprende,900 ML,UNKNOWN,Desconocido,leche,False,leche,,0.89,0.89,False,original,1.0,default_1usd,keep,heuristic_default,dataset/txt_limpios/1319.txt,dataset/paginas_descargadas/1319.html
1320,El almacenamiento local parece estar deshabilitado en tu navegador.,Aprende,330ML,UNKNOWN,Desconocido,cerveza,False,cerveza,,2.2,2.2,False,original,1.0,default_1usd,keep,heuristic_default,dataset/txt_limpios/1320.txt,dataset/paginas_descargadas/1320.html
1321,El almacenamiento local parece estar deshabilitado en tu navegador.,Aprende,500ML,UNKNOWN,Desconocido,cerveza,True,sin_categoria,cerveza,3.23,3.23,False,original,1.0,default_1usd,keep_imputed,no_category_detected,dataset/txt_limpios/1321.txt,dataset/paginas_descargadas/1321.html
1322,El almacenamiento local parece estar deshabilitado en tu navegador.,Aprende,355ML,UNKNOWN,Desconocido,cerveza,False,cerveza,,6.98,6.98,False,original,1.0,default_1usd,keep,heuristic_default,dataset/txt_limpios/1322.txt,dataset/paginas_descargadas/1322.html
1324,El almacenamiento local parece estar deshabilitado en tu navegador.,Aprende,355ml,UNKNOWN,Desconocido,cerveza,False,cerveza,,5.81,5.81,False,original,1.0,default_1usd,keep,heuristic_default,dataset/txt_limpios/1324.txt,dataset/paginas_descargadas/1324.html
1325,El almacenamiento local parece estar deshabilitado en tu navegador.,Aprende,550GR,UNKNOWN,Desconocido,pan,False,pan,,1.21,1.21,False,original,1.0,default_1usd,keep,heuristic_default,dataset/txt_limpios/1325.txt,dataset/paginas_descargadas/1325.html
1326,El almacenamiento local parece estar deshabilitado en tu navegador.,Aprende,560g,UNKNOWN,Desconocido,harina de trigo,False,harina de trigo,,2.12,2.12,False,original,1.0,default_1usd,keep,heuristic_default,dataset/txt_limpios/1326.txt,dataset/paginas_descargadas/1326.html
1327,El almacenamiento local parece estar deshabilitado en tu navegador.,Aprende,580g,UNKNOWN,Desconocido,pan,False,pan,,3.08,3.08,False,original,1.0,default_1usd,keep,heuristic_default,dataset/txt_limpios/1327.txt,dataset/paginas_descargadas/1327.html
1328,El almacenamiento local parece estar deshabilitado en tu navegador.,Aprende,3785Ml,UNKNOWN,Desconocido,azucar,True,sin_categoria,azucar,1.97,1.97,False,original,1.0,default_1usd,keep_imputed,no_category_detected,dataset/txt_limpios/1328.txt,dataset/paginas_descargadas/1328.html
1329,El almacenamiento local parece estar deshabilitado en tu navegador.,Aprende,3785Ml,UNKNOWN,Desconocido,azucar,True,sin_categoria,azucar,1.97,1.97,False,original,1.0,default_1usd,keep_imputed,no_category_detected,dataset/txt_limpios/1329.txt,dataset/paginas_descargadas/1329.html
1330,El almacenamiento local parece estar deshabilitado en tu navegador.,Aprende,3050 ML,UNKNOWN,Desconocido,azucar,False,azucar,,2.99,2.99,False,original,1.0,default_1usd,keep,heuristic_default,dataset/txt_limpios/1330.txt,dataset/paginas_descargadas/1330.html
1331,El almacenamiento local parece estar deshabilitado en tu navegador.,Aprende,3L,UNKNOWN,Desconocido,azucar,False,azucar,,2.92,2.92,False,original,1.0,default_1usd,keep,heuristic_default,dataset/txt_limpios/1331.txt,dataset/paginas_descargadas/1331.html
1332,El almacenamiento local parece estar deshabilitado en tu navegador.,Aprende,350G,UNKNOWN,Desconocido,cerveza,True,sin_categoria,cerveza,350.0,350.0,False,original,1.0,default_1usd,keep_imputed,no_category_detected,dataset/txt_limpios/1332.txt,dataset/paginas_descargadas/1332.html
1333,El almacenamiento local parece estar deshabilitado en tu navegador.,Aprende,,UNKNOWN,Desconocido,cerveza,True,sin_categoria,cerveza,55.13,55.13,False,original,1.0,default_1usd,keep_imputed,no_category_detected,dataset/txt_limpios/1333.txt,dataset/paginas_descargadas/1333.html
1334,El almacenamiento local parece estar deshabilitado en tu navegador.,Aprende,4Lb,UNKNOWN,Desconocido,cerveza,True,sin_categoria,cerveza,2.25,2.25,False,original,1.0,default_1usd,keep_imputed,no_category_detected,dataset/txt_limpios/1334.txt,dataset/paginas_descargadas/1334.html
1335,El almacenamiento local parece estar deshabilitado en tu navegador.,Aprende,500G,UNKNOWN,Desconocido,azucar,True,sin_categoria,azucar,1.75,1.75,False,original,1.0,default_1usd,keep_imputed,no_category_detected,dataset/txt_limpios/1335.txt,dataset/paginas_descargadas/1335.html
1336,El almacenamiento local parece estar deshabilitado en tu navegador.,Aprende,,UNKNOWN,Desconocido,cerveza,True,sin_categoria,cerveza,3.41,3.41,False,original,1.0,default_1usd,keep_imputed,no_category_detected,dataset/txt_limpios/1336.txt,dataset/paginas_descargadas/1336.html
1337,El almacenamiento local parece estar deshabilitado en tu navegador.,Aprende,200G,UNKNOWN,Desconocido,cerveza,True,sin_categoria,cerveza,0.41,0.41,False,original,1.0,default_1usd,keep_imputed,no_category_detected,dataset/txt_limpios/1337.txt,dataset/paginas_descargadas/1337.html
1338,El almacenamiento local parece estar deshabilitado en tu navegador.,Aprende,1Kg,UNKNOWN,Desconocido,azucar,False,azucar,,1.16,1.16,False,original,1.0,default_1usd,keep,heuristic_default,dataset/txt_limpios/1338.txt,dataset/paginas_descargadas/1338.html
1339,El almacenamiento local parece estar deshabilitado en tu navegador.,Aprende,1Kg,UNKNOWN,Desconocido,azucar,True,sin_categoria,azucar,1.12,1.12,False,original,1.0,default_1usd,keep_imputed,no_category_detected,dataset/txt_limpios/1339.txt,dataset/paginas_descargadas/1339.html
544,Elegí tu envío,"Hola, Limpía tú cache",1 Lt,AR,Desconocido,cafe,False,cafe,,1.38,0.0011,False,original,1255.0,from_argentina_cambio_dolar,keep,heuristic_default,dataset/txt_limpios/544.txt,dataset/paginas_descargadas/544.html
545,Elegí tu envío,"Hola, Limpía tú cache",,AR,Desconocido,cafe,True,sin_categoria,cafe,1663.58,1.3256,True,country_mean,1255.0,from_argentina_cambio_dolar,keep_imputed,no_category_detected;price_parse_failed,dataset/txt_limpios/545.txt,dataset/paginas_descargadas/545.html
549,Elegí tu envío,"Hola, Limpía tú cache",400 Gr,AR,Desconocido,leche,False,leche,,4.8,0.0038,False,original,1255.0,from_argentina_cambio_dolar,keep,heuristic_default,dataset/txt_limpios/549.txt,dataset/paginas_descargadas/549.html
550,Elegí tu envío,"Hola, Limpía tú cache",610 Gr,AR,Desconocido,leche,False,leche,,6.43,0.0051,False,original,1255.0,from_argentina_cambio_dolar,keep,heuristic_default,dataset/txt_limpios/550.txt,dataset/paginas_descargadas/550.html
551,Elegí tu envío,"Hola, Limpía tú cache",600 Gr,AR,Desconocido,cafe,True,sin_categoria,cafe,3.49,0.0028,False,original,1255.0,from_argentina_cambio_dolar,keep_imputed,no_category_detected,dataset/txt_limpios/551.txt,dataset/paginas_descargadas/551.html
553,Elegí tu envío,"Hola, Limpía tú cache",,AR,Desconocido,cafe,True,sin_categoria,cafe,1663.58,1.3256,True,country_mean,1255.0,from_argentina_cambio_dolar,keep_imputed,no_category_detected;price_parse_failed,dataset/txt_limpios/553.txt,dataset/paginas_descargadas/553.html
555,Elegí tu envío,"Hola, Limpía tú cache",1 Kg,AR,Desconocido,cafe,False,cafe,,990.0,0.7888,False,original,1255.0,from_argentina_cambio_dolar,keep,heuristic_default,dataset/txt_limpios/555.txt,dataset/paginas_descargadas/555.html
556,Elegí tu envío,"Hola, Limpía tú cache",,AR,Desconocido,cafe,True,sin_categoria,cafe,1663.58,1.3256,True,country_mean,1255.0,from_argentina_cambio_dolar,keep_imputed,no_category_detected;price_parse_failed,dataset/txt_limpios/556.txt,dataset/paginas_descargadas/556.html
557,Elegí tu envío,"Hola, Limpía tú cache",,AR,Desconocido,cafe,True,sin_categoria,cafe,1663.58,1.3256,True,country_mean,1255.0,from_argentina_cambio_dolar,keep_imputed,no_category_detected;price_parse_failed,dataset/txt_limpios/557.txt,dataset/paginas_descargadas/557.html
558,Elegí tu envío,"Hola, Limpía tú cache",500 Gr,AR,Desconocido,cafe,True,sin_categoria,cafe,590.0,0.4701,False,original,1255.0,from_argentina_cambio_dolar,keep_imputed,no_category_detected,dataset/txt_limpios/558.txt,dataset/paginas_descargadas/558.html
559,Elegí tu envío,"Hola, Limpía tú cache",500 Gr,AR,Desconocido,cafe,True,sin_categoria,cafe,1.5,0.0012,False,original,1255.0,from_argentina_cambio_dolar,keep_imputed,no_category_detected,dataset/txt_limpios/559.txt,dataset/paginas_descargadas/559.html
560,Elegí tu envío,"Hola, Limpía tú cache",500 Gr,AR,Desconocido,cafe,True,sin_categoria,cafe,1.75,0.0014,False,original,1255.0,from_argentina_cambio_dolar,keep_imputed,no_category_detected,dataset/txt_limpios/560.txt,dataset/paginas_descargadas/560.html
561,Elegí tu envío,"Hola, Limpía tú cache",500 Gr,AR,Desconocido,cafe,True,sin_categoria,cafe,1.18,0.0009,False,original,1255.0,from_argentina_cambio_dolar,keep_imputed,no_category_detected,dataset/txt_limpios/561.txt,dataset/paginas_descargadas/561.html
562,Elegí tu envío,"Hola, Limpía tú cache",500 Gr,AR,Desconocido,cafe,True,sin_categoria,cafe,3.19,0.0025,False,original,1255.0,from_argentina_cambio_dolar,keep_imputed,no_category_detected,dataset/txt_limpios/562.txt,dataset/paginas_descargadas/562.html
564,Elegí tu envío,"Hola, Limpía tú cache",800 Gr,AR,Desconocido,cafe,True,sin_categoria,cafe,3.0,0.0024,False,original,1255.0,from_argentina_cambio_dolar,keep_imputed,no_category_detected,dataset/txt_limpios/564.txt,dataset/paginas_descargadas/564.html
565,Elegí tu envío,"Hola, Limpía tú cache",1 Kg,AR,Desconocido,cafe,True,sin_categoria,cafe,2.79,0.0022,False,original,1255.0,from_argentina_cambio_dolar,keep_imputed,no_category_detected,dataset/txt_limpios/565.txt,dataset/paginas_descargadas/565.html
566,Elegí tu envío,"Hola, Limpía tú cache",,AR,Desconocido,cafe,True,sin_categoria,cafe,4.19,0.0033,False,original,1255.0,from_argentina_cambio_dolar,keep_imputed,no_category_detected,dataset/txt_limpios/566.txt,dataset/paginas_descargadas/566.html
568,Elegí tu envío,"Hola, Limpía tú cache",1 Kg,AR,Desconocido,cafe,True,sin_categoria,cafe,11.9,0.0095,False,original,1255.0,from_argentina_cambio_dolar,keep_imputed,no_category_detected,dataset/txt_limpios/568.txt,dataset/paginas_descargadas/568.html
569,Elegí tu envío,"Hola, Limpía tú cache",400 Gr,AR,Desconocido,cafe,True,sin_categoria,cafe,400.0,0.3187,False,original,1255.0,from_argentina_cambio_dolar,keep_imputed,no_category_detected,dataset/txt_limpios/569.txt,dataset/paginas_descargadas/569.html
571,Elegí tu envío,"Hola, Limpía tú cache",250 Gr,AR,Desconocido,cafe,False,cafe,,250.0,0.1992,False,original,1255.0,from_argentina_cambio_dolar,keep,heuristic_default,dataset/txt_limpios/571.txt,dataset/paginas_descargadas/571.html
572,Elegí tu envío,"Hola, Limpía tú cache",2.25 Lt,AR,Desconocido,cafe,True,sin_categoria,cafe,4.6,0.0037,False,original,1255.0,from_argentina_cambio_dolar,keep_imputed,no_category_detected,dataset/txt_limpios/572.txt,dataset/paginas_descargadas/572.html
575,Elegí tu envío,"Hola, Limpía tú cache","2,25 Lt",AR,Desconocido,cafe,True,sin_categoria,cafe,1.5,0.0012,False,original,1255.0,from_argentina_cambio_dolar,keep_imputed,no_category_detected,dataset/txt_limpios/575.txt,dataset/paginas_descargadas/575.html
576,Elegí tu envío,"Hola, Limpía tú cache",,AR,Desconocido,cafe,True,sin_categoria,cafe,1663.58,1.3256,True,country_mean,1255.0,from_argentina_cambio_dolar,keep_imputed,no_category_detected;price_parse_failed,dataset/txt_limpios/576.txt,dataset/paginas_descargadas/576.html
577,Elegí tu envío,"Hola, Limpía tú cache",1 Kg,AR,Desconocido,cafe,True,sin_categoria,cafe,890.0,0.7092,False,original,1255.0,from_argentina_cambio_dolar,keep_imputed,no_category_detected,dataset/txt_limpios/577.txt,dataset/paginas_descargadas/577.html
578,Elegí tu envío,"Hola, Limpía tú cache",1 Kg,AR,Desconocido,cafe,True,sin_categoria,cafe,4.69,0.0037,False,original,1255.0,from_argentina_cambio_dolar,keep_imputed,no_category_detected,dataset/txt_limpios/578.txt,dataset/paginas_descargadas/578.html
1666,Elige un método de entrega,Unimarc,170 g,UNKNOWN,Desconocido,cafe,False,cafe,,6.2,6.2,False,original,1.0,default_1usd,keep,heuristic_default,dataset/txt_limpios/1666.txt,dataset/paginas_descargadas/1666.html
1668,Elige un método de entrega,Unimarc,227 g,UNKNOWN,Desconocido,cafe,False,cafe,,7.35,7.35,False,original,1.0,default_1usd,keep,heuristic_default,dataset/txt_limpios/1668.txt,dataset/paginas_descargadas/1668.html
1670,Elige un método de entrega,Unimarc,250 g,UNKNOWN,Desconocido,cafe,False,cafe,,5.29,5.29,False,original,1.0,default_1usd,keep,heuristic_default,dataset/txt_limpios/1670.txt,dataset/paginas_descargadas/1670.html
1671,Elige un método de entrega,Unimarc,2 Kg,UNKNOWN,Desconocido,papa,False,papa,,2.39,2.39,False,original,1.0,default_1usd,keep,heuristic_default,dataset/txt_limpios/1671.txt,dataset/paginas_descargadas/1671.html
1673,Elige un método de entrega,Unimarc,227 g,UNKNOWN,Desconocido,cafe,False,cafe,,14.19,14.19,False,original,1.0,default_1usd,keep,heuristic_default,dataset/txt_limpios/1673.txt,dataset/paginas_descargadas/1673.html
1677,Elige un método de entrega,Unimarc,1.3 Kg,UNKNOWN,Desconocido,papa,False,papa,,1.79,1.79,False,original,1.0,default_1usd,keep,heuristic_default,dataset/txt_limpios/1677.txt,dataset/paginas_descargadas/1677.html
1678,Elige un método de entrega,Unimarc,250 g,UNKNOWN,Desconocido,cafe,False,cafe,,5.49,5.49,False,original,1.0,default_1usd,keep,heuristic_default,dataset/txt_limpios/1678.txt,dataset/paginas_descargadas/1678.html
1682,Elige un método de entrega,Unimarc,500 g,UNKNOWN,Desconocido,papa,False,papa,,695.0,695.0,False,original,1.0,default_1usd,keep,heuristic_default,dataset/txt_limpios/1682.txt,dataset/paginas_descargadas/1682.html
1685,Elige un método de entrega,Unimarc,750 g,UNKNOWN,Desconocido,pan,False,pan,,2.95,2.95,False,original,1.0,default_1usd,keep,heuristic_default,dataset/txt_limpios/1685.txt,dataset/paginas_descargadas/1685.html
1686,Elige un método de entrega,Unimarc,750 g,UNKNOWN,Desconocido,pan,False,pan,,2.75,2.75,False,original,1.0,default_1usd,keep,heuristic_default,dataset/txt_limpios/1686.txt,dataset/paginas_descargadas/1686.html
1688,Elige un método de entrega,Unimarc,1.5 L,UNKNOWN,Desconocido,refresco de cola,False,refresco de cola,,1.99,1.99,False,original,1.0,default_1usd,keep,heuristic_default,dataset/txt_limpios/1688.txt,dataset/paginas_descargadas/1688.html
1690,Elige un método de entrega,Unimarc,1.5 L,UNKNOWN,Desconocido,papa,True,sin_categoria,papa,2.0,2.0,False,original,1.0,default_1usd,keep_imputed,no_category_detected,dataset/txt_limpios/1690.txt,dataset/paginas_descargadas/1690.html
1693,Elige un método de entrega,Unimarc,750 g,UNKNOWN,Desconocido,pan,False,pan,,2.51,2.51,False,original,1.0,default_1usd,keep,heuristic_default,dataset/txt_limpios/1693.txt,dataset/paginas_descargadas/1693.html
1694,Elige un método de entrega,Unimarc,650 g,UNKNOWN,Desconocido,cafe,True,sin_categoria,cafe,2.53,2.53,False,original,1.0,default_1usd,keep_imputed,no_category_detected,dataset/txt_limpios/1694.txt,dataset/paginas_descargadas/1694.html
1695,Elige un método de entrega,Unimarc,1.5 L,UNKNOWN,Desconocido,papa,True,sin_categoria,papa,2.0,2.0,False,original,1.0,default_1usd,keep_imputed,no_category_detected,dataset/txt_limpios/1695.txt,dataset/paginas_descargadas/1695.html
1696,Elige un método de entrega,Unimarc,1.5 L,UNKNOWN,Desconocido,papa,True,sin_categoria,papa,2.0,2.0,False,original,1.0,default_1usd,keep_imputed,no_category_detected,dataset/txt_limpios/1696.txt,dataset/paginas_descargadas/1696.html
1697,Elige un método de entrega,Unimarc,300 g,UNKNOWN,Desconocido,cafe,True,sin_categoria,cafe,1.99,1.99,False,original,1.0,default_1usd,keep_imputed,no_category_detected,dataset/txt_limpios/1697.txt,dataset/paginas_descargadas/1697.html
1698,Elige un método de entrega,Unimarc,500 g,UNKNOWN,Desconocido,papa,True,sin_categoria,papa,1.14,1.14,False,original,1.0,default_1usd,keep_imputed,no_category_detected,dataset/txt_limpios/1698.txt,dataset/paginas_descargadas/1698.html
1699,Elige un método de entrega,Unimarc,250 g,UNKNOWN,Desconocido,cafe,True,sin_categoria,cafe,1.25,1.25,False,original,1.0,default_1usd,keep_imputed,no_category_detected,dataset/txt_limpios/1699.txt,dataset/paginas_descargadas/1699.html
1700,Elige un método de entrega,Unimarc,1 Kg,UNKNOWN,Desconocido,papa,True,sin_categoria,papa,1.8,1.8,False,original,1.0,default_1usd,keep_imputed,no_category_detected,dataset/txt_limpios/1700.txt,dataset/paginas_descargadas/1700.html
1701,Elige un método de entrega,Unimarc,12 unidad,UNKNOWN,Desconocido,huevo,False,huevo,,4.09,4.09,False,original,1.0,default_1usd,keep_imputed,heuristic_default,dataset/txt_limpios/1701.txt,dataset/paginas_descargadas/1701.html
1702,Elige un método de entrega,Unimarc,12 unidad,UNKNOWN,Desconocido,huevo,True,sin_categoria,huevo,3.89,3.89,False,original,1.0,default_1usd,keep_imputed,no_category_detected,dataset/txt_limpios/1702.txt,dataset/paginas_descargadas/1702.html
1703,Elige un método de entrega,Unimarc,2 L,UNKNOWN,Desconocido,papa,True,sin_categoria,papa,2.0,2.0,False,original,1.0,default_1usd,keep_imputed,no_category_detected,dataset/txt_limpios/1703.txt,dataset/paginas_descargadas/1703.html
1705,Elige un método de entrega,Unimarc,20 unidad,UNKNOWN,Desconocido,huevo,True,sin_categoria,huevo,6.59,6.59,False,original,1.0,default_1usd,keep_imputed,no_category_detected,dataset/txt_limpios/1705.txt,dataset/paginas_descargadas/1705.html
1707,Elige un método de entrega,Unimarc,12 unidad,UNKNOWN,Desconocido,huevo,True,sin_categoria,huevo,3.97,3.97,False,original,1.0,default_1usd,keep_imputed,no_category_detected,dataset/txt_limpios/1707.txt,dataset/paginas_descargadas/1707.html
1709,Elige un método de entrega,Unimarc,12 unidad,UNKNOWN,Desconocido,huevo,False,huevo,,5.19,5.19,False,original,1.0,default_1usd,keep_imputed,heuristic_default,dataset/txt_limpios/1709.txt,dataset/paginas_descargadas/1709.html
1718,Elige un método de entrega,Unimarc,500 g,UNKNOWN,Desconocido,cafe,True,sin_categoria,cafe,1.29,1.29,False,original,1.0,default_1usd,keep_imputed,no_category_detected,dataset/txt_limpios/1718.txt,dataset/paginas_descargadas/1718.html
1720,Elige un método de entrega,Unimarc,400 g,UNKNOWN,Desconocido,huevo,True,sin_categoria,huevo,690.0,690.0,False,original,1.0,default_1usd,keep_imputed,no_category_detected,dataset/txt_limpios/1720.txt,dataset/paginas_descargadas/1720.html
1723,Elige un método de entrega,Unimarc,400 g,UNKNOWN,Desconocido,huevo,False,huevo,,1.33,1.33,False,original,1.0,default_1usd,keep_imputed,heuristic_default,dataset/txt_limpios/1723.txt,dataset/paginas_descargadas/1723.html
1725,Elige un método de entrega,Unimarc,400 g,UNKNOWN,Desconocido,huevo,True,sin_categoria,huevo,2.0,2.0,False,original,1.0,default_1usd,keep_imputed,no_category_detected,dataset/txt_limpios/1725.txt,dataset/paginas_descargadas/1725.html
1729,Elige un método de entrega,Unimarc,3 Kg,UNKNOWN,Desconocido,papa,True,sin_categoria,papa,11.97,11.97,False,original,1.0,default_1usd,keep_imputed,no_category_detected,dataset/txt_limpios/1729.txt,dataset/paginas_descargadas/1729.html
1731,Elige un método de entrega,Unimarc,400 g,UNKNOWN,Desconocido,huevo,True,sin_categoria,huevo,490.0,490.0,False,original,1.0,default_1usd,keep_imputed,no_category_detected,dataset/txt_limpios/1731.txt,dataset/paginas_descargadas/1731.html
1289,"Este gato no debería estar en esta caja, ni tú en esta página",Live Chat,,UNKNOWN,Desconocido,leche,True,sin_categoria,leche,234.19,234.1938,True,country_mean,1.0,default_1usd,keep_imputed,no_category_detected;price_parse_failed,dataset/txt_limpios/1289.txt,dataset/paginas_descargadas/1289.html
1297,"Este gato no debería estar en esta caja, ni tú en esta página",Live Chat,,UNKNOWN,Desconocido,leche,True,sin_categoria,leche,234.19,234.1938,True,country_mean,1.0,default_1usd,keep_imputed,no_category_detected;price_parse_failed,dataset/txt_limpios/1297.txt,dataset/paginas_descargadas/1297.html
1738,Fiambres y Huevos,Huevos,12Unidades,UNKNOWN,Desconocido,azucar,False,azucar,,3.85,3.85,False,original,1.0,default_1usd,keep,heuristic_default,dataset/txt_limpios/1738.txt,dataset/paginas_descargadas/1738.html
1751,Fiambres y Huevos,Huevos,648g,UNKNOWN,Desconocido,azucar,False,azucar,,4.2,4.2,False,original,1.0,default_1usd,keep,heuristic_default,dataset/txt_limpios/1751.txt,dataset/paginas_descargadas/1751.html
1752,Fiambres y Huevos,Huevos,648g,UNKNOWN,Desconocido,azucar,False,azucar,,4.1,4.1,False,original,1.0,default_1usd,keep,heuristic_default,dataset/txt_limpios/1752.txt,dataset/paginas_descargadas/1752.html
1754,Fiambres y Huevos,Huevos,732g,UNKNOWN,Desconocido,azucar,False,azucar,,4.69,4.69,False,original,1.0,default_1usd,keep,heuristic_default,dataset/txt_limpios/1754.txt,dataset/paginas_descargadas/1754.html
1755,Fiambres y Huevos,Huevos,648 G,UNKNOWN,Desconocido,huevo,False,huevo,,5.9,5.9,False,original,1.0,default_1usd,keep_imputed,heuristic_default,dataset/txt_limpios/1755.txt,dataset/paginas_descargadas/1755.html
1710,Frutas y Verduras,Verduras,500 g,UNKNOWN,Desconocido,cebolla,False,cebolla,,1.69,1.69,False,original,1.0,default_1usd,keep,heuristic_default,dataset/txt_limpios/1710.txt,dataset/paginas_descargadas/1710.html
1734,Frutas y Verduras,Verduras,1 Kg,UNKNOWN,Desconocido,cebolla,False,cebolla,,2.19,2.19,False,original,1.0,default_1usd,keep,heuristic_default,dataset/txt_limpios/1734.txt,dataset/paginas_descargadas/1734.html
1739,Frutas y Verduras,Verduras,250 g,UNKNOWN,Desconocido,tomates,False,tomates,,1.92,1.92,False,original,1.0,default_1usd,keep,heuristic_default,dataset/txt_limpios/1739.txt,dataset/paginas_descargadas/1739.html
39,Frutas y verduras,Verduras,,MX,Chedraui,cebolla,False,cebolla,,12679.94,680.985,True,category_mean,18.62,from_mexico_cambio_dolar,keep_imputed,price_parse_failed;price<=0,dataset/txt_limpios/39.txt,dataset/paginas_descargadas/39.html
538,Frutas Y Verduras,Verduras,2.25 L,UNKNOWN,Desconocido,papa,True,sin_categoria,papa,2300.0,2300.0,False,original,1.0,default_1usd,keep_imputed,no_category_detected,dataset/txt_limpios/538.txt,dataset/paginas_descargadas/538.html
539,Frutas Y Verduras,Verduras,500g,UNKNOWN,Desconocido,papa,True,sin_categoria,papa,599.0,599.0,False,original,1.0,default_1usd,keep_imputed,no_category_detected,dataset/txt_limpios/539.txt,dataset/paginas_descargadas/539.html
540,Frutas Y Verduras,Verduras,600 Gr,UNKNOWN,Desconocido,papa,True,sin_categoria,papa,3049.0,3049.0,False,original,1.0,default_1usd,keep_imputed,no_category_detected,dataset/txt_limpios/540.txt,dataset/paginas_descargadas/540.html
541,Frutas Y Verduras,Verduras,600 Gr,UNKNOWN,Desconocido,papa,True,sin_categoria,papa,7999.0,7999.0,False,original,1.0,default_1usd,keep_imputed,no_category_detected,dataset/txt_limpios/541.txt,dataset/paginas_descargadas/541.html
542,Frutas Y Verduras,Verduras,600 Gr,UNKNOWN,Desconocido,papa,True,sin_categoria,papa,2799.0,2799.0,False,original,1.0,default_1usd,keep_imputed,no_category_detected,dataset/txt_limpios/542.txt,dataset/paginas_descargadas/542.html
543,Frutas Y Verduras,Verduras,300 Gr,UNKNOWN,Desconocido,papa,True,sin_categoria,papa,2999.0,2999.0,False,original,1.0,default_1usd,keep_imputed,no_category_detected,dataset/txt_limpios/543.txt,dataset/paginas_descargadas/543.html
33,Harinas y reposteria,San Blas,500g,MX,Chedraui,harina de trigo,False,harina de trigo,,2902.4,155.8757,True,category_mean,18.62,from_mexico_cambio_dolar,keep_imputed,price_parse_failed;price<=0,dataset/txt_limpios/33.txt,dataset/paginas_descargadas/33.html
35,Harinas y reposteria,Harina Chedraui Trigo 1Kg,1Kg,MX,Chedraui,pan,True,sin_categoria,pan,66.32,3.5617,True,country_mean,18.62,from_mexico_cambio_dolar,keep_imputed,no_category_detected;price_parse_failed,dataset/txt_limpios/35.txt,dataset/paginas_descargadas/35.html
36,Harinas y reposteria,La Moderna,1kg,MX,Chedraui,harina de trigo,False,harina de trigo,,2902.4,155.8757,True,category_mean,18.62,from_mexico_cambio_dolar,keep_imputed,price_parse_failed;price<=0,dataset/txt_limpios/36.txt,dataset/paginas_descargadas/36.html
37,Harinas y reposteria,Sol de Oro,1kg,MX,Chedraui,harina de trigo,False,harina de trigo,,2902.4,155.8757,True,category_mean,18.62,from_mexico_cambio_dolar,keep_imputed,price_parse_failed;price<=0,dataset/txt_limpios/37.txt,dataset/paginas_descargadas/37.html
546,"Hola, Limpía tú cache",IR AL PAGO,1 Lt,AR,Desconocido,leche,True,sin_categoria,leche,1.59,0.0013,False,original,1255.0,from_argentina_cambio_dolar,keep_imputed,no_category_detected,dataset/txt_limpios/546.txt,dataset/paginas_descargadas/546.html
547,"Hola, Limpía tú cache",IR AL PAGO,1 Lt,AR,Desconocido,leche,True,sin_categoria,leche,1.2,0.001,False,original,1255.0,from_argentina_cambio_dolar,keep_imputed,no_category_detected,dataset/txt_limpios/547.txt,dataset/paginas_descargadas/547.html
552,"Hola, Limpía tú cache",¿Quéres terminar tu compra?,560 Gr,AR,Desconocido,leche,False,leche,,5.01,0.004,False,original,1255.0,from_argentina_cambio_dolar,keep,heuristic_default,dataset/txt_limpios/552.txt,dataset/paginas_descargadas/552.html
554,"Hola, Limpía tú cache",¿Quéres terminar tu compra?,1 Kg,AR,Desconocido,leche,True,sin_categoria,leche,1.3,0.001,False,original,1255.0,from_argentina_cambio_dolar,keep_imputed,no_category_detected,dataset/txt_limpios/554.txt,dataset/paginas_descargadas/554.html
563,"Hola, Limpía tú cache",¿Quéres terminar tu compra?,500 Gr,AR,Desconocido,leche,True,sin_categoria,leche,965.0,0.7689,False,original,1255.0,from_argentina_cambio_dolar,keep_imputed,no_category_detected,dataset/txt_limpios/563.txt,dataset/paginas_descargadas/563.html
570,"Hola, Limpía tú cache",¿Quéres terminar tu compra?,500 Gr,AR,Desconocido,leche,True,sin_categoria,leche,500.0,0.3984,False,original,1255.0,from_argentina_cambio_dolar,keep_imputed,no_category_detected,dataset/txt_limpios/570.txt,dataset/paginas_descargadas/570.html
574,"Hola, Limpía tú cache",¿Quéres terminar tu compra?,"1,5 Lt",AR,Desconocido,leche,True,sin_categoria,leche,800.0,0.6375,False,original,1255.0,from_argentina_cambio_dolar,keep_imputed,no_category_detected,dataset/txt_limpios/574.txt,dataset/paginas_descargadas/574.html
1382,Horarios de entrega,LISTA,400 GR,UNKNOWN,Desconocido,pan,True,sin_categoria,pan,234.19,234.1938,True,country_mean,1.0,default_1usd,keep_imputed,no_category_detected;price_parse_failed,dataset/txt_limpios/1382.txt,dataset/paginas_descargadas/1382.html
1390,Horarios de entrega,LISTA,1.5LT,UNKNOWN,Desconocido,papa,True,sin_categoria,papa,100.0,100.0,False,original,1.0,default_1usd,keep_imputed,no_category_detected,dataset/txt_limpios/1390.txt,dataset/paginas_descargadas/1390.html
1460,Horarios de entrega,LISTA,400 GRAMOS,UNKNOWN,Desconocido,pan,True,sin_categoria,pan,234.19,234.1938,True,country_mean,1.0,default_1usd,keep_imputed,no_category_detected;price_parse_failed,dataset/txt_limpios/1460.txt,dataset/paginas_descargadas/1460.html
1478,Horarios de entrega,LISTA,400 GR,UNKNOWN,Desconocido,pan,True,sin_categoria,pan,234.19,234.1938,True,country_mean,1.0,default_1usd,keep_imputed,no_category_detected;price_parse_failed,dataset/txt_limpios/1478.txt,dataset/paginas_descargadas/1478.html
1479,Horarios de entrega,LISTA,400 GRAMOS,UNKNOWN,Desconocido,pan,True,sin_categoria,pan,40.0,40.0,False,original,1.0,default_1usd,keep_imputed,no_category_detected,dataset/txt_limpios/1479.txt,dataset/paginas_descargadas/1479.html
1486,Horarios de entrega,LISTA,85 GRAMOS,UNKNOWN,Desconocido,pan,True,sin_categoria,pan,234.19,234.1938,True,country_mean,1.0,default_1usd,keep_imputed,no_category_detected;price_parse_failed,dataset/txt_limpios/1486.txt,dataset/paginas_descargadas/1486.html
1515,Horarios de entrega,LISTA,400 GRAMOS,UNKNOWN,Desconocido,pan,True,sin_categoria,pan,400.0,400.0,False,original,1.0,default_1usd,keep_imputed,no_category_detected,dataset/txt_limpios/1515.txt,dataset/paginas_descargadas/1515.html
524,Huevos Blanco,Descripción del producto,500 Gr,UNKNOWN,Desconocido,huevo,False,huevo,,627.25,627.25,False,original,1.0,default_1usd,keep_imputed,heuristic_default,dataset/txt_limpios/524.txt,dataset/paginas_descargadas/524.html
525,Huevos Blanco,Descripción del producto,500 Gr,UNKNOWN,Desconocido,huevo,False,huevo,,3961.0,3961.0,False,original,1.0,default_1usd,keep_imputed,heuristic_default,dataset/txt_limpios/525.txt,dataset/paginas_descargadas/525.html
526,Huevos Blanco,Descripción del producto,500 Gr,UNKNOWN,Desconocido,huevo,False,huevo,,4241.5,4241.5,False,original,1.0,default_1usd,keep_imputed,heuristic_default,dataset/txt_limpios/526.txt,dataset/paginas_descargadas/526.html
908,Huevos blanco grande,12 un,,UNKNOWN,Desconocido,huevo,False,huevo,,4.11,4.11,False,original,1.0,default_1usd,keep_imputed,heuristic_default,dataset/txt_limpios/908.txt,dataset/paginas_descargadas/908.html
527,Huevos Color,Descripción del producto,500 Gr,UNKNOWN,Desconocido,huevo,False,huevo,,1596.0,1596.0,False,original,1.0,default_1usd,keep_imputed,heuristic_default,dataset/txt_limpios/527.txt,dataset/paginas_descargadas/527.html
900,kem piña,Bebida desechable,1.5 Litro,UNKNOWN,Desconocido,papa,True,sin_categoria,papa,1.39,1.39,False,original,1.0,default_1usd,keep_imputed,no_category_detected,dataset/txt_limpios/900.txt,dataset/paginas_descargadas/900.html
909,la herradura,Huevo primera color,,UNKNOWN,Desconocido,huevo,False,huevo,,234.19,234.1938,True,country_mean,1.0,default_1usd,keep_imputed,price_parse_failed,dataset/txt_limpios/909.txt,dataset/paginas_descargadas/909.html
11,Lacteos y huevo,Leche,1L,MX,Chedraui,leche,False,leche,,38.0,2.0408,True,category_country_mean,18.62,from_mexico_cambio_dolar,keep_imputed,price_parse_failed;price<=0,dataset/txt_limpios/11.txt,dataset/paginas_descargadas/11.html
12,Lacteos y huevo,Leche,1L,MX,Chedraui,huevo,False,huevo,,66.32,3.5617,True,country_mean,18.62,from_mexico_cambio_dolar,keep_imputed,price_parse_failed,dataset/txt_limpios/12.txt,dataset/paginas_descargadas/12.html
14,Lacteos y huevo,Leche,1L,MX,Chedraui,leche,False,leche,,37.0,1.9871,False,original,18.62,from_mexico_cambio_dolar,keep,heuristic_default,dataset/txt_limpios/14.txt,dataset/paginas_descargadas/14.html
15,Lacteos y huevo,Leche,946ml,MX,Chedraui,leche,False,leche,,39.0,2.0945,False,original,18.62,from_mexico_cambio_dolar,keep,heuristic_default,dataset/txt_limpios/15.txt,dataset/paginas_descargadas/15.html
28,Lacteos y huevo,Huevos,30 piezas,MX,Chedraui,huevo,False,huevo,,106.0,5.6928,False,original,18.62,from_mexico_cambio_dolar,keep_imputed,heuristic_default,dataset/txt_limpios/28.txt,dataset/paginas_descargadas/28.html
29,Lacteos y huevo,Huevos,30 Piezas,MX,Chedraui,huevo,False,huevo,,87.5,4.6992,False,original,18.62,from_mexico_cambio_dolar,keep_imputed,heuristic_default,dataset/txt_limpios/29.txt,dataset/paginas_descargadas/29.html
30,Lacteos y huevo,Huevos,30 Piezas,MX,Chedraui,huevo,False,huevo,,66.32,3.5617,True,country_mean,18.62,from_mexico_cambio_dolar,keep_imputed,price_parse_failed,dataset/txt_limpios/30.txt,dataset/paginas_descargadas/30.html
795,LECHE EQUILIBRIO TETRAPAK UHTLATTI 900ML,Unidades disponibles,900ML,UNKNOWN,Desconocido,leche,False,leche,,900.0,900.0,False,original,1.0,default_1usd,keep,heuristic_default,dataset/txt_limpios/795.txt,dataset/paginas_descargadas/795.html
1343,LECHE LA LECHERA TETRABRIK 1 L ENTERA,Comparar,1 L,US,Desconocido,leche,False,leche,,1.39,1.39,False,original,1.0,default_1usd,keep,heuristic_default,dataset/txt_limpios/1343.txt,dataset/paginas_descargadas/1343.html
1344,LECHE PARMALAT 900 ML ENTERA,Comparar,900 ML,US,Desconocido,leche,False,leche,,0.99,0.99,False,original,1.0,default_1usd,keep,heuristic_default,dataset/txt_limpios/1344.txt,dataset/paginas_descargadas/1344.html
1342,LECHE TONI TETRABRIK 1 L ENTERA,Comparar,1 L,US,Desconocido,leche,False,leche,,1.45,1.45,False,original,1.0,default_1usd,keep,heuristic_default,dataset/txt_limpios/1342.txt,dataset/paginas_descargadas/1342.html
503,Leches Frescas,Leches Enteras,,UNKNOWN,Desconocido,leche,False,leche,,428.01,428.0052,True,category_country_mean,1.0,default_1usd,keep_imputed,price_parse_failed;price<=0,dataset/txt_limpios/503.txt,dataset/paginas_descargadas/503.html
504,Leches Larga Vida,Leches Enteras,1l,UNKNOWN,Desconocido,leche,False,leche,,1380.0,1380.0,False,original,1.0,default_1usd,keep,heuristic_default,dataset/txt_limpios/504.txt,dataset/paginas_descargadas/504.html
505,Leches Larga Vida,Leches Enteras,1l,UNKNOWN,Desconocido,leche,False,leche,,2049.0,2049.0,False,original,1.0,default_1usd,keep,heuristic_default,dataset/txt_limpios/505.txt,dataset/paginas_descargadas/505.html
506,Leches Larga Vida,Leches Enteras,1l,UNKNOWN,Desconocido,leche,False,leche,,2040.0,2040.0,False,original,1.0,default_1usd,keep,heuristic_default,dataset/txt_limpios/506.txt,dataset/paginas_descargadas/506.html
507,Leches Larga Vida,Leches Enteras,1l,UNKNOWN,Desconocido,leche,False,leche,,1911.0,1911.0,False,original,1.0,default_1usd,keep,heuristic_default,dataset/txt_limpios/507.txt,dataset/paginas_descargadas/507.html
1748,Lácteos y Quesos,Leches,1 LT,UNKNOWN,Desconocido,leche,False,leche,,1.15,1.15,False,original,1.0,default_1usd,keep,heuristic_default,dataset/txt_limpios/1748.txt,dataset/paginas_descargadas/1748.html
1750,Lácteos y Quesos,Leches,1 LT,UNKNOWN,Desconocido,leche,False,leche,,1.05,1.05,False,original,1.0,default_1usd,keep,heuristic_default,dataset/txt_limpios/1750.txt,dataset/paginas_descargadas/1750.html
913,"Lácteos, refrigerados y huevos",Leches líquidas,1 Litro,UNKNOWN,Desconocido,leche,False,leche,,1.09,1.09,False,original,1.0,default_1usd,keep,heuristic_default,dataset/txt_limpios/913.txt,dataset/paginas_descargadas/913.html
914,"Lácteos, refrigerados y huevos",Leches líquidas,1 Litro,UNKNOWN,Desconocido,leche,False,leche,,1.15,1.15,False,original,1.0,default_1usd,keep,heuristic_default,dataset/txt_limpios/914.txt,dataset/paginas_descargadas/914.html
915,"Lácteos, refrigerados y huevos",Leches líquidas,1 Litro,UNKNOWN,Desconocido,leche,False,leche,,970.0,970.0,False,original,1.0,default_1usd,keep,heuristic_default,dataset/txt_limpios/915.txt,dataset/paginas_descargadas/915.html
297,Macarrão Italiano Spaghetti La Campofilone 500 G,Descripción,500 G,BR,Desconocido,pasta seca,False,pasta seca,,15.99,2.935,False,original,5.448,from_brasil_cambio_dolar,keep,heuristic_default,dataset/txt_limpios/297.txt,dataset/paginas_descargadas/297.html
298,Massa Italiana Integral Spaghetti La Molisana 500 G,Descripción,500 G,BR,Desconocido,huevo,True,sin_categoria,huevo,15.99,2.935,False,original,5.448,from_brasil_cambio_dolar,keep_imputed,no_category_detected,dataset/txt_limpios/298.txt,dataset/paginas_descargadas/298.html
1557,Massas e Molhos,Descripción del producto,500g,UNKNOWN,Desconocido,cebolla,True,sin_categoria,cebolla,234.19,234.1938,True,country_mean,1.0,default_1usd,keep_imputed,no_category_detected;price_parse_failed,dataset/txt_limpios/1557.txt,dataset/paginas_descargadas/1557.html
202,Massas e Molhos,fideos,500g,UNKNOWN,Desconocido,pasta seca,True,sin_categoria,pasta seca,234.19,234.1938,True,country_mean,1.0,default_1usd,keep_imputed,no_category_detected;price_parse_failed,dataset/txt_limpios/202.txt,dataset/paginas_descargadas/202.html
1569,Meu Desconto,Blog do Pão,1kg,BR,Desconocido,pan,False,pan,,7.49,1.3748,False,original,5.448,from_brasil_cambio_dolar,keep,heuristic_default,dataset/txt_limpios/1569.txt,dataset/paginas_descargadas/1569.html
1571,Meu Desconto,Blog do Pão,1kg,BR,Desconocido,pan,False,pan,,6.99,1.283,False,original,5.448,from_brasil_cambio_dolar,keep,heuristic_default,dataset/txt_limpios/1571.txt,dataset/paginas_descargadas/1571.html
1573,Meu Desconto,Blog do Pão,5kg,BR,Desconocido,pan,False,pan,,23.99,4.4035,False,original,5.448,from_brasil_cambio_dolar,keep,heuristic_default,dataset/txt_limpios/1573.txt,dataset/paginas_descargadas/1573.html
1575,Meu Desconto,Blog do Pão,1kg,UNKNOWN,Desconocido,pan,False,pan,,50.0,50.0,False,original,1.0,default_1usd,keep,heuristic_default,dataset/txt_limpios/1575.txt,dataset/paginas_descargadas/1575.html
1577,Meu Desconto,Blog do Pão,5kg,UNKNOWN,Desconocido,pan,False,pan,,1.0,1.0,False,original,1.0,default_1usd,keep,heuristic_default,dataset/txt_limpios/1577.txt,dataset/paginas_descargadas/1577.html
1580,Meu Desconto,Blog do Pão,500g,BR,Desconocido,pan,False,pan,,31.99,5.8719,False,original,5.448,from_brasil_cambio_dolar,keep,heuristic_default,dataset/txt_limpios/1580.txt,dataset/paginas_descargadas/1580.html
1582,Meu Desconto,Blog do Pão,500g,BR,Desconocido,pan,False,pan,,39.99,7.3403,False,original,5.448,from_brasil_cambio_dolar,keep,heuristic_default,dataset/txt_limpios/1582.txt,dataset/paginas_descargadas/1582.html
1584,Meu Desconto,Blog do Pão,500g,BR,Desconocido,pan,False,pan,,39.99,7.3403,False,original,5.448,from_brasil_cambio_dolar,keep,heuristic_default,dataset/txt_limpios/1584.txt,dataset/paginas_descargadas/1584.html
1586,Meu Desconto,Blog do Pão,500g,BR,Desconocido,pan,False,pan,,39.99,7.3403,False,original,5.448,from_brasil_cambio_dolar,keep,heuristic_default,dataset/txt_limpios/1586.txt,dataset/paginas_descargadas/1586.html
1587,Meu Desconto,Blog do Pão,250g,BR,Desconocido,pan,False,pan,,27.99,5.1377,False,original,5.448,from_brasil_cambio_dolar,keep,heuristic_default,dataset/txt_limpios/1587.txt,dataset/paginas_descargadas/1587.html
1589,Meu Desconto,Blog do Pão,480g,BR,Desconocido,pan,False,pan,,9.99,1.8337,False,original,5.448,from_brasil_cambio_dolar,keep,heuristic_default,dataset/txt_limpios/1589.txt,dataset/paginas_descargadas/1589.html
1591,Meu Desconto,Blog do Pão,500g,BR,Desconocido,pan,False,pan,,9.99,1.8337,False,original,5.448,from_brasil_cambio_dolar,keep,heuristic_default,dataset/txt_limpios/1591.txt,dataset/paginas_descargadas/1591.html
1593,Meu Desconto,Blog do Pão,450g,BR,Desconocido,pan,False,pan,,8.59,1.5767,False,original,5.448,from_brasil_cambio_dolar,keep,heuristic_default,dataset/txt_limpios/1593.txt,dataset/paginas_descargadas/1593.html
1595,Meu Desconto,Blog do Pão,500g,BR,Desconocido,pan,False,pan,,14.29,2.623,False,original,5.448,from_brasil_cambio_dolar,keep,heuristic_default,dataset/txt_limpios/1595.txt,dataset/paginas_descargadas/1595.html
1597,Meu Desconto,Blog do Pão,400g,UNKNOWN,Desconocido,pan,False,pan,,400.0,400.0,False,original,1.0,default_1usd,keep,heuristic_default,dataset/txt_limpios/1597.txt,dataset/paginas_descargadas/1597.html
1599,Meu Desconto,Blog do Pão,"1,5l",BR,Desconocido,pan,False,pan,,10.99,2.0173,False,original,5.448,from_brasil_cambio_dolar,keep,heuristic_default,dataset/txt_limpios/1599.txt,dataset/paginas_descargadas/1599.html
1601,Meu Desconto,Blog do Pão,600ml,BR,Desconocido,pan,False,pan,,4.49,0.8242,False,original,5.448,from_brasil_cambio_dolar,keep,heuristic_default,dataset/txt_limpios/1601.txt,dataset/paginas_descargadas/1601.html
1603,Meu Desconto,Blog do Pão,"1,5l",BR,Desconocido,pan,False,pan,,8.59,1.5767,False,original,5.448,from_brasil_cambio_dolar,keep,heuristic_default,dataset/txt_limpios/1603.txt,dataset/paginas_descargadas/1603.html
1604,Meu Desconto,Blog do Pão,"1,5l",BR,Desconocido,pan,False,pan,,8.59,1.5767,False,original,5.448,from_brasil_cambio_dolar,keep,heuristic_default,dataset/txt_limpios/1604.txt,dataset/paginas_descargadas/1604.html
1607,Meu Desconto,Blog do Pão,"1,5 Litros",BR,Desconocido,pan,False,pan,,7.89,1.4482,False,original,5.448,from_brasil_cambio_dolar,keep,heuristic_default,dataset/txt_limpios/1607.txt,dataset/paginas_descargadas/1607.html
1609,Meu Desconto,Blog do Pão,500g,BR,Desconocido,pan,False,pan,,5.39,0.9894,False,original,5.448,from_brasil_cambio_dolar,keep,heuristic_default,dataset/txt_limpios/1609.txt,dataset/paginas_descargadas/1609.html
1611,Meu Desconto,Blog do Pão,500g,BR,Desconocido,pan,False,pan,,4.29,0.7874,False,original,5.448,from_brasil_cambio_dolar,keep,heuristic_default,dataset/txt_limpios/1611.txt,dataset/paginas_descargadas/1611.html
1613,Meu Desconto,Blog do Pão,500g,BR,Desconocido,pan,False,pan,,4.49,0.8242,False,original,5.448,from_brasil_cambio_dolar,keep,heuristic_default,dataset/txt_limpios/1613.txt,dataset/paginas_descargadas/1613.html
1615,Meu Desconto,Blog do Pão,500g,BR,Desconocido,pan,False,pan,,4.49,0.8242,False,original,5.448,from_brasil_cambio_dolar,keep,heuristic_default,dataset/txt_limpios/1615.txt,dataset/paginas_descargadas/1615.html
1620,Meu Desconto,Blog do Pão,500g,BR,Desconocido,pan,False,pan,,4.89,0.8976,False,original,5.448,from_brasil_cambio_dolar,keep,heuristic_default,dataset/txt_limpios/1620.txt,dataset/paginas_descargadas/1620.html
1623,Meu Desconto,Blog do Pão,1L,BR,Desconocido,pan,False,pan,,7.99,1.4666,False,original,5.448,from_brasil_cambio_dolar,keep,heuristic_default,dataset/txt_limpios/1623.txt,dataset/paginas_descargadas/1623.html
1624,Meu Desconto,Blog do Pão,1 Litro,UNKNOWN,Desconocido,pan,False,pan,,1.0,1.0,False,original,1.0,default_1usd,keep,heuristic_default,dataset/txt_limpios/1624.txt,dataset/paginas_descargadas/1624.html
1627,Meu Desconto,Blog do Pão,1 Litro,BR,Desconocido,pan,False,pan,,5.99,1.0995,False,original,5.448,from_brasil_cambio_dolar,keep,heuristic_default,dataset/txt_limpios/1627.txt,dataset/paginas_descargadas/1627.html
1633,Meu Desconto,Blog do Pão,1 Litro,UNKNOWN,Desconocido,pan,False,pan,,18.0,18.0,False,original,1.0,default_1usd,keep,heuristic_default,dataset/txt_limpios/1633.txt,dataset/paginas_descargadas/1633.html
1634,Meu Desconto,Blog do Pão,1L,BR,Desconocido,pan,False,pan,,7.99,1.4666,False,original,5.448,from_brasil_cambio_dolar,keep,heuristic_default,dataset/txt_limpios/1634.txt,dataset/paginas_descargadas/1634.html
1637,Meu Desconto,Blog do Pão,330ml,BR,Desconocido,pan,False,pan,,6.59,1.2096,False,original,5.448,from_brasil_cambio_dolar,keep,heuristic_default,dataset/txt_limpios/1637.txt,dataset/paginas_descargadas/1637.html
1639,Meu Desconto,Blog do Pão,350ml,BR,Desconocido,pan,False,pan,,5.29,0.971,False,original,5.448,from_brasil_cambio_dolar,keep,heuristic_default,dataset/txt_limpios/1639.txt,dataset/paginas_descargadas/1639.html
1643,Meu Desconto,Blog do Pão,269ml,BR,Desconocido,pan,False,pan,,2.99,0.5488,False,original,5.448,from_brasil_cambio_dolar,keep,heuristic_default,dataset/txt_limpios/1643.txt,dataset/paginas_descargadas/1643.html
230,Meu Desconto,Minha Lista,1kg,BR,Desconocido,pan,True,sin_categoria,pan,7.69,1.4115,False,original,5.448,from_brasil_cambio_dolar,keep_imputed,no_category_detected,dataset/txt_limpios/230.txt,dataset/paginas_descargadas/230.html
231,Meu Desconto,Minha Lista,1kg,BR,Desconocido,pan,True,sin_categoria,pan,6.59,1.2096,False,original,5.448,from_brasil_cambio_dolar,keep_imputed,no_category_detected,dataset/txt_limpios/231.txt,dataset/paginas_descargadas/231.html
232,Meu Desconto,Minha Lista,5kg,BR,Desconocido,pan,True,sin_categoria,pan,20.99,3.8528,False,original,5.448,from_brasil_cambio_dolar,keep_imputed,no_category_detected,dataset/txt_limpios/232.txt,dataset/paginas_descargadas/232.html
233,Meu Desconto,Minha Lista,1kg,BR,Desconocido,pan,True,sin_categoria,pan,18.99,3.4857,False,original,5.448,from_brasil_cambio_dolar,keep_imputed,no_category_detected,dataset/txt_limpios/233.txt,dataset/paginas_descargadas/233.html
234,Meu Desconto,Minha Lista,5kg,UNKNOWN,Desconocido,pan,True,sin_categoria,pan,1.0,1.0,False,original,1.0,default_1usd,keep_imputed,no_category_detected,dataset/txt_limpios/234.txt,dataset/paginas_descargadas/234.html
235,Meu Desconto,Minha Lista,500g,BR,Desconocido,pan,True,sin_categoria,pan,34.99,6.4225,False,original,5.448,from_brasil_cambio_dolar,keep_imputed,no_category_detected,dataset/txt_limpios/235.txt,dataset/paginas_descargadas/235.html
236,Meu Desconto,Minha Lista,500g,BR,Desconocido,pan,True,sin_categoria,pan,41.49,7.6156,False,original,5.448,from_brasil_cambio_dolar,keep_imputed,no_category_detected,dataset/txt_limpios/236.txt,dataset/paginas_descargadas/236.html
237,Meu Desconto,Minha Lista,500g,BR,Desconocido,pan,True,sin_categoria,pan,46.49,8.5334,False,original,5.448,from_brasil_cambio_dolar,keep_imputed,no_category_detected,dataset/txt_limpios/237.txt,dataset/paginas_descargadas/237.html
238,Meu Desconto,Minha Lista,500g,BR,Desconocido,pan,True,sin_categoria,pan,38.99,7.1568,False,original,5.448,from_brasil_cambio_dolar,keep_imputed,no_category_detected,dataset/txt_limpios/238.txt,dataset/paginas_descargadas/238.html
239,Meu Desconto,Minha Lista,250g,BR,Desconocido,pan,True,sin_categoria,pan,26.99,4.9541,False,original,5.448,from_brasil_cambio_dolar,keep_imputed,no_category_detected,dataset/txt_limpios/239.txt,dataset/paginas_descargadas/239.html
240,Meu Desconto,Minha Lista,480g,BR,Desconocido,pan,True,sin_categoria,pan,10.29,1.8888,False,original,5.448,from_brasil_cambio_dolar,keep_imputed,no_category_detected,dataset/txt_limpios/240.txt,dataset/paginas_descargadas/240.html
241,Meu Desconto,Minha Lista,500g,BR,Desconocido,pan,True,sin_categoria,pan,11.49,2.109,False,original,5.448,from_brasil_cambio_dolar,keep_imputed,no_category_detected,dataset/txt_limpios/241.txt,dataset/paginas_descargadas/241.html
242,Meu Desconto,Minha Lista,450g,BR,Desconocido,pan,True,sin_categoria,pan,7.19,1.3198,False,original,5.448,from_brasil_cambio_dolar,keep_imputed,no_category_detected,dataset/txt_limpios/242.txt,dataset/paginas_descargadas/242.html
243,Meu Desconto,Minha Lista,500g,BR,Desconocido,pan,True,sin_categoria,pan,15.29,2.8065,False,original,5.448,from_brasil_cambio_dolar,keep_imputed,no_category_detected,dataset/txt_limpios/243.txt,dataset/paginas_descargadas/243.html
244,Meu Desconto,Minha Lista,400g,UNKNOWN,Desconocido,pan,True,sin_categoria,pan,400.0,400.0,False,original,1.0,default_1usd,keep_imputed,no_category_detected,dataset/txt_limpios/244.txt,dataset/paginas_descargadas/244.html
245,Meu Desconto,Minha Lista,"1,5l",BR,Desconocido,pan,True,sin_categoria,pan,8.49,1.5584,False,original,5.448,from_brasil_cambio_dolar,keep_imputed,no_category_detected,dataset/txt_limpios/245.txt,dataset/paginas_descargadas/245.html
246,Meu Desconto,Minha Lista,600ml,BR,Desconocido,pan,True,sin_categoria,pan,5.39,0.9894,False,original,5.448,from_brasil_cambio_dolar,keep_imputed,no_category_detected,dataset/txt_limpios/246.txt,dataset/paginas_descargadas/246.html
247,Meu Desconto,Minha Lista,"1,5l",BR,Desconocido,pan,True,sin_categoria,pan,8.99,1.6501,False,original,5.448,from_brasil_cambio_dolar,keep_imputed,no_category_detected,dataset/txt_limpios/247.txt,dataset/paginas_descargadas/247.html
248,Meu Desconto,Minha Lista,"1,5l",BR,Desconocido,pan,True,sin_categoria,pan,8.99,1.6501,False,original,5.448,from_brasil_cambio_dolar,keep_imputed,no_category_detected,dataset/txt_limpios/248.txt,dataset/paginas_descargadas/248.html
249,Meu Desconto,Minha Lista,"1,5l",BR,Desconocido,pan,True,sin_categoria,pan,7.29,1.3381,False,original,5.448,from_brasil_cambio_dolar,keep_imputed,no_category_detected,dataset/txt_limpios/249.txt,dataset/paginas_descargadas/249.html
250,Meu Desconto,Minha Lista,500g,BR,Desconocido,pan,True,sin_categoria,pan,5.19,0.9526,False,original,5.448,from_brasil_cambio_dolar,keep_imputed,no_category_detected,dataset/txt_limpios/250.txt,dataset/paginas_descargadas/250.html
251,Meu Desconto,Minha Lista,500g,BR,Desconocido,pan,True,sin_categoria,pan,5.19,0.9526,False,original,5.448,from_brasil_cambio_dolar,keep_imputed,no_category_detected,dataset/txt_limpios/251.txt,dataset/paginas_descargadas/251.html
252,Meu Desconto,Minha Lista,500g,BR,Desconocido,pan,True,sin_categoria,pan,4.49,0.8242,False,original,5.448,from_brasil_cambio_dolar,keep_imputed,no_category_detected,dataset/txt_limpios/252.txt,dataset/paginas_descargadas/252.html
253,Meu Desconto,Minha Lista,500g,BR,Desconocido,pan,True,sin_categoria,pan,4.49,0.8242,False,original,5.448,from_brasil_cambio_dolar,keep_imputed,no_category_detected,dataset/txt_limpios/253.txt,dataset/paginas_descargadas/253.html
254,Meu Desconto,Minha Lista,500g,BR,Desconocido,pan,True,sin_categoria,pan,4.99,0.9159,False,original,5.448,from_brasil_cambio_dolar,keep_imputed,no_category_detected,dataset/txt_limpios/254.txt,dataset/paginas_descargadas/254.html
255,Meu Desconto,Minha Lista,1 Litro,UNKNOWN,Desconocido,pan,True,sin_categoria,pan,1.0,1.0,False,original,1.0,default_1usd,keep_imputed,no_category_detected,dataset/txt_limpios/255.txt,dataset/paginas_descargadas/255.html
256,Meu Desconto,Minha Lista,1L,BR,Desconocido,pan,True,sin_categoria,pan,8.39,1.54,False,original,5.448,from_brasil_cambio_dolar,keep_imputed,no_category_detected,dataset/txt_limpios/256.txt,dataset/paginas_descargadas/256.html
257,Meu Desconto,Minha Lista,1 Litro,BR,Desconocido,pan,True,sin_categoria,pan,6.19,1.1362,False,original,5.448,from_brasil_cambio_dolar,keep_imputed,no_category_detected,dataset/txt_limpios/257.txt,dataset/paginas_descargadas/257.html
258,Meu Desconto,Minha Lista,1L,BR,Desconocido,pan,True,sin_categoria,pan,8.39,1.54,False,original,5.448,from_brasil_cambio_dolar,keep_imputed,no_category_detected,dataset/txt_limpios/258.txt,dataset/paginas_descargadas/258.html
259,Meu Desconto,Minha Lista,1 Litro,BR,Desconocido,pan,True,sin_categoria,pan,6.29,1.1546,False,original,5.448,from_brasil_cambio_dolar,keep_imputed,no_category_detected,dataset/txt_limpios/259.txt,dataset/paginas_descargadas/259.html
260,Meu Desconto,Minha Lista,350ml,BR,Desconocido,pan,True,sin_categoria,pan,5.59,1.0261,False,original,5.448,from_brasil_cambio_dolar,keep_imputed,no_category_detected,dataset/txt_limpios/260.txt,dataset/paginas_descargadas/260.html
261,Meu Desconto,Minha Lista,330ml,BR,Desconocido,pan,True,sin_categoria,pan,4.99,0.9159,False,original,5.448,from_brasil_cambio_dolar,keep_imputed,no_category_detected,dataset/txt_limpios/261.txt,dataset/paginas_descargadas/261.html
262,Meu Desconto,Minha Lista,269ml,BR,Desconocido,pan,True,sin_categoria,pan,3.39,0.6222,False,original,5.448,from_brasil_cambio_dolar,keep_imputed,no_category_detected,dataset/txt_limpios/262.txt,dataset/paginas_descargadas/262.html
263,Meu Desconto,Minha Lista,,UNKNOWN,Desconocido,pan,True,sin_categoria,pan,18.0,18.0,False,original,1.0,default_1usd,keep_imputed,no_category_detected,dataset/txt_limpios/263.txt,dataset/paginas_descargadas/263.html
264,Meu Desconto,Minha Lista,350ml,BR,Desconocido,pan,True,sin_categoria,pan,5.19,0.9526,False,original,5.448,from_brasil_cambio_dolar,keep_imputed,no_category_detected,dataset/txt_limpios/264.txt,dataset/paginas_descargadas/264.html
265,Meu Desconto,Minha Lista,,UNKNOWN,Desconocido,pan,True,sin_categoria,pan,18.0,18.0,False,original,1.0,default_1usd,keep_imputed,no_category_detected,dataset/txt_limpios/265.txt,dataset/paginas_descargadas/265.html
266,Meu Desconto,Minha Lista,800g,BR,Desconocido,pan,True,sin_categoria,pan,15.9,2.9185,False,original,5.448,from_brasil_cambio_dolar,keep_imputed,no_category_detected,dataset/txt_limpios/266.txt,dataset/paginas_descargadas/266.html
267,Meu Desconto,Minha Lista,"2,2Kg",BR,Desconocido,pan,True,sin_categoria,pan,28.99,5.3212,False,original,5.448,from_brasil_cambio_dolar,keep_imputed,no_category_detected,dataset/txt_limpios/267.txt,dataset/paginas_descargadas/267.html
268,Meu Desconto,Minha Lista,700g,BR,Desconocido,pan,True,sin_categoria,pan,33.99,6.239,False,original,5.448,from_brasil_cambio_dolar,keep_imputed,no_category_detected,dataset/txt_limpios/268.txt,dataset/paginas_descargadas/268.html
270,Meu Desconto,Minha Lista,1kg,BR,Desconocido,pan,True,sin_categoria,pan,5.49,1.0077,False,original,5.448,from_brasil_cambio_dolar,keep_imputed,no_category_detected,dataset/txt_limpios/270.txt,dataset/paginas_descargadas/270.html
271,Meu Desconto,Minha Lista,1kg,BR,Desconocido,pan,True,sin_categoria,pan,4.29,0.7874,False,original,5.448,from_brasil_cambio_dolar,keep_imputed,no_category_detected,dataset/txt_limpios/271.txt,dataset/paginas_descargadas/271.html
272,Meu Desconto,Minha Lista,1kg,BR,Desconocido,pan,True,sin_categoria,pan,4.99,0.9159,False,original,5.448,from_brasil_cambio_dolar,keep_imputed,no_category_detected,dataset/txt_limpios/272.txt,dataset/paginas_descargadas/272.html
273,Meu Desconto,Minha Lista,1kg,BR,Desconocido,pan,True,sin_categoria,pan,9.19,1.6869,False,original,5.448,from_brasil_cambio_dolar,keep_imputed,no_category_detected,dataset/txt_limpios/273.txt,dataset/paginas_descargadas/273.html
274,Meu Desconto,Minha Lista,1kg,BR,Desconocido,pan,True,sin_categoria,pan,7.99,1.4666,False,original,5.448,from_brasil_cambio_dolar,keep_imputed,no_category_detected,dataset/txt_limpios/274.txt,dataset/paginas_descargadas/274.html
275,Meu Desconto,Minha Lista,500g,BR,Desconocido,pan,True,sin_categoria,pan,10.29,1.8888,False,original,5.448,from_brasil_cambio_dolar,keep_imputed,no_category_detected,dataset/txt_limpios/275.txt,dataset/paginas_descargadas/275.html
276,Meu Desconto,Minha Lista,500g,BR,Desconocido,pan,True,sin_categoria,pan,7.99,1.4666,False,original,5.448,from_brasil_cambio_dolar,keep_imputed,no_category_detected,dataset/txt_limpios/276.txt,dataset/paginas_descargadas/276.html
277,Meu Desconto,Minha Lista,1kg,BR,Desconocido,pan,True,sin_categoria,pan,9.19,1.6869,False,original,5.448,from_brasil_cambio_dolar,keep_imputed,no_category_detected,dataset/txt_limpios/277.txt,dataset/paginas_descargadas/277.html
278,Meu Desconto,Minha Lista,1kg,BR,Desconocido,pan,True,sin_categoria,pan,8.39,1.54,False,original,5.448,from_brasil_cambio_dolar,keep_imputed,no_category_detected,dataset/txt_limpios/278.txt,dataset/paginas_descargadas/278.html
279,Meu Desconto,Minha Lista,250g,BR,Desconocido,pan,True,sin_categoria,pan,12.29,2.2559,False,original,5.448,from_brasil_cambio_dolar,keep_imputed,no_category_detected,dataset/txt_limpios/279.txt,dataset/paginas_descargadas/279.html
373,Meu Desconto,Minha Lista,5kg,UNKNOWN,Desconocido,pan,True,sin_categoria,pan,1.0,1.0,False,original,1.0,default_1usd,keep_imputed,no_category_detected,dataset/txt_limpios/373.txt,dataset/paginas_descargadas/373.html
374,Meu Desconto,Minha Lista,1kg,BR,Desconocido,pan,True,sin_categoria,pan,5.09,0.9343,False,original,5.448,from_brasil_cambio_dolar,keep_imputed,no_category_detected,dataset/txt_limpios/374.txt,dataset/paginas_descargadas/374.html
375,Meu Desconto,Minha Lista,1kg,BR,Desconocido,pan,True,sin_categoria,pan,7.29,1.3381,False,original,5.448,from_brasil_cambio_dolar,keep_imputed,no_category_detected,dataset/txt_limpios/375.txt,dataset/paginas_descargadas/375.html
376,Meu Desconto,Minha Lista,5kg,BR,Desconocido,pan,True,sin_categoria,pan,17.99,3.3021,False,original,5.448,from_brasil_cambio_dolar,keep_imputed,no_category_detected,dataset/txt_limpios/376.txt,dataset/paginas_descargadas/376.html
377,Meu Desconto,Minha Lista,5kg,BR,Desconocido,pan,True,sin_categoria,pan,28.99,5.3212,False,original,5.448,from_brasil_cambio_dolar,keep_imputed,no_category_detected,dataset/txt_limpios/377.txt,dataset/paginas_descargadas/377.html
378,Meu Desconto,Minha Lista,500g,BR,Desconocido,pan,True,sin_categoria,pan,31.99,5.8719,False,original,5.448,from_brasil_cambio_dolar,keep_imputed,no_category_detected,dataset/txt_limpios/378.txt,dataset/paginas_descargadas/378.html
379,Meu Desconto,Minha Lista,500g,BR,Desconocido,pan,True,sin_categoria,pan,37.99,6.9732,False,original,5.448,from_brasil_cambio_dolar,keep_imputed,no_category_detected,dataset/txt_limpios/379.txt,dataset/paginas_descargadas/379.html
380,Meu Desconto,Minha Lista,500g,BR,Desconocido,pan,True,sin_categoria,pan,34.99,6.4225,False,original,5.448,from_brasil_cambio_dolar,keep_imputed,no_category_detected,dataset/txt_limpios/380.txt,dataset/paginas_descargadas/380.html
381,Meu Desconto,Minha Lista,500g,BR,Desconocido,pan,True,sin_categoria,pan,32.49,5.9637,False,original,5.448,from_brasil_cambio_dolar,keep_imputed,no_category_detected,dataset/txt_limpios/381.txt,dataset/paginas_descargadas/381.html
382,Meu Desconto,Minha Lista,500g,BR,Desconocido,pan,True,sin_categoria,pan,37.99,6.9732,False,original,5.448,from_brasil_cambio_dolar,keep_imputed,no_category_detected,dataset/txt_limpios/382.txt,dataset/paginas_descargadas/382.html
383,Meu Desconto,Minha Lista,400g,UNKNOWN,Desconocido,pan,True,sin_categoria,pan,400.0,400.0,False,original,1.0,default_1usd,keep_imputed,no_category_detected,dataset/txt_limpios/383.txt,dataset/paginas_descargadas/383.html
384,Meu Desconto,Minha Lista,450g,BR,Desconocido,pan,True,sin_categoria,pan,6.99,1.283,False,original,5.448,from_brasil_cambio_dolar,keep_imputed,no_category_detected,dataset/txt_limpios/384.txt,dataset/paginas_descargadas/384.html
385,Meu Desconto,Minha Lista,480g,BR,Desconocido,pan,True,sin_categoria,pan,9.99,1.8337,False,original,5.448,from_brasil_cambio_dolar,keep_imputed,no_category_detected,dataset/txt_limpios/385.txt,dataset/paginas_descargadas/385.html
386,Meu Desconto,Minha Lista,480g,BR,Desconocido,pan,True,sin_categoria,pan,9.99,1.8337,False,original,5.448,from_brasil_cambio_dolar,keep_imputed,no_category_detected,dataset/txt_limpios/386.txt,dataset/paginas_descargadas/386.html
387,Meu Desconto,Minha Lista,400g,BR,Desconocido,pan,True,sin_categoria,pan,5.99,1.0995,False,original,5.448,from_brasil_cambio_dolar,keep_imputed,no_category_detected,dataset/txt_limpios/387.txt,dataset/paginas_descargadas/387.html
388,Meu Desconto,Minha Lista,350ml,BR,Desconocido,pan,True,sin_categoria,pan,3.49,0.6406,False,original,5.448,from_brasil_cambio_dolar,keep_imputed,no_category_detected,dataset/txt_limpios/388.txt,dataset/paginas_descargadas/388.html
389,Meu Desconto,Minha Lista,2l,BR,Desconocido,pan,True,sin_categoria,pan,11.99,2.2008,False,original,5.448,from_brasil_cambio_dolar,keep_imputed,no_category_detected,dataset/txt_limpios/389.txt,dataset/paginas_descargadas/389.html
390,Meu Desconto,Minha Lista,2l,BR,Desconocido,pan,True,sin_categoria,pan,7.99,1.4666,False,original,5.448,from_brasil_cambio_dolar,keep_imputed,no_category_detected,dataset/txt_limpios/390.txt,dataset/paginas_descargadas/390.html
391,Meu Desconto,Minha Lista,200ml,BR,Desconocido,pan,True,sin_categoria,pan,1.89,0.3469,False,original,5.448,from_brasil_cambio_dolar,keep_imputed,no_category_detected,dataset/txt_limpios/391.txt,dataset/paginas_descargadas/391.html
393,Meu Desconto,Minha Lista,500g,BR,Desconocido,pan,True,sin_categoria,pan,3.89,0.714,False,original,5.448,from_brasil_cambio_dolar,keep_imputed,no_category_detected,dataset/txt_limpios/393.txt,dataset/paginas_descargadas/393.html
394,Meu Desconto,Minha Lista,500g,BR,Desconocido,pan,True,sin_categoria,pan,5.59,1.0261,False,original,5.448,from_brasil_cambio_dolar,keep_imputed,no_category_detected,dataset/txt_limpios/394.txt,dataset/paginas_descargadas/394.html
395,Meu Desconto,Minha Lista,500g,UNKNOWN,Desconocido,pan,True,sin_categoria,pan,2.0,2.0,False,original,1.0,default_1usd,keep_imputed,no_category_detected,dataset/txt_limpios/395.txt,dataset/paginas_descargadas/395.html
396,Meu Desconto,Minha Lista,500g,BR,Desconocido,pan,True,sin_categoria,pan,11.49,2.109,False,original,5.448,from_brasil_cambio_dolar,keep_imputed,no_category_detected,dataset/txt_limpios/396.txt,dataset/paginas_descargadas/396.html
397,Meu Desconto,Minha Lista,500g,BR,Desconocido,pan,True,sin_categoria,pan,5.59,1.0261,False,original,5.448,from_brasil_cambio_dolar,keep_imputed,no_category_detected,dataset/txt_limpios/397.txt,dataset/paginas_descargadas/397.html
398,Meu Desconto,Minha Lista,1l,UNKNOWN,Desconocido,pan,True,sin_categoria,pan,1.0,1.0,False,original,1.0,default_1usd,keep_imputed,no_category_detected,dataset/txt_limpios/398.txt,dataset/paginas_descargadas/398.html
399,Meu Desconto,Minha Lista,1 Litro,BR,Desconocido,pan,True,sin_categoria,pan,4.69,0.8609,False,original,5.448,from_brasil_cambio_dolar,keep_imputed,no_category_detected,dataset/txt_limpios/399.txt,dataset/paginas_descargadas/399.html
400,Meu Desconto,Minha Lista,1l,BR,Desconocido,pan,True,sin_categoria,pan,4.49,0.8242,False,original,5.448,from_brasil_cambio_dolar,keep_imputed,no_category_detected,dataset/txt_limpios/400.txt,dataset/paginas_descargadas/400.html
401,Meu Desconto,Minha Lista,1L,BR,Desconocido,pan,True,sin_categoria,pan,4.99,0.9159,False,original,5.448,from_brasil_cambio_dolar,keep_imputed,no_category_detected,dataset/txt_limpios/401.txt,dataset/paginas_descargadas/401.html
402,Meu Desconto,Minha Lista,1 Litro,BR,Desconocido,pan,True,sin_categoria,pan,4.69,0.8609,False,original,5.448,from_brasil_cambio_dolar,keep_imputed,no_category_detected,dataset/txt_limpios/402.txt,dataset/paginas_descargadas/402.html
403,Meu Desconto,Minha Lista,269ml,BR,Desconocido,pan,True,sin_categoria,pan,3.49,0.6406,False,original,5.448,from_brasil_cambio_dolar,keep_imputed,no_category_detected,dataset/txt_limpios/403.txt,dataset/paginas_descargadas/403.html
404,Meu Desconto,Minha Lista,350ml,BR,Desconocido,pan,True,sin_categoria,pan,5.59,1.0261,False,original,5.448,from_brasil_cambio_dolar,keep_imputed,no_category_detected,dataset/txt_limpios/404.txt,dataset/paginas_descargadas/404.html
405,Meu Desconto,Minha Lista,330ml,BR,Desconocido,pan,True,sin_categoria,pan,6.79,1.2463,False,original,5.448,from_brasil_cambio_dolar,keep_imputed,no_category_detected,dataset/txt_limpios/405.txt,dataset/paginas_descargadas/405.html
406,Meu Desconto,Minha Lista,350ml,BR,Desconocido,pan,True,sin_categoria,pan,3.79,0.6957,False,original,5.448,from_brasil_cambio_dolar,keep_imputed,no_category_detected,dataset/txt_limpios/406.txt,dataset/paginas_descargadas/406.html
407,Meu Desconto,Minha Lista,269ml,BR,Desconocido,pan,True,sin_categoria,pan,3.19,0.5855,False,original,5.448,from_brasil_cambio_dolar,keep_imputed,no_category_detected,dataset/txt_limpios/407.txt,dataset/paginas_descargadas/407.html
408,Meu Desconto,Minha Lista,1kg,BR,Desconocido,pan,True,sin_categoria,pan,28.9,5.3047,False,original,5.448,from_brasil_cambio_dolar,keep_imputed,no_category_detected,dataset/txt_limpios/408.txt,dataset/paginas_descargadas/408.html
409,Meu Desconto,Minha Lista,1kg,UNKNOWN,Desconocido,pan,True,sin_categoria,pan,1.0,1.0,False,original,1.0,default_1usd,keep_imputed,no_category_detected,dataset/txt_limpios/409.txt,dataset/paginas_descargadas/409.html
410,Meu Desconto,Minha Lista,800g,BR,Desconocido,pan,True,sin_categoria,pan,21.9,4.0198,False,original,5.448,from_brasil_cambio_dolar,keep_imputed,no_category_detected,dataset/txt_limpios/410.txt,dataset/paginas_descargadas/410.html
411,Meu Desconto,Minha Lista,1kg,BR,Desconocido,pan,True,sin_categoria,pan,22.9,4.2034,False,original,5.448,from_brasil_cambio_dolar,keep_imputed,no_category_detected,dataset/txt_limpios/411.txt,dataset/paginas_descargadas/411.html
413,Meu Desconto,Minha Lista,1kg,BR,Desconocido,pan,True,sin_categoria,pan,5.09,0.9343,False,original,5.448,from_brasil_cambio_dolar,keep_imputed,no_category_detected,dataset/txt_limpios/413.txt,dataset/paginas_descargadas/413.html
414,Meu Desconto,Minha Lista,1Kg,UNKNOWN,Desconocido,pan,True,sin_categoria,pan,1.0,1.0,False,original,1.0,default_1usd,keep_imputed,no_category_detected,dataset/txt_limpios/414.txt,dataset/paginas_descargadas/414.html
415,Meu Desconto,Minha Lista,1Kg,BR,Desconocido,pan,True,sin_categoria,pan,4.29,0.7874,False,original,5.448,from_brasil_cambio_dolar,keep_imputed,no_category_detected,dataset/txt_limpios/415.txt,dataset/paginas_descargadas/415.html
416,Meu Desconto,Minha Lista,1kg,BR,Desconocido,pan,True,sin_categoria,pan,4.79,0.8792,False,original,5.448,from_brasil_cambio_dolar,keep_imputed,no_category_detected,dataset/txt_limpios/416.txt,dataset/paginas_descargadas/416.html
417,Meu Desconto,Minha Lista,1kg,BR,Desconocido,pan,True,sin_categoria,pan,7.39,1.3565,False,original,5.448,from_brasil_cambio_dolar,keep_imputed,no_category_detected,dataset/txt_limpios/417.txt,dataset/paginas_descargadas/417.html
418,Meu Desconto,Minha Lista,1Kg,BR,Desconocido,pan,True,sin_categoria,pan,6.39,1.1729,False,original,5.448,from_brasil_cambio_dolar,keep_imputed,no_category_detected,dataset/txt_limpios/418.txt,dataset/paginas_descargadas/418.html
419,Meu Desconto,Minha Lista,1kg,BR,Desconocido,pan,True,sin_categoria,pan,5.29,0.971,False,original,5.448,from_brasil_cambio_dolar,keep_imputed,no_category_detected,dataset/txt_limpios/419.txt,dataset/paginas_descargadas/419.html
420,Meu Desconto,Minha Lista,1kg,UNKNOWN,Desconocido,pan,True,sin_categoria,pan,1.0,1.0,False,original,1.0,default_1usd,keep_imputed,no_category_detected,dataset/txt_limpios/420.txt,dataset/paginas_descargadas/420.html
421,Meu Desconto,Minha Lista,1kg,BR,Desconocido,pan,True,sin_categoria,pan,5.09,0.9343,False,original,5.448,from_brasil_cambio_dolar,keep_imputed,no_category_detected,dataset/txt_limpios/421.txt,dataset/paginas_descargadas/421.html
1616,Multi Marca,"Papa Malla, 2 Kg",2 Kg,UNKNOWN,Desconocido,papa,False,papa,,2.69,2.69,False,original,1.0,default_1usd,keep,heuristic_default,dataset/txt_limpios/1616.txt,dataset/paginas_descargadas/1616.html
902,nuestra cocina,1 Kg,1 Kg,UNKNOWN,Desconocido,arroz,False,arroz,,1.59,1.59,False,original,1.0,default_1usd,keep,heuristic_default,dataset/txt_limpios/902.txt,dataset/paginas_descargadas/902.html
1544,Padaria e Matinais,Panes y Torradas,500g,BR,Desconocido,pan,False,pan,,8.78,1.6116,False,original,5.448,from_brasil_cambio_dolar,keep,heuristic_default,dataset/txt_limpios/1544.txt,dataset/paginas_descargadas/1544.html
1548,Padaria e Matinais,Panes y Torradas,450g,BR,Desconocido,pan,False,pan,,13.99,2.5679,False,original,5.448,from_brasil_cambio_dolar,keep,heuristic_default,dataset/txt_limpios/1548.txt,dataset/paginas_descargadas/1548.html
1555,Padaria e Matinais,Panes y Torradas,400g,BR,Desconocido,pan,False,pan,,8.78,1.6116,False,original,5.448,from_brasil_cambio_dolar,keep,heuristic_default,dataset/txt_limpios/1555.txt,dataset/paginas_descargadas/1555.html
1564,Padaria e Matinais,Leites,1 L,BR,Desconocido,pan,True,sin_categoria,pan,33.14,6.083,False,original,5.448,from_brasil_cambio_dolar,keep_imputed,no_category_detected,dataset/txt_limpios/1564.txt,dataset/paginas_descargadas/1564.html
1565,Padaria e Matinais,Leites,1 L,BR,Desconocido,pan,True,sin_categoria,pan,33.14,6.083,False,original,5.448,from_brasil_cambio_dolar,keep_imputed,no_category_detected,dataset/txt_limpios/1565.txt,dataset/paginas_descargadas/1565.html
1566,Padaria e Matinais,Leites,1L,BR,Desconocido,pan,True,sin_categoria,pan,5.99,1.0995,False,original,5.448,from_brasil_cambio_dolar,keep_imputed,no_category_detected,dataset/txt_limpios/1566.txt,dataset/paginas_descargadas/1566.html
1568,Padaria e Matinais,Panes y Torradas,450g,BR,Desconocido,pan,False,pan,,33.14,6.083,False,original,5.448,from_brasil_cambio_dolar,keep,heuristic_default,dataset/txt_limpios/1568.txt,dataset/paginas_descargadas/1568.html
1614,Padaria e Matinais,Panes y Torradas,450g,BR,Desconocido,pan,False,pan,,11.9,2.1843,False,original,5.448,from_brasil_cambio_dolar,keep,heuristic_default,dataset/txt_limpios/1614.txt,dataset/paginas_descargadas/1614.html
1737,Padaria e Matinais,Leites,1 Litro,BR,Desconocido,pan,True,sin_categoria,pan,5.15,0.9453,False,original,5.448,from_brasil_cambio_dolar,keep_imputed,no_category_detected,dataset/txt_limpios/1737.txt,dataset/paginas_descargadas/1737.html
1740,Padaria e Matinais,Leites,1L,BR,Desconocido,pan,True,sin_categoria,pan,5.99,1.0995,False,original,5.448,from_brasil_cambio_dolar,keep_imputed,no_category_detected,dataset/txt_limpios/1740.txt,dataset/paginas_descargadas/1740.html
190,Padaria e Matinais,Panes y Torradas,500g,BR,Desconocido,pan,False,pan,,9.49,1.7419,False,original,5.448,from_brasil_cambio_dolar,keep,heuristic_default,dataset/txt_limpios/190.txt,dataset/paginas_descargadas/190.html
191,Padaria e Matinais,Panes y Torradas,400g,BR,Desconocido,pan,False,pan,,9.69,1.7786,False,original,5.448,from_brasil_cambio_dolar,keep,heuristic_default,dataset/txt_limpios/191.txt,dataset/paginas_descargadas/191.html
192,Padaria e Matinais,Panes y Torradas,450g,UNKNOWN,Desconocido,pan,False,pan,,44.23,44.2339,True,category_country_mean,1.0,default_1usd,keep_imputed,price_parse_failed;price<=0,dataset/txt_limpios/192.txt,dataset/paginas_descargadas/192.html
193,Padaria e Matinais,Panes y Torradas,450g,BR,Desconocido,pan,False,pan,,17.59,3.2287,False,original,5.448,from_brasil_cambio_dolar,keep,heuristic_default,dataset/txt_limpios/193.txt,dataset/paginas_descargadas/193.html
194,Padaria e Matinais,Panes y Torradas,450g,BR,Desconocido,pan,False,pan,,6.19,1.1362,False,original,5.448,from_brasil_cambio_dolar,keep,heuristic_default,dataset/txt_limpios/194.txt,dataset/paginas_descargadas/194.html
205,Padaria e Matinais,Leites,1 Litro,UNKNOWN,Desconocido,pan,True,sin_categoria,pan,234.19,234.1938,True,country_mean,1.0,default_1usd,keep_imputed,no_category_detected;price_parse_failed,dataset/txt_limpios/205.txt,dataset/paginas_descargadas/205.html
206,Padaria e Matinais,Leites,1L,BR,Desconocido,pan,True,sin_categoria,pan,6.09,1.1178,False,original,5.448,from_brasil_cambio_dolar,keep_imputed,no_category_detected,dataset/txt_limpios/206.txt,dataset/paginas_descargadas/206.html
207,Padaria e Matinais,Leites,1 L,BR,Desconocido,pan,True,sin_categoria,pan,4.79,0.8792,False,original,5.448,from_brasil_cambio_dolar,keep_imputed,no_category_detected,dataset/txt_limpios/207.txt,dataset/paginas_descargadas/207.html
208,Padaria e Matinais,Leites,1 L,UNKNOWN,Desconocido,pan,True,sin_categoria,pan,234.19,234.1938,True,country_mean,1.0,default_1usd,keep_imputed,no_category_detected;price_parse_failed,dataset/txt_limpios/208.txt,dataset/paginas_descargadas/208.html
209,Padaria e Matinais,Leites,1L,UNKNOWN,Desconocido,pan,True,sin_categoria,pan,234.19,234.1938,True,country_mean,1.0,default_1usd,keep_imputed,no_category_detected;price_parse_failed,dataset/txt_limpios/209.txt,dataset/paginas_descargadas/209.html
1351,PAN MOLDE BLANCO FLOR DE ORO 550 G,Comparar,550 G,US,Desconocido,pan,False,pan,,1.05,1.05,False,original,1.0,default_1usd,keep,heuristic_default,dataset/txt_limpios/1351.txt,dataset/paginas_descargadas/1351.html
1352,PAN MOLDE BLANCO MODERNA 550 G,Comparar,550 G,US,Desconocido,pan,False,pan,,1.59,1.59,False,original,1.0,default_1usd,keep,heuristic_default,dataset/txt_limpios/1352.txt,dataset/paginas_descargadas/1352.html
1350,PAN MOLDE BLANCO SUPAN 550 G,Comparar,550 G,US,Desconocido,pan,False,pan,,1.56,1.56,False,original,1.0,default_1usd,keep,heuristic_default,dataset/txt_limpios/1350.txt,dataset/paginas_descargadas/1350.html
793,PAN TAJADO MANTEQUILLA 450G,Unidades disponibles,450G,UNKNOWN,Desconocido,leche,False,leche,,450.0,450.0,False,original,1.0,default_1usd,keep,heuristic_default,dataset/txt_limpios/793.txt,dataset/paginas_descargadas/793.html
792,PAN TAJADO MULTIGRANOS 450 G,Unidades disponibles,450 G,UNKNOWN,Desconocido,pan,False,pan,,450.0,450.0,False,original,1.0,default_1usd,keep,heuristic_default,dataset/txt_limpios/792.txt,dataset/paginas_descargadas/792.html
794,PAN VITAL FRUTICEREAL 500 G,Unidades disponibles,500 G,UNKNOWN,Desconocido,pan,False,pan,,500.0,500.0,False,original,1.0,default_1usd,keep,heuristic_default,dataset/txt_limpios/794.txt,dataset/paginas_descargadas/794.html
512,Panaderia Propia,Panificados,550g,UNKNOWN,Desconocido,leche,True,sin_categoria,leche,600.0,600.0,False,original,1.0,default_1usd,keep_imputed,no_category_detected,dataset/txt_limpios/512.txt,dataset/paginas_descargadas/512.html
19,Panaderia y tortilleria,Pan salado,675g,MX,Chedraui,pan,False,pan,,72.0,3.8668,True,category_country_mean,18.62,from_mexico_cambio_dolar,keep_imputed,price_parse_failed;price<=0,dataset/txt_limpios/19.txt,dataset/paginas_descargadas/19.html
1717,Panadería y Pastelería,Panadería,570 GR,UNKNOWN,Desconocido,pan,False,pan,,2.49,2.49,False,original,1.0,default_1usd,keep,heuristic_default,dataset/txt_limpios/1717.txt,dataset/paginas_descargadas/1717.html
1719,Panadería y Pastelería,Panadería,580 GR,UNKNOWN,Desconocido,pan,False,pan,,2.99,2.99,False,original,1.0,default_1usd,keep,heuristic_default,dataset/txt_limpios/1719.txt,dataset/paginas_descargadas/1719.html
1721,Panadería y Pastelería,Panadería,740 g,UNKNOWN,Desconocido,pan,False,pan,,2.59,2.59,False,original,1.0,default_1usd,keep,heuristic_default,dataset/txt_limpios/1721.txt,dataset/paginas_descargadas/1721.html
1747,Panadería y Pastelería,Panadería,580 GR,UNKNOWN,Desconocido,pan,False,pan,,2.69,2.69,False,original,1.0,default_1usd,keep,heuristic_default,dataset/txt_limpios/1747.txt,dataset/paginas_descargadas/1747.html
1753,Panadería y Pastelería,Panadería,580 g,UNKNOWN,Desconocido,pan,False,pan,,2.59,2.59,False,original,1.0,default_1usd,keep,heuristic_default,dataset/txt_limpios/1753.txt,dataset/paginas_descargadas/1753.html
892,Panadería y repostería,Pan,500 g,UNKNOWN,Desconocido,pan,False,pan,,1.95,1.95,False,original,1.0,default_1usd,keep,heuristic_default,dataset/txt_limpios/892.txt,dataset/paginas_descargadas/892.html
893,Panadería y repostería,Pan,750 g,UNKNOWN,Desconocido,pan,False,pan,,2.54,2.54,False,original,1.0,default_1usd,keep,heuristic_default,dataset/txt_limpios/893.txt,dataset/paginas_descargadas/893.html
894,Panadería y repostería,Pan,740 g,UNKNOWN,Desconocido,pan,False,pan,,2.19,2.19,False,original,1.0,default_1usd,keep,heuristic_default,dataset/txt_limpios/894.txt,dataset/paginas_descargadas/894.html
895,Panadería y repostería,Pan,800 g,UNKNOWN,Desconocido,pan,False,pan,,44.23,44.2339,True,category_country_mean,1.0,default_1usd,keep_imputed,price_parse_failed;price<=0,dataset/txt_limpios/895.txt,dataset/paginas_descargadas/895.html
896,Panadería y repostería,Pan,,UNKNOWN,Desconocido,pan,False,pan,,1.76,1.76,False,original,1.0,default_1usd,keep,heuristic_default,dataset/txt_limpios/896.txt,dataset/paginas_descargadas/896.html
801,PAPA AIRFRYER MCCAIN X 500G,Unidades disponibles,500G,UNKNOWN,Desconocido,papa,False,papa,,500.0,500.0,False,original,1.0,default_1usd,keep,heuristic_default,dataset/txt_limpios/801.txt,dataset/paginas_descargadas/801.html
802,PAPA CAPIRA X 2500 G,Unidades disponibles,2500 G,UNKNOWN,Desconocido,cebolla,False,cebolla,,2500.0,2500.0,False,original,1.0,default_1usd,keep,heuristic_default,dataset/txt_limpios/802.txt,dataset/paginas_descargadas/802.html
518,"Pasta Seca, Lista Y Rellenas",Pastas Secas,500g,UNKNOWN,Desconocido,pasta seca,False,pasta seca,,990.0,990.0,False,original,1.0,default_1usd,keep,heuristic_default,dataset/txt_limpios/518.txt,dataset/paginas_descargadas/518.html
519,"Pasta Seca, Lista Y Rellenas",Pastas Secas,500g,UNKNOWN,Desconocido,pasta seca,False,pasta seca,,975.0,975.0,False,original,1.0,default_1usd,keep,heuristic_default,dataset/txt_limpios/519.txt,dataset/paginas_descargadas/519.html
520,"Pasta Seca, Lista Y Rellenas",Pastas Secas,500 GR,UNKNOWN,Desconocido,pasta seca,False,pasta seca,,1137.5,1137.5,False,original,1.0,default_1usd,keep,heuristic_default,dataset/txt_limpios/520.txt,dataset/paginas_descargadas/520.html
521,"Pasta Seca, Lista Y Rellenas",Pastas Secas,500 Gr,UNKNOWN,Desconocido,pasta seca,False,pasta seca,,4224.35,4224.35,False,original,1.0,default_1usd,keep,heuristic_default,dataset/txt_limpios/521.txt,dataset/paginas_descargadas/521.html
522,"Pasta Seca, Lista Y Rellenas",Pastas Secas,500 GR,UNKNOWN,Desconocido,pasta seca,False,pasta seca,,4088.5,4088.5,False,original,1.0,default_1usd,keep,heuristic_default,dataset/txt_limpios/522.txt,dataset/paginas_descargadas/522.html
926,Pasta spaghetti integral,400 g,400 g,UNKNOWN,Desconocido,huevo,True,sin_categoria,huevo,950.0,950.0,False,original,1.0,default_1usd,keep_imputed,no_category_detected,dataset/txt_limpios/926.txt,dataset/paginas_descargadas/926.html
923,Pasta spaghetti n°5,400 g,400 g,UNKNOWN,Desconocido,huevo,True,sin_categoria,huevo,680.0,680.0,False,original,1.0,default_1usd,keep_imputed,no_category_detected,dataset/txt_limpios/923.txt,dataset/paginas_descargadas/923.html
925,Pasta spaghetti n°5,400 g,400 g,UNKNOWN,Desconocido,huevo,True,sin_categoria,huevo,470.0,470.0,False,original,1.0,default_1usd,keep_imputed,no_category_detected,dataset/txt_limpios/925.txt,dataset/paginas_descargadas/925.html
924,Pasta spaghetti n°5 al huevo,400 g,400 g,UNKNOWN,Desconocido,huevo,False,huevo,,1.22,1.22,False,original,1.0,default_1usd,keep_imputed,heuristic_default,dataset/txt_limpios/924.txt,dataset/paginas_descargadas/924.html
910,Pechuga deshuesada de pollo co...,4.5 Kg,4.5 Kg,UNKNOWN,Desconocido,pollo entero,True,sin_categoria,pollo entero,234.19,234.1938,True,country_mean,1.0,default_1usd,keep_imputed,no_category_detected;price_parse_failed,dataset/txt_limpios/910.txt,dataset/paginas_descargadas/910.html
1562,Pratos Prontos e Massas Frescas,Massas Frescas,500g,BR,Desconocido,pasta seca,True,sin_categoria,pasta seca,9.49,1.7419,False,original,5.448,from_brasil_cambio_dolar,keep_imputed,no_category_detected,dataset/txt_limpios/1562.txt,dataset/paginas_descargadas/1562.html
203,Pratos Prontos e Massas Frescas,Massas Frescas,500g,BR,Desconocido,pasta seca,True,sin_categoria,pasta seca,10.79,1.9805,False,original,5.448,from_brasil_cambio_dolar,keep_imputed,no_category_detected,dataset/txt_limpios/203.txt,dataset/paginas_descargadas/203.html
285,Preços no Site e App podem ser diferentes das Lojas Físicas.,Shipping,500 G,BR,Desconocido,pasta seca,True,sin_categoria,pasta seca,24.99,4.587,False,original,5.448,from_brasil_cambio_dolar,keep_imputed,no_category_detected,dataset/txt_limpios/285.txt,dataset/paginas_descargadas/285.html
290,Preços no Site e App podem ser diferentes das Lojas Físicas.,Shipping,500 G,BR,Desconocido,pasta seca,True,sin_categoria,pasta seca,24.99,4.587,False,original,5.448,from_brasil_cambio_dolar,keep_imputed,no_category_detected,dataset/txt_limpios/290.txt,dataset/paginas_descargadas/290.html
294,Preços no Site e App podem ser diferentes das Lojas Físicas.,Shipping,255 Ml,BR,Desconocido,cerveza,True,sin_categoria,cerveza,29.99,5.5048,False,original,5.448,from_brasil_cambio_dolar,keep_imputed,no_category_detected,dataset/txt_limpios/294.txt,dataset/paginas_descargadas/294.html
295,Preços no Site e App podem ser diferentes das Lojas Físicas.,Shipping,500 G,BR,Desconocido,pasta seca,True,sin_categoria,pasta seca,15.99,2.935,False,original,5.448,from_brasil_cambio_dolar,keep_imputed,no_category_detected,dataset/txt_limpios/295.txt,dataset/paginas_descargadas/295.html
307,Preços no Site e App podem ser diferentes das Lojas Físicas.,Shipping,600 Ml,BR,Desconocido,cerveza,True,sin_categoria,cerveza,24.99,4.587,False,original,5.448,from_brasil_cambio_dolar,keep_imputed,no_category_detected,dataset/txt_limpios/307.txt,dataset/paginas_descargadas/307.html
308,Preços no Site e App podem ser diferentes das Lojas Físicas.,Shipping,350 Ml,BR,Desconocido,cerveza,True,sin_categoria,cerveza,24.99,4.587,False,original,5.448,from_brasil_cambio_dolar,keep_imputed,no_category_detected,dataset/txt_limpios/308.txt,dataset/paginas_descargadas/308.html
313,Preços no Site e App podem ser diferentes das Lojas Físicas.,Shipping,1kg,BR,Desconocido,pasta seca,True,sin_categoria,pasta seca,15.99,2.935,False,original,5.448,from_brasil_cambio_dolar,keep_imputed,no_category_detected,dataset/txt_limpios/313.txt,dataset/paginas_descargadas/313.html
804,QUESITO ALPINA 185 G,Unidades disponibles,185 G,UNKNOWN,Desconocido,leche,False,leche,,185.0,185.0,False,original,1.0,default_1usd,keep,heuristic_default,dataset/txt_limpios/804.txt,dataset/paginas_descargadas/804.html
1364,QUESO FRESCO LUCILITA 250 G,Comparar,250 G,US,Desconocido,cerveza,True,sin_categoria,cerveza,250.0,250.0,False,original,1.0,default_1usd,keep_imputed,no_category_detected,dataset/txt_limpios/1364.txt,dataset/paginas_descargadas/1364.html
1361,QUESO FRESCO NANDITO 500 G,Comparar,500 G,US,Desconocido,cerveza,True,sin_categoria,cerveza,500.0,500.0,False,original,1.0,default_1usd,keep_imputed,no_category_detected,dataset/txt_limpios/1361.txt,dataset/paginas_descargadas/1361.html
1362,QUESO FRESCO REYQUESO 700 G,Comparar,700 G,US,Desconocido,cerveza,True,sin_categoria,cerveza,700.0,700.0,False,original,1.0,default_1usd,keep_imputed,no_category_detected,dataset/txt_limpios/1362.txt,dataset/paginas_descargadas/1362.html
532,Queso Semiduro,Danbo,1kg,UNKNOWN,Desconocido,azucar,True,sin_categoria,azucar,1.0,1.0,False,original,1.0,default_1usd,keep_imputed,no_category_detected,dataset/txt_limpios/532.txt,dataset/paginas_descargadas/532.html
528,Quesos Blandos,Queso Muzzarella,500g,UNKNOWN,Desconocido,huevo,True,sin_categoria,huevo,500.0,500.0,False,original,1.0,default_1usd,keep_imputed,no_category_detected,dataset/txt_limpios/528.txt,dataset/paginas_descargadas/528.html
529,Quesos Blandos,Queso Cremoso,500g,UNKNOWN,Desconocido,huevo,True,sin_categoria,huevo,500.0,500.0,False,original,1.0,default_1usd,keep_imputed,no_category_detected,dataset/txt_limpios/529.txt,dataset/paginas_descargadas/529.html
530,Quesos Blandos,Queso Cremoso,500g,UNKNOWN,Desconocido,huevo,True,sin_categoria,huevo,8999.0,8999.0,False,original,1.0,default_1usd,keep_imputed,no_category_detected,dataset/txt_limpios/530.txt,dataset/paginas_descargadas/530.html
531,Quesos Blandos,Queso Muzzarella,170g,UNKNOWN,Desconocido,leche,True,sin_categoria,leche,170.0,170.0,False,original,1.0,default_1usd,keep_imputed,no_category_detected,dataset/txt_limpios/531.txt,dataset/paginas_descargadas/531.html
1572,Refrigerante Coca-Cola Garrafa 2 L,"R$ 10,99",2 L,BR,Desconocido,papa,True,sin_categoria,papa,10.99,2.0173,False,original,5.448,from_brasil_cambio_dolar,keep_imputed,no_category_detected,dataset/txt_limpios/1572.txt,dataset/paginas_descargadas/1572.html
195,Refrigerante Coca-Cola Garrafa 2 L,"R$ 11,49",2 L,BR,Desconocido,papa,True,sin_categoria,papa,11.49,2.109,False,original,5.448,from_brasil_cambio_dolar,keep_imputed,no_category_detected,dataset/txt_limpios/195.txt,dataset/paginas_descargadas/195.html
1354,Resultados de búsqueda para: 'pan molde mas ahorro 550 g 259789000',Ver como,550 g,UNKNOWN,Desconocido,pan,False,pan,,0.78,0.78,False,original,1.0,default_1usd,keep,heuristic_default,dataset/txt_limpios/1354.txt,dataset/paginas_descargadas/1354.html
1353,Resultados de búsqueda para: 'pan molde ta riko 450 g n 259628000',Ver como,450 g,UNKNOWN,Desconocido,pan,False,pan,,1.45,1.45,False,original,1.0,default_1usd,keep,heuristic_default,dataset/txt_limpios/1353.txt,dataset/paginas_descargadas/1353.html
1363,Resultados de búsqueda para: 'queso cremoso toni 500 g 270558000',Ver como,500 g,UNKNOWN,Desconocido,pan,True,sin_categoria,pan,600.0,600.0,False,original,1.0,default_1usd,keep_imputed,no_category_detected,dataset/txt_limpios/1363.txt,dataset/paginas_descargadas/1363.html
810,Saltar menú Cenco,Monterrey,230 g,UNKNOWN,Desconocido,cafe,False,cafe,,5.59,5.59,False,original,1.0,default_1usd,keep,heuristic_default,dataset/txt_limpios/810.txt,dataset/paginas_descargadas/810.html
811,Saltar menú Cenco,Exclusivo online,100 g,UNKNOWN,Desconocido,cafe,False,cafe,,6.89,6.89,False,original,1.0,default_1usd,keep,heuristic_default,dataset/txt_limpios/811.txt,dataset/paginas_descargadas/811.html
813,Saltar menú Cenco,Cruzeiro,250 g,UNKNOWN,Desconocido,cafe,False,cafe,,5.95,5.95,False,original,1.0,default_1usd,keep,heuristic_default,dataset/txt_limpios/813.txt,dataset/paginas_descargadas/813.html
814,Saltar menú Cenco,Frutas y Verduras Propias,2 kg,UNKNOWN,Desconocido,papa,False,papa,,495.0,495.0,False,original,1.0,default_1usd,keep,heuristic_default,dataset/txt_limpios/814.txt,dataset/paginas_descargadas/814.html
815,Saltar menú Cenco,Huertos del Ranco,1 kg,UNKNOWN,Desconocido,papa,False,papa,,2.59,2.59,False,original,1.0,default_1usd,keep,heuristic_default,dataset/txt_limpios/815.txt,dataset/paginas_descargadas/815.html
816,Saltar menú Cenco,Frutas y verduras,,UNKNOWN,Desconocido,papa,True,sin_categoria,papa,234.19,234.1938,True,country_mean,1.0,default_1usd,keep_imputed,no_category_detected;price_parse_failed,dataset/txt_limpios/816.txt,dataset/paginas_descargadas/816.html
818,Saltar menú Cenco,Oferta,750 g,UNKNOWN,Desconocido,pan,False,pan,,2.39,2.39,False,original,1.0,default_1usd,keep,heuristic_default,dataset/txt_limpios/818.txt,dataset/paginas_descargadas/818.html
819,Saltar menú Cenco,Oferta,600 g,UNKNOWN,Desconocido,pan,False,pan,,2.49,2.49,False,original,1.0,default_1usd,keep,heuristic_default,dataset/txt_limpios/819.txt,dataset/paginas_descargadas/819.html
820,Saltar menú Cenco,Castaño,770 g,UNKNOWN,Desconocido,pan,False,pan,,2.99,2.99,False,original,1.0,default_1usd,keep,heuristic_default,dataset/txt_limpios/820.txt,dataset/paginas_descargadas/820.html
827,Saltar menú Cenco,Frutas y Verduras Propias,,UNKNOWN,Desconocido,banano,False,banano,,995.0,995.0,False,original,1.0,default_1usd,keep,heuristic_default,dataset/txt_limpios/827.txt,dataset/paginas_descargadas/827.html
828,Saltar menú Cenco,Frutas y verduras,,UNKNOWN,Desconocido,papa,True,sin_categoria,papa,234.19,234.1938,True,country_mean,1.0,default_1usd,keep_imputed,no_category_detected;price_parse_failed,dataset/txt_limpios/828.txt,dataset/paginas_descargadas/828.html
829,Saltar menú Cenco,Cintazul,12 unidades,UNKNOWN,Desconocido,huevo,False,huevo,,4.19,4.19,False,original,1.0,default_1usd,keep_imputed,heuristic_default,dataset/txt_limpios/829.txt,dataset/paginas_descargadas/829.html
832,Saltar menú Cenco,Coliumo,,UNKNOWN,Desconocido,huevo,False,huevo,,3.99,3.99,False,original,1.0,default_1usd,keep_imputed,heuristic_default,dataset/txt_limpios/832.txt,dataset/paginas_descargadas/832.html
833,Saltar menú Cenco,Ecoterra,,UNKNOWN,Desconocido,huevo,False,huevo,,5.89,5.89,False,original,1.0,default_1usd,keep_imputed,heuristic_default,dataset/txt_limpios/833.txt,dataset/paginas_descargadas/833.html
834,Saltar menú Cenco,Ariztía,480 g,UNKNOWN,Desconocido,papa,False,papa,,8.78,8.78,False,original,1.0,default_1usd,keep,heuristic_default,dataset/txt_limpios/834.txt,dataset/paginas_descargadas/834.html
835,Saltar menú Cenco,Agotado,2.3 kg,UNKNOWN,Desconocido,pollo entero,False,pollo entero,,8.78,8.78,False,original,1.0,default_1usd,keep,heuristic_default,dataset/txt_limpios/835.txt,dataset/paginas_descargadas/835.html
836,Saltar menú Cenco,Agotado,380 g,UNKNOWN,Desconocido,papa,False,papa,,5.75,5.75,False,original,1.0,default_1usd,keep,heuristic_default,dataset/txt_limpios/836.txt,dataset/paginas_descargadas/836.html
837,Saltar menú Cenco,Canto del Gallo,550 g,UNKNOWN,Desconocido,papa,False,papa,,8.98,8.98,False,original,1.0,default_1usd,keep,heuristic_default,dataset/txt_limpios/837.txt,dataset/paginas_descargadas/837.html
842,Saltar menú Cenco,Cuisine & Co,1 L,UNKNOWN,Desconocido,leche,False,leche,,1.11,1.11,False,original,1.0,default_1usd,keep,heuristic_default,dataset/txt_limpios/842.txt,dataset/paginas_descargadas/842.html
843,Saltar menú Cenco,Frutas y Verduras Propias,1 kg,UNKNOWN,Desconocido,banano,False,banano,,1.29,1.29,False,original,1.0,default_1usd,keep,heuristic_default,dataset/txt_limpios/843.txt,dataset/paginas_descargadas/843.html
846,Saltar menú Cenco,Frutas y verduras,,UNKNOWN,Desconocido,papa,True,sin_categoria,papa,234.19,234.1938,True,country_mean,1.0,default_1usd,keep_imputed,no_category_detected;price_parse_failed,dataset/txt_limpios/846.txt,dataset/paginas_descargadas/846.html
1011,Seja Bem Vindo à Plaza Vea,que podemos ofrecer.,,UNKNOWN,Desconocido,huevo,True,sin_categoria,huevo,234.19,234.1938,True,country_mean,1.0,default_1usd,keep_imputed,no_category_detected;price_parse_failed,dataset/txt_limpios/1011.txt,dataset/paginas_descargadas/1011.html
1024,Seja Bem Vindo à Plaza Vea,que podemos ofrecer.,,UNKNOWN,Desconocido,huevo,True,sin_categoria,huevo,234.19,234.1938,True,country_mean,1.0,default_1usd,keep_imputed,no_category_detected;price_parse_failed,dataset/txt_limpios/1024.txt,dataset/paginas_descargadas/1024.html
1027,Seja Bem Vindo à Plaza Vea,que podemos ofrecer.,,UNKNOWN,Desconocido,huevo,True,sin_categoria,huevo,234.19,234.1938,True,country_mean,1.0,default_1usd,keep_imputed,no_category_detected;price_parse_failed,dataset/txt_limpios/1027.txt,dataset/paginas_descargadas/1027.html
1036,Seja Bem Vindo à Plaza Vea,que podemos ofrecer.,,UNKNOWN,Desconocido,huevo,True,sin_categoria,huevo,234.19,234.1938,True,country_mean,1.0,default_1usd,keep_imputed,no_category_detected;price_parse_failed,dataset/txt_limpios/1036.txt,dataset/paginas_descargadas/1036.html
1199,Seja Bem Vindo à Plaza Vea,Abarrotes,10Kg,PE,Desconocido,huevo,True,sin_categoria,huevo,43.0,12.1127,False,original,3.55,from_peru_cambio_dolar,keep_imputed,no_category_detected,dataset/txt_limpios/1199.txt,dataset/paginas_descargadas/1199.html
1200,Seja Bem Vindo à Plaza Vea,Abarrotes,5Kg,PE,Desconocido,huevo,True,sin_categoria,huevo,27.0,7.6056,False,original,3.55,from_peru_cambio_dolar,keep_imputed,no_category_detected,dataset/txt_limpios/1200.txt,dataset/paginas_descargadas/1200.html
1201,Seja Bem Vindo à Plaza Vea,Abarrotes,49Kg,PE,Desconocido,huevo,True,sin_categoria,huevo,174.0,49.0141,False,original,3.55,from_peru_cambio_dolar,keep_imputed,no_category_detected,dataset/txt_limpios/1201.txt,dataset/paginas_descargadas/1201.html
1202,Seja Bem Vindo à Plaza Vea,Abarrotes,49kg,PE,Desconocido,aceite vegetal,True,sin_categoria,aceite vegetal,210.0,59.1549,False,original,3.55,from_peru_cambio_dolar,keep_imputed,no_category_detected,dataset/txt_limpios/1202.txt,dataset/paginas_descargadas/1202.html
1203,Seja Bem Vindo à Plaza Vea,Abarrotes,5Kg,PE,Desconocido,aceite vegetal,True,sin_categoria,aceite vegetal,20.0,5.6338,False,original,3.55,from_peru_cambio_dolar,keep_imputed,no_category_detected,dataset/txt_limpios/1203.txt,dataset/paginas_descargadas/1203.html
1204,Seja Bem Vindo à Plaza Vea,"Carnes, Aves y Pescados",1.5Kg,PE,Desconocido,huevo,True,sin_categoria,huevo,14.0,3.9437,False,original,3.55,from_peru_cambio_dolar,keep_imputed,no_category_detected,dataset/txt_limpios/1204.txt,dataset/paginas_descargadas/1204.html
1205,Seja Bem Vindo à Plaza Vea,"Carnes, Aves y Pescados",1.3Kg,PE,Desconocido,huevo,True,sin_categoria,huevo,7.0,1.9718,False,original,3.55,from_peru_cambio_dolar,keep_imputed,no_category_detected,dataset/txt_limpios/1205.txt,dataset/paginas_descargadas/1205.html
1207,Seja Bem Vindo à Plaza Vea,"Carnes, Aves y Pescados",1Kg,PE,Desconocido,huevo,True,sin_categoria,huevo,12.0,3.3803,False,original,3.55,from_peru_cambio_dolar,keep_imputed,no_category_detected,dataset/txt_limpios/1207.txt,dataset/paginas_descargadas/1207.html
1208,Seja Bem Vindo à Plaza Vea,Desayunos,500g,PE,Desconocido,cafe,True,sin_categoria,cafe,30.0,8.4507,False,original,3.55,from_peru_cambio_dolar,keep_imputed,no_category_detected,dataset/txt_limpios/1208.txt,dataset/paginas_descargadas/1208.html
1209,Seja Bem Vindo à Plaza Vea,Desayunos,150g,PE,Desconocido,cafe,True,sin_categoria,cafe,22.0,6.1972,False,original,3.55,from_peru_cambio_dolar,keep_imputed,no_category_detected,dataset/txt_limpios/1209.txt,dataset/paginas_descargadas/1209.html
1211,Seja Bem Vindo à Plaza Vea,Desayunos,150g,PE,Desconocido,cafe,True,sin_categoria,cafe,26.0,7.3239,False,original,3.55,from_peru_cambio_dolar,keep_imputed,no_category_detected,dataset/txt_limpios/1211.txt,dataset/paginas_descargadas/1211.html
1212,Seja Bem Vindo à Plaza Vea,Desayunos,500g,PE,Desconocido,cafe,True,sin_categoria,cafe,58.0,16.338,False,original,3.55,from_peru_cambio_dolar,keep_imputed,no_category_detected,dataset/txt_limpios/1212.txt,dataset/paginas_descargadas/1212.html
1213,Seja Bem Vindo à Plaza Vea,Abarrotes,3L,PE,Desconocido,aceite vegetal,True,sin_categoria,aceite vegetal,20.0,5.6338,False,original,3.55,from_peru_cambio_dolar,keep_imputed,no_category_detected,dataset/txt_limpios/1213.txt,dataset/paginas_descargadas/1213.html
1214,Seja Bem Vindo à Plaza Vea,Abarrotes,900ml,PE,Desconocido,aceite vegetal,True,sin_categoria,aceite vegetal,6.0,1.6901,False,original,3.55,from_peru_cambio_dolar,keep_imputed,no_category_detected,dataset/txt_limpios/1214.txt,dataset/paginas_descargadas/1214.html
1216,Seja Bem Vindo à Plaza Vea,Abarrotes,5L,PE,Desconocido,aceite vegetal,True,sin_categoria,aceite vegetal,34.0,9.5775,False,original,3.55,from_peru_cambio_dolar,keep_imputed,no_category_detected,dataset/txt_limpios/1216.txt,dataset/paginas_descargadas/1216.html
1218,Seja Bem Vindo à Plaza Vea,Makro,1L,PE,Desconocido,leche,False,leche,,16.92,4.7662,False,original,3.55,from_peru_cambio_dolar,keep,heuristic_default,dataset/txt_limpios/1218.txt,dataset/paginas_descargadas/1218.html
1219,Seja Bem Vindo à Plaza Vea,Lácteos y Huevos,800ml,PE,Desconocido,huevo,False,huevo,,4.0,1.1268,False,original,3.55,from_peru_cambio_dolar,keep_imputed,heuristic_default,dataset/txt_limpios/1219.txt,dataset/paginas_descargadas/1219.html
1221,Seja Bem Vindo à Plaza Vea,Lácteos y Huevos,900ml,PE,Desconocido,huevo,False,huevo,,4.0,1.1268,False,original,3.55,from_peru_cambio_dolar,keep_imputed,heuristic_default,dataset/txt_limpios/1221.txt,dataset/paginas_descargadas/1221.html
1222,Seja Bem Vindo à Plaza Vea,Lácteos y Huevos,900ml,PE,Desconocido,huevo,False,huevo,,7.0,1.9718,False,original,3.55,from_peru_cambio_dolar,keep_imputed,heuristic_default,dataset/txt_limpios/1222.txt,dataset/paginas_descargadas/1222.html
1223,Seja Bem Vindo à Plaza Vea,Lácteos y Huevos,1Kg,PE,Desconocido,huevo,False,huevo,,13.0,3.662,False,original,3.55,from_peru_cambio_dolar,keep_imputed,heuristic_default,dataset/txt_limpios/1223.txt,dataset/paginas_descargadas/1223.html
1224,Seja Bem Vindo à Plaza Vea,Abarrotes,5Kg,PE,Desconocido,huevo,True,sin_categoria,huevo,16.0,4.507,False,original,3.55,from_peru_cambio_dolar,keep_imputed,no_category_detected,dataset/txt_limpios/1224.txt,dataset/paginas_descargadas/1224.html
1225,Seja Bem Vindo à Plaza Vea,Abarrotes,5Kg,PE,Desconocido,huevo,True,sin_categoria,huevo,21.0,5.9155,False,original,3.55,from_peru_cambio_dolar,keep_imputed,no_category_detected,dataset/txt_limpios/1225.txt,dataset/paginas_descargadas/1225.html
1226,Seja Bem Vindo à Plaza Vea,Abarrotes,1Kg,PE,Desconocido,huevo,True,sin_categoria,huevo,4.0,1.1268,False,original,3.55,from_peru_cambio_dolar,keep_imputed,no_category_detected,dataset/txt_limpios/1226.txt,dataset/paginas_descargadas/1226.html
1227,Seja Bem Vindo à Plaza Vea,Abarrotes,1Kg,PE,Desconocido,huevo,True,sin_categoria,huevo,4.0,1.1268,False,original,3.55,from_peru_cambio_dolar,keep_imputed,no_category_detected,dataset/txt_limpios/1227.txt,dataset/paginas_descargadas/1227.html
1229,Seja Bem Vindo à Plaza Vea,Panadería y Pastelería,600g,PE,Desconocido,pan,True,sin_categoria,pan,8.0,2.2535,False,original,3.55,from_peru_cambio_dolar,keep_imputed,no_category_detected,dataset/txt_limpios/1229.txt,dataset/paginas_descargadas/1229.html
1230,Seja Bem Vindo à Plaza Vea,Panadería y Pastelería,495g,PE,Desconocido,pan,True,sin_categoria,pan,11.0,3.0986,False,original,3.55,from_peru_cambio_dolar,keep_imputed,no_category_detected,dataset/txt_limpios/1230.txt,dataset/paginas_descargadas/1230.html
1231,Seja Bem Vindo à Plaza Vea,Panadería y Pastelería,500g,PE,Desconocido,pan,True,sin_categoria,pan,8.0,2.2535,False,original,3.55,from_peru_cambio_dolar,keep_imputed,no_category_detected,dataset/txt_limpios/1231.txt,dataset/paginas_descargadas/1231.html
1232,Seja Bem Vindo à Plaza Vea,Panadería y Pastelería,500g,PE,Desconocido,pan,True,sin_categoria,pan,6.0,1.6901,False,original,3.55,from_peru_cambio_dolar,keep_imputed,no_category_detected,dataset/txt_limpios/1232.txt,dataset/paginas_descargadas/1232.html
1233,Seja Bem Vindo à Plaza Vea,Panadería y Pastelería,810g,PE,Desconocido,pan,True,sin_categoria,pan,11.0,3.0986,False,original,3.55,from_peru_cambio_dolar,keep_imputed,no_category_detected,dataset/txt_limpios/1233.txt,dataset/paginas_descargadas/1233.html
1234,Seja Bem Vindo à Plaza Vea,Abarrotes,500g,PE,Desconocido,huevo,True,sin_categoria,huevo,2.0,0.5634,False,original,3.55,from_peru_cambio_dolar,keep_imputed,no_category_detected,dataset/txt_limpios/1234.txt,dataset/paginas_descargadas/1234.html
1237,Seja Bem Vindo à Plaza Vea,Abarrotes,950g,PE,Desconocido,huevo,True,sin_categoria,huevo,5.0,1.4085,False,original,3.55,from_peru_cambio_dolar,keep_imputed,no_category_detected,dataset/txt_limpios/1237.txt,dataset/paginas_descargadas/1237.html
1238,Seja Bem Vindo à Plaza Vea,Abarrotes,500g,PE,Desconocido,huevo,True,sin_categoria,huevo,11.0,3.0986,False,original,3.55,from_peru_cambio_dolar,keep_imputed,no_category_detected,dataset/txt_limpios/1238.txt,dataset/paginas_descargadas/1238.html
1239,Seja Bem Vindo à Plaza Vea,Abarrotes,160g,PE,Desconocido,atun,True,sin_categoria,atun,19.0,5.3521,False,original,3.55,from_peru_cambio_dolar,keep_imputed,no_category_detected,dataset/txt_limpios/1239.txt,dataset/paginas_descargadas/1239.html
1241,Seja Bem Vindo à Plaza Vea,Abarrotes,170g,PE,Desconocido,atun,True,sin_categoria,atun,25.0,7.0423,False,original,3.55,from_peru_cambio_dolar,keep_imputed,no_category_detected,dataset/txt_limpios/1241.txt,dataset/paginas_descargadas/1241.html
1618,Selecciona tu,Método de envío,500 G,CO,Desconocido,cafe,True,sin_categoria,cafe,100.78,0.0249,True,country_mean,4047.0,from_colombia_cambio_dolar,keep_imputed,no_category_detected;price_parse_failed,dataset/txt_limpios/1618.txt,dataset/paginas_descargadas/1618.html
1625,Selecciona tu,Método de envío,540 G,CO,Desconocido,pan,False,pan,,7.69,0.0019,True,category_country_mean,4047.0,from_colombia_cambio_dolar,keep_imputed,price_parse_failed;price<=0,dataset/txt_limpios/1625.txt,dataset/paginas_descargadas/1625.html
1741,Selecciona tu,Método de envío,450 G,CO,Desconocido,cafe,False,cafe,,97.32,0.024,True,category_country_mean,4047.0,from_colombia_cambio_dolar,keep_imputed,price_parse_failed;price<=0,dataset/txt_limpios/1741.txt,dataset/paginas_descargadas/1741.html
702,Selecciona tu,Método de envío,,CO,Desconocido,huevo,False,huevo,,100.78,0.0249,True,country_mean,4047.0,from_colombia_cambio_dolar,keep_imputed,price_parse_failed,dataset/txt_limpios/702.txt,dataset/paginas_descargadas/702.html
703,Selecciona tu,Método de envío,,CO,Desconocido,cafe,False,cafe,,97.32,0.024,True,category_country_mean,4047.0,from_colombia_cambio_dolar,keep_imputed,price_parse_failed;price<=0,dataset/txt_limpios/703.txt,dataset/paginas_descargadas/703.html
704,Selecciona tu,Método de envío,30 Unidades,CO,Desconocido,cafe,False,cafe,,97.32,0.024,True,category_country_mean,4047.0,from_colombia_cambio_dolar,keep_imputed,price_parse_failed;price<=0,dataset/txt_limpios/704.txt,dataset/paginas_descargadas/704.html
705,Selecciona tu,Método de envío,1000 Ml,CO,Desconocido,cafe,False,cafe,,97.32,0.024,True,category_country_mean,4047.0,from_colombia_cambio_dolar,keep_imputed,price_parse_failed;price<=0,dataset/txt_limpios/705.txt,dataset/paginas_descargadas/705.html
706,Selecciona tu,Método de envío,5 Kg,CO,Desconocido,arroz,False,arroz,,80817.34,19.9697,True,category_mean,4047.0,from_colombia_cambio_dolar,keep_imputed,price_parse_failed;price<=0,dataset/txt_limpios/706.txt,dataset/paginas_descargadas/706.html
707,Selecciona tu,Método de envío,5 Kg,CO,Desconocido,cafe,False,cafe,,97.32,0.024,True,category_country_mean,4047.0,from_colombia_cambio_dolar,keep_imputed,price_parse_failed;price<=0,dataset/txt_limpios/707.txt,dataset/paginas_descargadas/707.html
708,Selecciona tu,Método de envío,10 Kg,CO,Desconocido,cafe,False,cafe,,97.32,0.024,True,category_country_mean,4047.0,from_colombia_cambio_dolar,keep_imputed,price_parse_failed;price<=0,dataset/txt_limpios/708.txt,dataset/paginas_descargadas/708.html
709,Selecciona tu,Método de envío,5 Kg,CO,Desconocido,cafe,False,cafe,,97.32,0.024,True,category_country_mean,4047.0,from_colombia_cambio_dolar,keep_imputed,price_parse_failed;price<=0,dataset/txt_limpios/709.txt,dataset/paginas_descargadas/709.html
710,Selecciona tu,Método de envío,3 Kg,CO,Desconocido,cafe,False,cafe,,97.32,0.024,True,category_country_mean,4047.0,from_colombia_cambio_dolar,keep_imputed,price_parse_failed;price<=0,dataset/txt_limpios/710.txt,dataset/paginas_descargadas/710.html
711,Selecciona tu,Método de envío,12.5 KG,CO,Desconocido,cafe,True,sin_categoria,cafe,100.78,0.0249,True,country_mean,4047.0,from_colombia_cambio_dolar,keep_imputed,no_category_detected;price_parse_failed,dataset/txt_limpios/711.txt,dataset/paginas_descargadas/711.html
712,Selecciona tu,Método de envío,650 G,CO,Desconocido,cafe,False,cafe,,250.0,0.0618,False,original,4047.0,from_colombia_cambio_dolar,keep,heuristic_default,dataset/txt_limpios/712.txt,dataset/paginas_descargadas/712.html
713,Selecciona tu,Método de envío,400 G,CO,Desconocido,cafe,False,cafe,,97.32,0.024,True,category_country_mean,4047.0,from_colombia_cambio_dolar,keep_imputed,price_parse_failed;price<=0,dataset/txt_limpios/713.txt,dataset/paginas_descargadas/713.html
714,Selecciona tu,Método de envío,500 G,CO,Desconocido,cafe,False,cafe,,97.32,0.024,True,category_country_mean,4047.0,from_colombia_cambio_dolar,keep_imputed,price_parse_failed;price<=0,dataset/txt_limpios/714.txt,dataset/paginas_descargadas/714.html
716,Selecciona tu,Método de envío,540 G,CO,Desconocido,cafe,False,cafe,,97.32,0.024,True,category_country_mean,4047.0,from_colombia_cambio_dolar,keep_imputed,price_parse_failed;price<=0,dataset/txt_limpios/716.txt,dataset/paginas_descargadas/716.html
717,Selecciona tu,Método de envío,440 G,CO,Desconocido,cafe,False,cafe,,97.32,0.024,True,category_country_mean,4047.0,from_colombia_cambio_dolar,keep_imputed,price_parse_failed;price<=0,dataset/txt_limpios/717.txt,dataset/paginas_descargadas/717.html
719,Selecciona tu,Método de envío,1000 Ml,CO,Desconocido,leche,False,leche,,400.0,0.0988,False,original,4047.0,from_colombia_cambio_dolar,keep,heuristic_default,dataset/txt_limpios/719.txt,dataset/paginas_descargadas/719.html
720,Selecciona tu,Método de envío,"1,1 Lt",CO,Desconocido,cafe,False,cafe,,97.32,0.024,True,category_country_mean,4047.0,from_colombia_cambio_dolar,keep_imputed,price_parse_failed;price<=0,dataset/txt_limpios/720.txt,dataset/paginas_descargadas/720.html
721,Selecciona tu,Método de envío,800 Ml,CO,Desconocido,cafe,True,sin_categoria,cafe,100.78,0.0249,True,country_mean,4047.0,from_colombia_cambio_dolar,keep_imputed,no_category_detected;price_parse_failed,dataset/txt_limpios/721.txt,dataset/paginas_descargadas/721.html
723,Selecciona tu,Método de envío,1 Kg,CO,Desconocido,cebolla,False,cebolla,,2755946.3,680.985,True,category_mean,4047.0,from_colombia_cambio_dolar,keep_imputed,price_parse_failed;price<=0,dataset/txt_limpios/723.txt,dataset/paginas_descargadas/723.html
724,Selecciona tu,Método de envío,1000 Gramos,CO,Desconocido,cafe,False,cafe,,97.32,0.024,True,category_country_mean,4047.0,from_colombia_cambio_dolar,keep_imputed,price_parse_failed;price<=0,dataset/txt_limpios/724.txt,dataset/paginas_descargadas/724.html
725,Selecciona tu,Método de envío,1000 Gramos,CO,Desconocido,cafe,False,cafe,,97.32,0.024,True,category_country_mean,4047.0,from_colombia_cambio_dolar,keep_imputed,price_parse_failed;price<=0,dataset/txt_limpios/725.txt,dataset/paginas_descargadas/725.html
726,Selecciona tu,Método de envío,1000 Gramos,CO,Desconocido,cafe,False,cafe,,97.32,0.024,True,category_country_mean,4047.0,from_colombia_cambio_dolar,keep_imputed,price_parse_failed;price<=0,dataset/txt_limpios/726.txt,dataset/paginas_descargadas/726.html
727,Selecciona tu,Método de envío,411 G,CO,Desconocido,cafe,False,cafe,,97.32,0.024,True,category_country_mean,4047.0,from_colombia_cambio_dolar,keep_imputed,price_parse_failed;price<=0,dataset/txt_limpios/727.txt,dataset/paginas_descargadas/727.html
728,Selecciona tu,Método de envío,1000 Gramos,CO,Desconocido,cafe,False,cafe,,97.32,0.024,True,category_country_mean,4047.0,from_colombia_cambio_dolar,keep_imputed,price_parse_failed;price<=0,dataset/txt_limpios/728.txt,dataset/paginas_descargadas/728.html
729,Selecciona tu,Método de envío,,CO,Desconocido,cafe,True,sin_categoria,cafe,100.78,0.0249,True,country_mean,4047.0,from_colombia_cambio_dolar,keep_imputed,no_category_detected;price_parse_failed,dataset/txt_limpios/729.txt,dataset/paginas_descargadas/729.html
730,Selecciona tu,Método de envío,1000 Gramos,CO,Desconocido,cebolla,False,cebolla,,2755946.3,680.985,True,category_mean,4047.0,from_colombia_cambio_dolar,keep_imputed,price_parse_failed;price<=0,dataset/txt_limpios/730.txt,dataset/paginas_descargadas/730.html
731,Selecciona tu,Método de envío,1 Kg,CO,Desconocido,cafe,False,cafe,,97.32,0.024,True,category_country_mean,4047.0,from_colombia_cambio_dolar,keep_imputed,price_parse_failed;price<=0,dataset/txt_limpios/731.txt,dataset/paginas_descargadas/731.html
732,Selecciona tu,Método de envío,"2,5 Kg",CO,Desconocido,cafe,False,cafe,,53.0,0.0131,False,original,4047.0,from_colombia_cambio_dolar,keep,heuristic_default,dataset/txt_limpios/732.txt,dataset/paginas_descargadas/732.html
733,Selecciona tu,Método de envío,"2,5 Kg",CO,Desconocido,cafe,True,sin_categoria,cafe,100.78,0.0249,True,country_mean,4047.0,from_colombia_cambio_dolar,keep_imputed,no_category_detected;price_parse_failed,dataset/txt_limpios/733.txt,dataset/paginas_descargadas/733.html
734,Selecciona tu,Método de envío,1 Kg,CO,Desconocido,cafe,True,sin_categoria,cafe,100.78,0.0249,True,country_mean,4047.0,from_colombia_cambio_dolar,keep_imputed,no_category_detected;price_parse_failed,dataset/txt_limpios/734.txt,dataset/paginas_descargadas/734.html
735,Selecciona tu,Método de envío,1000 G,CO,Desconocido,cafe,False,cafe,,97.32,0.024,True,category_country_mean,4047.0,from_colombia_cambio_dolar,keep_imputed,price_parse_failed;price<=0,dataset/txt_limpios/735.txt,dataset/paginas_descargadas/735.html
736,Selecciona tu,Método de envío,1 Kg,CO,Desconocido,cafe,False,cafe,,97.32,0.024,True,category_country_mean,4047.0,from_colombia_cambio_dolar,keep_imputed,price_parse_failed;price<=0,dataset/txt_limpios/736.txt,dataset/paginas_descargadas/736.html
737,Selecciona tu,Método de envío,500 G,CO,Desconocido,cafe,False,cafe,,500.0,0.1235,False,original,4047.0,from_colombia_cambio_dolar,keep,heuristic_default,dataset/txt_limpios/737.txt,dataset/paginas_descargadas/737.html
738,Selecciona tu,Método de envío,375 G,CO,Desconocido,cafe,False,cafe,,375.0,0.0927,False,original,4047.0,from_colombia_cambio_dolar,keep,heuristic_default,dataset/txt_limpios/738.txt,dataset/paginas_descargadas/738.html
739,Selecciona tu,Método de envío,210gr,CO,Desconocido,cafe,True,sin_categoria,cafe,210.0,0.0519,False,original,4047.0,from_colombia_cambio_dolar,keep_imputed,no_category_detected,dataset/txt_limpios/739.txt,dataset/paginas_descargadas/739.html
741,Selecciona tu,Método de envío,200 G,CO,Desconocido,cafe,False,cafe,,200.0,0.0494,False,original,4047.0,from_colombia_cambio_dolar,keep,heuristic_default,dataset/txt_limpios/741.txt,dataset/paginas_descargadas/741.html
742,Selecciona tu,Método de envío,500 G,CO,Desconocido,cafe,False,cafe,,97.32,0.024,True,category_country_mean,4047.0,from_colombia_cambio_dolar,keep_imputed,price_parse_failed;price<=0,dataset/txt_limpios/742.txt,dataset/paginas_descargadas/742.html
743,Selecciona tu,Método de envío,1 Kg,CO,Desconocido,cafe,False,cafe,,97.32,0.024,True,category_country_mean,4047.0,from_colombia_cambio_dolar,keep_imputed,price_parse_failed;price<=0,dataset/txt_limpios/743.txt,dataset/paginas_descargadas/743.html
744,Selecciona tu,Método de envío,1 Kg,CO,Desconocido,azucar,False,azucar,,604582.9,149.3904,True,category_mean,4047.0,from_colombia_cambio_dolar,keep_imputed,price_parse_failed;price<=0,dataset/txt_limpios/744.txt,dataset/paginas_descargadas/744.html
745,Selecciona tu,Método de envío,"2,5 Kg",CO,Desconocido,cafe,False,cafe,,97.32,0.024,True,category_country_mean,4047.0,from_colombia_cambio_dolar,keep_imputed,price_parse_failed;price<=0,dataset/txt_limpios/745.txt,dataset/paginas_descargadas/745.html
746,Selecciona tu,Método de envío,"2,5 Kg",CO,Desconocido,cafe,False,cafe,,97.32,0.024,True,category_country_mean,4047.0,from_colombia_cambio_dolar,keep_imputed,price_parse_failed;price<=0,dataset/txt_limpios/746.txt,dataset/paginas_descargadas/746.html
747,Selecciona tu,Método de envío,"2,5 Kg",CO,Desconocido,cafe,False,cafe,,97.32,0.024,True,category_country_mean,4047.0,from_colombia_cambio_dolar,keep_imputed,price_parse_failed;price<=0,dataset/txt_limpios/747.txt,dataset/paginas_descargadas/747.html
1242,Selecciona un local,X,000 Ml,US,Desconocido,cafe,True,sin_categoria,cafe,12.0,12.0,False,original,1.0,default_1usd,keep_imputed,no_category_detected,dataset/txt_limpios/1242.txt,dataset/paginas_descargadas/1242.html
1243,Selecciona un local,X,1000 Ml,US,Desconocido,cafe,True,sin_categoria,cafe,12.0,12.0,False,original,1.0,default_1usd,keep_imputed,no_category_detected,dataset/txt_limpios/1243.txt,dataset/paginas_descargadas/1243.html
1244,Selecciona un local,X,1000 Ml,US,Desconocido,cafe,True,sin_categoria,cafe,12.0,12.0,False,original,1.0,default_1usd,keep_imputed,no_category_detected,dataset/txt_limpios/1244.txt,dataset/paginas_descargadas/1244.html
1245,Selecciona un local,X,,US,Desconocido,cafe,True,sin_categoria,cafe,12.0,12.0,False,original,1.0,default_1usd,keep_imputed,no_category_detected,dataset/txt_limpios/1245.txt,dataset/paginas_descargadas/1245.html
1246,Selecciona un local,X,1000 Ml,US,Desconocido,cafe,True,sin_categoria,cafe,12.0,12.0,False,original,1.0,default_1usd,keep_imputed,no_category_detected,dataset/txt_limpios/1246.txt,dataset/paginas_descargadas/1246.html
1247,Selecciona un local,X,,UNKNOWN,Desconocido,cafe,True,sin_categoria,cafe,12.0,12.0,False,original,1.0,default_1usd,keep_imputed,no_category_detected,dataset/txt_limpios/1247.txt,dataset/paginas_descargadas/1247.html
1248,Selecciona un local,X,250 Ml,US,Desconocido,cafe,True,sin_categoria,cafe,12.0,12.0,False,original,1.0,default_1usd,keep_imputed,no_category_detected,dataset/txt_limpios/1248.txt,dataset/paginas_descargadas/1248.html
1249,Selecciona un local,X,355 ML,US,Desconocido,cafe,True,sin_categoria,cafe,12.0,12.0,False,original,1.0,default_1usd,keep_imputed,no_category_detected,dataset/txt_limpios/1249.txt,dataset/paginas_descargadas/1249.html
1250,Selecciona un local,X,330 ML,US,Desconocido,azucar,True,sin_categoria,azucar,12.0,12.0,False,original,1.0,default_1usd,keep_imputed,no_category_detected,dataset/txt_limpios/1250.txt,dataset/paginas_descargadas/1250.html
1253,Selecciona un local,X,550 G,US,Desconocido,cafe,True,sin_categoria,cafe,12.0,12.0,False,original,1.0,default_1usd,keep_imputed,no_category_detected,dataset/txt_limpios/1253.txt,dataset/paginas_descargadas/1253.html
1254,Selecciona un local,X,3 L,UNKNOWN,Desconocido,cafe,True,sin_categoria,cafe,12.0,12.0,False,original,1.0,default_1usd,keep_imputed,no_category_detected,dataset/txt_limpios/1254.txt,dataset/paginas_descargadas/1254.html
1255,Selecciona un local,X,500 G,US,Desconocido,cafe,True,sin_categoria,cafe,12.0,12.0,False,original,1.0,default_1usd,keep_imputed,no_category_detected,dataset/txt_limpios/1255.txt,dataset/paginas_descargadas/1255.html
1256,Selecciona un local,X,"1,25 L",UNKNOWN,Desconocido,cafe,True,sin_categoria,cafe,12.0,12.0,False,original,1.0,default_1usd,keep_imputed,no_category_detected,dataset/txt_limpios/1256.txt,dataset/paginas_descargadas/1256.html
1257,Selecciona un local,X,500 Ml,US,Desconocido,cafe,True,sin_categoria,cafe,12.0,12.0,False,original,1.0,default_1usd,keep_imputed,no_category_detected,dataset/txt_limpios/1257.txt,dataset/paginas_descargadas/1257.html
1258,Selecciona un local,X,355 Ml,US,Desconocido,cafe,True,sin_categoria,cafe,12.0,12.0,False,original,1.0,default_1usd,keep_imputed,no_category_detected,dataset/txt_limpios/1258.txt,dataset/paginas_descargadas/1258.html
1259,Selecciona un local,X,355 Ml,US,Desconocido,cafe,True,sin_categoria,cafe,12.0,12.0,False,original,1.0,default_1usd,keep_imputed,no_category_detected,dataset/txt_limpios/1259.txt,dataset/paginas_descargadas/1259.html
1260,Selecciona un local,X,500 Ml,US,Desconocido,cafe,True,sin_categoria,cafe,12.0,12.0,False,original,1.0,default_1usd,keep_imputed,no_category_detected,dataset/txt_limpios/1260.txt,dataset/paginas_descargadas/1260.html
1262,Selecciona un local,X,,US,Desconocido,cafe,True,sin_categoria,cafe,12.0,12.0,False,original,1.0,default_1usd,keep_imputed,no_category_detected,dataset/txt_limpios/1262.txt,dataset/paginas_descargadas/1262.html
1263,Selecciona un local,X,400 G,US,Desconocido,cafe,True,sin_categoria,cafe,12.0,12.0,False,original,1.0,default_1usd,keep_imputed,no_category_detected,dataset/txt_limpios/1263.txt,dataset/paginas_descargadas/1263.html
1264,Selecciona un local,X,1 kg,US,Desconocido,cafe,True,sin_categoria,cafe,12.0,12.0,False,original,1.0,default_1usd,keep_imputed,no_category_detected,dataset/txt_limpios/1264.txt,dataset/paginas_descargadas/1264.html
1265,Selecciona un local,X,250 G,US,Desconocido,cafe,True,sin_categoria,cafe,12.0,12.0,False,original,1.0,default_1usd,keep_imputed,no_category_detected,dataset/txt_limpios/1265.txt,dataset/paginas_descargadas/1265.html
1266,Selecciona un local,X,,UNKNOWN,Desconocido,cafe,True,sin_categoria,cafe,12.0,12.0,False,original,1.0,default_1usd,keep_imputed,no_category_detected,dataset/txt_limpios/1266.txt,dataset/paginas_descargadas/1266.html
1267,Selecciona un local,X,,UNKNOWN,Desconocido,cafe,True,sin_categoria,cafe,12.0,12.0,False,original,1.0,default_1usd,keep_imputed,no_category_detected,dataset/txt_limpios/1267.txt,dataset/paginas_descargadas/1267.html
1268,Selecciona un local,X,5000 g,US,Desconocido,cafe,True,sin_categoria,cafe,12.0,12.0,False,original,1.0,default_1usd,keep_imputed,no_category_detected,dataset/txt_limpios/1268.txt,dataset/paginas_descargadas/1268.html
1269,Selecciona un local,X,750 ML,UNKNOWN,Desconocido,cafe,True,sin_categoria,cafe,12.0,12.0,False,original,1.0,default_1usd,keep_imputed,no_category_detected,dataset/txt_limpios/1269.txt,dataset/paginas_descargadas/1269.html
1270,Selecciona un local,X,,US,Desconocido,cafe,True,sin_categoria,cafe,12.0,12.0,False,original,1.0,default_1usd,keep_imputed,no_category_detected,dataset/txt_limpios/1270.txt,dataset/paginas_descargadas/1270.html
1271,Selecciona un local,X,,UNKNOWN,Desconocido,cafe,True,sin_categoria,cafe,12.0,12.0,False,original,1.0,default_1usd,keep_imputed,no_category_detected,dataset/txt_limpios/1271.txt,dataset/paginas_descargadas/1271.html
1272,Selecciona un local,X,1000 G,US,Desconocido,cafe,True,sin_categoria,cafe,12.0,12.0,False,original,1.0,default_1usd,keep_imputed,no_category_detected,dataset/txt_limpios/1272.txt,dataset/paginas_descargadas/1272.html
1273,Selecciona un local,X,,US,Desconocido,cafe,True,sin_categoria,cafe,12.0,12.0,False,original,1.0,default_1usd,keep_imputed,no_category_detected,dataset/txt_limpios/1273.txt,dataset/paginas_descargadas/1273.html
1274,Selecciona un local,X,,US,Desconocido,cafe,True,sin_categoria,cafe,12.0,12.0,False,original,1.0,default_1usd,keep_imputed,no_category_detected,dataset/txt_limpios/1274.txt,dataset/paginas_descargadas/1274.html
1275,Selecciona un local,X,,US,Desconocido,cafe,True,sin_categoria,cafe,12.0,12.0,False,original,1.0,default_1usd,keep_imputed,no_category_detected,dataset/txt_limpios/1275.txt,dataset/paginas_descargadas/1275.html
1276,Selecciona un local,X,,UNKNOWN,Desconocido,cafe,True,sin_categoria,cafe,12.0,12.0,False,original,1.0,default_1usd,keep_imputed,no_category_detected,dataset/txt_limpios/1276.txt,dataset/paginas_descargadas/1276.html
1277,Selecciona un local,X,5000 G,US,Desconocido,cafe,True,sin_categoria,cafe,12.0,12.0,False,original,1.0,default_1usd,keep_imputed,no_category_detected,dataset/txt_limpios/1277.txt,dataset/paginas_descargadas/1277.html
1278,Selecciona un local,X,1000 G,US,Desconocido,cafe,True,sin_categoria,cafe,12.0,12.0,False,original,1.0,default_1usd,keep_imputed,no_category_detected,dataset/txt_limpios/1278.txt,dataset/paginas_descargadas/1278.html
1279,Selecciona un local,X,5000 g,US,Desconocido,cafe,True,sin_categoria,cafe,12.0,12.0,False,original,1.0,default_1usd,keep_imputed,no_category_detected,dataset/txt_limpios/1279.txt,dataset/paginas_descargadas/1279.html
1280,Selecciona un local,X,,US,Desconocido,cafe,True,sin_categoria,cafe,12.0,12.0,False,original,1.0,default_1usd,keep_imputed,no_category_detected,dataset/txt_limpios/1280.txt,dataset/paginas_descargadas/1280.html
1576,Sem Açúcar,"R$ 9,49",2L,BR,Desconocido,azucar,False,azucar,,9.49,1.7419,False,original,5.448,from_brasil_cambio_dolar,keep,heuristic_default,dataset/txt_limpios/1576.txt,dataset/paginas_descargadas/1576.html
1579,Sem Açúcar,"R$ 8,49",2L,BR,Desconocido,azucar,False,azucar,,8.49,1.5584,False,original,5.448,from_brasil_cambio_dolar,keep,heuristic_default,dataset/txt_limpios/1579.txt,dataset/paginas_descargadas/1579.html
196,Sem Açúcar,"R$ 9,49",2L,BR,Desconocido,azucar,False,azucar,,9.49,1.7419,False,original,5.448,from_brasil_cambio_dolar,keep,heuristic_default,dataset/txt_limpios/196.txt,dataset/paginas_descargadas/196.html
197,Sem Açúcar,"R$ 8,49",2L,BR,Desconocido,azucar,False,azucar,,8.49,1.5584,False,original,5.448,from_brasil_cambio_dolar,keep,heuristic_default,dataset/txt_limpios/197.txt,dataset/paginas_descargadas/197.html
288,SEM GLÚTEN,1,200 G,BR,Desconocido,azucar,True,sin_categoria,azucar,24.99,4.587,False,original,5.448,from_brasil_cambio_dolar,keep_imputed,no_category_detected,dataset/txt_limpios/288.txt,dataset/paginas_descargadas/288.html
306,SEM GLÚTEN,1,275 Ml,BR,Desconocido,cerveza,True,sin_categoria,cerveza,24.99,4.587,False,original,5.448,from_brasil_cambio_dolar,keep_imputed,no_category_detected,dataset/txt_limpios/306.txt,dataset/paginas_descargadas/306.html
789,SOL NACIENTE,Unidades disponibles,12 unidades,UNKNOWN,Desconocido,banano,False,banano,,1.0,1.0,False,original,1.0,default_1usd,keep,heuristic_default,dataset/txt_limpios/789.txt,dataset/paginas_descargadas/789.html
316,This app could not find url /acucar-cristal-organico-itaja-1-kg-100002544/p,Preferências,,UNKNOWN,Desconocido,azucar,False,azucar,,1.0,1.0,False,original,1.0,default_1usd,keep,heuristic_default,dataset/txt_limpios/316.txt,dataset/paginas_descargadas/316.html
317,This app could not find url /acucar-extra-fino-mais-doce-1-kg-3783/p,Preferências,,UNKNOWN,Desconocido,azucar,False,azucar,,1.0,1.0,False,original,1.0,default_1usd,keep,heuristic_default,dataset/txt_limpios/317.txt,dataset/paginas_descargadas/317.html
282,This app could not find url /arroz-camil-1-kg-100004793/p,Preferências,,UNKNOWN,Desconocido,arroz,False,arroz,,1.0,1.0,False,original,1.0,default_1usd,keep,heuristic_default,dataset/txt_limpios/282.txt,dataset/paginas_descargadas/282.html
305,This app could not find url /cerveja-pure-gold-long-neck-stella-artois-sem-gluten-330-ml-100008859/p,Preferências,,UNKNOWN,Desconocido,cerveza,False,cerveza,,1.0,1.0,False,original,1.0,default_1usd,keep,heuristic_default,dataset/txt_limpios/305.txt,dataset/paginas_descargadas/305.html
797,TOMATE CHONTO X 1000 G,Unidades disponibles,1000 G,UNKNOWN,Desconocido,cebolla,False,cebolla,,1000.0,1000.0,False,original,1.0,default_1usd,keep,heuristic_default,dataset/txt_limpios/797.txt,dataset/paginas_descargadas/797.html
798,TOMATES SECOS AINOA 180 G,Unidades disponibles,180 G,UNKNOWN,Desconocido,azucar,False,azucar,,100.0,100.0,False,original,1.0,default_1usd,keep,heuristic_default,dataset/txt_limpios/798.txt,dataset/paginas_descargadas/798.html
18,Tortilleria y pan empacados,Natures Own,624g,MX,Chedraui,pan,False,pan,,72.0,3.8668,False,original,18.62,from_mexico_cambio_dolar,keep,heuristic_default,dataset/txt_limpios/18.txt,dataset/paginas_descargadas/18.html
1281,Valoramos tu privacidad,Personalizar,1L,UNKNOWN,Desconocido,leche,False,leche,,1.17,1.17,False,original,1.0,default_1usd,keep,heuristic_default,dataset/txt_limpios/1281.txt,dataset/paginas_descargadas/1281.html
1282,Valoramos tu privacidad,Personalizar,1L,UNKNOWN,Desconocido,leche,False,leche,,1.13,1.13,False,original,1.0,default_1usd,keep,heuristic_default,dataset/txt_limpios/1282.txt,dataset/paginas_descargadas/1282.html
1284,Valoramos tu privacidad,Personalizar,,UNKNOWN,Desconocido,arroz,True,sin_categoria,arroz,234.19,234.1938,True,country_mean,1.0,default_1usd,keep_imputed,no_category_detected;price_parse_failed,dataset/txt_limpios/1284.txt,dataset/paginas_descargadas/1284.html
1285,Valoramos tu privacidad,Personalizar,1L,UNKNOWN,Desconocido,leche,False,leche,,1.38,1.38,False,original,1.0,default_1usd,keep,heuristic_default,dataset/txt_limpios/1285.txt,dataset/paginas_descargadas/1285.html
1286,Valoramos tu privacidad,Personalizar,330ml,UNKNOWN,Desconocido,cerveza,False,cerveza,,5.3,5.3,False,original,1.0,default_1usd,keep,heuristic_default,dataset/txt_limpios/1286.txt,dataset/paginas_descargadas/1286.html
1288,Valoramos tu privacidad,Personalizar,330ml,UNKNOWN,Desconocido,cerveza,False,cerveza,,5.8,5.8,False,original,1.0,default_1usd,keep,heuristic_default,dataset/txt_limpios/1288.txt,dataset/paginas_descargadas/1288.html
1290,Valoramos tu privacidad,Personalizar,,UNKNOWN,Desconocido,arroz,True,sin_categoria,arroz,234.19,234.1938,True,country_mean,1.0,default_1usd,keep_imputed,no_category_detected;price_parse_failed,dataset/txt_limpios/1290.txt,dataset/paginas_descargadas/1290.html
1291,Valoramos tu privacidad,Personalizar,450g,UNKNOWN,Desconocido,pan,False,pan,,0.99,0.99,False,original,1.0,default_1usd,keep,heuristic_default,dataset/txt_limpios/1291.txt,dataset/paginas_descargadas/1291.html
1292,Valoramos tu privacidad,Personalizar,750g,UNKNOWN,Desconocido,pan,False,pan,,1.89,1.89,False,original,1.0,default_1usd,keep,heuristic_default,dataset/txt_limpios/1292.txt,dataset/paginas_descargadas/1292.html
1293,Valoramos tu privacidad,Personalizar,550g,UNKNOWN,Desconocido,pan,False,pan,,1.54,1.54,False,original,1.0,default_1usd,keep,heuristic_default,dataset/txt_limpios/1293.txt,dataset/paginas_descargadas/1293.html
1294,Valoramos tu privacidad,Personalizar,,UNKNOWN,Desconocido,arroz,True,sin_categoria,arroz,234.19,234.1938,True,country_mean,1.0,default_1usd,keep_imputed,no_category_detected;price_parse_failed,dataset/txt_limpios/1294.txt,dataset/paginas_descargadas/1294.html
1295,Valoramos tu privacidad,Personalizar,580g,UNKNOWN,Desconocido,pan,False,pan,,1.99,1.99,False,original,1.0,default_1usd,keep,heuristic_default,dataset/txt_limpios/1295.txt,dataset/paginas_descargadas/1295.html
1296,Valoramos tu privacidad,Personalizar,3.05 L,UNKNOWN,Desconocido,azucar,False,azucar,,2.62,2.62,False,original,1.0,default_1usd,keep,heuristic_default,dataset/txt_limpios/1296.txt,dataset/paginas_descargadas/1296.html
1298,Valoramos tu privacidad,Personalizar,2L,UNKNOWN,Desconocido,arroz,True,sin_categoria,arroz,0.92,0.92,False,original,1.0,default_1usd,keep_imputed,no_category_detected,dataset/txt_limpios/1298.txt,dataset/paginas_descargadas/1298.html
1299,Valoramos tu privacidad,Personalizar,1L,UNKNOWN,Desconocido,arroz,True,sin_categoria,arroz,0.44,0.44,False,original,1.0,default_1usd,keep_imputed,no_category_detected,dataset/txt_limpios/1299.txt,dataset/paginas_descargadas/1299.html
1300,Valoramos tu privacidad,Personalizar,,UNKNOWN,Desconocido,arroz,True,sin_categoria,arroz,234.19,234.1938,True,country_mean,1.0,default_1usd,keep_imputed,no_category_detected;price_parse_failed,dataset/txt_limpios/1300.txt,dataset/paginas_descargadas/1300.html
1301,Valoramos tu privacidad,Personalizar,226g,UNKNOWN,Desconocido,azucar,False,azucar,,226.0,226.0,False,original,1.0,default_1usd,keep,heuristic_default,dataset/txt_limpios/1301.txt,dataset/paginas_descargadas/1301.html
1302,Valoramos tu privacidad,Personalizar,100Lb,UNKNOWN,Desconocido,arroz,False,arroz,,43.45,43.45,False,original,1.0,default_1usd,keep,heuristic_default,dataset/txt_limpios/1302.txt,dataset/paginas_descargadas/1302.html
1303,Valoramos tu privacidad,Personalizar,100lb,UNKNOWN,Desconocido,arroz,False,arroz,,41.59,41.59,False,original,1.0,default_1usd,keep,heuristic_default,dataset/txt_limpios/1303.txt,dataset/paginas_descargadas/1303.html
1304,Valoramos tu privacidad,Personalizar,10Kg,UNKNOWN,Desconocido,arroz,False,arroz,,10.45,10.45,False,original,1.0,default_1usd,keep,heuristic_default,dataset/txt_limpios/1304.txt,dataset/paginas_descargadas/1304.html
1305,Valoramos tu privacidad,Personalizar,5kg,UNKNOWN,Desconocido,arroz,False,arroz,,5.66,5.66,False,original,1.0,default_1usd,keep,heuristic_default,dataset/txt_limpios/1305.txt,dataset/paginas_descargadas/1305.html
1306,Valoramos tu privacidad,Personalizar,5kg,UNKNOWN,Desconocido,arroz,False,arroz,,6.45,6.45,False,original,1.0,default_1usd,keep,heuristic_default,dataset/txt_limpios/1306.txt,dataset/paginas_descargadas/1306.html
1307,Valoramos tu privacidad,Personalizar,,UNKNOWN,Desconocido,arroz,True,sin_categoria,arroz,234.19,234.1938,True,country_mean,1.0,default_1usd,keep_imputed,no_category_detected;price_parse_failed,dataset/txt_limpios/1307.txt,dataset/paginas_descargadas/1307.html
1308,Valoramos tu privacidad,Personalizar,400g,UNKNOWN,Desconocido,arroz,False,arroz,,1.0,1.0,False,original,1.0,default_1usd,keep,heuristic_default,dataset/txt_limpios/1308.txt,dataset/paginas_descargadas/1308.html
1309,Valoramos tu privacidad,Personalizar,,UNKNOWN,Desconocido,arroz,True,sin_categoria,arroz,234.19,234.1938,True,country_mean,1.0,default_1usd,keep_imputed,no_category_detected;price_parse_failed,dataset/txt_limpios/1309.txt,dataset/paginas_descargadas/1309.html
1310,Valoramos tu privacidad,Personalizar,400g,UNKNOWN,Desconocido,arroz,False,arroz,,1.14,1.14,False,original,1.0,default_1usd,keep,heuristic_default,dataset/txt_limpios/1310.txt,dataset/paginas_descargadas/1310.html
1311,Valoramos tu privacidad,Personalizar,500g,UNKNOWN,Desconocido,arroz,False,arroz,,2.25,2.25,False,original,1.0,default_1usd,keep,heuristic_default,dataset/txt_limpios/1311.txt,dataset/paginas_descargadas/1311.html
1312,Valoramos tu privacidad,Personalizar,2 kg,UNKNOWN,Desconocido,azucar,False,azucar,,1.7,1.7,False,original,1.0,default_1usd,keep,heuristic_default,dataset/txt_limpios/1312.txt,dataset/paginas_descargadas/1312.html
1313,Valoramos tu privacidad,Personalizar,2 kg,UNKNOWN,Desconocido,azucar,False,azucar,,1.89,1.89,False,original,1.0,default_1usd,keep,heuristic_default,dataset/txt_limpios/1313.txt,dataset/paginas_descargadas/1313.html
1314,Valoramos tu privacidad,Personalizar,1 kg,UNKNOWN,Desconocido,azucar,False,azucar,,0.99,0.99,False,original,1.0,default_1usd,keep,heuristic_default,dataset/txt_limpios/1314.txt,dataset/paginas_descargadas/1314.html
1315,Valoramos tu privacidad,Personalizar,,UNKNOWN,Desconocido,arroz,True,sin_categoria,arroz,234.19,234.1938,True,country_mean,1.0,default_1usd,keep_imputed,no_category_detected;price_parse_failed,dataset/txt_limpios/1315.txt,dataset/paginas_descargadas/1315.html
1715,Verduras Congeladas,FRUTOS DEL MAIPO,1 Kg,UNKNOWN,Desconocido,papa,False,papa,,3.99,3.99,False,original,1.0,default_1usd,keep,heuristic_default,dataset/txt_limpios/1715.txt,dataset/paginas_descargadas/1715.html
1000,Verificar que usted es un ser humano. Esto podría tardar algunos segundos.,Verificación exitosa,,UNKNOWN,Desconocido,papa,True,sin_categoria,papa,234.19,234.1938,True,country_mean,1.0,default_1usd,keep_imputed,no_category_detected;price_parse_failed,dataset/txt_limpios/1000.txt,dataset/paginas_descargadas/1000.html
1001,Verificar que usted es un ser humano. Esto podría tardar algunos segundos.,Verificación exitosa,,UNKNOWN,Desconocido,papa,True,sin_categoria,papa,234.19,234.1938,True,country_mean,1.0,default_1usd,keep_imputed,no_category_detected;price_parse_failed,dataset/txt_limpios/1001.txt,dataset/paginas_descargadas/1001.html
1002,Verificar que usted es un ser humano. Esto podría tardar algunos segundos.,Verificación exitosa,,UNKNOWN,Desconocido,papa,True,sin_categoria,papa,234.19,234.1938,True,country_mean,1.0,default_1usd,keep_imputed,no_category_detected;price_parse_failed,dataset/txt_limpios/1002.txt,dataset/paginas_descargadas/1002.html
1003,Verificar que usted es un ser humano. Esto podría tardar algunos segundos.,Verificación exitosa,,UNKNOWN,Desconocido,papa,True,sin_categoria,papa,234.19,234.1938,True,country_mean,1.0,default_1usd,keep_imputed,no_category_detected;price_parse_failed,dataset/txt_limpios/1003.txt,dataset/paginas_descargadas/1003.html
967,Verificar que usted es un ser humano. Esto podría tardar algunos segundos.,Verificación exitosa,,UNKNOWN,Desconocido,papa,True,sin_categoria,papa,234.19,234.1938,True,country_mean,1.0,default_1usd,keep_imputed,no_category_detected;price_parse_failed,dataset/txt_limpios/967.txt,dataset/paginas_descargadas/967.html
968,Verificar que usted es un ser humano. Esto podría tardar algunos segundos.,Verificación exitosa,,UNKNOWN,Desconocido,papa,True,sin_categoria,papa,234.19,234.1938,True,country_mean,1.0,default_1usd,keep_imputed,no_category_detected;price_parse_failed,dataset/txt_limpios/968.txt,dataset/paginas_descargadas/968.html
969,Verificar que usted es un ser humano. Esto podría tardar algunos segundos.,Verificación exitosa,,UNKNOWN,Desconocido,papa,True,sin_categoria,papa,234.19,234.1938,True,country_mean,1.0,default_1usd,keep_imputed,no_category_detected;price_parse_failed,dataset/txt_limpios/969.txt,dataset/paginas_descargadas/969.html
970,Verificar que usted es un ser humano. Esto podría tardar algunos segundos.,Verificación exitosa,,UNKNOWN,Desconocido,papa,True,sin_categoria,papa,234.19,234.1938,True,country_mean,1.0,default_1usd,keep_imputed,no_category_detected;price_parse_failed,dataset/txt_limpios/970.txt,dataset/paginas_descargadas/970.html
971,Verificar que usted es un ser humano. Esto podría tardar algunos segundos.,Verificación exitosa,,UNKNOWN,Desconocido,papa,True,sin_categoria,papa,234.19,234.1938,True,country_mean,1.0,default_1usd,keep_imputed,no_category_detected;price_parse_failed,dataset/txt_limpios/971.txt,dataset/paginas_descargadas/971.html
972,Verificar que usted es un ser humano. Esto podría tardar algunos segundos.,Verificación exitosa,,UNKNOWN,Desconocido,papa,True,sin_categoria,papa,234.19,234.1938,True,country_mean,1.0,default_1usd,keep_imputed,no_category_detected;price_parse_failed,dataset/txt_limpios/972.txt,dataset/paginas_descargadas/972.html
973,Verificar que usted es un ser humano. Esto podría tardar algunos segundos.,Verificación exitosa,,UNKNOWN,Desconocido,papa,True,sin_categoria,papa,234.19,234.1938,True,country_mean,1.0,default_1usd,keep_imputed,no_category_detected;price_parse_failed,dataset/txt_limpios/973.txt,dataset/paginas_descargadas/973.html
974,Verificar que usted es un ser humano. Esto podría tardar algunos segundos.,Verificación exitosa,,UNKNOWN,Desconocido,papa,True,sin_categoria,papa,234.19,234.1938,True,country_mean,1.0,default_1usd,keep_imputed,no_category_detected;price_parse_failed,dataset/txt_limpios/974.txt,dataset/paginas_descargadas/974.html
975,Verificar que usted es un ser humano. Esto podría tardar algunos segundos.,Verificación exitosa,,UNKNOWN,Desconocido,papa,True,sin_categoria,papa,234.19,234.1938,True,country_mean,1.0,default_1usd,keep_imputed,no_category_detected;price_parse_failed,dataset/txt_limpios/975.txt,dataset/paginas_descargadas/975.html
976,Verificar que usted es un ser humano. Esto podría tardar algunos segundos.,Verificación exitosa,,UNKNOWN,Desconocido,papa,True,sin_categoria,papa,234.19,234.1938,True,country_mean,1.0,default_1usd,keep_imputed,no_category_detected;price_parse_failed,dataset/txt_limpios/976.txt,dataset/paginas_descargadas/976.html
977,Verificar que usted es un ser humano. Esto podría tardar algunos segundos.,Verificación exitosa,,UNKNOWN,Desconocido,papa,True,sin_categoria,papa,234.19,234.1938,True,country_mean,1.0,default_1usd,keep_imputed,no_category_detected;price_parse_failed,dataset/txt_limpios/977.txt,dataset/paginas_descargadas/977.html
978,Verificar que usted es un ser humano. Esto podría tardar algunos segundos.,Verificación exitosa,,UNKNOWN,Desconocido,papa,True,sin_categoria,papa,234.19,234.1938,True,country_mean,1.0,default_1usd,keep_imputed,no_category_detected;price_parse_failed,dataset/txt_limpios/978.txt,dataset/paginas_descargadas/978.html
979,Verificar que usted es un ser humano. Esto podría tardar algunos segundos.,Verificación exitosa,,UNKNOWN,Desconocido,papa,True,sin_categoria,papa,234.19,234.1938,True,country_mean,1.0,default_1usd,keep_imputed,no_category_detected;price_parse_failed,dataset/txt_limpios/979.txt,dataset/paginas_descargadas/979.html
980,Verificar que usted es un ser humano. Esto podría tardar algunos segundos.,Verificación exitosa,,UNKNOWN,Desconocido,papa,True,sin_categoria,papa,234.19,234.1938,True,country_mean,1.0,default_1usd,keep_imputed,no_category_detected;price_parse_failed,dataset/txt_limpios/980.txt,dataset/paginas_descargadas/980.html
981,Verificar que usted es un ser humano. Esto podría tardar algunos segundos.,Verificación exitosa,,UNKNOWN,Desconocido,papa,True,sin_categoria,papa,234.19,234.1938,True,country_mean,1.0,default_1usd,keep_imputed,no_category_detected;price_parse_failed,dataset/txt_limpios/981.txt,dataset/paginas_descargadas/981.html
982,Verificar que usted es un ser humano. Esto podría tardar algunos segundos.,Verificación exitosa,,UNKNOWN,Desconocido,papa,True,sin_categoria,papa,234.19,234.1938,True,country_mean,1.0,default_1usd,keep_imputed,no_category_detected;price_parse_failed,dataset/txt_limpios/982.txt,dataset/paginas_descargadas/982.html
983,Verificar que usted es un ser humano. Esto podría tardar algunos segundos.,Verificación exitosa,,UNKNOWN,Desconocido,papa,True,sin_categoria,papa,234.19,234.1938,True,country_mean,1.0,default_1usd,keep_imputed,no_category_detected;price_parse_failed,dataset/txt_limpios/983.txt,dataset/paginas_descargadas/983.html
984,Verificar que usted es un ser humano. Esto podría tardar algunos segundos.,Verificación exitosa,,UNKNOWN,Desconocido,papa,True,sin_categoria,papa,234.19,234.1938,True,country_mean,1.0,default_1usd,keep_imputed,no_category_detected;price_parse_failed,dataset/txt_limpios/984.txt,dataset/paginas_descargadas/984.html
985,Verificar que usted es un ser humano. Esto podría tardar algunos segundos.,Verificación exitosa,,UNKNOWN,Desconocido,papa,True,sin_categoria,papa,234.19,234.1938,True,country_mean,1.0,default_1usd,keep_imputed,no_category_detected;price_parse_failed,dataset/txt_limpios/985.txt,dataset/paginas_descargadas/985.html
986,Verificar que usted es un ser humano. Esto podría tardar algunos segundos.,Verificación exitosa,,UNKNOWN,Desconocido,papa,True,sin_categoria,papa,234.19,234.1938,True,country_mean,1.0,default_1usd,keep_imputed,no_category_detected;price_parse_failed,dataset/txt_limpios/986.txt,dataset/paginas_descargadas/986.html
987,Verificar que usted es un ser humano. Esto podría tardar algunos segundos.,Verificación exitosa,,UNKNOWN,Desconocido,papa,True,sin_categoria,papa,234.19,234.1938,True,country_mean,1.0,default_1usd,keep_imputed,no_category_detected;price_parse_failed,dataset/txt_limpios/987.txt,dataset/paginas_descargadas/987.html
988,Verificar que usted es un ser humano. Esto podría tardar algunos segundos.,Verificación exitosa,,UNKNOWN,Desconocido,papa,True,sin_categoria,papa,234.19,234.1938,True,country_mean,1.0,default_1usd,keep_imputed,no_category_detected;price_parse_failed,dataset/txt_limpios/988.txt,dataset/paginas_descargadas/988.html
989,Verificar que usted es un ser humano. Esto podría tardar algunos segundos.,Verificación exitosa,,UNKNOWN,Desconocido,papa,True,sin_categoria,papa,234.19,234.1938,True,country_mean,1.0,default_1usd,keep_imputed,no_category_detected;price_parse_failed,dataset/txt_limpios/989.txt,dataset/paginas_descargadas/989.html
990,Verificar que usted es un ser humano. Esto podría tardar algunos segundos.,Verificación exitosa,,UNKNOWN,Desconocido,papa,True,sin_categoria,papa,234.19,234.1938,True,country_mean,1.0,default_1usd,keep_imputed,no_category_detected;price_parse_failed,dataset/txt_limpios/990.txt,dataset/paginas_descargadas/990.html
991,Verificar que usted es un ser humano. Esto podría tardar algunos segundos.,Verificación exitosa,,UNKNOWN,Desconocido,papa,True,sin_categoria,papa,234.19,234.1938,True,country_mean,1.0,default_1usd,keep_imputed,no_category_detected;price_parse_failed,dataset/txt_limpios/991.txt,dataset/paginas_descargadas/991.html
992,Verificar que usted es un ser humano. Esto podría tardar algunos segundos.,Verificación exitosa,,UNKNOWN,Desconocido,papa,True,sin_categoria,papa,234.19,234.1938,True,country_mean,1.0,default_1usd,keep_imputed,no_category_detected;price_parse_failed,dataset/txt_limpios/992.txt,dataset/paginas_descargadas/992.html
993,Verificar que usted es un ser humano. Esto podría tardar algunos segundos.,Verificación exitosa,,UNKNOWN,Desconocido,papa,True,sin_categoria,papa,234.19,234.1938,True,country_mean,1.0,default_1usd,keep_imputed,no_category_detected;price_parse_failed,dataset/txt_limpios/993.txt,dataset/paginas_descargadas/993.html
994,Verificar que usted es un ser humano. Esto podría tardar algunos segundos.,Verificación exitosa,,UNKNOWN,Desconocido,papa,True,sin_categoria,papa,234.19,234.1938,True,country_mean,1.0,default_1usd,keep_imputed,no_category_detected;price_parse_failed,dataset/txt_limpios/994.txt,dataset/paginas_descargadas/994.html
995,Verificar que usted es un ser humano. Esto podría tardar algunos segundos.,Verificación exitosa,,UNKNOWN,Desconocido,papa,True,sin_categoria,papa,234.19,234.1938,True,country_mean,1.0,default_1usd,keep_imputed,no_category_detected;price_parse_failed,dataset/txt_limpios/995.txt,dataset/paginas_descargadas/995.html
996,Verificar que usted es un ser humano. Esto podría tardar algunos segundos.,Verificación exitosa,,UNKNOWN,Desconocido,papa,True,sin_categoria,papa,234.19,234.1938,True,country_mean,1.0,default_1usd,keep_imputed,no_category_detected;price_parse_failed,dataset/txt_limpios/996.txt,dataset/paginas_descargadas/996.html
997,Verificar que usted es un ser humano. Esto podría tardar algunos segundos.,Verificación exitosa,,UNKNOWN,Desconocido,papa,True,sin_categoria,papa,234.19,234.1938,True,country_mean,1.0,default_1usd,keep_imputed,no_category_detected;price_parse_failed,dataset/txt_limpios/997.txt,dataset/paginas_descargadas/997.html
998,Verificar que usted es un ser humano. Esto podría tardar algunos segundos.,Verificación exitosa,,UNKNOWN,Desconocido,papa,True,sin_categoria,papa,234.19,234.1938,True,country_mean,1.0,default_1usd,keep_imputed,no_category_detected;price_parse_failed,dataset/txt_limpios/998.txt,dataset/paginas_descargadas/998.html
999,Verificar que usted es un ser humano. Esto podría tardar algunos segundos.,Verificación exitosa,,UNKNOWN,Desconocido,papa,True,sin_categoria,papa,234.19,234.1938,True,country_mean,1.0,default_1usd,keep_imputed,no_category_detected;price_parse_failed,dataset/txt_limpios/999.txt,dataset/paginas_descargadas/999.html
1053,¡Aún no eres Wong Prime!,Aprovecha el,5 Kg,PE,Desconocido,azucar,True,sin_categoria,azucar,79.9,22.507,False,original,3.55,from_peru_cambio_dolar,keep_imputed,no_category_detected,dataset/txt_limpios/1053.txt,dataset/paginas_descargadas/1053.html
1054,¡Aún no eres Wong Prime!,Aprovecha el,5 kg,PE,Desconocido,arroz,False,arroz,,79.9,22.507,False,original,3.55,from_peru_cambio_dolar,keep,heuristic_default,dataset/txt_limpios/1054.txt,dataset/paginas_descargadas/1054.html
1055,¡Aún no eres Wong Prime!,Aprovecha el,5kg,PE,Desconocido,arroz,False,arroz,,79.9,22.507,False,original,3.55,from_peru_cambio_dolar,keep,heuristic_default,dataset/txt_limpios/1055.txt,dataset/paginas_descargadas/1055.html
1056,¡Aún no eres Wong Prime!,Aprovecha el,5 kg,PE,Desconocido,arroz,False,arroz,,79.9,22.507,False,original,3.55,from_peru_cambio_dolar,keep,heuristic_default,dataset/txt_limpios/1056.txt,dataset/paginas_descargadas/1056.html
1057,¡Aún no eres Wong Prime!,Aprovecha el,5kg,PE,Desconocido,arroz,False,arroz,,79.9,22.507,False,original,3.55,from_peru_cambio_dolar,keep,heuristic_default,dataset/txt_limpios/1057.txt,dataset/paginas_descargadas/1057.html
1058,¡Aún no eres Wong Prime!,Aprovecha el,,PE,Desconocido,pollo entero,False,pollo entero,,79.9,22.507,False,original,3.55,from_peru_cambio_dolar,keep,heuristic_default,dataset/txt_limpios/1058.txt,dataset/paginas_descargadas/1058.html
1059,¡Aún no eres Wong Prime!,Aprovecha el,,PE,Desconocido,pollo entero,False,pollo entero,,79.9,22.507,False,original,3.55,from_peru_cambio_dolar,keep,heuristic_default,dataset/txt_limpios/1059.txt,dataset/paginas_descargadas/1059.html
1060,¡Aún no eres Wong Prime!,Aprovecha el,,PE,Desconocido,azucar,True,sin_categoria,azucar,79.9,22.507,False,original,3.55,from_peru_cambio_dolar,keep_imputed,no_category_detected,dataset/txt_limpios/1060.txt,dataset/paginas_descargadas/1060.html
1061,¡Aún no eres Wong Prime!,Aprovecha el,,PE,Desconocido,pollo entero,False,pollo entero,,79.9,22.507,False,original,3.55,from_peru_cambio_dolar,keep,heuristic_default,dataset/txt_limpios/1061.txt,dataset/paginas_descargadas/1061.html
1062,¡Aún no eres Wong Prime!,Aprovecha el,800 g,PE,Desconocido,azucar,False,azucar,,79.9,22.507,False,original,3.55,from_peru_cambio_dolar,keep,heuristic_default,dataset/txt_limpios/1062.txt,dataset/paginas_descargadas/1062.html
1063,¡Aún no eres Wong Prime!,Aprovecha el,,PE,Desconocido,azucar,True,sin_categoria,azucar,79.9,22.507,False,original,3.55,from_peru_cambio_dolar,keep_imputed,no_category_detected,dataset/txt_limpios/1063.txt,dataset/paginas_descargadas/1063.html
1064,¡Aún no eres Wong Prime!,Aprovecha el,,PE,Desconocido,azucar,True,sin_categoria,azucar,79.9,22.507,False,original,3.55,from_peru_cambio_dolar,keep_imputed,no_category_detected,dataset/txt_limpios/1064.txt,dataset/paginas_descargadas/1064.html
1065,¡Aún no eres Wong Prime!,Aprovecha el,900g,PE,Desconocido,cafe,False,cafe,,79.9,22.507,False,original,3.55,from_peru_cambio_dolar,keep,heuristic_default,dataset/txt_limpios/1065.txt,dataset/paginas_descargadas/1065.html
1067,¡Aún no eres Wong Prime!,Aprovecha el,500g,PE,Desconocido,cafe,False,cafe,,79.9,22.507,False,original,3.55,from_peru_cambio_dolar,keep,heuristic_default,dataset/txt_limpios/1067.txt,dataset/paginas_descargadas/1067.html
1068,¡Aún no eres Wong Prime!,Aprovecha el,1.8L,PE,Desconocido,aceite vegetal,False,aceite vegetal,,79.9,22.507,False,original,3.55,from_peru_cambio_dolar,keep,heuristic_default,dataset/txt_limpios/1068.txt,dataset/paginas_descargadas/1068.html
1069,¡Aún no eres Wong Prime!,Aprovecha el,1 Litro,PE,Desconocido,azucar,True,sin_categoria,azucar,79.9,22.507,False,original,3.55,from_peru_cambio_dolar,keep_imputed,no_category_detected,dataset/txt_limpios/1069.txt,dataset/paginas_descargadas/1069.html
1070,¡Aún no eres Wong Prime!,Aprovecha el,1L,PE,Desconocido,atun,True,sin_categoria,atun,79.9,22.507,False,original,3.55,from_peru_cambio_dolar,keep_imputed,no_category_detected,dataset/txt_limpios/1070.txt,dataset/paginas_descargadas/1070.html
1071,¡Aún no eres Wong Prime!,Aprovecha el,1L,PE,Desconocido,azucar,True,sin_categoria,azucar,79.9,22.507,False,original,3.55,from_peru_cambio_dolar,keep_imputed,no_category_detected,dataset/txt_limpios/1071.txt,dataset/paginas_descargadas/1071.html
1072,¡Aún no eres Wong Prime!,Aprovecha el,750ml,PE,Desconocido,aceite vegetal,True,sin_categoria,aceite vegetal,79.9,22.507,False,original,3.55,from_peru_cambio_dolar,keep_imputed,no_category_detected,dataset/txt_limpios/1072.txt,dataset/paginas_descargadas/1072.html
1074,¡Aún no eres Wong Prime!,Aprovecha el,946ml,PE,Desconocido,azucar,False,azucar,,79.9,22.507,False,original,3.55,from_peru_cambio_dolar,keep,heuristic_default,dataset/txt_limpios/1074.txt,dataset/paginas_descargadas/1074.html
1075,¡Aún no eres Wong Prime!,Aprovecha el,900ml,PE,Desconocido,leche,False,leche,,79.9,22.507,False,original,3.55,from_peru_cambio_dolar,keep,heuristic_default,dataset/txt_limpios/1075.txt,dataset/paginas_descargadas/1075.html
1076,¡Aún no eres Wong Prime!,Aprovecha el,950 ml,PE,Desconocido,azucar,False,azucar,,79.9,22.507,False,original,3.55,from_peru_cambio_dolar,keep,heuristic_default,dataset/txt_limpios/1076.txt,dataset/paginas_descargadas/1076.html
1077,¡Aún no eres Wong Prime!,Aprovecha el,800ml,PE,Desconocido,leche,False,leche,,79.9,22.507,False,original,3.55,from_peru_cambio_dolar,keep,heuristic_default,dataset/txt_limpios/1077.txt,dataset/paginas_descargadas/1077.html
1078,¡Aún no eres Wong Prime!,Aprovecha el,30 unidades,PE,Desconocido,aceite vegetal,False,aceite vegetal,,79.9,22.507,False,original,3.55,from_peru_cambio_dolar,keep,heuristic_default,dataset/txt_limpios/1078.txt,dataset/paginas_descargadas/1078.html
1079,¡Aún no eres Wong Prime!,Aprovecha el,15 unidades,PE,Desconocido,huevo,False,huevo,,79.9,22.507,False,original,3.55,from_peru_cambio_dolar,keep_imputed,heuristic_default,dataset/txt_limpios/1079.txt,dataset/paginas_descargadas/1079.html
1080,¡Aún no eres Wong Prime!,Aprovecha el,15 unidades,PE,Desconocido,huevo,False,huevo,,79.9,22.507,False,original,3.55,from_peru_cambio_dolar,keep_imputed,heuristic_default,dataset/txt_limpios/1080.txt,dataset/paginas_descargadas/1080.html
1081,¡Aún no eres Wong Prime!,Aprovecha el,,PE,Desconocido,huevo,False,huevo,,79.9,22.507,False,original,3.55,from_peru_cambio_dolar,keep_imputed,heuristic_default,dataset/txt_limpios/1081.txt,dataset/paginas_descargadas/1081.html
1082,¡Aún no eres Wong Prime!,Aprovecha el,,PE,Desconocido,azucar,True,sin_categoria,azucar,79.9,22.507,False,original,3.55,from_peru_cambio_dolar,keep_imputed,no_category_detected,dataset/txt_limpios/1082.txt,dataset/paginas_descargadas/1082.html
1083,¡Aún no eres Wong Prime!,Aprovecha el,5 kg,PE,Desconocido,azucar,False,azucar,,79.9,22.507,False,original,3.55,from_peru_cambio_dolar,keep,heuristic_default,dataset/txt_limpios/1083.txt,dataset/paginas_descargadas/1083.html
1084,¡Aún no eres Wong Prime!,Aprovecha el,2 kg,PE,Desconocido,azucar,False,azucar,,79.9,22.507,False,original,3.55,from_peru_cambio_dolar,keep,heuristic_default,dataset/txt_limpios/1084.txt,dataset/paginas_descargadas/1084.html
1085,¡Aún no eres Wong Prime!,Aprovecha el,,PE,Desconocido,azucar,True,sin_categoria,azucar,79.9,22.507,False,original,3.55,from_peru_cambio_dolar,keep_imputed,no_category_detected,dataset/txt_limpios/1085.txt,dataset/paginas_descargadas/1085.html
1086,¡Aún no eres Wong Prime!,Aprovecha el,1kg,PE,Desconocido,azucar,False,azucar,,79.9,22.507,False,original,3.55,from_peru_cambio_dolar,keep,heuristic_default,dataset/txt_limpios/1086.txt,dataset/paginas_descargadas/1086.html
1088,¡Aún no eres Wong Prime!,Aprovecha el,770g,PE,Desconocido,azucar,False,azucar,,79.9,22.507,False,original,3.55,from_peru_cambio_dolar,keep,heuristic_default,dataset/txt_limpios/1088.txt,dataset/paginas_descargadas/1088.html
1089,¡Aún no eres Wong Prime!,Aprovecha el,360 g,PE,Desconocido,leche,False,leche,,79.9,22.507,False,original,3.55,from_peru_cambio_dolar,keep,heuristic_default,dataset/txt_limpios/1089.txt,dataset/paginas_descargadas/1089.html
1090,¡Aún no eres Wong Prime!,Aprovecha el,300g,PE,Desconocido,azucar,False,azucar,,79.9,22.507,False,original,3.55,from_peru_cambio_dolar,keep,heuristic_default,dataset/txt_limpios/1090.txt,dataset/paginas_descargadas/1090.html
1091,¡Aún no eres Wong Prime!,Aprovecha el,400g,PE,Desconocido,azucar,True,sin_categoria,azucar,79.9,22.507,False,original,3.55,from_peru_cambio_dolar,keep_imputed,no_category_detected,dataset/txt_limpios/1091.txt,dataset/paginas_descargadas/1091.html
1092,¡Aún no eres Wong Prime!,Aprovecha el,560 g,PE,Desconocido,pan,False,pan,,79.9,22.507,False,original,3.55,from_peru_cambio_dolar,keep,heuristic_default,dataset/txt_limpios/1092.txt,dataset/paginas_descargadas/1092.html
1093,¡Aún no eres Wong Prime!,Aprovecha el,950g,PE,Desconocido,huevo,False,huevo,,79.9,22.507,False,original,3.55,from_peru_cambio_dolar,keep_imputed,heuristic_default,dataset/txt_limpios/1093.txt,dataset/paginas_descargadas/1093.html
1094,¡Aún no eres Wong Prime!,Aprovecha el,400 g,PE,Desconocido,huevo,False,huevo,,79.9,22.507,False,original,3.55,from_peru_cambio_dolar,keep_imputed,heuristic_default,dataset/txt_limpios/1094.txt,dataset/paginas_descargadas/1094.html
1095,¡Aún no eres Wong Prime!,Aprovecha el,500 g,PE,Desconocido,azucar,True,sin_categoria,azucar,79.9,22.507,False,original,3.55,from_peru_cambio_dolar,keep_imputed,no_category_detected,dataset/txt_limpios/1095.txt,dataset/paginas_descargadas/1095.html
1097,¡Aún no eres Wong Prime!,Aprovecha el,950g,PE,Desconocido,harina de trigo,False,harina de trigo,,79.9,22.507,False,original,3.55,from_peru_cambio_dolar,keep,heuristic_default,dataset/txt_limpios/1097.txt,dataset/paginas_descargadas/1097.html
1098,¡Aún no eres Wong Prime!,Aprovecha el,,PE,Desconocido,azucar,True,sin_categoria,azucar,79.9,22.507,False,original,3.55,from_peru_cambio_dolar,keep_imputed,no_category_detected,dataset/txt_limpios/1098.txt,dataset/paginas_descargadas/1098.html
1099,¡Aún no eres Wong Prime!,Aprovecha el,150g,PE,Desconocido,atun,False,atun,,79.9,22.507,False,original,3.55,from_peru_cambio_dolar,keep,heuristic_default,dataset/txt_limpios/1099.txt,dataset/paginas_descargadas/1099.html
1100,¡Aún no eres Wong Prime!,Aprovecha el,140g,PE,Desconocido,azucar,True,sin_categoria,azucar,79.9,22.507,False,original,3.55,from_peru_cambio_dolar,keep_imputed,no_category_detected,dataset/txt_limpios/1100.txt,dataset/paginas_descargadas/1100.html
1101,¡Aún no eres Wong Prime!,Aprovecha el,140g,PE,Desconocido,atun,False,atun,,79.9,22.507,False,original,3.55,from_peru_cambio_dolar,keep,heuristic_default,dataset/txt_limpios/1101.txt,dataset/paginas_descargadas/1101.html
1102,¡Aún no eres Wong Prime!,Aprovecha el,140g,PE,Desconocido,atun,False,atun,,79.9,22.507,False,original,3.55,from_peru_cambio_dolar,keep,heuristic_default,dataset/txt_limpios/1102.txt,dataset/paginas_descargadas/1102.html
110,¡Lo mejor te está esperando!,Descarga la app,2 Kg,UNKNOWN,Desconocido,atun,False,atun,,74.9,74.9,False,original,1.0,default_1usd,keep,heuristic_default,dataset/txt_limpios/110.txt,dataset/paginas_descargadas/110.html
111,¡Lo mejor te está esperando!,Descarga la app,907 G,UNKNOWN,Desconocido,arroz,False,arroz,,23.9,23.9,False,original,1.0,default_1usd,keep,heuristic_default,dataset/txt_limpios/111.txt,dataset/paginas_descargadas/111.html
112,¡Lo mejor te está esperando!,Descarga la app,906 G,UNKNOWN,Desconocido,atun,False,atun,,17.9,17.9,False,original,1.0,default_1usd,keep,heuristic_default,dataset/txt_limpios/112.txt,dataset/paginas_descargadas/112.html
113,¡Lo mejor te está esperando!,Descarga la app,906 G,UNKNOWN,Desconocido,atun,False,atun,,23.9,23.9,False,original,1.0,default_1usd,keep,heuristic_default,dataset/txt_limpios/113.txt,dataset/paginas_descargadas/113.html
114,¡Lo mejor te está esperando!,Descarga la app,155 G,UNKNOWN,Desconocido,atun,False,atun,,39.9,39.9,False,original,1.0,default_1usd,keep,heuristic_default,dataset/txt_limpios/114.txt,dataset/paginas_descargadas/114.html
115,¡Lo mejor te está esperando!,Descarga la app,800 Ml,UNKNOWN,Desconocido,aceite vegetal,False,aceite vegetal,,29.9,29.9,False,original,1.0,default_1usd,keep,heuristic_default,dataset/txt_limpios/115.txt,dataset/paginas_descargadas/115.html
117,¡Lo mejor te está esperando!,Descarga la app,400 Ml,UNKNOWN,Desconocido,aceite vegetal,False,aceite vegetal,,25.9,25.9,False,original,1.0,default_1usd,keep,heuristic_default,dataset/txt_limpios/117.txt,dataset/paginas_descargadas/117.html
118,¡Lo mejor te está esperando!,Descarga la app,850 Ml,UNKNOWN,Desconocido,aceite vegetal,False,aceite vegetal,,37.9,37.9,False,original,1.0,default_1usd,keep,heuristic_default,dataset/txt_limpios/118.txt,dataset/paginas_descargadas/118.html
119,¡Lo mejor te está esperando!,Descarga la app,,UNKNOWN,Desconocido,leche,True,sin_categoria,leche,234.19,234.1938,True,country_mean,1.0,default_1usd,keep_imputed,no_category_detected;price_parse_failed,dataset/txt_limpios/119.txt,dataset/paginas_descargadas/119.html
120,¡Lo mejor te está esperando!,Descarga la app,1 Lt,UNKNOWN,Desconocido,leche,False,leche,,27.9,27.9,False,original,1.0,default_1usd,keep,heuristic_default,dataset/txt_limpios/120.txt,dataset/paginas_descargadas/120.html
121,¡Lo mejor te está esperando!,Descarga la app,1 Lt,UNKNOWN,Desconocido,leche,False,leche,,34.9,34.9,False,original,1.0,default_1usd,keep,heuristic_default,dataset/txt_limpios/121.txt,dataset/paginas_descargadas/121.html
122,¡Lo mejor te está esperando!,Descarga la app,1 Lt,UNKNOWN,Desconocido,leche,False,leche,,37.9,37.9,False,original,1.0,default_1usd,keep,heuristic_default,dataset/txt_limpios/122.txt,dataset/paginas_descargadas/122.html
123,¡Lo mejor te está esperando!,Descarga la app,1 Lt,UNKNOWN,Desconocido,leche,False,leche,,30.9,30.9,False,original,1.0,default_1usd,keep,heuristic_default,dataset/txt_limpios/123.txt,dataset/paginas_descargadas/123.html
125,¡Lo mejor te está esperando!,Descarga la app,680 G,UNKNOWN,Desconocido,pan,False,pan,,44.9,44.9,False,original,1.0,default_1usd,keep,heuristic_default,dataset/txt_limpios/125.txt,dataset/paginas_descargadas/125.html
126,¡Lo mejor te está esperando!,Descarga la app,624 G,UNKNOWN,Desconocido,pan,False,pan,,62.9,62.9,False,original,1.0,default_1usd,keep,heuristic_default,dataset/txt_limpios/126.txt,dataset/paginas_descargadas/126.html
127,¡Lo mejor te está esperando!,Descarga la app,620 G,UNKNOWN,Desconocido,pan,False,pan,,54.9,54.9,False,original,1.0,default_1usd,keep,heuristic_default,dataset/txt_limpios/127.txt,dataset/paginas_descargadas/127.html
129,¡Lo mejor te está esperando!,Descarga la app,1 Kg,UNKNOWN,Desconocido,azucar,False,azucar,,112.9,112.9,False,original,1.0,default_1usd,keep,heuristic_default,dataset/txt_limpios/129.txt,dataset/paginas_descargadas/129.html
131,¡Lo mejor te está esperando!,Descarga la app,100 G,UNKNOWN,Desconocido,cafe,False,cafe,,54.9,54.9,False,original,1.0,default_1usd,keep,heuristic_default,dataset/txt_limpios/131.txt,dataset/paginas_descargadas/131.html
132,¡Lo mejor te está esperando!,Descarga la app,100 G,UNKNOWN,Desconocido,cafe,False,cafe,,69.9,69.9,False,original,1.0,default_1usd,keep,heuristic_default,dataset/txt_limpios/132.txt,dataset/paginas_descargadas/132.html
133,¡Lo mejor te está esperando!,Descarga la app,200 G,UNKNOWN,Desconocido,cafe,False,cafe,,149.9,149.9,False,original,1.0,default_1usd,keep,heuristic_default,dataset/txt_limpios/133.txt,dataset/paginas_descargadas/133.html
134,¡Lo mejor te está esperando!,Descarga la app,226 G,UNKNOWN,Desconocido,cafe,False,cafe,,224.9,224.9,False,original,1.0,default_1usd,keep,heuristic_default,dataset/txt_limpios/134.txt,dataset/paginas_descargadas/134.html
135,¡Lo mejor te está esperando!,Descarga la app,250 Gr,UNKNOWN,Desconocido,cafe,False,cafe,,114.9,114.9,False,original,1.0,default_1usd,keep,heuristic_default,dataset/txt_limpios/135.txt,dataset/paginas_descargadas/135.html
136,¡Lo mejor te está esperando!,Descarga la app,30 piezas,UNKNOWN,Desconocido,leche,False,leche,,99.9,99.9,False,original,1.0,default_1usd,keep,heuristic_default,dataset/txt_limpios/136.txt,dataset/paginas_descargadas/136.html
138,¡Lo mejor te está esperando!,Descarga la app,30 unidades,UNKNOWN,Desconocido,leche,False,leche,,91.9,91.9,False,original,1.0,default_1usd,keep,heuristic_default,dataset/txt_limpios/138.txt,dataset/paginas_descargadas/138.html
139,¡Lo mejor te está esperando!,Descarga la app,30 piezas,UNKNOWN,Desconocido,leche,False,leche,,91.9,91.9,False,original,1.0,default_1usd,keep,heuristic_default,dataset/txt_limpios/139.txt,dataset/paginas_descargadas/139.html
140,¡Lo mejor te está esperando!,Descarga la app,30 piezas,UNKNOWN,Desconocido,leche,False,leche,,98.9,98.9,False,original,1.0,default_1usd,keep,heuristic_default,dataset/txt_limpios/140.txt,dataset/paginas_descargadas/140.html
141,¡Lo mejor te está esperando!,Descarga la app,1 Kg,UNKNOWN,Desconocido,arroz,False,arroz,,104.9,104.9,False,original,1.0,default_1usd,keep,heuristic_default,dataset/txt_limpios/141.txt,dataset/paginas_descargadas/141.html
142,¡Lo mejor te está esperando!,Descarga la app,1 Kg,UNKNOWN,Desconocido,pan,False,pan,,16.9,16.9,False,original,1.0,default_1usd,keep,heuristic_default,dataset/txt_limpios/142.txt,dataset/paginas_descargadas/142.html
143,¡Lo mejor te está esperando!,Descarga la app,5 Lb,UNKNOWN,Desconocido,arroz,False,arroz,,309.9,309.9,False,original,1.0,default_1usd,keep,heuristic_default,dataset/txt_limpios/143.txt,dataset/paginas_descargadas/143.html
144,¡Lo mejor te está esperando!,Descarga la app,1 Kg,UNKNOWN,Desconocido,arroz,False,arroz,,15.9,15.9,False,original,1.0,default_1usd,keep,heuristic_default,dataset/txt_limpios/144.txt,dataset/paginas_descargadas/144.html
145,¡Lo mejor te está esperando!,Descarga la app,1 Kg,UNKNOWN,Desconocido,pan,False,pan,,21.9,21.9,False,original,1.0,default_1usd,keep,heuristic_default,dataset/txt_limpios/145.txt,dataset/paginas_descargadas/145.html
146,¡Lo mejor te está esperando!,Descarga la app,1 kg,UNKNOWN,Desconocido,papa,False,papa,,36.9,36.9,False,original,1.0,default_1usd,keep,heuristic_default,dataset/txt_limpios/146.txt,dataset/paginas_descargadas/146.html
40,¡Nueva tarjeta de crédito HEB Afirme!,Consigue la tuya aquí,900 g,MX,Desconocido,huevo,True,sin_categoria,huevo,38.9,2.0892,False,original,18.62,from_mexico_cambio_dolar,keep_imputed,no_category_detected,dataset/txt_limpios/40.txt,dataset/paginas_descargadas/40.html
41,¡Nueva tarjeta de crédito HEB Afirme!,Consigue la tuya aquí,1 kg,MX,Desconocido,azucar,True,sin_categoria,azucar,28.9,1.5521,False,original,18.62,from_mexico_cambio_dolar,keep_imputed,no_category_detected,dataset/txt_limpios/41.txt,dataset/paginas_descargadas/41.html
43,¡Nueva tarjeta de crédito HEB Afirme!,Consigue la tuya aquí,1 kg,MX,Desconocido,huevo,True,sin_categoria,huevo,36.9,1.9817,False,original,18.62,from_mexico_cambio_dolar,keep_imputed,no_category_detected,dataset/txt_limpios/43.txt,dataset/paginas_descargadas/43.html
45,¡Nueva tarjeta de crédito HEB Afirme!,Consigue la tuya aquí,1 L,MX,Desconocido,huevo,True,sin_categoria,huevo,37.0,1.9871,False,original,18.62,from_mexico_cambio_dolar,keep_imputed,no_category_detected,dataset/txt_limpios/45.txt,dataset/paginas_descargadas/45.html
46,¡Nueva tarjeta de crédito HEB Afirme!,Consigue la tuya aquí,900 Ml,MX,Desconocido,aceite vegetal,False,aceite vegetal,,34.9,1.8743,False,original,18.62,from_mexico_cambio_dolar,keep,heuristic_default,dataset/txt_limpios/46.txt,dataset/paginas_descargadas/46.html
48,¡Nueva tarjeta de crédito HEB Afirme!,Consigue la tuya aquí,1 L,MX,Desconocido,huevo,True,sin_categoria,huevo,33.0,1.7723,False,original,18.62,from_mexico_cambio_dolar,keep_imputed,no_category_detected,dataset/txt_limpios/48.txt,dataset/paginas_descargadas/48.html
51,¡Nueva tarjeta de crédito HEB Afirme!,Consigue la tuya aquí,1 L,MX,Desconocido,huevo,True,sin_categoria,huevo,37.0,1.9871,False,original,18.62,from_mexico_cambio_dolar,keep_imputed,no_category_detected,dataset/txt_limpios/51.txt,dataset/paginas_descargadas/51.html
53,¡Nueva tarjeta de crédito HEB Afirme!,Consigue la tuya aquí,,MX,Desconocido,cafe,True,sin_categoria,cafe,56.0,3.0075,False,original,18.62,from_mexico_cambio_dolar,keep_imputed,no_category_detected,dataset/txt_limpios/53.txt,dataset/paginas_descargadas/53.html
54,¡Nueva tarjeta de crédito HEB Afirme!,Consigue la tuya aquí,680 g,MX,Desconocido,azucar,True,sin_categoria,azucar,35.0,1.8797,False,original,18.62,from_mexico_cambio_dolar,keep_imputed,no_category_detected,dataset/txt_limpios/54.txt,dataset/paginas_descargadas/54.html
55,¡Nueva tarjeta de crédito HEB Afirme!,Consigue la tuya aquí,425 g,MX,Desconocido,azucar,False,azucar,,65.0,3.4909,False,original,18.62,from_mexico_cambio_dolar,keep,heuristic_default,dataset/txt_limpios/55.txt,dataset/paginas_descargadas/55.html
56,¡Nueva tarjeta de crédito HEB Afirme!,Consigue la tuya aquí,900 g,MX,Desconocido,huevo,True,sin_categoria,huevo,21.0,1.1278,False,original,18.62,from_mexico_cambio_dolar,keep_imputed,no_category_detected,dataset/txt_limpios/56.txt,dataset/paginas_descargadas/56.html
57,¡Nueva tarjeta de crédito HEB Afirme!,Consigue la tuya aquí,750 g,MX,Desconocido,azucar,False,azucar,,20.5,1.101,False,original,18.62,from_mexico_cambio_dolar,keep,heuristic_default,dataset/txt_limpios/57.txt,dataset/paginas_descargadas/57.html
58,¡Nueva tarjeta de crédito HEB Afirme!,Consigue la tuya aquí,907 g,MX,Desconocido,huevo,True,sin_categoria,huevo,46.0,2.4705,False,original,18.62,from_mexico_cambio_dolar,keep_imputed,no_category_detected,dataset/txt_limpios/58.txt,dataset/paginas_descargadas/58.html
59,¡Nueva tarjeta de crédito HEB Afirme!,Consigue la tuya aquí,120 g,MX,Desconocido,cafe,False,cafe,,98.0,5.2632,False,original,18.62,from_mexico_cambio_dolar,keep,heuristic_default,dataset/txt_limpios/59.txt,dataset/paginas_descargadas/59.html
60,¡Nueva tarjeta de crédito HEB Afirme!,Consigue la tuya aquí,90 g,MX,Desconocido,cafe,False,cafe,,51.9,2.7873,False,original,18.62,from_mexico_cambio_dolar,keep,heuristic_default,dataset/txt_limpios/60.txt,dataset/paginas_descargadas/60.html
61,¡Nueva tarjeta de crédito HEB Afirme!,Consigue la tuya aquí,100 g,MX,Desconocido,cafe,True,sin_categoria,cafe,71.0,3.8131,False,original,18.62,from_mexico_cambio_dolar,keep_imputed,no_category_detected,dataset/txt_limpios/61.txt,dataset/paginas_descargadas/61.html
62,¡Nueva tarjeta de crédito HEB Afirme!,Consigue la tuya aquí,180 Gr,MX,Desconocido,cafe,True,sin_categoria,cafe,140.0,7.5188,False,original,18.62,from_mexico_cambio_dolar,keep_imputed,no_category_detected,dataset/txt_limpios/62.txt,dataset/paginas_descargadas/62.html
64,¡Nueva tarjeta de crédito HEB Afirme!,Consigue la tuya aquí,60 g,MX,Desconocido,huevo,False,huevo,,79.9,4.2911,False,original,18.62,from_mexico_cambio_dolar,keep_imputed,heuristic_default,dataset/txt_limpios/64.txt,dataset/paginas_descargadas/64.html
65,¡Nueva tarjeta de crédito HEB Afirme!,Consigue la tuya aquí,,MX,Desconocido,huevo,False,huevo,,59.9,3.217,False,original,18.62,from_mexico_cambio_dolar,keep_imputed,heuristic_default,dataset/txt_limpios/65.txt,dataset/paginas_descargadas/65.html
67,¡Nueva tarjeta de crédito HEB Afirme!,Consigue la tuya aquí,30 piezas,MX,Desconocido,huevo,True,sin_categoria,huevo,94.0,5.0483,False,original,18.62,from_mexico_cambio_dolar,keep_imputed,no_category_detected,dataset/txt_limpios/67.txt,dataset/paginas_descargadas/67.html
68,¡Nueva tarjeta de crédito HEB Afirme!,Consigue la tuya aquí,,MX,Desconocido,cafe,True,sin_categoria,cafe,84.5,4.5381,False,original,18.62,from_mexico_cambio_dolar,keep_imputed,no_category_detected,dataset/txt_limpios/68.txt,dataset/paginas_descargadas/68.html
69,¡Nueva tarjeta de crédito HEB Afirme!,Consigue la tuya aquí,1 Kg,MX,Desconocido,huevo,True,sin_categoria,huevo,18.0,0.9667,False,original,18.62,from_mexico_cambio_dolar,keep_imputed,no_category_detected,dataset/txt_limpios/69.txt,dataset/paginas_descargadas/69.html
70,¡Nueva tarjeta de crédito HEB Afirme!,Consigue la tuya aquí,1 kg,MX,Desconocido,huevo,True,sin_categoria,huevo,23.0,1.2352,False,original,18.62,from_mexico_cambio_dolar,keep_imputed,no_category_detected,dataset/txt_limpios/70.txt,dataset/paginas_descargadas/70.html
73,¡Nueva tarjeta de crédito HEB Afirme!,Consigue la tuya aquí,1 kg,MX,Desconocido,huevo,True,sin_categoria,huevo,24.0,1.2889,False,original,18.62,from_mexico_cambio_dolar,keep_imputed,no_category_detected,dataset/txt_limpios/73.txt,dataset/paginas_descargadas/73.html
1749,¡Qué mal! Justo se agotó,ARIZTIA,1 Kg,UNKNOWN,Desconocido,aceite vegetal,False,aceite vegetal,,3.99,3.99,False,original,1.0,default_1usd,keep,heuristic_default,dataset/txt_limpios/1749.txt,dataset/paginas_descargadas/1749.html
1733,¿Cómo comprar?,Contáctanos al 800-8000-722,800 g,CR,Desconocido,huevo,True,sin_categoria,huevo,1.7,0.0034,False,original,503.8,from_costa_rica_cambio_dolar,keep_imputed,no_category_detected,dataset/txt_limpios/1733.txt,dataset/paginas_descargadas/1733.html
1103,¿Que buscas hoy?,Elegir,5kg,PE,Desconocido,arroz,False,arroz,,3.0,0.8451,False,original,3.55,from_peru_cambio_dolar,keep,heuristic_default,dataset/txt_limpios/1103.txt,dataset/paginas_descargadas/1103.html
1105,¿Que buscas hoy?,Elegir,5 kg,PE,Desconocido,huevo,True,sin_categoria,huevo,55.14,15.5336,True,country_mean,3.55,from_peru_cambio_dolar,keep_imputed,no_category_detected;price_parse_failed,dataset/txt_limpios/1105.txt,dataset/paginas_descargadas/1105.html
1106,¿Que buscas hoy?,Elegir,5kg,PE,Desconocido,arroz,False,arroz,,26.9,7.5775,False,original,3.55,from_peru_cambio_dolar,keep,heuristic_default,dataset/txt_limpios/1106.txt,dataset/paginas_descargadas/1106.html
1107,¿Que buscas hoy?,Elegir,5 kg,PE,Desconocido,huevo,False,huevo,,24.9,7.0141,False,original,3.55,from_peru_cambio_dolar,keep_imputed,heuristic_default,dataset/txt_limpios/1107.txt,dataset/paginas_descargadas/1107.html
1109,¿Que buscas hoy?,Elegir,,PE,Desconocido,arroz,False,arroz,,16.5,4.6479,False,original,3.55,from_peru_cambio_dolar,keep,heuristic_default,dataset/txt_limpios/1109.txt,dataset/paginas_descargadas/1109.html
1110,¿Que buscas hoy?,Elegir,170g,PE,Desconocido,cafe,False,cafe,,37.0,10.4225,False,original,3.55,from_peru_cambio_dolar,keep,heuristic_default,dataset/txt_limpios/1110.txt,dataset/paginas_descargadas/1110.html
1111,¿Que buscas hoy?,Elegir,454g,PE,Desconocido,cafe,False,cafe,,45.0,12.6761,False,original,3.55,from_peru_cambio_dolar,keep,heuristic_default,dataset/txt_limpios/1111.txt,dataset/paginas_descargadas/1111.html
1112,¿Que buscas hoy?,Elegir,200g,PE,Desconocido,cafe,False,cafe,,27.9,7.8592,False,original,3.55,from_peru_cambio_dolar,keep,heuristic_default,dataset/txt_limpios/1112.txt,dataset/paginas_descargadas/1112.html
1113,¿Que buscas hoy?,Elegir,250g,PE,Desconocido,huevo,True,sin_categoria,huevo,55.14,15.5336,True,country_mean,3.55,from_peru_cambio_dolar,keep_imputed,no_category_detected;price_parse_failed,dataset/txt_limpios/1113.txt,dataset/paginas_descargadas/1113.html
1114,¿Que buscas hoy?,Elegir,500g,PE,Desconocido,cafe,False,cafe,,45.0,12.6761,False,original,3.55,from_peru_cambio_dolar,keep,heuristic_default,dataset/txt_limpios/1114.txt,dataset/paginas_descargadas/1114.html
1115,¿Que buscas hoy?,Elegir,900ml,PE,Desconocido,atun,False,atun,,3.0,0.8451,False,original,3.55,from_peru_cambio_dolar,keep,heuristic_default,dataset/txt_limpios/1115.txt,dataset/paginas_descargadas/1115.html
1116,¿Que buscas hoy?,Elegir,900ml,PE,Desconocido,aceite vegetal,False,aceite vegetal,,20.0,5.6338,False,original,3.55,from_peru_cambio_dolar,keep,heuristic_default,dataset/txt_limpios/1116.txt,dataset/paginas_descargadas/1116.html
1117,¿Que buscas hoy?,Elegir,900ml,PE,Desconocido,aceite vegetal,False,aceite vegetal,,22.0,6.1972,False,original,3.55,from_peru_cambio_dolar,keep,heuristic_default,dataset/txt_limpios/1117.txt,dataset/paginas_descargadas/1117.html
1118,¿Que buscas hoy?,Elegir,900ml,PE,Desconocido,aceite vegetal,False,aceite vegetal,,20.0,5.6338,False,original,3.55,from_peru_cambio_dolar,keep,heuristic_default,dataset/txt_limpios/1118.txt,dataset/paginas_descargadas/1118.html
1119,¿Que buscas hoy?,Elegir,900ml,PE,Desconocido,papa,False,papa,,3.0,0.8451,False,original,3.55,from_peru_cambio_dolar,keep,heuristic_default,dataset/txt_limpios/1119.txt,dataset/paginas_descargadas/1119.html
1120,¿Que buscas hoy?,Elegir,946ml,PE,Desconocido,leche,False,leche,,23.5,6.6197,False,original,3.55,from_peru_cambio_dolar,keep,heuristic_default,dataset/txt_limpios/1120.txt,dataset/paginas_descargadas/1120.html
1121,¿Que buscas hoy?,Elegir,946ml,PE,Desconocido,huevo,True,sin_categoria,huevo,55.14,15.5336,True,country_mean,3.55,from_peru_cambio_dolar,keep_imputed,no_category_detected;price_parse_failed,dataset/txt_limpios/1121.txt,dataset/paginas_descargadas/1121.html
1122,¿Que buscas hoy?,Elegir,800ml,PE,Desconocido,leche,False,leche,,5.5,1.5493,False,original,3.55,from_peru_cambio_dolar,keep,heuristic_default,dataset/txt_limpios/1122.txt,dataset/paginas_descargadas/1122.html
1124,¿Que buscas hoy?,Elegir,1L,PE,Desconocido,azucar,False,azucar,,11.9,3.3521,False,original,3.55,from_peru_cambio_dolar,keep,heuristic_default,dataset/txt_limpios/1124.txt,dataset/paginas_descargadas/1124.html
1125,¿Que buscas hoy?,Elegir,30 unidades,PE,Desconocido,huevo,False,huevo,,11.9,3.3521,False,original,3.55,from_peru_cambio_dolar,keep_imputed,heuristic_default,dataset/txt_limpios/1125.txt,dataset/paginas_descargadas/1125.html
1126,¿Que buscas hoy?,Elegir,30 Unidades,PE,Desconocido,huevo,False,huevo,,20.9,5.8873,False,original,3.55,from_peru_cambio_dolar,keep_imputed,heuristic_default,dataset/txt_limpios/1126.txt,dataset/paginas_descargadas/1126.html
1127,¿Que buscas hoy?,Elegir,15 unidades,PE,Desconocido,huevo,False,huevo,,16.5,4.6479,False,original,3.55,from_peru_cambio_dolar,keep_imputed,heuristic_default,dataset/txt_limpios/1127.txt,dataset/paginas_descargadas/1127.html
1128,¿Que buscas hoy?,Elegir,,PE,Desconocido,huevo,False,huevo,,11.9,3.3521,False,original,3.55,from_peru_cambio_dolar,keep_imputed,heuristic_default,dataset/txt_limpios/1128.txt,dataset/paginas_descargadas/1128.html
1129,¿Que buscas hoy?,Elegir,30 unidades,PE,Desconocido,huevo,False,huevo,,16.5,4.6479,False,original,3.55,from_peru_cambio_dolar,keep_imputed,heuristic_default,dataset/txt_limpios/1129.txt,dataset/paginas_descargadas/1129.html
1130,¿Que buscas hoy?,Elegir,5kg,PE,Desconocido,azucar,False,azucar,,3.0,0.8451,False,original,3.55,from_peru_cambio_dolar,keep,heuristic_default,dataset/txt_limpios/1130.txt,dataset/paginas_descargadas/1130.html
1132,¿Que buscas hoy?,Elegir,5 kg,PE,Desconocido,azucar,False,azucar,,18.9,5.3239,False,original,3.55,from_peru_cambio_dolar,keep,heuristic_default,dataset/txt_limpios/1132.txt,dataset/paginas_descargadas/1132.html
1133,¿Que buscas hoy?,Elegir,5 kg,PE,Desconocido,huevo,True,sin_categoria,huevo,55.14,15.5336,True,country_mean,3.55,from_peru_cambio_dolar,keep_imputed,no_category_detected;price_parse_failed,dataset/txt_limpios/1133.txt,dataset/paginas_descargadas/1133.html
1134,¿Que buscas hoy?,Elegir,,PE,Desconocido,huevo,True,sin_categoria,huevo,55.14,15.5336,True,country_mean,3.55,from_peru_cambio_dolar,keep_imputed,no_category_detected;price_parse_failed,dataset/txt_limpios/1134.txt,dataset/paginas_descargadas/1134.html
1135,¿Que buscas hoy?,Elegir,770g,PE,Desconocido,pan,False,pan,,16.5,4.6479,False,original,3.55,from_peru_cambio_dolar,keep,heuristic_default,dataset/txt_limpios/1135.txt,dataset/paginas_descargadas/1135.html
1136,¿Que buscas hoy?,Elegir,600 g,PE,Desconocido,leche,False,leche,,600.0,169.0141,False,original,3.55,from_peru_cambio_dolar,keep,heuristic_default,dataset/txt_limpios/1136.txt,dataset/paginas_descargadas/1136.html
1137,¿Que buscas hoy?,Elegir,560 g,PE,Desconocido,pan,False,pan,,10.9,3.0704,False,original,3.55,from_peru_cambio_dolar,keep,heuristic_default,dataset/txt_limpios/1137.txt,dataset/paginas_descargadas/1137.html
1138,¿Que buscas hoy?,Elegir,540g,PE,Desconocido,leche,False,leche,,10.9,3.0704,False,original,3.55,from_peru_cambio_dolar,keep,heuristic_default,dataset/txt_limpios/1138.txt,dataset/paginas_descargadas/1138.html
1139,¿Que buscas hoy?,Elegir,,PE,Desconocido,huevo,True,sin_categoria,huevo,55.14,15.5336,True,country_mean,3.55,from_peru_cambio_dolar,keep_imputed,no_category_detected;price_parse_failed,dataset/txt_limpios/1139.txt,dataset/paginas_descargadas/1139.html
1140,¿Que buscas hoy?,Elegir,,PE,Desconocido,huevo,True,sin_categoria,huevo,2.0,0.5634,False,original,3.55,from_peru_cambio_dolar,keep_imputed,no_category_detected,dataset/txt_limpios/1140.txt,dataset/paginas_descargadas/1140.html
1141,¿Que buscas hoy?,Elegir,500g,PE,Desconocido,arroz,False,arroz,,6.1,1.7183,False,original,3.55,from_peru_cambio_dolar,keep,heuristic_default,dataset/txt_limpios/1141.txt,dataset/paginas_descargadas/1141.html
1142,¿Que buscas hoy?,Elegir,500 g,PE,Desconocido,huevo,False,huevo,,500.0,140.8451,False,original,3.55,from_peru_cambio_dolar,keep_imputed,heuristic_default,dataset/txt_limpios/1142.txt,dataset/paginas_descargadas/1142.html
1143,¿Que buscas hoy?,Elegir,500 g,PE,Desconocido,huevo,False,huevo,,55.14,15.5336,True,country_mean,3.55,from_peru_cambio_dolar,keep_imputed,price_parse_failed,dataset/txt_limpios/1143.txt,dataset/paginas_descargadas/1143.html
1144,¿Que buscas hoy?,Elegir,1kg,PE,Desconocido,huevo,False,huevo,,55.14,15.5336,True,country_mean,3.55,from_peru_cambio_dolar,keep_imputed,price_parse_failed,dataset/txt_limpios/1144.txt,dataset/paginas_descargadas/1144.html
1145,¿Que buscas hoy?,Elegir,150g,PE,Desconocido,atun,False,atun,,4.6,1.2958,False,original,3.55,from_peru_cambio_dolar,keep,heuristic_default,dataset/txt_limpios/1145.txt,dataset/paginas_descargadas/1145.html
1146,¿Que buscas hoy?,Elegir,140g,PE,Desconocido,atun,False,atun,,3.6,1.0141,False,original,3.55,from_peru_cambio_dolar,keep,heuristic_default,dataset/txt_limpios/1146.txt,dataset/paginas_descargadas/1146.html
1147,¿Que buscas hoy?,Elegir,140g,PE,Desconocido,atun,False,atun,,3.6,1.0141,False,original,3.55,from_peru_cambio_dolar,keep,heuristic_default,dataset/txt_limpios/1147.txt,dataset/paginas_descargadas/1147.html
1149,¿Que buscas hoy?,Elegir,140g,PE,Desconocido,atun,False,atun,,6.4,1.8028,False,original,3.55,from_peru_cambio_dolar,keep,heuristic_default,dataset/txt_limpios/1149.txt,dataset/paginas_descargadas/1149.html
16,¿Qué estás buscando?,Tortilleria y pan empacados,620g,MX,Chedraui,pan,False,pan,,72.0,3.8668,True,category_country_mean,18.62,from_mexico_cambio_dolar,keep_imputed,price_parse_failed;price<=0,dataset/txt_limpios/16.txt,dataset/paginas_descargadas/16.html
20,¿Qué estás buscando?,Tortilleria y pan empacados,567g,MX,Chedraui,pan,False,pan,,72.0,3.8668,True,category_country_mean,18.62,from_mexico_cambio_dolar,keep_imputed,price_parse_failed;price<=0,dataset/txt_limpios/20.txt,dataset/paginas_descargadas/20.html
21,¿Qué estás buscando?,Endulzantes,900g,MX,Chedraui,aceite vegetal,True,sin_categoria,aceite vegetal,66.32,3.5617,True,country_mean,18.62,from_mexico_cambio_dolar,keep_imputed,no_category_detected;price_parse_failed,dataset/txt_limpios/21.txt,dataset/paginas_descargadas/21.html
31,¿Qué estás buscando?,Lacteos y huevo,30 Piezas,MX,Chedraui,huevo,False,huevo,,66.32,3.5617,True,country_mean,18.62,from_mexico_cambio_dolar,keep_imputed,price_parse_failed,dataset/txt_limpios/31.txt,dataset/paginas_descargadas/31.html
34,¿Qué estás buscando?,Harinas y reposteria,1Kg,MX,Chedraui,harina de trigo,False,harina de trigo,,2902.4,155.8757,True,category_mean,18.62,from_mexico_cambio_dolar,keep_imputed,price_parse_failed;price<=0,dataset/txt_limpios/34.txt,dataset/paginas_descargadas/34.html
9,¿Qué estás buscando?,Aceites y vinagres,170g,MX,Chedraui,aceite vegetal,False,aceite vegetal,,33.3,1.7884,True,category_country_mean,18.62,from_mexico_cambio_dolar,keep_imputed,price_parse_failed;price<=0,dataset/txt_limpios/9.txt,dataset/paginas_descargadas/9.html
1744,‎ ‎ ‎ ‎ ‎ ‎ ‎ ‎ ‎ ‎ ‎ ‎ ‎ ‎ ‎ ‎ ‎ ‎ ‎ ‎ ‎ ‎ ‎ ‎ ‎ ‎ ‎ ‎ ‎ ‎ ‎ ‎ ‎ ‎ ‎ ‎ ‎ ‎ ‎ ‎ ‎ ‎ ‎ ‎ ‎ ‎ ‎ ‎ ‎ ‎ ‎ ‎ ‎ ‎ ‎ ‎ ‎ ‎ ‎ ‎ ‎ ‎ ‎ ‎ ‎ ‎ ‎ ‎ ‎ ‎ Hazte Socio Diamante para disfrutar de ofertas y beneficios exclusivos.,📍,,UNKNOWN,Desconocido,huevo,True,sin_categoria,huevo,234.19,234.1938,True,country_mean,1.0,default_1usd,keep_imputed,no_category_detected;price_parse_failed,dataset/txt_limpios/1744.txt,dataset/paginas_descargadas/1744.html
927,‎ ‎ ‎ ‎ ‎ ‎ ‎ ‎ ‎ ‎ ‎ ‎ ‎ ‎ ‎ ‎ ‎ ‎ ‎ ‎ ‎ ‎ ‎ ‎ ‎ ‎ ‎ ‎ ‎ ‎ ‎ ‎ ‎ ‎ ‎ ‎ ‎ ‎ ‎ ‎ ‎ ‎ ‎ ‎ ‎ ‎ ‎ ‎ ‎ ‎ ‎ ‎ ‎ ‎ ‎ ‎ ‎ ‎ ‎ ‎ ‎ ‎ ‎ ‎ ‎ ‎ ‎ ‎ ‎ ‎ Hazte Socio Diamante para disfrutar de ofertas y beneficios exclusivos.,📍,170 g,UNKNOWN,Desconocido,cafe,False,cafe,,7.99,7.99,False,original,1.0,default_1usd,keep,heuristic_default,dataset/txt_limpios/927.txt,dataset/paginas_descargadas/927.html
928,‎ ‎ ‎ ‎ ‎ ‎ ‎ ‎ ‎ ‎ ‎ ‎ ‎ ‎ ‎ ‎ ‎ ‎ ‎ ‎ ‎ ‎ ‎ ‎ ‎ ‎ ‎ ‎ ‎ ‎ ‎ ‎ ‎ ‎ ‎ ‎ ‎ ‎ ‎ ‎ ‎ ‎ ‎ ‎ ‎ ‎ ‎ ‎ ‎ ‎ ‎ ‎ ‎ ‎ ‎ ‎ ‎ ‎ ‎ ‎ ‎ ‎ ‎ ‎ ‎ ‎ ‎ ‎ ‎ ‎ Hazte Socio Diamante para disfrutar de ofertas y beneficios exclusivos.,📍,227 g,UNKNOWN,Desconocido,cafe,False,cafe,,6.49,6.49,False,original,1.0,default_1usd,keep,heuristic_default,dataset/txt_limpios/928.txt,dataset/paginas_descargadas/928.html
929,‎ ‎ ‎ ‎ ‎ ‎ ‎ ‎ ‎ ‎ ‎ ‎ ‎ ‎ ‎ ‎ ‎ ‎ ‎ ‎ ‎ ‎ ‎ ‎ ‎ ‎ ‎ ‎ ‎ ‎ ‎ ‎ ‎ ‎ ‎ ‎ ‎ ‎ ‎ ‎ ‎ ‎ ‎ ‎ ‎ ‎ ‎ ‎ ‎ ‎ ‎ ‎ ‎ ‎ ‎ ‎ ‎ ‎ ‎ ‎ ‎ ‎ ‎ ‎ ‎ ‎ ‎ ‎ ‎ ‎ Hazte Socio Diamante para disfrutar de ofertas y beneficios exclusivos.,📍,227 g,UNKNOWN,Desconocido,cafe,False,cafe,,14.59,14.59,False,original,1.0,default_1usd,keep,heuristic_default,dataset/txt_limpios/929.txt,dataset/paginas_descargadas/929.html
930,‎ ‎ ‎ ‎ ‎ ‎ ‎ ‎ ‎ ‎ ‎ ‎ ‎ ‎ ‎ ‎ ‎ ‎ ‎ ‎ ‎ ‎ ‎ ‎ ‎ ‎ ‎ ‎ ‎ ‎ ‎ ‎ ‎ ‎ ‎ ‎ ‎ ‎ ‎ ‎ ‎ ‎ ‎ ‎ ‎ ‎ ‎ ‎ ‎ ‎ ‎ ‎ ‎ ‎ ‎ ‎ ‎ ‎ ‎ ‎ ‎ ‎ ‎ ‎ ‎ ‎ ‎ ‎ ‎ ‎ Hazte Socio Diamante para disfrutar de ofertas y beneficios exclusivos.,📍,250 g,UNKNOWN,Desconocido,cafe,False,cafe,,5.45,5.45,False,original,1.0,default_1usd,keep,heuristic_default,dataset/txt_limpios/930.txt,dataset/paginas_descargadas/930.html
931,‎ ‎ ‎ ‎ ‎ ‎ ‎ ‎ ‎ ‎ ‎ ‎ ‎ ‎ ‎ ‎ ‎ ‎ ‎ ‎ ‎ ‎ ‎ ‎ ‎ ‎ ‎ ‎ ‎ ‎ ‎ ‎ ‎ ‎ ‎ ‎ ‎ ‎ ‎ ‎ ‎ ‎ ‎ ‎ ‎ ‎ ‎ ‎ ‎ ‎ ‎ ‎ ‎ ‎ ‎ ‎ ‎ ‎ ‎ ‎ ‎ ‎ ‎ ‎ ‎ ‎ ‎ ‎ ‎ ‎ Hazte Socio Diamante para disfrutar de ofertas y beneficios exclusivos.,📍,250 g,UNKNOWN,Desconocido,cafe,False,cafe,,5.99,5.99,False,original,1.0,default_1usd,keep,heuristic_default,dataset/txt_limpios/931.txt,dataset/paginas_descargadas/931.html
932,‎ ‎ ‎ ‎ ‎ ‎ ‎ ‎ ‎ ‎ ‎ ‎ ‎ ‎ ‎ ‎ ‎ ‎ ‎ ‎ ‎ ‎ ‎ ‎ ‎ ‎ ‎ ‎ ‎ ‎ ‎ ‎ ‎ ‎ ‎ ‎ ‎ ‎ ‎ ‎ ‎ ‎ ‎ ‎ ‎ ‎ ‎ ‎ ‎ ‎ ‎ ‎ ‎ ‎ ‎ ‎ ‎ ‎ ‎ ‎ ‎ ‎ ‎ ‎ ‎ ‎ ‎ ‎ ‎ ‎ Hazte Socio Diamante para disfrutar de ofertas y beneficios exclusivos.,📍,2 Kg,UNKNOWN,Desconocido,papa,False,papa,,1.99,1.99,False,original,1.0,default_1usd,keep,heuristic_default,dataset/txt_limpios/932.txt,dataset/paginas_descargadas/932.html
933,‎ ‎ ‎ ‎ ‎ ‎ ‎ ‎ ‎ ‎ ‎ ‎ ‎ ‎ ‎ ‎ ‎ ‎ ‎ ‎ ‎ ‎ ‎ ‎ ‎ ‎ ‎ ‎ ‎ ‎ ‎ ‎ ‎ ‎ ‎ ‎ ‎ ‎ ‎ ‎ ‎ ‎ ‎ ‎ ‎ ‎ ‎ ‎ ‎ ‎ ‎ ‎ ‎ ‎ ‎ ‎ ‎ ‎ ‎ ‎ ‎ ‎ ‎ ‎ ‎ ‎ ‎ ‎ ‎ ‎ Hazte Socio Diamante para disfrutar de ofertas y beneficios exclusivos.,📍,500 g,UNKNOWN,Desconocido,papa,False,papa,,525.0,525.0,False,original,1.0,default_1usd,keep,heuristic_default,dataset/txt_limpios/933.txt,dataset/paginas_descargadas/933.html
934,‎ ‎ ‎ ‎ ‎ ‎ ‎ ‎ ‎ ‎ ‎ ‎ ‎ ‎ ‎ ‎ ‎ ‎ ‎ ‎ ‎ ‎ ‎ ‎ ‎ ‎ ‎ ‎ ‎ ‎ ‎ ‎ ‎ ‎ ‎ ‎ ‎ ‎ ‎ ‎ ‎ ‎ ‎ ‎ ‎ ‎ ‎ ‎ ‎ ‎ ‎ ‎ ‎ ‎ ‎ ‎ ‎ ‎ ‎ ‎ ‎ ‎ ‎ ‎ ‎ ‎ ‎ ‎ ‎ ‎ Hazte Socio Diamante para disfrutar de ofertas y beneficios exclusivos.,📍,1.3 Kg,UNKNOWN,Desconocido,papa,False,papa,,1.35,1.35,False,original,1.0,default_1usd,keep,heuristic_default,dataset/txt_limpios/934.txt,dataset/paginas_descargadas/934.html
935,‎ ‎ ‎ ‎ ‎ ‎ ‎ ‎ ‎ ‎ ‎ ‎ ‎ ‎ ‎ ‎ ‎ ‎ ‎ ‎ ‎ ‎ ‎ ‎ ‎ ‎ ‎ ‎ ‎ ‎ ‎ ‎ ‎ ‎ ‎ ‎ ‎ ‎ ‎ ‎ ‎ ‎ ‎ ‎ ‎ ‎ ‎ ‎ ‎ ‎ ‎ ‎ ‎ ‎ ‎ ‎ ‎ ‎ ‎ ‎ ‎ ‎ ‎ ‎ ‎ ‎ ‎ ‎ ‎ ‎ Hazte Socio Diamante para disfrutar de ofertas y beneficios exclusivos.,📍,,UNKNOWN,Desconocido,huevo,True,sin_categoria,huevo,234.19,234.1938,True,country_mean,1.0,default_1usd,keep_imputed,no_category_detected;price_parse_failed,dataset/txt_limpios/935.txt,dataset/paginas_descargadas/935.html
936,‎ ‎ ‎ ‎ ‎ ‎ ‎ ‎ ‎ ‎ ‎ ‎ ‎ ‎ ‎ ‎ ‎ ‎ ‎ ‎ ‎ ‎ ‎ ‎ ‎ ‎ ‎ ‎ ‎ ‎ ‎ ‎ ‎ ‎ ‎ ‎ ‎ ‎ ‎ ‎ ‎ ‎ ‎ ‎ ‎ ‎ ‎ ‎ ‎ ‎ ‎ ‎ ‎ ‎ ‎ ‎ ‎ ‎ ‎ ‎ ‎ ‎ ‎ ‎ ‎ ‎ ‎ ‎ ‎ ‎ Hazte Socio Diamante para disfrutar de ofertas y beneficios exclusivos.,📍,750 g,UNKNOWN,Desconocido,pan,False,pan,,2.89,2.89,False,original,1.0,default_1usd,keep,heuristic_default,dataset/txt_limpios/936.txt,dataset/paginas_descargadas/936.html
937,‎ ‎ ‎ ‎ ‎ ‎ ‎ ‎ ‎ ‎ ‎ ‎ ‎ ‎ ‎ ‎ ‎ ‎ ‎ ‎ ‎ ‎ ‎ ‎ ‎ ‎ ‎ ‎ ‎ ‎ ‎ ‎ ‎ ‎ ‎ ‎ ‎ ‎ ‎ ‎ ‎ ‎ ‎ ‎ ‎ ‎ ‎ ‎ ‎ ‎ ‎ ‎ ‎ ‎ ‎ ‎ ‎ ‎ ‎ ‎ ‎ ‎ ‎ ‎ ‎ ‎ ‎ ‎ ‎ ‎ Hazte Socio Diamante para disfrutar de ofertas y beneficios exclusivos.,📍,,UNKNOWN,Desconocido,huevo,True,sin_categoria,huevo,234.19,234.1938,True,country_mean,1.0,default_1usd,keep_imputed,no_category_detected;price_parse_failed,dataset/txt_limpios/937.txt,dataset/paginas_descargadas/937.html
938,‎ ‎ ‎ ‎ ‎ ‎ ‎ ‎ ‎ ‎ ‎ ‎ ‎ ‎ ‎ ‎ ‎ ‎ ‎ ‎ ‎ ‎ ‎ ‎ ‎ ‎ ‎ ‎ ‎ ‎ ‎ ‎ ‎ ‎ ‎ ‎ ‎ ‎ ‎ ‎ ‎ ‎ ‎ ‎ ‎ ‎ ‎ ‎ ‎ ‎ ‎ ‎ ‎ ‎ ‎ ‎ ‎ ‎ ‎ ‎ ‎ ‎ ‎ ‎ ‎ ‎ ‎ ‎ ‎ ‎ Hazte Socio Diamante para disfrutar de ofertas y beneficios exclusivos.,📍,650 g,UNKNOWN,Desconocido,pan,False,pan,,3.15,3.15,False,original,1.0,default_1usd,keep,heuristic_default,dataset/txt_limpios/938.txt,dataset/paginas_descargadas/938.html
939,‎ ‎ ‎ ‎ ‎ ‎ ‎ ‎ ‎ ‎ ‎ ‎ ‎ ‎ ‎ ‎ ‎ ‎ ‎ ‎ ‎ ‎ ‎ ‎ ‎ ‎ ‎ ‎ ‎ ‎ ‎ ‎ ‎ ‎ ‎ ‎ ‎ ‎ ‎ ‎ ‎ ‎ ‎ ‎ ‎ ‎ ‎ ‎ ‎ ‎ ‎ ‎ ‎ ‎ ‎ ‎ ‎ ‎ ‎ ‎ ‎ ‎ ‎ ‎ ‎ ‎ ‎ ‎ ‎ ‎ Hazte Socio Diamante para disfrutar de ofertas y beneficios exclusivos.,📍,750 g,UNKNOWN,Desconocido,pan,False,pan,,2.55,2.55,False,original,1.0,default_1usd,keep,heuristic_default,dataset/txt_limpios/939.txt,dataset/paginas_descargadas/939.html
940,‎ ‎ ‎ ‎ ‎ ‎ ‎ ‎ ‎ ‎ ‎ ‎ ‎ ‎ ‎ ‎ ‎ ‎ ‎ ‎ ‎ ‎ ‎ ‎ ‎ ‎ ‎ ‎ ‎ ‎ ‎ ‎ ‎ ‎ ‎ ‎ ‎ ‎ ‎ ‎ ‎ ‎ ‎ ‎ ‎ ‎ ‎ ‎ ‎ ‎ ‎ ‎ ‎ ‎ ‎ ‎ ‎ ‎ ‎ ‎ ‎ ‎ ‎ ‎ ‎ ‎ ‎ ‎ ‎ ‎ Hazte Socio Diamante para disfrutar de ofertas y beneficios exclusivos.,📍,1.5 L,UNKNOWN,Desconocido,refresco de cola,False,refresco de cola,,2.09,2.09,False,original,1.0,default_1usd,keep,heuristic_default,dataset/txt_limpios/940.txt,dataset/paginas_descargadas/940.html
941,‎ ‎ ‎ ‎ ‎ ‎ ‎ ‎ ‎ ‎ ‎ ‎ ‎ ‎ ‎ ‎ ‎ ‎ ‎ ‎ ‎ ‎ ‎ ‎ ‎ ‎ ‎ ‎ ‎ ‎ ‎ ‎ ‎ ‎ ‎ ‎ ‎ ‎ ‎ ‎ ‎ ‎ ‎ ‎ ‎ ‎ ‎ ‎ ‎ ‎ ‎ ‎ ‎ ‎ ‎ ‎ ‎ ‎ ‎ ‎ ‎ ‎ ‎ ‎ ‎ ‎ ‎ ‎ ‎ ‎ Hazte Socio Diamante para disfrutar de ofertas y beneficios exclusivos.,📍,,UNKNOWN,Desconocido,huevo,True,sin_categoria,huevo,234.19,234.1938,True,country_mean,1.0,default_1usd,keep_imputed,no_category_detected;price_parse_failed,dataset/txt_limpios/941.txt,dataset/paginas_descargadas/941.html
942,‎ ‎ ‎ ‎ ‎ ‎ ‎ ‎ ‎ ‎ ‎ ‎ ‎ ‎ ‎ ‎ ‎ ‎ ‎ ‎ ‎ ‎ ‎ ‎ ‎ ‎ ‎ ‎ ‎ ‎ ‎ ‎ ‎ ‎ ‎ ‎ ‎ ‎ ‎ ‎ ‎ ‎ ‎ ‎ ‎ ‎ ‎ ‎ ‎ ‎ ‎ ‎ ‎ ‎ ‎ ‎ ‎ ‎ ‎ ‎ ‎ ‎ ‎ ‎ ‎ ‎ ‎ ‎ ‎ ‎ Hazte Socio Diamante para disfrutar de ofertas y beneficios exclusivos.,📍,1.5 L,UNKNOWN,Desconocido,papa,True,sin_categoria,papa,2.15,2.15,False,original,1.0,default_1usd,keep_imputed,no_category_detected,dataset/txt_limpios/942.txt,dataset/paginas_descargadas/942.html
943,‎ ‎ ‎ ‎ ‎ ‎ ‎ ‎ ‎ ‎ ‎ ‎ ‎ ‎ ‎ ‎ ‎ ‎ ‎ ‎ ‎ ‎ ‎ ‎ ‎ ‎ ‎ ‎ ‎ ‎ ‎ ‎ ‎ ‎ ‎ ‎ ‎ ‎ ‎ ‎ ‎ ‎ ‎ ‎ ‎ ‎ ‎ ‎ ‎ ‎ ‎ ‎ ‎ ‎ ‎ ‎ ‎ ‎ ‎ ‎ ‎ ‎ ‎ ‎ ‎ ‎ ‎ ‎ ‎ ‎ Hazte Socio Diamante para disfrutar de ofertas y beneficios exclusivos.,📍,,UNKNOWN,Desconocido,huevo,True,sin_categoria,huevo,234.19,234.1938,True,country_mean,1.0,default_1usd,keep_imputed,no_category_detected;price_parse_failed,dataset/txt_limpios/943.txt,dataset/paginas_descargadas/943.html
944,‎ ‎ ‎ ‎ ‎ ‎ ‎ ‎ ‎ ‎ ‎ ‎ ‎ ‎ ‎ ‎ ‎ ‎ ‎ ‎ ‎ ‎ ‎ ‎ ‎ ‎ ‎ ‎ ‎ ‎ ‎ ‎ ‎ ‎ ‎ ‎ ‎ ‎ ‎ ‎ ‎ ‎ ‎ ‎ ‎ ‎ ‎ ‎ ‎ ‎ ‎ ‎ ‎ ‎ ‎ ‎ ‎ ‎ ‎ ‎ ‎ ‎ ‎ ‎ ‎ ‎ ‎ ‎ ‎ ‎ Hazte Socio Diamante para disfrutar de ofertas y beneficios exclusivos.,📍,,UNKNOWN,Desconocido,huevo,True,sin_categoria,huevo,234.19,234.1938,True,country_mean,1.0,default_1usd,keep_imputed,no_category_detected;price_parse_failed,dataset/txt_limpios/944.txt,dataset/paginas_descargadas/944.html
945,‎ ‎ ‎ ‎ ‎ ‎ ‎ ‎ ‎ ‎ ‎ ‎ ‎ ‎ ‎ ‎ ‎ ‎ ‎ ‎ ‎ ‎ ‎ ‎ ‎ ‎ ‎ ‎ ‎ ‎ ‎ ‎ ‎ ‎ ‎ ‎ ‎ ‎ ‎ ‎ ‎ ‎ ‎ ‎ ‎ ‎ ‎ ‎ ‎ ‎ ‎ ‎ ‎ ‎ ‎ ‎ ‎ ‎ ‎ ‎ ‎ ‎ ‎ ‎ ‎ ‎ ‎ ‎ ‎ ‎ Hazte Socio Diamante para disfrutar de ofertas y beneficios exclusivos.,📍,500 g,UNKNOWN,Desconocido,papa,False,papa,,995.0,995.0,False,original,1.0,default_1usd,keep,heuristic_default,dataset/txt_limpios/945.txt,dataset/paginas_descargadas/945.html
946,‎ ‎ ‎ ‎ ‎ ‎ ‎ ‎ ‎ ‎ ‎ ‎ ‎ ‎ ‎ ‎ ‎ ‎ ‎ ‎ ‎ ‎ ‎ ‎ ‎ ‎ ‎ ‎ ‎ ‎ ‎ ‎ ‎ ‎ ‎ ‎ ‎ ‎ ‎ ‎ ‎ ‎ ‎ ‎ ‎ ‎ ‎ ‎ ‎ ‎ ‎ ‎ ‎ ‎ ‎ ‎ ‎ ‎ ‎ ‎ ‎ ‎ ‎ ‎ ‎ ‎ ‎ ‎ ‎ ‎ Hazte Socio Diamante para disfrutar de ofertas y beneficios exclusivos.,📍,1 Kg,UNKNOWN,Desconocido,papa,False,papa,,1.99,1.99,False,original,1.0,default_1usd,keep,heuristic_default,dataset/txt_limpios/946.txt,dataset/paginas_descargadas/946.html
947,‎ ‎ ‎ ‎ ‎ ‎ ‎ ‎ ‎ ‎ ‎ ‎ ‎ ‎ ‎ ‎ ‎ ‎ ‎ ‎ ‎ ‎ ‎ ‎ ‎ ‎ ‎ ‎ ‎ ‎ ‎ ‎ ‎ ‎ ‎ ‎ ‎ ‎ ‎ ‎ ‎ ‎ ‎ ‎ ‎ ‎ ‎ ‎ ‎ ‎ ‎ ‎ ‎ ‎ ‎ ‎ ‎ ‎ ‎ ‎ ‎ ‎ ‎ ‎ ‎ ‎ ‎ ‎ ‎ ‎ Hazte Socio Diamante para disfrutar de ofertas y beneficios exclusivos.,📍,300 g,UNKNOWN,Desconocido,papa,False,papa,,1.99,1.99,False,original,1.0,default_1usd,keep,heuristic_default,dataset/txt_limpios/947.txt,dataset/paginas_descargadas/947.html
948,‎ ‎ ‎ ‎ ‎ ‎ ‎ ‎ ‎ ‎ ‎ ‎ ‎ ‎ ‎ ‎ ‎ ‎ ‎ ‎ ‎ ‎ ‎ ‎ ‎ ‎ ‎ ‎ ‎ ‎ ‎ ‎ ‎ ‎ ‎ ‎ ‎ ‎ ‎ ‎ ‎ ‎ ‎ ‎ ‎ ‎ ‎ ‎ ‎ ‎ ‎ ‎ ‎ ‎ ‎ ‎ ‎ ‎ ‎ ‎ ‎ ‎ ‎ ‎ ‎ ‎ ‎ ‎ ‎ ‎ Hazte Socio Diamante para disfrutar de ofertas y beneficios exclusivos.,📍,250 g,UNKNOWN,Desconocido,banano,False,banano,,1.25,1.25,False,original,1.0,default_1usd,keep,heuristic_default,dataset/txt_limpios/948.txt,dataset/paginas_descargadas/948.html
949,‎ ‎ ‎ ‎ ‎ ‎ ‎ ‎ ‎ ‎ ‎ ‎ ‎ ‎ ‎ ‎ ‎ ‎ ‎ ‎ ‎ ‎ ‎ ‎ ‎ ‎ ‎ ‎ ‎ ‎ ‎ ‎ ‎ ‎ ‎ ‎ ‎ ‎ ‎ ‎ ‎ ‎ ‎ ‎ ‎ ‎ ‎ ‎ ‎ ‎ ‎ ‎ ‎ ‎ ‎ ‎ ‎ ‎ ‎ ‎ ‎ ‎ ‎ ‎ ‎ ‎ ‎ ‎ ‎ ‎ Hazte Socio Diamante para disfrutar de ofertas y beneficios exclusivos.,📍,,UNKNOWN,Desconocido,huevo,True,sin_categoria,huevo,234.19,234.1938,True,country_mean,1.0,default_1usd,keep_imputed,no_category_detected;price_parse_failed,dataset/txt_limpios/949.txt,dataset/paginas_descargadas/949.html
950,‎ ‎ ‎ ‎ ‎ ‎ ‎ ‎ ‎ ‎ ‎ ‎ ‎ ‎ ‎ ‎ ‎ ‎ ‎ ‎ ‎ ‎ ‎ ‎ ‎ ‎ ‎ ‎ ‎ ‎ ‎ ‎ ‎ ‎ ‎ ‎ ‎ ‎ ‎ ‎ ‎ ‎ ‎ ‎ ‎ ‎ ‎ ‎ ‎ ‎ ‎ ‎ ‎ ‎ ‎ ‎ ‎ ‎ ‎ ‎ ‎ ‎ ‎ ‎ ‎ ‎ ‎ ‎ ‎ ‎ Hazte Socio Diamante para disfrutar de ofertas y beneficios exclusivos.,📍,12 unidad,UNKNOWN,Desconocido,huevo,False,huevo,,4.29,4.29,False,original,1.0,default_1usd,keep_imputed,heuristic_default,dataset/txt_limpios/950.txt,dataset/paginas_descargadas/950.html
951,‎ ‎ ‎ ‎ ‎ ‎ ‎ ‎ ‎ ‎ ‎ ‎ ‎ ‎ ‎ ‎ ‎ ‎ ‎ ‎ ‎ ‎ ‎ ‎ ‎ ‎ ‎ ‎ ‎ ‎ ‎ ‎ ‎ ‎ ‎ ‎ ‎ ‎ ‎ ‎ ‎ ‎ ‎ ‎ ‎ ‎ ‎ ‎ ‎ ‎ ‎ ‎ ‎ ‎ ‎ ‎ ‎ ‎ ‎ ‎ ‎ ‎ ‎ ‎ ‎ ‎ ‎ ‎ ‎ ‎ Hazte Socio Diamante para disfrutar de ofertas y beneficios exclusivos.,📍,20 unidad,UNKNOWN,Desconocido,huevo,False,huevo,,7.39,7.39,False,original,1.0,default_1usd,keep_imputed,heuristic_default,dataset/txt_limpios/951.txt,dataset/paginas_descargadas/951.html
952,‎ ‎ ‎ ‎ ‎ ‎ ‎ ‎ ‎ ‎ ‎ ‎ ‎ ‎ ‎ ‎ ‎ ‎ ‎ ‎ ‎ ‎ ‎ ‎ ‎ ‎ ‎ ‎ ‎ ‎ ‎ ‎ ‎ ‎ ‎ ‎ ‎ ‎ ‎ ‎ ‎ ‎ ‎ ‎ ‎ ‎ ‎ ‎ ‎ ‎ ‎ ‎ ‎ ‎ ‎ ‎ ‎ ‎ ‎ ‎ ‎ ‎ ‎ ‎ ‎ ‎ ‎ ‎ ‎ ‎ Hazte Socio Diamante para disfrutar de ofertas y beneficios exclusivos.,📍,12 unidad,UNKNOWN,Desconocido,huevo,False,huevo,,4.88,4.88,False,original,1.0,default_1usd,keep_imputed,heuristic_default,dataset/txt_limpios/952.txt,dataset/paginas_descargadas/952.html
953,‎ ‎ ‎ ‎ ‎ ‎ ‎ ‎ ‎ ‎ ‎ ‎ ‎ ‎ ‎ ‎ ‎ ‎ ‎ ‎ ‎ ‎ ‎ ‎ ‎ ‎ ‎ ‎ ‎ ‎ ‎ ‎ ‎ ‎ ‎ ‎ ‎ ‎ ‎ ‎ ‎ ‎ ‎ ‎ ‎ ‎ ‎ ‎ ‎ ‎ ‎ ‎ ‎ ‎ ‎ ‎ ‎ ‎ ‎ ‎ ‎ ‎ ‎ ‎ ‎ ‎ ‎ ‎ ‎ ‎ Hazte Socio Diamante para disfrutar de ofertas y beneficios exclusivos.,📍,12 unidad,UNKNOWN,Desconocido,huevo,False,huevo,,5.55,5.55,False,original,1.0,default_1usd,keep_imputed,heuristic_default,dataset/txt_limpios/953.txt,dataset/paginas_descargadas/953.html
957,‎ ‎ ‎ ‎ ‎ ‎ ‎ ‎ ‎ ‎ ‎ ‎ ‎ ‎ ‎ ‎ ‎ ‎ ‎ ‎ ‎ ‎ ‎ ‎ ‎ ‎ ‎ ‎ ‎ ‎ ‎ ‎ ‎ ‎ ‎ ‎ ‎ ‎ ‎ ‎ ‎ ‎ ‎ ‎ ‎ ‎ ‎ ‎ ‎ ‎ ‎ ‎ ‎ ‎ ‎ ‎ ‎ ‎ ‎ ‎ ‎ ‎ ‎ ‎ ‎ ‎ ‎ ‎ ‎ ‎ Hazte Socio Diamante para disfrutar de ofertas y beneficios exclusivos.,📍,,UNKNOWN,Desconocido,huevo,True,sin_categoria,huevo,234.19,234.1938,True,country_mean,1.0,default_1usd,keep_imputed,no_category_detected;price_parse_failed,dataset/txt_limpios/957.txt,dataset/paginas_descargadas/957.html
958,‎ ‎ ‎ ‎ ‎ ‎ ‎ ‎ ‎ ‎ ‎ ‎ ‎ ‎ ‎ ‎ ‎ ‎ ‎ ‎ ‎ ‎ ‎ ‎ ‎ ‎ ‎ ‎ ‎ ‎ ‎ ‎ ‎ ‎ ‎ ‎ ‎ ‎ ‎ ‎ ‎ ‎ ‎ ‎ ‎ ‎ ‎ ‎ ‎ ‎ ‎ ‎ ‎ ‎ ‎ ‎ ‎ ‎ ‎ ‎ ‎ ‎ ‎ ‎ ‎ ‎ ‎ ‎ ‎ ‎ Hazte Socio Diamante para disfrutar de ofertas y beneficios exclusivos.,📍,,UNKNOWN,Desconocido,huevo,True,sin_categoria,huevo,234.19,234.1938,True,country_mean,1.0,default_1usd,keep_imputed,no_category_detected;price_parse_failed,dataset/txt_limpios/958.txt,dataset/paginas_descargadas/958.html
960,‎ ‎ ‎ ‎ ‎ ‎ ‎ ‎ ‎ ‎ ‎ ‎ ‎ ‎ ‎ ‎ ‎ ‎ ‎ ‎ ‎ ‎ ‎ ‎ ‎ ‎ ‎ ‎ ‎ ‎ ‎ ‎ ‎ ‎ ‎ ‎ ‎ ‎ ‎ ‎ ‎ ‎ ‎ ‎ ‎ ‎ ‎ ‎ ‎ ‎ ‎ ‎ ‎ ‎ ‎ ‎ ‎ ‎ ‎ ‎ ‎ ‎ ‎ ‎ ‎ ‎ ‎ ‎ ‎ ‎ Hazte Socio Diamante para disfrutar de ofertas y beneficios exclusivos.,📍,,UNKNOWN,Desconocido,huevo,True,sin_categoria,huevo,234.19,234.1938,True,country_mean,1.0,default_1usd,keep_imputed,no_category_detected;price_parse_failed,dataset/txt_limpios/960.txt,dataset/paginas_descargadas/960.html
961,‎ ‎ ‎ ‎ ‎ ‎ ‎ ‎ ‎ ‎ ‎ ‎ ‎ ‎ ‎ ‎ ‎ ‎ ‎ ‎ ‎ ‎ ‎ ‎ ‎ ‎ ‎ ‎ ‎ ‎ ‎ ‎ ‎ ‎ ‎ ‎ ‎ ‎ ‎ ‎ ‎ ‎ ‎ ‎ ‎ ‎ ‎ ‎ ‎ ‎ ‎ ‎ ‎ ‎ ‎ ‎ ‎ ‎ ‎ ‎ ‎ ‎ ‎ ‎ ‎ ‎ ‎ ‎ ‎ ‎ Hazte Socio Diamante para disfrutar de ofertas y beneficios exclusivos.,📍,400 g,UNKNOWN,Desconocido,huevo,False,huevo,,2.0,2.0,False,original,1.0,default_1usd,keep_imputed,heuristic_default,dataset/txt_limpios/961.txt,dataset/paginas_descargadas/961.html
962,‎ ‎ ‎ ‎ ‎ ‎ ‎ ‎ ‎ ‎ ‎ ‎ ‎ ‎ ‎ ‎ ‎ ‎ ‎ ‎ ‎ ‎ ‎ ‎ ‎ ‎ ‎ ‎ ‎ ‎ ‎ ‎ ‎ ‎ ‎ ‎ ‎ ‎ ‎ ‎ ‎ ‎ ‎ ‎ ‎ ‎ ‎ ‎ ‎ ‎ ‎ ‎ ‎ ‎ ‎ ‎ ‎ ‎ ‎ ‎ ‎ ‎ ‎ ‎ ‎ ‎ ‎ ‎ ‎ ‎ Hazte Socio Diamante para disfrutar de ofertas y beneficios exclusivos.,📍,,UNKNOWN,Desconocido,huevo,True,sin_categoria,huevo,234.19,234.1938,True,country_mean,1.0,default_1usd,keep_imputed,no_category_detected;price_parse_failed,dataset/txt_limpios/962.txt,dataset/paginas_descargadas/962.html
963,‎ ‎ ‎ ‎ ‎ ‎ ‎ ‎ ‎ ‎ ‎ ‎ ‎ ‎ ‎ ‎ ‎ ‎ ‎ ‎ ‎ ‎ ‎ ‎ ‎ ‎ ‎ ‎ ‎ ‎ ‎ ‎ ‎ ‎ ‎ ‎ ‎ ‎ ‎ ‎ ‎ ‎ ‎ ‎ ‎ ‎ ‎ ‎ ‎ ‎ ‎ ‎ ‎ ‎ ‎ ‎ ‎ ‎ ‎ ‎ ‎ ‎ ‎ ‎ ‎ ‎ ‎ ‎ ‎ ‎ Hazte Socio Diamante para disfrutar de ofertas y beneficios exclusivos.,📍,400 g,UNKNOWN,Desconocido,huevo,False,huevo,,1.33,1.33,False,original,1.0,default_1usd,keep_imputed,heuristic_default,dataset/txt_limpios/963.txt,dataset/paginas_descargadas/963.html
964,‎ ‎ ‎ ‎ ‎ ‎ ‎ ‎ ‎ ‎ ‎ ‎ ‎ ‎ ‎ ‎ ‎ ‎ ‎ ‎ ‎ ‎ ‎ ‎ ‎ ‎ ‎ ‎ ‎ ‎ ‎ ‎ ‎ ‎ ‎ ‎ ‎ ‎ ‎ ‎ ‎ ‎ ‎ ‎ ‎ ‎ ‎ ‎ ‎ ‎ ‎ ‎ ‎ ‎ ‎ ‎ ‎ ‎ ‎ ‎ ‎ ‎ ‎ ‎ ‎ ‎ ‎ ‎ ‎ ‎ Hazte Socio Diamante para disfrutar de ofertas y beneficios exclusivos.,📍,400 g,UNKNOWN,Desconocido,huevo,False,huevo,,2.0,2.0,False,original,1.0,default_1usd,keep_imputed,heuristic_default,dataset/txt_limpios/964.txt,dataset/paginas_descargadas/964.html
965,‎ ‎ ‎ ‎ ‎ ‎ ‎ ‎ ‎ ‎ ‎ ‎ ‎ ‎ ‎ ‎ ‎ ‎ ‎ ‎ ‎ ‎ ‎ ‎ ‎ ‎ ‎ ‎ ‎ ‎ ‎ ‎ ‎ ‎ ‎ ‎ ‎ ‎ ‎ ‎ ‎ ‎ ‎ ‎ ‎ ‎ ‎ ‎ ‎ ‎ ‎ ‎ ‎ ‎ ‎ ‎ ‎ ‎ ‎ ‎ ‎ ‎ ‎ ‎ ‎ ‎ ‎ ‎ ‎ ‎ Hazte Socio Diamante para disfrutar de ofertas y beneficios exclusivos.,📍,400 g,UNKNOWN,Desconocido,huevo,False,huevo,,480.0,480.0,False,original,1.0,default_1usd,keep_imputed,heuristic_default,dataset/txt_limpios/965.txt,dataset/paginas_descargadas/965.html
